Computer_Time_IST,Packet_ID,Speed_Kmph,RPM,LoRa_Timestamp,MPU_Gx,MPU_Gy,MPU_Gz,Pack_Current_A,Pack_Voltage_V
12:37:27.948,4648,0,0.0,1546306430,0.005,-0.01,-0.01,1.0,80.18
12:37:28.949,4649,0,0.0,1546306431,0.007,-0.01,-0.01,1.0,80.18
12:37:29.948,4650,0,0.0,1546306432,0.007,-0.01,-0.01,1.0,80.18
12:37:30.948,4651,0,0.0,1546306433,0.007,-0.01,-0.01,1.0,80.18
12:37:31.948,4652,0,0.0,1546306434,0.007,-0.01,-0.01,1.0,80.18
12:37:32.949,4653,0,0.0,1546306435,0.01,-0.01,-0.007,1.0,80.18
12:37:33.948,4654,0,0.0,1546306436,0.007,-0.01,-0.007,1.0,80.18
12:37:34.948,4655,0,0.0,1546306437,0.003,-0.01,-0.007,1.0,80.18
12:37:35.948,4656,0,0.0,1546306438,0.0,-0.01,-0.01,1.0,80.18
12:37:36.949,4657,0,0.0,1546306439,0.0,-0.01,-0.01,1.0,80.18
12:37:37.949,4658,0,0.0,1546306440,0.0,-0.01,-0.01,1.0,80.18
12:37:38.948,4659,0,0.0,1546306441,0.003,-0.01,-0.01,1.0,80.18
12:37:39.948,4660,0,0.0,1546306442,0.003,-0.01,-0.01,1.0,80.18
12:37:40.948,4661,0,0.0,1546306443,0.003,-0.01,-0.01,1.0,80.18
12:37:41.949,4662,0,0.0,1546306444,0.003,-0.01,-0.01,1.0,80.18
12:37:42.949,4663,0,0.0,1546306445,0.007,-0.01,-0.01,1.0,80.18
12:37:43.949,4664,0,0.0,1546306446,0.01,-0.007,-0.01,1.0,80.18
12:37:44.948,4665,0,0.0,1546306447,0.01,-0.007,-0.01,1.0,80.18
12:37:45.948,4666,0,0.0,1546306448,0.01,-0.007,-0.01,1.0,80.18
12:37:46.948,4667,0,0.0,1546306449,0.007,-0.01,-0.01,1.0,80.18
12:37:47.948,4668,0,0.0,1546306450,0.007,-0.01,-0.01,1.0,80.18
12:37:48.948,4669,0,0.0,1546306451,0.003,-0.01,-0.01,1.0,80.18
12:37:49.949,4670,0,0.0,1546306452,0.007,-0.01,-0.01,1.0,80.18
12:37:50.949,4671,0,0.0,1546306453,0.003,-0.007,-0.01,1.0,80.18
12:37:51.948,4672,0,0.0,1546306454,0.003,-0.003,-0.01,1.0,80.18
12:37:52.948,4673,0,0.0,1546306455,0.0,-0.003,-0.01,1.0,80.18
12:37:53.948,4674,0,0.0,1546306456,0.003,-0.007,-0.01,1.0,80.18
12:37:54.948,4675,0,0.0,1546306457,0.003,-0.01,-0.01,1.0,80.18
12:37:55.948,4676,0,0.0,1546306458,0.007,-0.01,-0.01,1.0,80.18
12:37:56.949,4677,0,0.0,1546306459,0.003,-0.01,-0.01,1.0,80.18
12:37:57.949,4678,0,0.0,1546306460,0.003,-0.01,-0.01,1.0,80.18
12:37:58.948,4679,0,0.0,1546306461,0.0,-0.01,-0.01,1.0,80.18
12:37:59.948,4680,0,0.0,1546306462,0.003,-0.01,-0.01,1.0,80.18
12:38:00.948,4681,0,0.0,1546306463,0.003,-0.01,-0.01,1.0,80.18
12:38:01.948,4682,0,0.0,1546306464,0.003,-0.007,-0.01,1.0,80.18
12:38:02.949,4683,0,0.0,1546306465,0.0,-0.007,-0.01,1.0,80.18
12:38:03.949,4684,0,0.0,1546306466,0.003,-0.007,-0.01,1.0,80.18
12:38:04.949,4685,0,0.0,1546306467,0.007,-0.01,-0.01,1.0,80.18
12:38:05.948,4686,0,0.0,1546306468,0.007,-0.01,-0.01,1.0,80.18
12:38:06.948,4687,0,0.0,1546306469,0.007,-0.01,-0.01,1.0,80.18
12:38:07.948,4688,0,0.0,1546306470,0.003,-0.01,-0.01,1.0,80.18
12:38:08.948,4689,0,0.0,1546306471,0.007,-0.003,-0.01,1.0,80.18
12:38:09.949,4690,0,0.0,1546306472,0.003,-0.003,-0.01,1.0,80.18
12:38:10.949,4691,0,0.0,1546306473,0.003,-0.003,-0.01,1.0,80.18
12:38:11.948,4692,0,0.0,1546306474,0.0,-0.01,-0.01,1.0,80.18
12:38:12.948,4693,0,0.0,1546306475,0.0,-0.01,-0.01,1.0,80.18
12:38:13.948,4694,0,0.0,1546306476,0.0,-0.01,-0.01,1.0,80.18
12:38:14.948,4695,0,0.0,1546306477,0.0,-0.01,-0.01,1.0,80.18
12:38:15.948,4696,0,0.0,1546306478,0.003,-0.01,-0.01,1.0,80.18
12:38:16.949,4697,0,0.0,1546306479,0.007,-0.01,-0.01,1.0,80.18
12:38:17.949,4698,0,0.0,1546306480,0.007,-0.01,-0.01,1.0,80.18
12:38:18.948,4699,0,0.0,1546306481,0.003,-0.01,-0.01,1.0,80.18
12:38:19.948,4700,0,0.0,1546306482,0.003,-0.01,-0.01,1.0,80.18
12:38:20.948,4701,0,0.0,1546306483,0.003,-0.01,-0.01,1.0,80.18
12:38:21.949,4702,0,0.0,1546306484,0.003,-0.01,-0.01,1.0,80.17
12:38:22.949,4703,0,0.0,1546306485,0.0,-0.01,-0.01,1.0,80.17
12:38:23.949,4704,0,0.0,1546306486,0.003,-0.01,-0.01,1.0,80.17
12:38:24.948,4705,0,0.0,1546306487,0.003,-0.007,-0.01,1.0,80.17
12:38:25.948,4706,0,0.0,1546306488,0.007,-0.007,-0.01,1.0,80.17
12:38:26.948,4707,0,0.0,1546306489,0.003,-0.007,-0.01,1.0,80.17
12:38:27.949,4708,0,0.0,1546306490,0.007,-0.01,-0.01,1.0,80.17
12:38:28.949,4709,0,0.0,1546306491,0.007,-0.007,-0.01,1.0,80.17
12:38:29.949,4710,0,0.0,1546306492,0.007,-0.007,-0.01,1.0,80.17
12:38:30.948,4711,0,0.0,1546306493,0.003,-0.007,-0.01,1.0,80.17
12:38:31.948,4712,0,0.0,1546306494,0.0,-0.01,-0.01,1.0,80.17
12:38:32.948,4713,0,0.0,1546306495,0.0,-0.01,-0.01,1.0,80.17
12:38:33.948,4714,0,0.0,1546306496,0.0,-0.01,-0.01,1.0,80.17
12:38:34.949,4715,0,0.0,1546306497,0.003,-0.01,-0.01,1.0,80.17
12:38:35.949,4716,0,0.0,1546306498,0.007,-0.007,-0.01,1.0,80.17
12:38:36.948,4717,0,0.0,1546306499,0.007,-0.007,-0.007,1.0,80.17
12:38:37.948,4718,0,0.0,1546306500,0.007,-0.007,-0.007,1.0,80.17
12:38:38.949,4719,0,0.0,1546306501,0.003,-0.01,-0.003,1.0,80.17
12:38:39.949,4720,0,0.0,1546306502,0.003,-0.003,-0.007,1.0,80.17
12:38:40.948,4721,0,0.0,1546306503,0.003,-0.003,-0.007,1.0,80.17
12:38:41.948,4722,0,0.0,1546306504,0.007,-0.003,-0.01,1.0,80.17
12:38:42.949,4723,0,0.0,1546306505,0.007,-0.01,-0.01,1.0,80.17
12:38:43.949,4724,0,0.0,1546306506,0.007,-0.007,-0.01,1.0,80.17
12:38:44.948,4725,0,0.0,1546306507,0.007,-0.007,-0.01,1.0,80.17
12:38:45.948,4726,0,0.0,1546306508,0.01,-0.007,-0.01,1.0,80.17
12:38:46.949,4727,0,0.0,1546306509,0.01,-0.01,-0.01,1.0,80.17
12:38:47.949,4728,0,0.0,1546306510,0.01,-0.01,-0.01,1.0,80.17
12:38:48.948,4729,0,0.0,1546306511,0.01,-0.01,-0.01,1.0,80.17
12:38:49.949,4730,0,0.0,1546306512,0.01,-0.01,-0.01,1.0,80.17
12:38:50.949,4731,0,0.0,1546306513,0.01,-0.013,-0.01,1.0,80.17
12:38:51.948,4732,0,0.0,1546306514,0.007,-0.013,-0.01,1.0,80.17
12:38:52.948,4733,0,0.0,1546306515,0.003,-0.01,-0.01,1.0,80.17
12:38:53.948,4734,0,0.0,1546306516,0.003,-0.007,-0.01,1.0,80.17
12:38:54.949,4735,0,0.0,1546306517,0.003,-0.007,-0.01,1.0,80.17
12:38:55.949,4736,0,0.0,1546306518,0.007,-0.01,-0.01,1.0,80.17
12:38:56.948,4737,0,0.0,1546306519,-0.007,0.003,-0.02,1.0,80.17
12:38:57.948,4738,0,0.12,1546306520,0.01,0.0,-0.007,1.0,80.17
12:38:58.949,4739,1,30.78,1546306521,0.007,0.003,0.083,4.39,80.1
12:38:59.949,4740,3,73.22,1546306522,0.02,-0.007,0.213,7.63,80.04
12:39:00.948,4741,5,111.98,1546306523,-0.007,0.0,0.277,7.57,80.04
12:39:01.948,4742,7,136.14,1546306524,-0.003,0.003,0.177,8.6,80.02
12:39:02.948,4743,7,136.02,1546306525,-0.007,0.003,0.057,8.0,80.03
12:39:03.949,4744,5,105.36,1546306526,0.007,0.0,-0.02,6.56,80.06
12:39:04.948,4745,3,62.92,1546306527,0.007,-0.007,-0.01,4.56,80.1
12:39:05.948,4746,1,24.16,1546306528,0.007,-0.01,-0.01,2.56,80.14
12:39:06.948,4747,0,0.0,1546306529,0.007,-0.01,-0.01,1.0,80.17
12:39:07.948,4748,0,0.0,1546306530,0.007,-0.01,-0.01,1.0,80.17
12:39:08.949,4749,0,0.0,1546306531,0.01,-0.01,-0.01,1.0,80.17
12:39:09.949,4750,0,0.0,1546306532,0.01,-0.01,-0.01,1.0,80.17
12:39:10.948,4751,0,0.0,1546306533,0.01,-0.01,-0.01,1.0,80.17
12:39:11.948,4752,0,0.0,1546306534,0.01,-0.007,-0.01,1.0,80.17
12:39:12.949,4753,0,0.0,1546306535,0.0,-0.007,0.1,1.0,80.17
12:39:13.949,4754,0,0.96,1546306536,-0.007,0.0,0.35,1.0,80.17
12:39:14.948,4755,1,32.62,1546306537,-0.017,0.017,0.54,4.01,80.11
12:39:15.948,4756,4,81.32,1546306538,-0.013,0.027,0.58,7.48,80.04
12:39:16.949,4757,6,131.66,1546306539,0.0,0.027,0.373,9.25,80.0
12:39:17.949,4758,8,171.34,1546306540,-0.0,0.01,0.187,10.7,79.97
12:39:18.948,4759,10,199.7,1546306541,0.007,0.0,0.037,11.93,79.94
12:39:19.948,4760,9,186.3,1546306542,-0.003,-0.007,-0.007,10.0,79.98
12:39:20.949,4761,7,137.6,1546306543,0.003,-0.01,-0.01,8.24,80.02
12:39:21.948,4762,4,87.26,1546306544,0.0,-0.01,-0.01,5.0,80.08
12:39:22.948,4763,2,47.58,1546306545,0.003,-0.01,-0.01,3.24,80.12
12:39:23.948,4764,0,18.26,1546306546,0.003,-0.01,-0.01,1.0,80.16
12:39:24.949,4765,0,0.0,1546306547,0.007,-0.01,-0.01,1.0,80.16
12:39:25.948,4766,0,0.0,1546306548,0.007,-0.01,-0.01,1.0,80.16
12:39:26.948,4767,0,0.0,1546306549,0.007,-0.01,-0.01,1.0,80.16
12:39:27.949,4768,0,0.0,1546306550,0.003,-0.01,-0.01,1.0,80.16
12:39:28.949,4769,0,0.0,1546306551,0.0,-0.01,-0.02,1.0,80.16
12:39:29.948,4770,0,0.0,1546306552,0.007,-0.01,-0.047,1.0,80.16
12:39:30.949,4771,1,28.64,1546306553,0.007,-0.007,0.03,4.52,80.09
12:39:31.949,4772,4,78.28,1546306554,0.02,-0.017,-0.01,59.04,78.99
12:39:32.948,4773,7,2126.06,1546306555,0.01,-0.007,0.107,61.59,78.94
12:39:33.948,4774,10,2189.92,1546306556,0.023,-0.033,-0.157,16.51,79.84
12:39:34.949,4775,13,2272.78,1546306557,0.017,-0.01,0.127,18.93,79.79
12:39:35.948,4776,16,2332.64,1546306558,0.023,-0.007,-0.213,21.5,79.73
12:39:36.948,4777,19,2379.04,1546306559,0.013,0.027,-0.017,21.04,79.74
12:39:37.949,4778,22,433.24,1546306560,-0.017,0.02,-0.263,23.0,79.7
12:39:38.948,4779,24,471.42,1546306561,-0.017,0.01,-0.043,26.33,79.63
12:39:39.948,4780,25,486.38,1546306562,-0.037,-0.007,-0.053,26.28,79.63
12:39:40.949,4781,25,482.66,1546306563,-0.01,-0.01,-0.037,26.0,79.63
12:39:41.948,4782,24,462.6,1546306564,-0.01,-0.007,-0.003,25.0,79.65
12:39:42.949,4783,22,430.62,1546306565,0.007,-0.007,0.023,23.56,79.68
12:39:43.948,4784,20,393.48,1546306566,0.013,-0.013,0.027,22.04,79.7
12:39:44.948,4785,18,356.74,1546306567,0.007,-0.017,0.03,19.56,79.75
12:39:45.949,4786,17,329.66,1546306568,0.007,-0.007,0.01,18.56,79.77
12:39:46.948,4787,16,308.18,1546306569,0.007,-0.003,0.013,17.56,79.79
12:39:47.949,4788,14,286.44,1546306570,0.007,-0.007,0.017,15.56,79.83
12:39:48.948,4789,13,264.3,1546306571,0.02,-0.013,0.023,15.6,79.83
12:39:49.948,4790,12,241.02,1546306572,0.007,-0.013,0.023,13.56,79.86
12:39:50.948,4791,11,215.14,1546306573,0.013,-0.013,0.013,13.04,79.87
12:39:51.949,4792,9,187.68,1546306574,0.003,-0.007,0.0,10.24,79.93
12:39:52.948,4793,8,161.3,1546306575,0.01,-0.003,-0.01,9.8,79.94
12:39:53.948,4794,7,139.16,1546306576,0.007,-0.003,-0.01,8.56,79.96
12:39:54.949,4795,6,118.78,1546306577,0.003,-0.007,-0.01,7.24,79.99
12:39:55.948,4796,4,86.96,1546306578,0.007,-0.01,-0.01,5.56,80.02
12:39:56.948,4797,3,59.92,1546306579,0.01,-0.01,-0.01,4.8,80.03
12:39:57.949,4798,1,38.04,1546306580,0.013,-0.01,-0.01,3.04,80.07
12:39:58.948,4799,0,17.42,1546306581,0.007,-0.01,-0.01,1.0,80.11
12:39:59.948,4800,0,0.0,1546306582,0.003,-0.01,-0.01,1.0,80.11
12:40:00.949,4801,0,0.0,1546306583,0.0,-0.01,-0.01,1.0,80.11
12:40:01.948,4802,0,1.88,1546306584,-0.0,-0.01,-0.01,1.0,80.11
12:40:02.948,4803,0,9.86,1546306585,0.003,-0.01,-0.007,1.0,80.11
12:40:03.949,4804,1,21.52,1546306586,0.007,-0.01,-0.007,3.23,80.06
12:40:04.948,4805,1,36.64,1546306587,0.01,-0.01,-0.007,3.18,80.07
12:40:05.948,4806,1,36.64,1546306588,0.01,-0.01,-0.01,2.8,80.07
12:40:06.949,4807,1,34.76,1546306589,0.007,-0.013,-0.01,2.56,80.08
12:40:07.948,4808,1,26.78,1546306590,0.007,-0.013,-0.01,2.56,80.08
12:40:08.948,4809,0,15.12,1546306591,0.007,-0.013,-0.01,1.0,80.11
12:40:09.948,4810,0,0.0,1546306592,0.007,-0.01,-0.01,1.0,80.11
12:40:10.949,4811,0,0.0,1546306593,0.003,-0.01,-0.01,1.0,80.11
12:40:11.948,4812,0,0.0,1546306594,0.003,-0.01,-0.01,1.0,80.11
12:40:12.948,4813,0,0.0,1546306595,0.003,-0.01,-0.01,1.0,80.11
12:40:13.949,4814,0,0.0,1546306596,0.003,-0.01,-0.01,1.0,80.11
12:40:14.948,4815,0,0.0,1546306597,0.003,-0.01,-0.01,1.0,80.11
12:40:15.948,4816,0,0.0,1546306598,0.003,-0.01,-0.01,1.0,80.11
12:40:16.949,4817,0,0.0,1546306599,0.003,-0.01,-0.01,1.0,80.11
12:40:17.948,4818,0,0.0,1546306600,0.003,-0.01,-0.01,1.0,80.11
12:40:18.948,4819,0,0.0,1546306601,0.007,-0.01,-0.01,1.0,80.11
12:40:19.949,4820,0,0.0,1546306602,0.007,-0.01,-0.01,1.0,80.11
12:40:20.948,4821,0,0.0,1546306603,0.007,-0.01,-0.01,1.0,80.11
12:40:21.949,4822,0,0.0,1546306604,0.003,-0.01,-0.01,1.0,80.11
12:40:22.949,4823,0,0.0,1546306605,0.003,-0.01,-0.01,1.0,80.11
12:40:23.948,4824,0,0.0,1546306606,0.003,-0.01,-0.01,1.0,80.11
12:40:24.948,4825,0,0.0,1546306607,0.007,-0.01,-0.01,1.0,80.11
12:40:25.949,4826,0,0.0,1546306608,0.01,-0.01,-0.01,1.0,80.11
12:40:26.948,4827,0,0.0,1546306609,0.007,-0.01,-0.01,1.0,80.11
12:40:27.948,4828,0,0.0,1546306610,0.003,-0.01,-0.01,1.0,80.11
12:40:28.949,4829,0,0.0,1546306611,0.0,-0.01,-0.01,1.0,80.11
12:40:29.948,4830,0,0.0,1546306612,0.003,-0.01,-0.01,1.0,80.11
12:40:30.948,4831,0,0.0,1546306613,0.003,-0.01,-0.01,1.0,80.11
12:40:31.949,4832,0,0.0,1546306614,0.007,-0.01,-0.01,1.0,80.11
12:40:32.948,4833,0,0.0,1546306615,0.007,-0.01,-0.01,1.0,80.11
12:40:33.948,4834,0,0.0,1546306616,0.01,-0.01,-0.01,1.0,80.11
12:40:34.949,4835,0,0.0,1546306617,0.007,-0.01,-0.01,1.0,80.11
12:40:35.948,4836,0,0.0,1546306618,0.003,-0.01,-0.01,1.0,80.11
12:40:36.949,4837,0,0.0,1546306619,0.0,-0.01,-0.01,1.0,80.11
12:40:37.949,4838,0,0.0,1546306620,0.003,-0.01,-0.01,1.0,80.11
12:40:38.948,4839,0,0.0,1546306621,0.007,-0.01,-0.01,1.0,80.11
12:40:39.948,4840,0,0.0,1546306622,0.01,-0.01,-0.01,1.0,80.11
12:40:40.949,4841,0,0.0,1546306623,0.01,-0.01,-0.01,1.0,80.11
12:40:41.949,4842,0,0.0,1546306624,0.007,-0.01,-0.01,1.0,80.11
12:40:42.948,4843,0,0.0,1546306625,0.007,-0.01,-0.01,1.0,80.11
12:40:43.948,4844,0,0.0,1546306626,0.003,-0.01,-0.01,1.0,80.11
12:40:44.948,4845,0,0.0,1546306627,0.003,-0.01,-0.01,1.0,80.1
12:40:45.949,4846,0,0.0,1546306628,0.0,-0.01,-0.01,1.0,80.1
12:40:46.949,4847,0,0.0,1546306629,0.0,-0.01,-0.01,1.0,80.1
12:40:47.948,4848,0,0.0,1546306630,0.0,-0.01,-0.01,1.0,80.1
12:40:48.948,4849,0,0.0,1546306631,0.0,-0.01,-0.01,1.0,80.1
12:40:49.948,4850,0,0.0,1546306632,0.003,-0.01,-0.01,1.0,80.1
12:40:50.949,4851,0,0.0,1546306633,0.007,-0.01,-0.01,1.0,80.1
12:40:51.949,4852,0,0.0,1546306634,0.01,-0.01,-0.01,1.0,80.1
12:40:52.949,4853,0,0.0,1546306635,0.007,-0.01,-0.01,1.0,80.1
12:40:53.948,4854,0,0.0,1546306636,0.007,-0.01,-0.01,1.0,80.1
12:40:54.948,4855,0,0.0,1546306637,0.003,-0.01,-0.01,1.0,80.1
12:40:55.949,4856,0,0.0,1546306638,0.007,-0.01,-0.01,1.0,80.1
12:40:56.949,4857,0,0.0,1546306639,0.003,-0.01,-0.01,1.0,80.1
12:40:57.948,4858,0,0.0,1546306640,0.007,-0.01,-0.01,1.0,80.1
12:40:58.948,4859,0,0.0,1546306641,0.007,-0.01,-0.01,1.0,80.1
12:40:59.949,4860,0,0.0,1546306642,0.007,-0.01,-0.01,1.0,80.1
12:41:00.948,4861,0,0.0,1546306643,0.007,-0.01,-0.01,1.0,80.1
12:41:01.948,4862,0,0.0,1546306644,0.007,-0.01,-0.01,1.0,80.1
12:41:02.949,4863,0,0.0,1546306645,0.007,-0.01,-0.01,1.0,80.1
12:41:03.948,4864,0,0.0,1546306646,0.003,-0.01,-0.01,1.0,80.1
12:41:04.949,4865,0,0.0,1546306647,0.0,-0.01,-0.01,1.0,80.1
12:41:05.948,4866,0,0.0,1546306648,0.0,-0.01,-0.01,1.0,80.1
12:41:06.948,4867,0,0.0,1546306649,0.0,-0.01,-0.01,1.0,80.1
12:41:07.949,4868,0,0.0,1546306650,0.0,-0.01,-0.01,1.0,80.1
12:41:08.948,4869,0,0.0,1546306651,0.0,-0.01,-0.01,1.0,80.1
12:41:09.949,4870,0,0.0,1546306652,0.0,-0.01,-0.01,1.0,80.1
12:41:10.948,4871,0,0.0,1546306653,0.0,-0.01,-0.01,1.0,80.1
12:41:11.949,4872,0,0.0,1546306654,0.003,-0.01,-0.01,1.0,80.1
12:41:12.948,4873,0,0.0,1546306655,0.003,-0.01,-0.01,1.0,80.1
12:41:13.949,4874,0,0.0,1546306656,0.007,-0.01,-0.01,1.0,80.1
12:41:14.948,4875,0,0.0,1546306657,0.007,-0.01,-0.01,1.0,80.1
12:41:15.949,4876,0,0.0,1546306658,0.01,-0.01,-0.01,1.0,80.1
12:41:16.948,4877,0,0.0,1546306659,0.01,-0.01,-0.01,1.0,80.1
12:41:17.949,4878,0,0.0,1546306660,0.007,-0.01,-0.01,1.0,80.1
12:41:18.948,4879,0,0.0,1546306661,0.007,-0.01,-0.01,1.0,80.1
12:41:19.948,4880,0,0.0,1546306662,0.003,-0.01,-0.01,1.0,80.1
12:41:20.948,4881,0,0.0,1546306663,0.007,-0.01,-0.01,1.0,80.1
12:41:21.948,4882,0,0.0,1546306664,0.003,-0.01,-0.01,1.0,80.1
12:41:22.949,4883,0,0.0,1546306665,0.007,-0.01,-0.01,1.0,80.1
12:41:23.948,4884,0,0.0,1546306666,0.003,-0.01,-0.01,1.0,80.1
12:41:24.949,4885,0,0.0,1546306667,0.003,-0.01,-0.01,1.0,80.1
12:41:25.948,4886,0,0.0,1546306668,0.003,-0.01,-0.01,1.0,80.1
12:41:26.949,4887,0,0.0,1546306669,0.003,-0.01,-0.01,1.0,80.1
12:41:27.949,4888,0,0.0,1546306670,0.003,-0.01,-0.01,1.0,80.1
12:41:28.948,4889,0,0.0,1546306671,0.003,-0.01,-0.01,1.0,80.1
12:41:29.949,4890,0,0.0,1546306672,0.003,-0.01,-0.01,1.0,80.1
12:41:30.948,4891,0,0.0,1546306673,0.003,-0.01,-0.01,1.0,80.1
12:41:31.949,4892,0,0.0,1546306674,0.0,-0.01,-0.01,1.0,80.1
12:41:32.948,4893,0,0.0,1546306675,0.0,-0.01,-0.01,1.0,80.1
12:41:33.949,4894,0,0.0,1546306676,0.0,-0.01,-0.01,1.0,80.1
12:41:34.948,4895,0,0.0,1546306677,0.0,-0.01,-0.01,1.0,80.1
12:41:35.949,4896,0,0.0,1546306678,0.003,-0.01,-0.01,1.0,80.1
12:41:36.948,4897,0,0.0,1546306679,0.007,-0.01,-0.01,1.0,80.1
12:41:37.949,4898,0,0.0,1546306680,0.007,-0.01,-0.01,1.0,80.1
12:41:38.948,4899,0,0.0,1546306681,0.003,-0.01,-0.01,1.0,80.1
12:41:39.949,4900,0,0.0,1546306682,0.003,-0.01,-0.01,1.0,80.1
12:41:40.948,4901,0,0.0,1546306683,0.003,-0.01,-0.01,1.0,80.1
12:41:41.949,4902,0,0.0,1546306684,0.007,-0.01,-0.01,1.0,80.1
12:41:42.948,4903,0,0.0,1546306685,0.007,-0.01,-0.01,1.0,80.1
12:41:43.949,4904,0,0.0,1546306686,0.007,-0.01,-0.01,1.0,80.1
12:41:44.948,4905,0,0.0,1546306687,0.003,-0.01,-0.01,1.0,80.1
12:41:45.949,4906,0,0.0,1546306688,0.0,-0.01,-0.01,1.0,80.1
12:41:46.948,4907,0,0.0,1546306689,0.0,-0.01,-0.01,1.0,80.1
12:41:47.949,4908,0,0.0,1546306690,0.0,-0.01,-0.01,1.0,80.1
12:41:48.948,4909,0,0.0,1546306691,0.0,-0.01,-0.01,1.0,80.1
12:41:49.949,4910,0,0.0,1546306692,0.003,-0.01,-0.01,1.0,80.1
12:41:50.948,4911,0,0.0,1546306693,0.003,-0.01,-0.01,1.0,80.1
12:41:51.949,4912,0,0.0,1546306694,0.003,-0.01,-0.01,1.0,80.1
12:41:52.948,4913,0,0.0,1546306695,0.0,-0.01,-0.01,1.0,80.1
12:41:53.949,4914,0,0.0,1546306696,0.003,-0.01,-0.01,1.0,80.1
12:41:54.948,4915,0,0.0,1546306697,0.007,-0.01,-0.01,1.0,80.1
12:41:55.949,4916,0,0.0,1546306698,0.007,-0.01,-0.01,1.0,80.1
12:41:56.948,4917,0,0.0,1546306699,0.007,-0.01,-0.01,1.0,80.1
12:41:57.948,4918,0,0.0,1546306700,0.007,-0.01,-0.01,1.0,80.1
12:41:58.948,4919,0,0.0,1546306701,0.01,-0.01,-0.01,1.0,80.1
12:41:59.948,4920,0,0.0,1546306702,0.01,-0.01,-0.01,1.0,80.1
12:42:00.949,4921,0,0.0,1546306703,0.007,-0.01,-0.01,1.0,80.1
12:42:01.948,4922,0,0.0,1546306704,0.007,-0.01,-0.01,1.0,80.1
12:42:02.949,4923,0,0.0,1546306705,0.003,-0.01,-0.01,1.0,80.1
12:42:03.948,4924,0,0.0,1546306706,0.007,-0.01,-0.01,1.0,80.1
12:42:04.949,4925,0,0.0,1546306707,0.003,-0.01,-0.01,1.0,80.1
12:42:05.948,4926,0,0.0,1546306708,0.007,-0.01,-0.01,1.0,80.1
12:42:06.949,4927,0,0.0,1546306709,0.003,-0.01,-0.01,1.0,80.1
12:42:07.948,4928,0,0.0,1546306710,0.007,-0.01,-0.01,1.0,80.1
12:42:08.949,4929,0,0.0,1546306711,0.003,-0.01,-0.01,1.0,80.1
12:42:09.948,4930,0,0.0,1546306712,0.007,-0.01,-0.01,1.0,80.1
12:42:10.949,4931,0,0.0,1546306713,0.007,-0.01,-0.01,1.0,80.1
12:42:11.948,4932,0,0.0,1546306714,0.007,-0.01,-0.01,1.0,80.1
12:42:12.949,4933,0,0.0,1546306715,0.007,-0.01,-0.01,1.0,80.1
12:42:13.948,4934,0,0.0,1546306716,0.007,-0.01,-0.01,1.0,80.1
12:42:14.949,4935,0,0.0,1546306717,0.007,-0.01,-0.01,1.0,80.1
12:42:15.948,4936,0,0.0,1546306718,0.003,-0.01,-0.01,1.0,80.1
12:42:16.949,4937,0,0.0,1546306719,-0.003,-0.01,-0.01,1.0,80.1
12:42:17.948,4938,0,0.0,1546306720,0.0,-0.01,-0.01,1.0,80.1
12:42:18.948,4939,0,0.0,1546306721,0.003,-0.01,-0.01,1.0,80.1
12:42:19.949,4940,0,0.0,1546306722,0.007,-0.007,-0.01,1.0,80.1
12:42:20.948,4941,0,0.0,1546306723,-0.003,-0.007,-0.01,1.0,80.1
12:42:21.949,4942,0,0.0,1546306724,-0.007,-0.007,-0.01,1.0,80.1
12:42:22.948,4943,0,0.0,1546306725,-0.003,-0.01,-0.01,1.0,80.1
12:42:23.949,4944,0,0.0,1546306726,0.007,-0.01,-0.01,1.0,80.1
12:42:24.948,4945,0,0.0,1546306727,0.01,-0.01,-0.01,1.0,80.1
12:42:25.948,4946,0,0.0,1546306728,0.007,-0.007,-0.01,1.0,80.1
12:42:26.949,4947,0,0.0,1546306729,0.007,-0.007,-0.01,1.0,80.1
12:42:27.948,4948,0,0.0,1546306730,0.003,-0.007,-0.01,1.0,80.1
12:42:28.949,4949,0,0.0,1546306731,0.003,-0.01,-0.01,1.0,80.1
12:42:29.948,4950,0,0.0,1546306732,0.003,-0.01,-0.01,1.0,80.1
12:42:30.949,4951,0,0.0,1546306733,0.007,-0.01,-0.01,1.0,80.1
12:42:31.948,4952,0,0.0,1546306734,0.01,-0.01,-0.01,1.0,80.1
12:42:32.948,4953,0,0.0,1546306735,0.007,-0.01,-0.01,1.0,80.1
12:42:33.949,4954,0,0.0,1546306736,0.003,-0.01,-0.01,1.0,80.09
12:42:34.948,4955,0,0.0,1546306737,0.003,-0.01,-0.01,1.0,80.09
12:42:35.949,4956,0,0.0,1546306738,0.003,-0.01,-0.01,1.0,80.09
12:42:36.948,4957,0,0.0,1546306739,0.003,-0.01,-0.01,1.0,80.09
12:42:37.948,4958,0,0.0,1546306740,0.0,-0.01,-0.01,1.0,80.09
12:42:38.949,4959,0,0.0,1546306741,0.0,-0.01,-0.01,1.0,80.09
12:42:39.948,4960,0,0.0,1546306742,0.0,-0.01,-0.01,1.0,80.09
12:42:40.948,4961,0,0.0,1546306743,0.0,-0.01,-0.01,1.0,80.09
12:42:41.949,4962,0,0.0,1546306744,0.003,-0.01,-0.01,1.0,80.09
12:42:42.948,4963,0,0.0,1546306745,0.003,-0.01,-0.01,1.0,80.09
12:42:43.949,4964,0,0.0,1546306746,0.003,-0.01,-0.01,1.0,80.09
12:42:44.949,4965,0,0.0,1546306747,0.0,-0.01,-0.01,1.0,80.09
12:42:45.948,4966,0,0.0,1546306748,0.0,-0.01,-0.01,1.0,80.09
12:42:46.949,4967,0,0.0,1546306749,0.003,-0.01,-0.01,1.0,80.09
12:42:47.948,4968,0,0.0,1546306750,0.003,-0.01,-0.01,1.0,80.09
12:42:48.948,4969,0,0.0,1546306751,0.003,-0.01,-0.01,1.0,80.09
12:42:49.949,4970,0,0.0,1546306752,0.0,-0.01,-0.01,1.0,80.09
12:42:50.948,4971,0,0.0,1546306753,0.0,-0.01,-0.01,1.0,80.09
12:42:51.948,4972,0,0.0,1546306754,0.003,-0.01,-0.01,1.0,80.09
12:42:52.949,4973,0,0.0,1546306755,0.003,-0.01,-0.01,1.0,80.09
12:42:53.948,4974,0,0.0,1546306756,0.003,-0.01,-0.01,1.0,80.09
12:42:54.948,4975,0,0.0,1546306757,0.0,-0.01,-0.01,1.0,80.09
12:42:55.949,4976,0,0.0,1546306758,0.003,-0.01,-0.01,1.0,80.09
12:42:56.949,4977,0,0.0,1546306759,0.007,-0.01,-0.01,1.0,80.09
12:42:57.948,4978,0,0.0,1546306760,0.007,-0.01,-0.01,1.0,80.09
12:42:58.948,4979,0,0.0,1546306761,0.003,-0.01,-0.01,1.0,80.09
12:42:59.949,4980,0,0.0,1546306762,0.003,-0.01,-0.01,1.0,80.09
12:43:00.949,4981,0,0.0,1546306763,0.007,-0.01,-0.01,1.0,80.09
12:43:01.948,4982,0,0.0,1546306764,0.01,-0.01,-0.01,1.0,80.09
12:43:02.948,4983,0,0.0,1546306765,0.01,-0.01,-0.01,1.0,80.09
12:43:03.948,4984,0,0.0,1546306766,0.01,-0.01,-0.01,1.0,80.09
12:43:04.949,4985,0,0.0,1546306767,0.007,-0.01,-0.01,1.0,80.09
12:43:05.949,4986,0,0.0,1546306768,0.007,-0.01,-0.01,1.0,80.09
12:43:06.948,4987,0,0.0,1546306769,0.003,-0.01,-0.01,1.0,80.09
12:43:07.949,4988,0,0.0,1546306770,0.007,-0.01,-0.01,1.0,80.09
12:43:08.948,4989,0,0.0,1546306771,0.003,-0.01,-0.01,1.0,80.09
12:43:09.948,4990,0,0.0,1546306772,0.003,-0.01,-0.01,1.0,80.09
12:43:10.949,4991,0,0.0,1546306773,0.0,-0.007,-0.01,1.0,80.09
12:43:11.948,4992,0,0.0,1546306774,0.0,-0.007,-0.01,1.0,80.09
12:43:12.949,4993,0,0.0,1546306775,0.003,-0.007,-0.01,1.0,80.09
12:43:13.948,4994,0,0.0,1546306776,0.007,-0.01,-0.01,1.0,80.09
12:43:14.948,4995,0,0.0,1546306777,0.01,-0.007,-0.01,1.0,80.09
12:43:15.949,4996,0,0.0,1546306778,0.007,-0.007,-0.01,1.0,80.09
12:43:16.948,4997,0,0.0,1546306779,0.007,-0.007,-0.01,1.0,80.09
12:43:17.949,4998,0,0.0,1546306780,0.003,-0.01,-0.01,1.0,80.09
12:43:18.948,4999,0,0.0,1546306781,0.003,-0.01,-0.01,1.0,80.09
12:43:19.949,5000,0,0.0,1546306782,0.0,-0.01,-0.01,1.0,80.09
12:43:20.948,5001,0,0.0,1546306783,0.0,-0.01,-0.01,1.0,80.09
12:43:21.949,5002,0,0.0,1546306784,0.0,-0.01,-0.01,1.0,80.09
12:43:22.949,5003,0,0.0,1546306785,0.0,-0.01,-0.01,1.0,80.09
12:43:23.948,5004,0,0.0,1546306786,0.0,-0.01,-0.01,1.0,80.09
12:43:24.949,5005,0,0.0,1546306787,0.003,-0.01,-0.01,1.0,80.09
12:43:25.948,5006,0,0.0,1546306788,0.007,-0.01,-0.01,1.0,80.09
12:43:26.948,5007,0,0.0,1546306789,0.01,-0.01,-0.01,1.0,80.09
12:43:27.949,5008,0,0.0,1546306790,0.01,-0.01,-0.01,1.0,80.09
12:43:28.948,5009,0,0.0,1546306791,0.007,-0.01,-0.01,1.0,80.09
12:43:29.949,5010,0,0.0,1546306792,0.003,-0.01,-0.01,1.0,80.09
12:43:30.948,5011,0,0.0,1546306793,0.0,-0.01,-0.01,1.0,80.09
12:43:31.948,5012,0,0.0,1546306794,0.0,-0.01,-0.01,1.0,80.09
12:43:32.949,5013,0,0.0,1546306795,0.003,-0.01,-0.01,1.0,80.09
12:43:33.948,5014,0,0.0,1546306796,0.007,-0.01,-0.01,1.0,80.09
12:43:34.948,5015,0,0.0,1546306797,0.007,-0.01,-0.01,1.0,80.09
12:43:35.949,5016,0,0.0,1546306798,0.003,-0.01,-0.01,1.0,80.09
12:43:36.948,5017,0,0.0,1546306799,0.003,-0.01,-0.01,1.0,80.09
12:43:37.949,5018,0,0.0,1546306800,0.003,-0.01,-0.01,1.0,80.09
12:43:38.948,5019,0,0.0,1546306801,0.003,-0.01,-0.01,1.0,80.09
12:43:39.948,5020,0,0.0,1546306802,0.003,-0.01,-0.01,1.0,80.09
12:43:40.949,5021,0,0.0,1546306803,0.003,-0.01,-0.01,1.0,80.09
12:43:41.948,5022,0,0.0,1546306804,0.003,-0.01,-0.01,1.0,80.09
12:43:42.949,5023,0,0.0,1546306805,0.003,-0.01,-0.01,1.0,80.09
12:43:43.948,5024,0,0.0,1546306806,0.003,-0.01,-0.01,1.0,80.09
12:43:44.949,5025,0,0.0,1546306807,0.007,-0.01,-0.01,1.0,80.09
12:43:45.948,5026,0,0.0,1546306808,0.003,-0.01,-0.01,1.0,80.09
12:43:46.949,5027,0,0.0,1546306809,0.003,-0.01,-0.01,1.0,80.09
12:43:47.948,5028,0,0.0,1546306810,0.003,-0.01,-0.01,1.0,80.09
12:43:48.949,5029,0,0.0,1546306811,0.003,-0.01,-0.01,1.0,80.09
12:43:49.948,5030,0,0.0,1546306812,0.003,-0.01,-0.01,1.0,80.09
12:43:50.949,5031,0,0.0,1546306813,0.0,-0.01,-0.01,1.0,80.09
12:43:51.948,5032,0,0.0,1546306814,0.0,-0.01,-0.01,1.0,80.09
12:43:52.949,5033,0,0.0,1546306815,0.0,-0.01,-0.01,1.0,80.09
12:43:53.948,5034,0,0.0,1546306816,0.003,-0.01,-0.01,1.0,80.09
12:43:54.949,5035,0,0.0,1546306817,0.007,-0.01,-0.01,1.0,80.09
12:43:55.948,5036,0,0.0,1546306818,0.007,-0.01,-0.01,1.0,80.09
12:43:56.948,5037,0,0.0,1546306819,0.003,-0.01,-0.01,1.0,80.09
12:43:57.949,5038,0,0.0,1546306820,0.0,-0.01,-0.01,1.0,80.09
12:43:58.948,5039,0,0.0,1546306821,0.003,-0.01,-0.01,1.0,80.09
12:43:59.949,5040,0,0.0,1546306822,0.003,-0.01,-0.01,1.0,80.09
12:44:00.948,5041,0,0.0,1546306823,0.007,-0.01,-0.01,1.0,80.09
12:44:01.949,5042,0,0.0,1546306824,0.003,-0.01,-0.01,1.0,80.09
12:44:02.948,5043,0,0.0,1546306825,0.003,-0.01,-0.01,1.0,80.09
12:44:03.948,5044,0,0.0,1546306826,0.003,-0.01,-0.01,1.0,80.09
12:44:04.949,5045,0,0.0,1546306827,0.007,-0.01,-0.01,1.0,80.09
12:44:05.948,5046,0,0.0,1546306828,0.01,-0.01,-0.01,1.0,80.09
12:44:06.949,5047,0,0.0,1546306829,0.007,-0.01,-0.01,1.0,80.09
12:44:07.948,5048,0,0.0,1546306830,0.003,-0.01,-0.01,1.0,80.09
12:44:08.949,5049,0,0.0,1546306831,0.003,-0.01,-0.01,1.0,80.09
12:44:09.948,5050,0,0.0,1546306832,0.007,-0.01,-0.01,1.0,80.09
12:44:10.949,5051,0,0.0,1546306833,0.01,-0.01,-0.01,1.0,80.09
12:44:11.949,5052,0,0.0,1546306834,0.003,-0.007,-0.01,1.0,80.09
12:44:12.948,5053,0,0.0,1546306835,0.0,-0.007,-0.01,1.0,80.09
12:44:13.949,5054,0,0.0,1546306836,0.0,-0.007,-0.01,1.0,80.09
12:44:14.948,5055,0,0.0,1546306837,0.007,-0.01,-0.01,1.0,80.09
12:44:15.949,5056,0,0.0,1546306838,0.01,-0.007,-0.01,1.0,80.09
12:44:16.948,5057,0,0.0,1546306839,0.01,-0.007,-0.01,1.0,80.09
12:44:17.949,5058,0,0.0,1546306840,0.007,-0.007,-0.01,1.0,80.09
12:44:18.949,5059,0,0.0,1546306841,0.007,-0.01,-0.01,1.0,80.09
12:44:19.948,5060,0,0.0,1546306842,0.007,-0.01,-0.01,1.0,80.09
12:44:20.949,5061,0,0.0,1546306843,0.01,-0.01,-0.01,1.0,80.09
12:44:21.948,5062,0,0.0,1546306844,0.007,-0.01,-0.01,1.0,80.09
12:44:22.949,5063,0,0.0,1546306845,0.003,-0.01,-0.01,1.0,80.09
12:44:23.948,5064,0,0.0,1546306846,0.0,-0.01,-0.01,1.0,80.08
12:44:24.949,5065,0,0.0,1546306847,0.0,-0.01,-0.01,1.0,80.08
12:44:25.948,5066,0,0.0,1546306848,0.003,-0.01,-0.01,1.0,80.08
12:44:26.949,5067,0,0.0,1546306849,0.007,-0.01,-0.01,1.0,80.08
12:44:27.949,5068,0,0.0,1546306850,0.007,-0.01,-0.01,1.0,80.08
12:44:28.948,5069,0,0.0,1546306851,0.003,-0.01,-0.01,1.0,80.08
12:44:29.949,5070,0,0.0,1546306852,0.0,-0.01,-0.01,1.0,80.08
12:44:30.949,5071,0,0.0,1546306853,0.003,-0.007,-0.01,1.0,80.08
12:44:31.948,5072,0,0.0,1546306854,0.007,-0.007,-0.01,1.0,80.08
12:44:32.949,5073,0,0.0,1546306855,0.01,-0.007,-0.01,1.0,80.08
12:44:33.948,5074,0,0.0,1546306856,0.007,-0.01,-0.01,1.0,80.08
12:44:34.949,5075,0,0.0,1546306857,0.007,-0.01,-0.01,1.0,80.08
12:44:35.948,5076,0,0.0,1546306858,0.003,-0.01,-0.01,1.0,80.08
12:44:36.949,5077,0,0.0,1546306859,0.003,-0.01,-0.01,1.0,80.08
12:44:37.949,5078,0,0.0,1546306860,0.003,-0.01,-0.01,1.0,80.08
12:44:38.948,5079,0,0.0,1546306861,0.003,-0.01,-0.01,1.0,80.08
12:44:39.949,5080,0,0.0,1546306862,0.007,-0.01,-0.01,1.0,80.08
12:44:40.948,5081,0,0.0,1546306863,0.003,-0.01,-0.01,1.0,80.08
12:44:41.949,5082,0,0.0,1546306864,0.003,-0.01,-0.01,1.0,80.08
12:44:42.949,5083,0,0.0,1546306865,0.0,-0.01,-0.01,1.0,80.08
12:44:43.948,5084,0,0.0,1546306866,0.003,-0.01,-0.01,1.0,80.08
12:44:44.949,5085,0,0.0,1546306867,0.007,-0.01,-0.01,1.0,80.08
12:44:45.948,5086,0,0.0,1546306868,0.007,-0.01,-0.01,1.0,80.08
12:44:46.949,5087,0,0.0,1546306869,0.007,-0.01,-0.01,1.0,80.08
12:44:47.949,5088,0,0.0,1546306870,0.007,-0.01,-0.01,1.0,80.08
12:44:48.948,5089,0,0.0,1546306871,0.007,-0.01,-0.01,1.0,80.08
12:44:49.949,5090,0,0.0,1546306872,0.003,-0.01,-0.01,1.0,80.08
12:44:50.948,5091,0,0.0,1546306873,0.0,-0.01,-0.01,1.0,80.08
12:44:51.948,5092,0,0.0,1546306874,0.0,-0.01,-0.01,1.0,80.08
12:44:52.949,5093,0,0.0,1546306875,0.0,-0.01,-0.01,1.0,80.08
12:44:53.948,5094,0,0.0,1546306876,0.0,-0.01,-0.01,1.0,80.08
12:44:54.949,5095,0,0.0,1546306877,0.0,-0.01,-0.01,1.0,80.08
12:44:55.949,5096,0,0.0,1546306878,0.0,-0.01,-0.01,1.0,80.08
12:44:56.948,5097,0,0.0,1546306879,0.0,-0.01,-0.01,1.0,80.08
12:44:57.949,5098,0,0.0,1546306880,0.0,-0.01,-0.01,1.0,80.08
12:44:58.949,5099,0,0.0,1546306881,0.003,-0.01,-0.01,1.0,80.08
12:44:59.948,5100,0,0.0,1546306882,0.007,-0.01,-0.01,1.0,80.08
12:45:00.949,5101,0,0.0,1546306883,0.007,-0.01,-0.01,1.0,80.08
12:45:01.948,5102,0,0.0,1546306884,0.007,-0.01,-0.01,1.0,80.08
12:45:02.948,5103,0,0.0,1546306885,0.003,-0.01,-0.01,1.0,80.08
12:45:03.949,5104,0,0.0,1546306886,0.003,-0.01,-0.01,1.0,80.08
12:45:04.948,5105,0,0.0,1546306887,0.003,-0.01,-0.01,1.0,80.08
12:45:05.949,5106,0,0.0,1546306888,0.003,-0.01,-0.01,1.0,80.08
12:45:06.949,5107,0,0.0,1546306889,0.003,-0.007,-0.007,1.0,80.08
12:45:07.948,5108,0,0.02,1546306890,0.007,-0.003,-0.003,1.0,80.08
12:45:08.949,5109,0,0.02,1546306891,0.01,-0.003,0.007,1.0,80.08
12:45:09.949,5110,0,9.64,1546306892,0.01,-0.003,0.027,1.0,80.08
12:45:10.948,5111,1,26.36,1546306893,0.007,-0.0,0.043,4.07,80.02
12:45:11.949,5112,3,69.9,1546306894,-0.003,0.003,0.027,6.45,79.97
12:45:12.949,5113,6,124.48,1546306895,0.003,-0.007,-0.01,10.12,79.9
12:45:13.948,5114,9,184.94,1546306896,0.0,-0.017,-0.043,12.82,79.84
12:45:14.949,5115,12,237.46,1546306897,0.0,-0.03,-0.05,15.42,79.79
12:45:15.949,5116,14,281.9,1546306898,-0.003,-0.03,-0.04,16.69,79.76
12:45:16.948,5117,15,304.88,1546306899,0.007,-0.033,0.037,17.54,79.74
12:45:17.949,5118,16,321.02,1546306900,0.027,-0.02,0.05,19.93,79.69
12:45:18.948,5119,17,335.56,1546306901,0.027,-0.01,0.05,20.8,79.67
12:45:19.949,5120,18,346.8,1546306902,0.023,-0.0,-0.017,21.45,79.66
12:45:20.949,5121,18,360.06,1546306903,0.01,0.0,-0.02,20.31,79.68
12:45:21.948,5122,19,367.12,1546306904,0.007,-0.003,-0.017,20.74,79.67
12:45:22.949,5123,19,367.14,1546306905,0.003,-0.007,-0.013,20.24,79.68
12:45:23.948,5124,18,360.5,1546306906,0.02,-0.007,-0.01,20.6,79.67
12:45:24.949,5125,18,354.86,1546306907,0.027,-0.01,-0.017,21.16,79.65
12:45:25.949,5126,18,355.06,1546306908,0.017,-0.013,-0.013,20.5,79.67
12:45:26.948,5127,18,360.46,1546306909,0.007,-0.013,-0.01,19.9,79.68
12:45:27.949,5128,19,368.58,1546306910,-0.01,-0.01,-0.0,20.41,79.66
12:45:28.948,5129,19,376.74,1546306911,0.0,-0.003,-0.003,20.38,79.66
12:45:29.949,5130,20,383.9,1546306912,0.003,-0.007,-0.017,21.47,79.64
12:45:30.948,5131,20,385.82,1546306913,0.017,-0.007,-0.01,22.42,79.62
12:45:31.949,5132,20,386.4,1546306914,0.013,-0.013,-0.0,22.23,79.62
12:45:32.949,5133,20,393.3,1546306915,0.003,-0.01,0.013,21.77,79.63
12:45:33.948,5134,21,407.62,1546306916,-0.007,-0.0,0.013,22.86,79.6
12:45:34.949,5135,22,427.76,1546306917,0.0,-0.01,0.003,23.8,79.58
12:45:35.948,5136,22,439.76,1546306918,0.007,-0.007,-0.017,23.75,79.58
12:45:36.949,5137,22,435.3,1546306919,0.027,-0.02,-0.163,25.16,79.55
12:45:37.948,5138,21,420.7,1546306920,0.017,0.003,-0.15,23.36,79.58
12:45:38.949,5139,21,410.76,1546306921,0.007,-0.013,-0.127,22.56,79.6
12:45:39.948,5140,20,395.4,1546306922,-0.01,-0.007,-0.08,21.0,79.63
12:45:40.949,5141,19,380.42,1546306923,-0.003,-0.017,-0.2,20.0,79.65
12:45:41.949,5142,19,374.56,1546306924,0.007,-0.0,-0.197,20.56,79.63
12:45:42.948,5143,19,371.26,1546306925,0.007,0.003,-0.107,20.56,79.63
12:45:43.949,5144,18,359.92,1546306926,0.007,-0.003,-0.007,19.56,79.65
12:45:44.949,5145,18,349.56,1546306927,0.0,-0.01,-0.013,19.0,79.66
12:45:45.948,5146,17,343.92,1546306928,0.013,-0.017,-0.007,19.04,79.66
12:45:46.949,5147,17,342.74,1546306929,0.007,-0.003,0.003,18.56,79.66
12:45:47.948,5148,17,342.6,1546306930,0.013,-0.003,0.003,19.04,79.65
12:45:48.949,5149,17,339.56,1546306931,0.007,-0.0,-0.01,18.56,79.66
12:45:49.948,5150,17,334.76,1546306932,0.02,-0.007,-0.02,19.6,79.64
12:45:50.949,5151,17,329.5,1546306933,0.033,-0.01,-0.023,20.64,79.62
12:45:51.949,5152,16,323.48,1546306934,0.05,-0.013,-0.017,21.0,79.61
12:45:52.948,5153,17,329.44,1546306935,0.05,-0.007,-0.007,22.29,79.58
12:45:53.949,5154,17,335.04,1546306936,0.037,-0.0,0.0,21.26,79.6
12:45:54.949,5155,17,341.24,1546306937,0.023,-0.003,0.003,20.17,79.62
12:45:55.948,5156,18,348.3,1546306938,0.017,-0.0,0.0,20.7,79.6
12:45:56.949,5157,18,355.02,1546306939,-0.003,-0.01,-0.007,19.01,79.64
12:45:57.949,5158,18,348.82,1546306940,-0.013,-0.007,-0.007,19.0,79.63
12:45:58.948,5159,17,343.16,1546306941,-0.017,-0.02,-0.003,18.0,79.65
12:45:59.949,5160,17,338.0,1546306942,-0.007,-0.017,0.007,18.0,79.65
12:46:00.948,5161,17,334.48,1546306943,-0.007,-0.02,0.0,18.0,79.65
12:46:01.949,5162,17,331.62,1546306944,-0.013,-0.013,-0.02,18.0,79.65
12:46:02.949,5163,17,328.92,1546306945,-0.007,-0.007,-0.03,18.0,79.65
12:46:03.949,5164,17,327.8,1546306946,0.003,0.007,-0.02,18.42,79.64
12:46:04.949,5165,17,336.12,1546306947,0.007,-0.003,0.0,18.97,79.62
12:46:05.949,5166,17,344.16,1546306948,0.01,-0.013,0.007,19.2,79.62
12:46:06.949,5167,18,351.92,1546306949,0.0,-0.017,-0.007,19.4,79.61
12:46:07.949,5168,18,360.1,1546306950,0.003,-0.003,-0.007,19.62,79.61
12:46:08.948,5169,19,367.14,1546306951,-0.003,0.01,0.007,20.14,79.59
12:46:09.949,5170,19,365.54,1546306952,-0.007,0.003,0.027,20.0,79.59
12:46:10.949,5171,18,363.66,1546306953,-0.02,0.007,0.043,19.0,79.61
12:46:11.949,5172,18,362.52,1546306954,-0.02,-0.0,0.06,19.0,79.61
12:46:12.949,5173,18,361.76,1546306955,-0.013,0.007,0.1,19.0,79.61
12:46:13.948,5174,18,360.36,1546306956,-0.01,0.007,0.14,19.0,79.61
12:46:14.949,5175,18,356.3,1546306957,0.0,0.02,0.16,19.0,79.61
12:46:15.948,5176,18,353.72,1546306958,-0.017,0.01,0.183,19.0,79.6
12:46:16.949,5177,18,353.16,1546306959,0.017,-0.0,0.213,20.36,79.57
12:46:17.948,5178,18,352.46,1546306960,0.03,-0.007,0.227,21.4,79.55
12:46:18.949,5179,18,351.76,1546306961,0.05,-0.01,0.067,23.12,79.52
12:46:19.949,5180,18,357.3,1546306962,0.03,-0.01,-0.09,21.63,79.54
12:46:20.949,5181,18,360.96,1546306963,0.023,-0.023,-0.21,21.17,79.55
12:46:21.949,5182,19,370.42,1546306964,0.017,-0.007,-0.167,21.96,79.53
12:46:22.949,5183,20,384.96,1546306965,0.017,-0.013,-0.133,23.13,79.51
12:46:23.949,5184,20,401.12,1546306966,0.007,-0.007,-0.16,22.19,79.52
12:46:24.948,5185,21,410.18,1546306967,0.01,-0.023,-0.183,23.25,79.5
12:46:25.949,5186,21,419.24,1546306968,0.007,-0.013,-0.183,22.76,79.51
12:46:26.948,5187,21,417.98,1546306969,0.007,-0.027,-0.127,22.56,79.51
12:46:27.949,5188,21,410.58,1546306970,-0.003,-0.02,-0.07,22.0,79.52
12:46:28.949,5189,20,401.38,1546306971,0.023,-0.017,-0.05,22.84,79.5
12:46:29.948,5190,20,394.22,1546306972,0.023,-0.013,-0.037,22.84,79.5
12:46:30.949,5191,20,384.76,1546306973,0.03,-0.013,-0.04,23.4,79.49
12:46:31.948,5192,19,377.02,1546306974,0.01,-0.017,-0.023,20.8,79.54
12:46:32.949,5193,19,368.28,1546306975,-0.007,-0.007,-0.02,20.0,79.55
12:46:33.949,5194,18,351.04,1546306976,-0.003,-0.007,-0.01,19.0,79.57
12:46:34.949,5195,17,333.92,1546306977,-0.003,-0.003,-0.017,18.0,79.59
12:46:35.949,5196,16,313.78,1546306978,0.01,-0.007,-0.013,17.8,79.59
12:46:36.948,5197,14,287.24,1546306979,0.013,-0.0,-0.017,16.04,79.62
12:46:37.949,5198,13,268.06,1546306980,-0.007,-0.007,-0.013,14.0,79.66
12:46:38.948,5199,14,268.52,1546306981,-0.04,0.013,-0.023,15.0,79.64
12:46:39.949,5200,13,264.8,1546306982,-0.043,0.003,-0.033,14.0,79.66
12:46:40.949,5201,13,261.34,1546306983,-0.02,0.007,-0.043,14.05,79.66
12:46:41.948,5202,13,266.78,1546306984,0.003,-0.013,-0.053,14.95,79.64
12:46:42.949,5203,15,289.72,1546306985,0.01,-0.01,-0.057,17.32,79.59
12:46:43.948,5204,15,287.44,1546306986,0.007,-0.017,-0.07,16.61,79.6
12:46:44.949,5205,15,291.86,1546306987,0.017,-0.013,-0.077,18.47,79.56
12:46:45.949,5206,17,331.96,1546306988,0.02,-0.007,-0.087,20.95,79.51
12:46:46.949,5207,18,345.84,1546306989,0.003,-0.013,-0.093,19.34,79.54
12:46:47.949,5208,17,336.12,1546306990,0.017,-0.01,-0.107,19.95,79.53
12:46:48.949,5209,19,369.38,1546306991,0.017,-0.01,-0.093,22.41,79.48
12:46:49.948,5210,19,378.0,1546306992,0.02,0.01,-0.047,21.6,79.49
12:46:50.949,5211,18,354.96,1546306993,0.01,0.01,-0.043,19.8,79.52
12:46:51.949,5212,18,354.02,1546306994,0.0,-0.0,-0.027,19.0,79.54
12:46:53.733,0,18,348.84,1546306995,0.007,-0.007,-0.027,19.56,79.53
12:48:01.949,5282,14,285.5,1546307064,0.007,-0.013,0.027,15.56,79.6
12:48:02.948,5283,14,286.06,1546307065,0.01,-0.003,0.03,15.8,79.6
12:48:03.949,5284,14,285.5,1546307066,0.01,-0.01,0.023,15.8,79.6
12:48:04.949,5285,14,282.04,1546307067,0.013,-0.0,0.013,16.04,79.59
12:48:05.949,5286,14,277.02,1546307068,0.01,-0.01,0.003,15.8,79.59
12:48:06.949,5287,14,268.2,1546307069,0.007,-0.0,-0.007,15.56,79.6
12:48:07.949,5288,13,266.78,1546307070,-0.013,-0.013,-0.01,14.03,79.63
12:48:08.949,5289,14,269.32,1546307071,-0.01,-0.003,-0.007,15.09,79.6
12:48:09.949,5290,14,270.32,1546307072,-0.01,-0.007,0.0,15.11,79.6
12:48:10.949,5291,14,273.68,1546307073,0.0,0.017,0.003,15.29,79.6
12:48:11.949,5292,14,281.98,1546307074,0.0,0.02,0.0,15.17,79.6
12:48:12.949,5293,14,280.36,1546307075,0.01,0.017,0.003,15.9,79.58
12:48:13.949,5294,14,285.82,1546307076,0.023,0.003,-0.007,17.07,79.56
12:48:14.949,5295,15,289.46,1546307077,0.027,-0.007,-0.01,18.5,79.53
12:48:15.949,5296,15,299.28,1546307078,0.02,-0.01,-0.02,18.05,79.53
12:48:16.949,5297,16,307.46,1546307079,0.003,-0.02,-0.02,17.6,79.54
12:48:17.949,5298,16,313.74,1546307080,0.007,-0.017,-0.017,17.56,79.54
12:48:18.949,5299,15,303.22,1546307081,0.007,-0.013,-0.017,16.56,79.56
12:48:19.949,5300,15,291.22,1546307082,0.013,-0.0,0.023,17.04,79.55
12:48:20.950,5301,14,272.24,1546307083,0.013,-0.01,-0.067,16.04,79.57
12:48:21.949,5302,13,256.78,1546307084,0.003,-0.01,-0.007,14.24,79.6
12:48:22.949,5303,12,247.54,1546307085,0.007,-0.023,-0.11,13.56,79.61
12:48:23.949,5304,12,247.02,1546307086,-0.01,-0.013,0.073,13.18,79.62
12:48:24.949,5305,13,254.94,1546307087,0.01,-0.017,0.058,15.63,79.57
12:48:25.949,5306,14,280.38,1546307088,0.007,-0.01,0.125,17.15,79.54
12:48:26.949,5307,16,318.4,1546307089,0.027,-0.003,0.035,20.89,79.46
12:48:27.949,5308,18,349.7,1546307090,0.01,0.003,-0.023,21.11,79.45
12:48:28.949,5309,19,370.72,1546307091,-0.003,-0.0,-0.03,20.77,79.46
12:48:29.949,5310,19,380.64,1546307092,-0.027,-0.027,-0.033,20.0,79.47
12:48:30.949,5311,19,366.48,1546307093,-0.017,-0.02,-0.017,20.0,79.47
12:48:31.949,5312,17,331.86,1546307094,-0.003,-0.013,-0.01,18.0,79.51
12:48:32.949,5313,15,305.44,1546307095,-0.007,0.007,-0.007,16.0,79.55
12:48:33.949,5314,15,290.22,1546307096,-0.007,0.0,-0.01,16.0,79.55
12:48:34.949,5315,14,282.44,1546307097,-0.017,-0.003,-0.013,15.0,79.56
12:48:35.949,5316,15,289.22,1546307098,0.003,-0.0,-0.01,16.66,79.53
12:48:36.949,5317,15,299.26,1546307099,0.0,-0.003,-0.007,16.37,79.53
12:48:37.949,5318,15,303.9,1546307100,0.01,-0.003,-0.01,16.95,79.52
12:48:38.949,5319,15,305.28,1546307101,0.01,-0.003,-0.003,17.0,79.52
12:48:39.949,5320,16,311.7,1546307102,0.007,-0.0,-0.0,17.77,79.5
12:48:40.949,5321,16,313.8,1546307103,0.007,-0.0,-0.0,17.79,79.5
12:48:41.949,5322,16,320.78,1546307104,0.0,-0.007,0.003,17.43,79.51
12:48:42.949,5323,17,331.12,1546307105,-0.003,-0.01,-0.003,18.52,79.48
12:48:43.949,5324,17,341.4,1546307106,0.003,-0.003,-0.0,18.63,79.48
12:48:44.949,5325,18,346.7,1546307107,0.01,-0.0,-0.013,19.9,79.45
12:48:45.949,5326,18,345.28,1546307108,0.01,-0.0,-0.01,19.8,79.45
12:48:46.949,5327,17,338.76,1546307109,0.007,-0.007,-0.003,18.56,79.47
12:48:47.949,5328,17,330.68,1546307110,0.007,-0.01,-0.003,18.56,79.47
12:48:48.949,5329,16,318.98,1546307111,0.01,-0.007,-0.01,17.8,79.49
12:48:49.949,5330,15,301.7,1546307112,0.0,-0.007,-0.013,16.0,79.52
12:48:50.949,5331,14,281.96,1546307113,-0.007,-0.007,-0.013,15.0,79.54
12:48:51.949,5332,13,266.64,1546307114,-0.007,-0.017,-0.01,14.0,79.56
12:48:52.949,5333,13,256.1,1546307115,0.003,-0.013,-0.013,14.24,79.55
12:48:53.949,5334,13,251.32,1546307116,0.003,-0.01,-0.013,14.24,79.55
12:48:54.949,5335,13,255.04,1546307117,0.003,-0.003,-0.013,14.58,79.54
12:48:55.949,5336,13,265.1,1546307118,0.0,-0.0,-0.007,14.47,79.54
12:48:56.949,5337,14,274.0,1546307119,0.003,-0.003,-0.007,15.6,79.52
12:48:57.949,5338,14,279.3,1546307120,0.007,-0.003,-0.01,15.75,79.51
12:48:58.949,5339,14,281.7,1546307121,0.003,-0.01,-0.013,15.31,79.52
12:48:59.949,5340,14,282.04,1546307122,0.0,-0.013,-0.01,15.0,79.53
12:49:00.949,5341,14,280.24,1546307123,-0.003,-0.017,-0.003,15.0,79.53
12:49:01.949,5342,14,276.7,1546307124,0.0,-0.02,-0.003,15.0,79.52
12:49:02.950,5343,14,273.06,1546307125,0.003,-0.013,-0.003,15.24,79.52
12:49:03.949,5344,14,271.56,1546307126,0.013,-0.007,-0.007,16.04,79.5
12:49:04.949,5345,14,273.08,1546307127,0.003,0.0,-0.01,15.28,79.51
12:49:05.949,5346,14,273.3,1546307128,0.003,-0.003,-0.01,15.27,79.51
12:49:06.949,5347,14,274.44,1546307129,-0.003,-0.007,-0.013,15.04,79.52
12:49:07.949,5348,14,274.96,1546307130,0.01,-0.01,-0.01,15.8,79.5
12:49:08.950,5349,14,273.12,1546307131,0.013,-0.007,-0.017,16.04,79.49
12:49:09.949,5350,14,270.28,1546307132,0.017,-0.0,-0.013,16.36,79.49
12:49:10.949,5351,14,270.12,1546307133,0.007,-0.0,-0.013,15.6,79.5
12:49:11.949,5352,14,271.76,1546307134,0.007,0.003,-0.01,15.67,79.5
12:49:12.949,5353,14,274.4,1546307135,0.007,0.003,-0.013,15.68,79.49
12:49:13.949,5354,14,276.76,1546307136,0.0,0.007,-0.027,15.06,79.51
12:49:14.949,5355,14,276.9,1546307137,-0.003,-0.0,-0.04,15.0,79.51
12:49:15.949,5356,14,275.68,1546307138,-0.01,-0.007,-0.047,15.0,79.5
12:49:16.950,5357,14,271.94,1546307139,0.003,-0.007,-0.043,15.24,79.5
12:49:17.949,5358,14,269.84,1546307140,0.003,-0.003,-0.04,15.24,79.5
12:49:18.949,5359,14,270.14,1546307141,0.02,-0.003,-0.033,16.6,79.47
12:49:19.949,5360,14,269.52,1546307142,0.027,0.003,-0.03,17.16,79.46
12:49:20.950,5361,14,269.18,1546307143,0.043,-0.0,-0.027,18.45,79.43
12:49:21.950,5362,14,270.02,1546307144,0.03,0.003,-0.033,17.42,79.45
12:49:22.950,5363,14,270.0,1546307145,0.03,-0.013,-0.113,20.75,79.38
12:49:50.952,5391,21,403.88,1546307173,0.02,-0.017,-0.187,27.1,79.25
12:49:51.953,5392,21,410.06,1546307174,0.023,-0.023,-0.25,24.15,79.31
12:49:52.952,5393,21,416.24,1546307175,0.027,-0.02,-0.243,24.16,79.3
12:49:53.952,5394,21,406.46,1546307176,0.027,-0.017,-0.233,24.16,79.3
12:49:54.953,5395,20,392.58,1546307177,0.027,-0.017,-0.207,23.16,79.32
12:49:55.952,5396,19,374.94,1546307178,0.027,-0.003,-0.153,22.16,79.34
12:49:56.953,5397,18,358.5,1546307179,0.017,-0.003,-0.103,20.36,79.37
12:49:57.953,5398,18,353.14,1546307180,0.01,-0.0,-0.062,19.8,79.38
12:49:58.952,5399,18,357.5,1546307181,0.003,-0.013,-0.025,19.53,79.38
12:49:59.953,5400,19,364.62,1546307182,0.02,-0.02,-0.168,21.86,79.34
12:50:00.952,5401,19,367.98,1546307183,0.017,-0.003,0.037,21.57,79.34
12:50:01.953,5402,19,372.86,1546307184,0.01,-0.003,-0.183,21.13,79.35
12:50:02.953,5403,19,381.18,1546307185,-0.007,0.01,0.127,20.31,79.36
12:50:03.952,5404,20,385.26,1546307186,-0.01,-0.007,-0.097,21.25,79.34
12:50:04.953,5405,20,391.08,1546307187,-0.01,-0.007,0.077,21.27,79.34
12:50:05.953,5406,20,396.2,1546307188,-0.01,-0.02,-0.09,21.0,79.34
12:50:06.953,5407,20,388.78,1546307189,0.0,-0.03,-0.08,21.0,79.34
12:50:07.953,5408,19,366.48,1546307190,-0.0,-0.033,-0.047,20.0,79.36
12:50:08.952,5409,18,351.98,1546307191,-0.003,-0.023,-0.023,19.0,79.38
12:50:09.953,5410,17,336.48,1546307192,0.007,-0.017,-0.003,18.56,79.38
12:50:10.953,5411,16,324.48,1546307193,0.003,-0.01,-0.003,17.24,79.41
12:50:11.953,5412,16,317.82,1546307194,0.013,-0.007,-0.003,63.49,78.48
12:50:12.953,5413,15,2142.56,1546307195,0.003,-0.0,-0.01,61.48,78.51
12:50:13.953,5414,14,2127.24,1546307196,0.01,-0.003,-0.01,15.8,79.42
12:50:14.953,5415,14,2106.52,1546307197,0.01,-0.01,-0.013,15.8,79.42
12:50:15.953,5416,13,2085.88,1546307198,0.01,-0.01,-0.013,14.8,79.44
12:50:16.954,5417,12,2068.44,1546307199,0.017,-0.007,-0.01,14.36,79.45
12:50:17.953,5418,11,225.56,1546307200,0.017,-0.007,-0.01,13.36,79.47
12:50:18.953,5419,11,219.72,1546307201,0.02,-0.007,-0.01,13.6,79.46
12:50:19.954,5420,11,220.9,1546307202,0.017,-0.003,-0.01,13.47,79.46
12:50:20.953,5421,11,224.06,1546307203,0.0,-0.003,-0.003,12.19,79.49
12:50:21.953,5422,11,228.32,1546307204,-0.007,-0.007,-0.0,12.23,79.48
12:50:22.954,5423,12,233.1,1546307205,-0.017,-0.007,-0.0,13.17,79.46
12:50:23.953,5424,12,235.26,1546307206,-0.013,-0.003,-0.007,13.14,79.46
12:50:24.953,5425,12,238.78,1546307207,0.003,-0.003,-0.013,13.49,79.46
12:50:25.953,5426,12,245.26,1546307208,0.007,-0.007,-0.01,13.95,79.45
12:50:26.953,5427,13,254.48,1546307209,0.017,-0.017,-0.013,15.83,79.41
12:50:27.953,5428,13,264.02,1546307210,-0.003,-0.017,-0.007,14.51,79.43
12:50:28.953,5429,14,275.06,1546307211,0.003,-0.023,-0.007,15.75,79.41
12:50:29.953,5430,14,284.28,1546307212,-0.003,-0.02,-0.0,15.4,79.41
12:50:30.953,5431,15,290.9,1546307213,0.01,-0.017,-0.003,16.92,79.38
12:50:31.953,5432,15,289.16,1546307214,0.003,-0.01,-0.003,16.24,79.39
12:50:32.953,5433,14,285.32,1546307215,0.0,-0.01,-0.003,15.0,79.41
12:50:33.953,5434,14,280.48,1546307216,-0.017,-0.017,-0.0,15.0,79.41
12:50:34.954,5435,14,275.24,1546307217,-0.01,-0.01,-0.013,15.0,79.41
12:50:35.953,5436,14,272.96,1546307218,-0.003,-0.003,-0.027,15.03,79.41
12:50:36.953,5437,14,276.38,1546307219,0.007,-0.0,-0.047,15.74,79.39
12:50:37.953,5438,14,280.16,1546307220,-0.003,-0.007,-0.047,15.18,79.4
12:50:38.954,5439,14,283.78,1546307221,-0.007,-0.007,-0.05,15.18,79.4
12:50:39.953,5440,14,287.16,1546307222,-0.007,-0.003,-0.043,15.09,79.4
12:50:40.953,5441,14,287.24,1546307223,0.0,-0.0,-0.043,15.0,79.4
12:50:41.954,5442,14,284.84,1546307224,0.0,-0.007,-0.047,15.0,79.4
12:50:42.953,5443,14,286.24,1546307225,0.003,-0.007,-0.043,15.39,79.39
12:50:43.953,5444,15,291.0,1546307226,0.0,-0.003,-0.043,16.25,79.37
12:50:44.954,5445,15,296.2,1546307227,0.003,-0.007,-0.037,16.46,79.37
12:50:45.953,5446,15,299.96,1546307228,0.007,-0.01,-0.027,16.76,79.36
12:50:46.953,5447,15,304.2,1546307229,0.01,-0.013,-0.02,17.01,79.35
12:50:47.954,5448,16,308.26,1546307230,0.01,-0.007,-0.027,18.0,79.33
12:50:48.953,5449,16,312.34,1546307231,0.007,0.003,-0.06,17.75,79.34
12:50:49.953,5450,16,315.96,1546307232,0.01,0.007,-0.103,18.09,79.33
12:50:50.953,5451,16,323.84,1546307233,0.01,0.003,-0.137,18.26,79.32
12:50:51.953,5452,17,334.36,1546307234,0.013,-0.007,-0.15,19.48,79.3
12:50:52.953,5453,17,341.6,1546307235,0.003,0.003,-0.15,18.56,79.31
12:50:53.953,5454,18,347.16,1546307236,-0.007,-0.01,-0.137,19.33,79.3
12:50:54.953,5455,18,354.76,1546307237,-0.017,-0.01,-0.123,19.35,79.29
12:50:55.953,5456,18,361.24,1546307238,-0.003,-0.02,-0.1,19.31,79.29
12:50:56.953,5457,19,367.16,1546307239,0.023,-0.003,-0.097,22.12,79.23
12:50:57.954,5458,19,372.36,1546307240,0.033,-0.003,-0.06,22.64,79.22
12:51:14.953,5475,15,290.5,1546307257,0.023,-0.01,-0.04,17.84,79.32
12:51:15.953,5476,15,292.82,1546307258,0.003,-0.007,-0.02,16.47,79.34
12:51:16.953,5477,15,299.6,1546307259,0.003,-0.013,-0.02,16.64,79.34
12:51:17.954,5478,16,308.72,1546307260,0.007,-0.007,-0.01,18.07,79.31
12:51:18.953,5479,16,320.18,1546307261,0.013,-0.017,0.003,18.7,79.29
12:51:19.953,5480,17,335.16,1546307262,0.003,-0.007,-0.013,18.91,79.29
12:51:20.953,5481,18,346.88,1546307263,0.003,-0.013,-0.02,19.76,79.27
12:51:21.954,5482,18,355.88,1546307264,0.01,-0.003,-0.013,20.21,79.26
12:51:22.953,5483,18,363.26,1546307265,0.013,-0.0,-0.01,20.38,79.25
12:51:23.953,5484,19,369.54,1546307266,0.0,-0.0,-0.023,20.29,79.25
12:51:24.953,5485,19,374.76,1546307267,-0.01,-0.003,-0.037,20.29,79.25
12:51:25.954,5486,19,381.28,1546307268,0.0,-0.01,-0.03,20.35,79.25
12:51:26.953,5487,20,388.84,1546307269,0.0,-0.01,-0.02,21.43,79.22
12:51:27.954,5488,20,398.32,1546307270,0.01,-0.013,-0.013,22.3,79.2
12:51:28.954,5489,21,408.78,1546307271,0.003,-0.01,-0.053,22.66,79.19
12:51:29.953,5490,21,415.18,1546307272,0.01,-0.003,-0.113,22.98,79.19
12:51:30.953,5491,21,415.94,1546307273,-0.01,-0.013,-0.2,22.0,79.2
12:51:31.953,5492,21,412.4,1546307274,0.003,-0.023,-0.24,22.24,79.2
12:51:32.953,5493,21,404.52,1546307275,0.027,-0.033,-0.26,24.16,79.16
12:51:33.954,5494,21,402.9,1546307276,0.047,-0.017,-0.237,26.26,79.11
12:51:34.953,5495,22,424.54,1546307277,0.027,-0.003,-0.27,27.23,79.09
12:51:35.953,5496,25,485.72,1546307278,0.023,0.007,-0.313,31.58,79.0
12:51:36.954,5497,29,573.96,1546307279,0.027,-0.0,-0.363,36.34,78.9
12:51:37.953,5498,34,652.98,1546307280,0.047,-0.017,-0.36,42.26,78.78
12:51:38.953,5499,37,714.14,1546307281,0.06,-0.023,-0.363,45.53,78.71
12:51:39.954,5500,39,762.02,1546307282,0.04,-0.027,-0.267,44.03,78.74
12:51:40.953,5501,39,747.3,1546307283,0.03,-0.027,-0.177,42.4,78.76
12:51:41.954,5502,35,677.44,1546307284,-0.007,-0.033,-0.047,36.0,78.89
12:51:42.954,5503,30,593.34,1546307285,0.0,-0.027,-0.032,31.0,78.99
12:51:43.953,5504,26,505.02,1546307286,-0.01,-0.02,-0.015,27.0,79.06
12:51:44.954,5505,21,403.78,1546307287,0.003,-0.003,-0.008,22.24,79.16
12:51:45.954,5506,16,324.12,1546307288,-0.003,0.003,-0.003,17.0,79.26
12:51:46.953,5507,14,274.1,1546307289,0.007,0.007,0.003,15.56,79.29
12:51:47.953,5508,13,251.7,1546307290,-0.003,-0.003,0.007,14.0,79.32
12:51:48.954,5509,12,245.92,1546307291,0.01,-0.01,0.02,13.8,79.32
12:51:49.953,5510,12,241.22,1546307292,-0.007,-0.007,0.027,13.0,79.34
12:51:50.953,5511,12,244.46,1546307293,0.0,-0.003,0.033,13.17,79.33
12:51:51.954,5512,12,247.98,1546307294,-0.02,-0.007,0.027,13.16,79.33
12:51:52.953,5513,13,250.84,1546307295,-0.003,-0.017,0.013,14.11,79.31
12:51:53.953,5514,13,252.52,1546307296,-0.003,-0.023,0.013,14.38,79.3
12:51:54.954,5515,13,266.16,1546307297,0.007,-0.02,0.017,15.35,79.28
12:51:55.953,5516,14,283.98,1546307298,0.003,-0.007,0.043,16.34,79.26
12:51:56.953,5517,16,310.26,1546307299,0.0,-0.003,0.073,18.56,79.21
12:51:57.954,5518,18,346.22,1546307300,0.003,0.003,0.113,21.17,79.16
12:51:58.953,5519,20,387.58,1546307301,0.013,0.003,0.163,24.04,79.1
12:51:59.953,5520,22,426.18,1546307302,0.007,0.01,0.177,25.46,79.07
12:52:00.954,5521,24,463.52,1546307303,-0.003,-0.0,0.23,26.87,79.04
12:52:01.953,5522,26,501.0,1546307304,-0.063,0.007,0.267,28.88,79.0
12:52:02.954,5523,28,538.8,1546307305,-0.08,0.007,0.297,30.89,78.95
12:52:03.954,5524,30,576.78,1546307306,-0.08,0.01,0.297,32.53,78.92
12:52:04.953,5525,31,599.86,1546307307,-0.037,0.01,0.243,32.86,78.91
12:52:05.954,5526,31,611.14,1546307308,-0.003,0.023,0.183,32.29,78.92
12:52:06.953,5527,31,611.36,1546307309,0.013,0.04,0.107,33.04,78.9
12:52:07.954,5528,31,598.74,1546307310,0.01,0.043,0.097,32.8,78.9
12:52:08.953,5529,30,577.14,1546307311,-0.013,0.027,0.1,31.0,78.93
12:52:09.953,5530,29,562.8,1546307312,-0.013,0.02,0.143,30.0,78.95
12:52:10.954,5531,28,549.04,1546307313,-0.017,0.007,0.147,29.0,78.97
12:52:11.953,5532,27,534.84,1546307314,0.02,0.013,0.147,29.6,78.95
12:52:12.953,5533,27,520.54,1546307315,0.03,0.01,0.08,30.4,78.93
12:52:13.954,5534,26,506.2,1546307316,0.063,0.02,0.037,32.04,78.9
12:52:14.953,5535,25,491.36,1546307317,0.037,0.023,0.003,28.96,78.96
12:52:15.954,5536,24,477.52,1546307318,0.02,0.03,0.0,26.6,79.0
12:52:16.953,5537,24,466.98,1546307319,0.01,0.023,-0.003,25.8,79.02
12:52:17.954,5538,23,452.98,1546307320,0.027,0.017,0.003,26.16,79.01
12:52:18.953,5539,22,439.14,1546307321,0.023,0.013,0.007,24.84,79.03
12:52:19.954,5540,22,425.6,1546307322,0.007,0.013,0.003,23.56,79.05
12:52:20.953,5541,21,412.8,1546307323,0.007,0.01,-0.013,22.56,79.07
12:52:21.954,5542,20,397.62,1546307324,0.023,0.007,-0.02,22.84,79.06
12:52:22.953,5543,20,385.76,1546307325,0.023,0.007,-0.02,22.84,79.06
12:52:23.953,5544,19,373.88,1546307326,0.0,-0.0,-0.013,20.0,79.12
12:52:24.954,5545,18,362.48,1546307327,-0.013,-0.007,-0.013,19.0,79.14
12:52:25.954,5546,18,350.44,1546307328,-0.01,-0.007,-0.01,19.0,79.13
12:52:26.953,5547,17,339.08,1546307329,0.003,-0.0,-0.007,18.24,79.15
12:52:27.953,5548,17,328.6,1546307330,0.003,-0.0,-0.003,18.24,79.15
12:52:28.954,5549,16,318.84,1546307331,0.003,-0.007,-0.003,17.24,79.16
12:52:29.954,5550,16,309.54,1546307332,0.007,-0.017,0.01,17.56,79.16
12:52:30.954,5551,15,300.64,1546307333,0.003,-0.013,0.017,16.24,79.18
12:52:31.953,5552,15,292.08,1546307334,0.007,-0.01,0.023,16.56,79.17
12:52:32.953,5553,14,283.7,1546307335,0.003,0.003,0.0,15.24,79.2
12:52:33.954,5554,14,275.04,1546307336,0.01,-0.0,-0.02,15.8,79.19
12:52:34.954,5555,13,265.48,1546307337,0.003,-0.003,-0.033,14.24,79.22
12:52:35.953,5556,13,255.88,1546307338,0.003,-0.003,-0.023,14.24,79.21
12:52:36.953,5557,12,245.52,1546307339,0.0,-0.003,-0.01,13.0,79.24
12:52:37.954,5558,12,234.42,1546307340,0.0,-0.003,-0.007,13.0,79.24
12:52:38.954,5559,11,223.2,1546307341,-0.007,-0.01,-0.01,12.0,79.26
12:52:39.953,5560,11,211.64,1546307342,-0.013,-0.01,0.013,12.0,79.25
12:52:40.954,5561,10,200.26,1546307343,-0.013,-0.007,0.023,11.0,79.27
12:52:41.954,5562,9,186.28,1546307344,-0.007,-0.007,0.02,10.0,79.29
12:52:42.953,5563,8,164.68,1546307345,0.003,-0.007,-0.007,9.24,79.31
12:52:43.954,5564,7,143.1,1546307346,0.01,-0.007,-0.053,8.8,79.31
12:52:44.953,5565,6,123.1,1546307347,0.007,-0.007,-0.057,7.56,79.34
12:52:45.954,5566,5,100.2,1546307348,0.003,-0.003,-0.053,6.24,79.36
12:52:46.954,5567,3,69.62,1546307349,0.003,-0.007,-0.017,4.24,79.4
12:52:47.953,5568,2,48.76,1546307350,0.003,-0.007,-0.007,3.24,79.42
12:52:48.954,5569,1,30.0,1546307351,0.003,-0.01,-0.01,2.24,79.44
12:52:49.954,5570,0,12.48,1546307352,0.0,-0.01,-0.01,1.0,79.47
12:52:50.953,5571,0,0.0,1546307353,0.003,-0.01,-0.01,1.0,79.47
12:52:51.954,5572,0,0.0,1546307354,0.003,-0.01,-0.01,1.0,79.47
12:52:52.954,5573,0,0.0,1546307355,0.003,-0.01,-0.01,1.0,79.47
12:52:53.953,5574,0,0.0,1546307356,0.0,-0.01,-0.01,1.0,79.47
12:52:54.954,5575,0,0.0,1546307357,0.0,-0.01,-0.01,1.0,79.47
12:52:55.954,5576,0,0.0,1546307358,0.007,-0.023,-0.177,1.0,79.47
12:52:56.954,5577,0,1.06,1546307359,0.0,-0.02,-0.163,1.0,79.47
12:52:57.953,5578,5,101.42,1546307360,-0.003,-0.02,-0.153,12.46,79.24
12:52:58.954,5579,13,259.44,1546307361,-0.01,-0.0,0.037,22.82,79.03
12:52:59.954,5580,23,454.12,1546307362,-0.003,0.01,0.03,34.51,78.79
12:53:00.953,5581,35,679.88,1546307363,0.003,0.01,0.03,48.16,78.51
12:53:01.954,5582,48,930.88,1546307364,0.008,0.013,0.01,60.26,78.27
12:53:02.954,5583,57,1104.62,1546307365,0.015,-0.017,0.007,66.9,78.13
12:53:03.953,5584,64,1238.98,1546307366,0.032,-0.02,-0.0,73.75,77.98
12:53:04.953,5585,70,1352.28,1546307367,0.013,-0.043,0.0,77.33,77.9
12:53:05.954,5586,75,1450.64,1546307368,0.007,-0.05,0.01,81.13,77.82
12:53:06.954,5587,80,1535.02,1546307369,-0.007,-0.013,0.007,84.96,77.74
12:53:07.953,5588,80,1609.08,1546307370,0.04,0.047,-0.01,87.25,77.68
12:53:08.954,5589,79,1656.92,1546307371,-0.01,0.047,0.007,81.63,77.79
12:53:09.954,5590,79,1674.14,1546307372,-0.01,0.023,-0.01,80.13,77.81
12:53:10.953,5591,78,1662.02,1546307373,-0.01,0.007,-0.017,79.0,77.83
12:53:11.954,5592,78,1624.1,1546307374,0.053,0.043,-0.05,83.24,77.73
12:53:12.954,5593,78,1562.44,1546307375,0.047,0.05,-0.017,82.76,77.74
12:53:13.953,5594,77,1488.66,1546307376,0.01,0.02,0.027,78.8,77.81
12:53:14.954,5595,73,1414.66,1546307377,-0.013,-0.007,0.077,74.0,77.9
12:53:15.954,5596,69,1328.44,1546307378,0.003,-0.087,0.173,70.24,77.97
12:53:16.953,5597,64,1234.46,1546307379,0.003,-0.08,0.287,65.24,78.06
12:53:17.954,5598,59,1134.8,1546307380,0.027,-0.093,0.323,62.16,78.12
12:53:18.954,5599,54,1037.26,1546307381,0.02,-0.037,0.083,56.6,78.22
12:53:19.954,5600,48,934.96,1546307382,0.06,-0.043,-0.18,53.8,78.27
12:53:20.954,5601,44,857.02,1546307383,0.073,-0.01,-0.443,50.84,78.33
12:53:21.954,5602,42,809.34,1546307384,0.083,-0.0,-0.34,49.64,78.35
12:53:22.954,5603,41,792.14,1546307385,0.077,0.023,-0.237,48.16,78.37
12:53:23.953,5604,41,804.06,1546307386,0.05,0.02,-0.1,47.4,78.38
12:53:24.954,5605,44,848.34,1546307387,0.037,0.03,-0.123,50.49,78.32
12:53:25.954,5606,47,905.28,1546307388,0.03,0.017,-0.123,53.1,78.26
12:53:26.953,5607,49,956.3,1546307389,0.027,0.023,-0.12,54.12,78.23
12:53:27.954,5608,51,983.52,1546307390,0.033,0.003,-0.15,55.32,78.21
12:53:28.954,5609,51,983.56,1546307391,0.013,-0.017,-0.202,53.04,78.25
12:53:29.954,5610,49,952.56,1546307392,0.01,-0.037,-0.235,50.8,78.29
12:53:30.954,5611,47,917.34,1546307393,0.007,-0.023,-0.258,48.56,78.33
12:53:31.954,5612,46,896.7,1546307394,0.007,-0.033,-0.267,47.56,78.34
12:53:32.953,5613,46,887.08,1546307395,0.017,-0.03,-0.323,48.36,78.32
12:53:33.954,5614,46,883.0,1546307396,0.023,-0.053,-0.37,48.84,78.31
12:53:34.954,5615,45,872.1,1546307397,0.037,-0.017,-0.49,48.96,78.3
12:53:35.953,5616,43,823.74,1546307398,0.04,-0.013,-0.457,47.2,78.33
12:53:36.954,5617,39,760.04,1546307399,-0.007,0.007,-0.313,40.0,78.47
12:53:37.954,5618,37,721.32,1546307400,-0.033,-0.007,-0.02,38.0,78.51
12:53:38.954,5619,37,713.4,1546307401,-0.063,0.033,0.167,38.74,78.49
12:53:39.954,5620,39,750.72,1546307402,-0.048,0.043,0.223,43.21,78.4
12:53:40.954,5621,43,841.68,1546307403,-0.043,0.067,0.133,48.99,78.28
12:53:41.954,5622,49,950.14,1546307404,-0.017,0.037,0.053,55.21,78.15
12:53:42.954,5623,54,1050.08,1546307405,0.004,0.023,0.0,60.16,78.04
12:53:43.954,5624,59,1143.56,1546307406,0.057,-0.027,0.09,64.56,77.95
12:53:49.680,1,0,0.0,1546307412,0.053,0.003,0.15,5.24,79.13
12:53:50.680,2,12,232.24,1546307413,0.103,0.027,0.2,33.33,78.57
12:53:51.679,3,25,483.58,1546307414,0.077,0.057,0.09,45.08,78.33
12:53:52.679,4,39,748.9,1546307415,0.103,0.033,0.012,61.77,77.99
12:53:53.680,5,53,1024.68,1546307416,0.027,0.007,-0.035,70.26,77.81
12:53:54.679,6,68,1312.84,1546307417,0.117,-0.04,-0.018,87.37,77.46
12:53:55.679,7,72,1384.96,1546307418,0.08,-0.057,-0.003,82.44,77.56
12:53:56.679,8,74,1434.5,1546307419,0.103,-0.043,-0.013,85.61,77.48
12:53:57.679,9,77,1479.58,1546307420,-0.05,-0.0,-0.013,80.04,77.59
12:53:58.679,10,79,1516.18,1546307421,-0.01,0.013,-0.02,81.38,77.55
12:53:59.679,11,80,1534.7,1546307422,-0.027,0.013,-0.047,81.16,77.55
12:54:00.679,12,79,1522.6,1546307423,0.01,0.003,-0.057,80.8,77.55
12:54:01.679,13,78,1499.98,1546307424,-0.027,-0.0,-0.063,79.0,77.58
12:54:02.680,14,76,1462.86,1546307425,-0.013,0.01,-0.047,77.0,77.61
12:54:03.679,15,74,1430.1,1546307426,-0.02,0.037,-0.063,75.0,77.65
12:54:04.679,16,73,1408.62,1546307427,-0.024,0.044,-0.053,74.0,77.66
12:54:16.057,4096867422,0,0.0,1546307431,-0.032,0.033,-0.033,1.0,79.12
12:54:17.057,1059994827,0,0.0,1546307434,-0.023,0.017,0.0,1.0,79.12
12:54:18.057,3019718040,0,0.0,1546307438,-0.015,0.006,-0.0,1.0,79.12
12:54:19.057,1087093923,0,0.0,1546307442,-0.007,-0.002,0.0,1.0,79.12
12:54:20.057,320191819,0,0.0,1546307445,0.002,-0.005,-0.023,1.0,79.12
12:54:27.220,12,65,1261.78,1546307449,0.031,0.002,-0.127,98.36,77.16
12:54:28.219,13,62,1195.3,1546307450,0.027,0.017,-0.283,65.16,77.82
12:54:29.220,14,58,1113.82,1546307451,0.017,0.023,-0.403,60.36,77.91
12:54:30.219,15,54,1046.26,1546307452,-0.007,0.01,-0.39,55.0,78.01
12:54:31.219,16,53,1017.46,1546307453,0.017,0.003,-0.297,55.36,78.0
12:54:32.220,17,52,1013.66,1546307454,0.063,0.017,-0.21,58.5,77.93
12:54:33.219,18,54,1035.9,1546307455,0.073,0.01,-0.172,62.67,77.84
12:54:34.220,19,56,1086.98,1546307456,0.033,-0.013,-0.155,62.75,77.84
12:54:35.219,20,60,1160.18,1546307457,-0.01,-0.02,-0.148,64.6,77.79
12:54:36.220,21,64,1231.1,1546307458,-0.05,-0.03,0.043,65.0,77.78
12:54:55.220,40,44,859.24,1546307477,-0.05,-0.017,0.253,45.0,78.18
12:54:56.219,41,42,822.16,1546307478,-0.067,-0.02,0.36,43.0,78.21
12:54:57.219,42,43,828.5,1546307479,-0.037,0.03,0.313,45.21,78.16
12:54:58.220,43,45,870.62,1546307480,0.0,0.033,0.213,49.01,78.08
12:54:59.219,44,49,948.9,1546307481,-0.003,0.067,0.203,54.83,77.96
12:55:00.219,45,55,1063.72,1546307482,0.007,-0.003,0.167,62.71,77.8
12:55:01.220,46,62,1194.76,1546307483,-0.04,0.007,0.093,69.05,77.66
12:55:02.219,47,68,1305.58,1546307484,-0.027,-0.053,0.05,74.11,77.56
12:55:03.219,48,73,1399.24,1546307485,-0.047,0.02,-0.01,78.44,77.46
12:55:04.220,49,77,1483.18,1546307486,0.013,0.007,0.007,82.99,77.36
12:55:05.219,50,38,1557.06,1546307487,0.023,0.043,0.003,40.84,78.2
12:55:14.630,1,0,0.0,1546307496,0.03,0.037,-0.003,1.0,79.0
12:55:15.630,2,18,359.94,1546307497,-0.003,0.033,-0.007,36.74,78.28
12:55:16.630,3,37,709.76,1546307498,0.0,0.017,-0.01,55.19,77.91
12:55:17.630,4,54,1047.66,1546307499,0.0,-0.04,-0.003,71.45,77.58
12:55:18.630,5,71,1367.9,1546307500,0.01,-0.02,0.023,88.18,77.23
12:55:19.630,6,73,1663.06,1546307501,-0.003,-0.033,0.077,79.3,77.4
12:55:20.630,7,75,1579.8,1546307502,-0.017,0.003,0.173,76.0,77.46
12:55:21.630,8,77,1477.1,1546307503,0.0,-0.053,0.027,78.0,77.42
12:55:27.157,1,0,0.0,1546307509,0.007,-0.027,-0.097,1.0,78.96
12:55:28.157,2,12,241.72,1546307510,0.007,-0.033,-0.167,26.12,78.45
12:55:29.157,3,26,502.36,1546307511,0.003,-0.0,-0.067,39.9,78.17
12:55:30.157,4,39,747.96,1546307512,0.013,-0.007,-0.053,52.8,77.91
12:55:31.156,5,50,972.66,1546307513,0.03,-0.05,-0.237,64.03,77.68
12:55:32.157,6,61,1173.0,1546307514,0.027,-0.053,-0.343,67.82,77.6
12:55:33.156,7,58,1118.86,1546307515,0.033,-0.043,-0.353,61.64,77.71
12:55:34.156,8,55,1067.48,1546307516,0.007,0.013,-0.283,56.56,77.81
12:55:35.157,9,54,1037.16,1546307517,-0.017,0.023,-0.293,55.0,77.84
12:55:36.156,10,52,1014.84,1546307518,0.017,-0.0,-0.423,54.36,77.85
12:55:37.157,11,52,1003.74,1546307519,0.073,-0.01,-0.45,58.84,77.75
12:55:38.157,12,49,949.48,1546307520,0.077,-0.033,-0.373,56.16,77.8
12:55:39.156,13,46,896.16,1546307521,0.06,-0.037,-0.123,51.8,77.88
12:55:40.157,14,45,866.6,1546307522,-0.013,-0.04,0.103,46.0,77.99
12:55:41.156,15,45,874.72,1546307523,0.013,0.007,0.227,48.24,77.94
12:55:42.157,16,47,914.6,1546307524,-0.017,0.03,0.19,51.82,77.87
12:55:43.157,17,53,1027.72,1546307525,0.03,0.037,0.087,61.9,77.66
12:55:44.156,18,59,1134.5,1546307526,0.013,0.003,-0.013,65.97,77.57
12:55:45.157,19,63,1225.04,1546307527,0.02,-0.027,-0.05,69.42,77.5
12:55:46.156,20,67,1287.5,1546307528,0.01,-0.03,-0.133,71.07,77.46
12:55:47.157,21,68,1315.94,1546307529,0.0,0.01,-0.083,69.82,77.48
12:55:48.157,22,68,1320.1,1546307530,-0.007,0.023,-0.053,69.0,77.49
12:55:49.156,23,67,1292.48,1546307531,0.002,0.013,0.043,68.16,77.5
12:55:50.157,24,66,1264.56,1546307532,0.015,-0.03,0.06,68.2,77.49
12:55:51.157,25,65,1253.18,1546307533,0.022,-0.047,0.06,67.9,77.49
12:55:52.157,26,66,1270.24,1546307534,0.023,-0.04,0.023,70.2,77.44
12:55:53.157,27,68,1307.78,1546307535,0.02,-0.01,-0.047,73.15,77.37
12:55:54.156,28,71,1372.2,1546307536,0.03,-0.01,-0.06,77.24,77.28
12:55:55.157,29,74,1421.58,1546307537,0.01,0.007,-0.067,77.91,77.26
12:55:56.157,30,76,1456.52,1546307538,0.063,-0.033,-0.05,83.69,77.14
12:55:57.156,31,77,1487.42,1546307539,0.063,-0.01,-0.043,84.35,77.12
12:55:58.157,32,78,1508.88,1546307540,0.107,0.003,-0.027,88.48,77.03
12:55:59.157,33,79,1524.32,1546307541,0.05,0.06,-0.023,84.85,77.1
12:56:00.156,34,80,1542.88,1546307542,0.013,0.073,-0.017,83.03,77.13
12:56:01.157,35,80,1564.0,1546307543,-0.017,0.053,-0.03,81.82,77.15
12:56:02.157,36,80,1575.7,1546307544,-0.02,0.037,-0.037,81.22,77.15
12:56:03.156,37,80,1572.98,1546307545,0.023,0.05,-0.053,82.84,77.11
12:56:04.157,38,80,1562.62,1546307546,0.047,0.007,-0.017,84.76,77.07
12:56:05.157,39,80,1536.44,1546307547,0.083,0.007,-0.04,87.64,77.01
12:56:06.157,40,77,1480.58,1546307548,0.05,-0.053,-0.037,82.0,77.11
12:56:07.156,41,73,1413.28,1546307549,0.023,-0.02,-0.037,75.84,77.23
12:56:08.157,42,70,1346.08,1546307550,-0.02,-0.03,0.057,71.0,77.32
12:56:09.157,43,65,1253.24,1546307551,0.023,-0.002,0.24,67.84,77.38
12:56:10.156,44,60,1150.96,1546307552,0.03,-0.005,0.373,63.4,77.47
12:56:11.157,45,55,1063.66,1546307553,0.043,0.005,0.497,59.44,77.54
12:56:12.157,46,51,983.28,1546307554,0.007,0.007,0.177,52.56,77.68
12:56:13.156,47,47,913.36,1546307555,0.027,-0.003,-0.123,50.16,77.72
12:56:14.157,48,44,861.54,1546307556,0.05,-0.043,-0.453,49.0,77.74
12:56:15.157,49,43,837.52,1546307557,0.06,-0.077,-0.428,48.8,77.74
12:56:16.156,50,43,836.72,1546307558,0.023,-0.07,-0.355,46.44,77.79
12:56:17.157,51,44,861.64,1546307559,0.017,-0.047,-0.208,48.2,77.75
12:56:18.157,52,47,910.2,1546307560,0.02,-0.02,-0.11,52.71,77.66
12:56:19.156,53,51,985.9,1546307561,0.027,-0.017,-0.063,58.28,77.54
12:56:20.157,54,56,1075.0,1546307562,0.047,-0.017,-0.063,65.36,77.39
12:56:21.157,55,61,1169.86,1546307563,0.097,-0.007,-0.06,74.36,77.21
12:56:22.156,56,65,1258.94,1546307564,0.097,0.003,-0.053,77.9,77.13
12:56:23.156,57,69,1335.34,1546307565,0.037,-0.013,-0.078,76.48,77.16
12:56:24.157,58,73,1399.56,1546307566,-0.007,-0.003,-0.115,75.88,77.16
12:56:25.157,59,74,1410.5,1546307567,-0.017,-0.04,-0.142,75.55,77.17
12:56:26.156,60,74,1421.44,1546307568,0.02,-0.033,-0.193,76.6,77.14
12:56:27.157,61,73,1400.86,1546307569,0.007,-0.053,-0.243,77.78,77.11
12:56:28.157,62,72,1550.24,1546307570,-0.01,0.007,-0.31,80.47,77.05
12:56:29.157,63,71,1699.62,1546307571,-0.013,0.033,-0.347,74.85,77.16
12:56:30.157,64,70,1664.18,1546307572,0.0,0.053,-0.347,71.0,77.23
12:56:31.157,65,68,1652.7,1546307573,0.02,0.047,-0.293,70.6,77.23
12:56:32.157,66,67,1663.36,1546307574,0.003,0.033,-0.153,68.24,77.28
12:56:33.157,67,66,1509.61,1546307575,0.0,0.023,-0.097,67.0,77.3
12:56:34.157,68,70,1355.86,1546307576,0.05,0.022,-0.05,75.0,77.13
12:56:35.157,69,73,1408.94,1546307577,0.073,0.055,-0.18,81.34,77.0
12:56:36.157,70,73,1415.7,1546307578,0.03,0.038,-0.133,76.4,77.09
12:56:37.157,71,72,1394.82,1546307579,-0.003,0.033,-0.2,73.0,77.16
12:56:38.157,72,70,1341.06,1546307580,-0.025,-0.037,-0.327,71.0,77.19
12:56:39.156,73,64,1231.4,1546307581,0.005,-0.053,-0.493,65.4,77.3
12:56:40.157,74,59,1132.22,1546307582,-0.002,-0.067,-0.577,60.0,77.41
12:56:41.157,75,55,1070.42,1546307583,0.008,-0.02,-0.513,56.64,77.47
12:56:42.156,76,53,1026.32,1546307584,0.035,-0.02,-0.523,56.8,77.46
12:56:43.157,77,51,992.64,1546307585,0.055,-0.037,-0.537,56.4,77.47
12:56:44.157,78,52,1001.9,1546307586,0.043,-0.04,-0.383,57.23,77.45
12:56:45.156,79,53,1024.26,1546307587,0.003,-0.013,-0.2,55.59,77.47
12:56:46.157,80,55,1055.92,1546307588,-0.003,-0.003,0.06,57.81,77.43
12:56:47.157,81,57,1096.84,1546307589,0.023,-0.02,0.18,61.91,77.34
12:56:48.157,82,59,1138.62,1546307590,0.057,-0.02,0.313,66.58,77.24
12:56:49.157,83,61,1177.48,1546307591,0.043,-0.01,0.38,66.41,77.24
12:56:50.157,84,61,1177.38,1546307592,0.003,0.013,0.433,62.24,77.32
12:56:51.156,85,59,1139.66,1546307593,-0.027,0.033,0.43,60.0,77.36
12:56:52.157,86,57,1094.0,1546307594,0.023,-0.027,0.45,59.84,77.36
12:56:53.157,87,55,1068.32,1546307595,0.043,-0.05,0.447,59.44,77.37
12:56:54.157,88,55,1065.16,1546307596,0.073,-0.05,0.427,62.79,77.29
12:56:55.157,89,57,1106.14,1546307597,0.043,0.02,0.28,64.33,77.26
12:56:56.157,90,61,1180.82,1546307598,0.047,0.01,0.14,69.79,77.15
12:56:57.157,91,66,1267.48,1546307599,0.02,-0.027,0.037,73.03,77.08
12:56:58.156,92,70,1358.08,1546307600,0.007,-0.0,0.01,75.9,77.01
12:56:59.157,93,75,1441.28,1546307601,-0.017,-0.003,0.02,79.97,76.93
12:57:00.157,94,79,1516.7,1546307602,-0.027,0.047,0.007,83.54,76.85
12:57:06.316,0,40,1582.86,1546307603,-0.03,0.007,0.013,41.0,77.7
12:57:14.576,0,0,0.0,1546307608,-0.017,0.03,0.0,1.0,78.5
12:57:15.575,0,0,0.0,1546307613,-0.006,0.0,0.0,1.0,78.5
12:57:16.576,0,17,0.0,1546307618,-0.017,0.0,0.0,18.0,78.16
12:57:22.028,0,33,0.0,1546307623,-0.033,0.027,-0.1,58.1,77.35
12:57:26.237,5,50,964.12,1546307628,-0.014,0.05,-0.25,80.26,76.9
12:57:27.237,6,61,1170.34,1546307629,-0.03,0.083,-0.373,65.88,77.19
12:57:28.237,7,58,1119.46,1546307630,0.003,0.057,-0.415,59.24,77.32
12:57:29.237,8,57,1095.88,1546307631,0.043,0.14,-0.425,61.44,77.27
12:57:30.237,9,56,1083.52,1546307632,0.07,0.1,-0.458,62.6,77.24
12:57:31.237,10,56,1074.52,1546307633,0.093,0.07,-0.587,64.44,77.2
12:57:32.237,11,53,1018.96,1546307634,0.05,-0.06,-0.487,58.0,77.32
12:57:33.237,12,50,974.82,1546307635,0.04,-0.03,-0.313,54.2,77.4
12:57:34.237,13,48,935.06,1546307636,-0.003,0.037,0.113,49.0,77.5
12:57:35.237,14,48,922.64,1546307637,-0.007,0.053,0.213,49.1,77.49
12:57:36.237,15,49,938.98,1546307638,0.003,0.033,0.213,53.03,77.41
12:57:37.237,16,54,1034.32,1546307639,0.02,0.017,0.063,61.51,77.24
12:57:38.237,17,59,1135.54,1546307640,0.033,0.013,0.013,67.3,77.12
12:57:39.236,18,63,1220.84,1546307641,0.047,-0.037,-0.007,71.37,77.03
12:57:40.237,19,66,1280.08,1546307642,0.04,-0.033,-0.06,72.42,77.0
12:57:41.237,20,68,1309.82,1546307643,0.018,-0.043,-0.133,71.1,77.03
12:57:42.236,21,68,1306.28,1546307644,-0.005,-0.007,-0.157,69.0,77.06
12:57:43.237,22,67,1301.94,1546307645,0.002,-0.017,-0.037,68.16,77.08
12:57:44.237,23,67,1296.16,1546307646,-0.003,-0.007,0.08,68.06,77.07
12:57:45.237,24,68,1304.26,1546307647,0.01,0.003,0.1,70.76,77.01
12:57:46.237,25,69,1334.66,1546307648,-0.003,0.05,0.013,72.18,76.98
12:57:47.237,26,72,1391.38,1546307649,0.053,0.107,-0.063,80.04,76.82
12:57:48.237,27,75,1446.62,1546307650,0.037,0.09,-0.047,81.57,76.78
12:57:49.237,28,78,1495.84,1546307651,0.053,0.063,-0.057,85.53,76.7
12:57:50.237,29,80,1538.32,1546307652,0.0,-0.013,-0.027,83.11,76.74
12:57:51.237,30,80,1580.28,1546307653,-0.003,0.037,-0.057,82.98,76.74
12:57:52.237,31,79,1617.46,1546307654,-0.003,0.013,-0.048,81.71,76.76
12:57:53.237,32,79,1648.64,1546307655,0.017,0.027,-0.045,82.89,76.73
12:57:54.237,33,79,1678.64,1546307656,0.063,0.04,-0.038,86.54,76.65
12:57:55.237,34,78,1708.78,1546307657,0.017,0.0,-0.033,81.78,76.74
12:57:56.237,35,78,1735.48,1546307658,0.0,-0.04,-0.015,80.3,76.77
12:57:57.237,36,78,1760.72,1546307659,-0.003,-0.09,0.025,79.66,76.77
12:57:58.237,37,78,1761.86,1546307660,0.03,-0.04,0.002,81.4,76.73
12:57:59.237,38,78,1739.72,1546307661,0.073,0.03,-0.03,84.84,76.66
12:58:00.237,39,78,1683.0,1546307662,0.067,0.067,0.03,84.36,76.66
12:58:01.237,40,78,1592.5,1546307663,0.05,0.047,0.233,83.0,76.68
12:58:02.237,41,76,1460.84,1546307664,0.0,0.057,0.39,77.0,76.8
12:58:03.237,42,69,1328.56,1546307665,0.01,0.03,0.48,70.8,76.92
12:58:04.237,43,61,1175.5,1546307666,0.043,-0.007,0.17,65.44,77.02
12:58:05.237,44,54,1047.26,1546307667,0.05,-0.003,-0.16,59.0,77.15
12:58:06.237,45,48,930.42,1546307668,0.08,-0.027,-0.567,55.4,77.21
12:58:07.237,46,45,863.32,1546307669,0.027,-0.007,-0.48,48.16,77.36
12:58:08.237,47,43,835.66,1546307670,0.047,-0.033,-0.323,47.95,77.36
12:58:09.237,48,45,870.74,1546307671,0.017,-0.01,-0.19,49.77,77.32
12:58:10.237,49,48,932.02,1546307672,0.043,-0.007,-0.15,56.36,77.18
12:58:11.237,50,53,1027.52,1546307673,-0.03,0.0,-0.133,58.89,77.13
12:58:12.237,51,58,1127.44,1546307674,-0.057,-0.02,-0.033,63.87,77.02
12:58:13.237,52,63,1222.28,1546307675,-0.053,-0.02,-0.033,68.5,76.93
12:58:14.237,53,68,1307.3,1546307676,0.013,-0.053,-0.017,74.05,76.81
12:58:15.237,54,72,1382.76,1546307677,0.027,-0.063,-0.063,78.78,76.71
12:58:16.237,55,75,1452.28,1546307678,-0.003,-0.077,-0.12,78.56,76.71
12:58:17.237,56,77,1485.28,1546307679,-0.01,-0.087,-0.2,78.53,76.71
12:58:18.237,57,76,1473.44,1546307680,-0.02,-0.08,-0.303,77.0,76.73
12:58:19.237,58,73,1415.38,1546307681,0.03,-0.057,-0.358,76.4,76.74
12:58:20.237,59,70,1346.5,1546307682,0.03,-0.03,-0.375,73.4,76.79
12:58:21.237,60,67,1285.56,1546307683,0.043,-0.02,-0.308,71.44,76.83
12:58:22.237,61,65,1260.3,1546307684,0.034,-0.04,-0.27,68.72,76.88
12:58:23.237,62,65,1250.48,1546307685,0.023,-0.04,-0.24,68.5,76.88
12:58:24.237,63,67,1286.5,1546307686,-0.013,-0.02,-0.187,70.22,76.84
12:58:25.237,64,69,1339.22,1546307687,-0.024,-0.027,-0.147,72.57,76.79
12:58:26.238,65,72,1389.22,1546307688,-0.037,-0.013,-0.057,75.42,76.73
12:58:27.237,66,74,1436.1,1546307689,0.0,-0.057,-0.187,76.76,76.69
12:58:28.237,67,76,1459.8,1546307690,0.007,-0.048,-0.337,77.56,76.67
12:58:29.237,68,74,1425.68,1546307691,0.06,-0.065,-0.57,79.8,76.62
12:58:30.238,69,69,1334.66,1546307692,0.05,-0.052,-0.573,74.0,76.73
12:58:31.237,70,63,1219.02,1546307693,0.027,-0.073,-0.527,66.16,76.89
12:58:32.237,71,57,1093.42,1546307694,0.013,-0.077,-0.447,59.04,77.02
12:58:33.237,72,52,1002.48,1546307695,0.053,-0.077,-0.447,57.24,77.06
12:58:34.237,73,49,951.82,1546307696,0.097,-0.073,-0.49,57.76,77.04
12:58:35.237,74,49,942.4,1546307697,0.09,-0.033,-0.407,57.41,77.05
12:58:36.237,75,50,960.36,1546307698,0.03,-0.02,-0.19,54.79,77.1
12:58:37.237,76,52,998.0,1546307699,-0.01,0.057,0.113,55.36,77.08
12:58:38.237,77,55,1054.92,1546307700,-0.02,0.05,0.207,59.31,77.0
12:58:39.238,78,59,1130.56,1546307701,-0.03,0.063,0.247,63.52,76.91
12:58:40.237,79,62,1195.54,1546307702,-0.023,0.03,0.287,65.26,76.87
12:58:41.237,80,63,1221.04,1546307703,0.003,0.013,0.413,64.54,76.88
12:58:42.237,81,63,1207.42,1546307704,0.03,0.017,0.443,66.4,76.84
12:58:43.237,82,61,1178.2,1546307705,0.023,0.003,0.417,63.84,76.89
12:58:44.237,83,59,1137.14,1546307706,-0.03,-0.017,0.383,60.0,76.96
12:58:45.237,84,58,1112.12,1546307707,-0.053,-0.07,0.4,59.0,76.97
12:58:46.237,85,58,1120.66,1546307708,-0.037,-0.09,0.323,60.3,76.94
12:58:47.237,86,60,1163.94,1546307709,0.01,-0.043,0.16,64.43,76.86
12:58:48.237,87,63,1225.72,1546307710,0.0,0.027,-0.01,67.45,76.79
12:58:49.237,88,67,1301.84,1546307711,-0.01,0.037,-0.06,71.97,76.7
12:58:50.238,89,72,1384.7,1546307712,-0.073,0.01,-0.053,77.16,76.59
12:58:51.237,90,76,1468.12,1546307713,-0.03,-0.013,-0.053,81.01,76.51
12:58:52.237,91,80,1545.02,1546307714,-0.043,0.01,-0.06,84.6,76.43
12:58:53.238,92,73,1611.94,1546307715,0.003,0.017,-0.05,77.38,76.57
12:58:54.237,93,65,1670.66,1546307716,-0.03,0.02,-0.043,68.78,76.74
12:58:55.237,94,58,1722.98,1546307717,-0.012,0.047,-0.053,61.49,76.88
12:58:56.237,95,51,1770.32,1546307718,-0.015,0.057,-0.047,54.22,77.02
12:58:57.237,96,44,1811.92,1546307719,0.012,0.067,-0.063,47.95,77.14
12:58:58.238,97,44,1849.88,1546307720,0.05,0.067,-0.033,50.78,77.08
12:58:59.237,98,44,1882.94,1546307721,-0.007,0.06,-0.02,46.43,77.17
12:59:00.237,99,44,1907.26,1546307722,-0.047,0.003,0.003,46.09,77.17
12:59:01.237,100,44,1926.54,1546307723,-0.077,0.017,-0.013,45.82,77.17
12:59:02.237,101,44,1940.22,1546307724,-0.01,0.017,-0.067,45.0,77.19
12:59:12.572,1,0,1034.13,1546307734,0.02,0.06,-0.073,2.6,78.03
12:59:13.572,2,6,128.04,1546307735,0.023,0.017,-0.087,8.84,77.91
12:59:14.572,3,13,253.12,1546307736,-0.003,0.01,-0.07,20.22,77.68
12:59:15.571,4,19,376.72,1546307737,-0.017,0.007,-0.083,26.15,77.56
12:59:16.572,5,26,498.94,1546307738,-0.023,0.003,-0.08,33.08,77.42
12:59:17.572,6,32,619.96,1546307739,-0.01,0.01,-0.06,35.8,77.36
12:59:18.571,7,31,611.08,1546307740,0.013,0.01,-0.023,33.04,77.41
12:59:19.572,8,31,604.16,1546307741,0.017,0.013,-0.027,33.36,77.41
12:59:20.572,9,31,596.96,1546307742,0.027,0.007,-0.037,34.16,77.39
12:59:21.571,10,30,588.78,1546307743,0.013,0.003,-0.083,32.04,77.43
12:59:22.572,11,30,579.38,1546307744,0.013,-0.007,-0.11,32.04,77.43
12:59:23.572,12,29,569.28,1546307745,0.0,-0.013,-0.163,30.0,77.46
12:59:24.571,13,29,556.12,1546307746,0.013,-0.023,-0.213,31.04,77.44
12:59:25.572,14,28,538.96,1546307747,0.007,-0.02,-0.24,29.56,77.47
12:59:26.572,15,27,519.34,1546307748,0.023,-0.007,-0.22,29.84,77.46
12:59:27.571,16,26,498.24,1546307749,0.017,0.003,-0.153,28.36,77.49
12:59:28.571,17,24,476.38,1546307750,0.017,0.007,-0.093,26.36,77.53
12:59:29.572,18,23,455.4,1546307751,0.0,-0.003,-0.03,24.0,77.57
12:59:30.572,19,22,437.3,1546307752,0.007,-0.007,-0.047,23.56,77.58
12:59:31.571,20,21,420.84,1546307753,0.057,0.02,-0.087,26.56,77.52
12:59:32.572,21,20,400.72,1546307754,0.033,0.013,-0.093,23.64,77.58
12:59:33.572,22,19,377.04,1546307755,0.013,0.02,-0.053,67.74,76.69
12:59:34.572,23,18,2268.64,1546307756,-0.047,0.007,-0.03,65.61,76.73
12:59:35.571,24,16,2241.62,1546307757,-0.023,0.013,-0.08,17.0,77.7
12:59:36.571,25,14,2210.6,1546307758,-0.007,-0.007,-0.083,15.0,77.74
12:59:37.572,26,13,2182.34,1546307759,0.017,-0.023,-0.117,15.36,77.73
12:59:38.572,27,12,2154.58,1546307760,0.03,-0.017,-0.113,15.4,77.73
12:59:39.572,28,10,206.74,1546307761,0.027,-0.0,-0.133,13.16,77.77
12:59:40.571,29,8,171.52,1546307762,0.02,0.01,-0.083,10.6,77.82
12:59:41.572,30,7,136.98,1546307763,0.007,-0.0,-0.043,8.56,77.86
12:59:42.572,31,4,94.84,1546307764,0.003,-0.0,-0.02,5.24,77.93
12:59:43.572,32,3,59.08,1546307765,-0.0,-0.003,-0.01,4.0,77.95
12:59:44.571,33,1,31.3,1546307766,0.0,-0.0,-0.01,2.0,77.99
12:59:45.572,34,0,12.4,1546307767,0.0,-0.0,-0.01,1.0,78.01
12:59:46.572,35,0,0.0,1546307768,0.0,-0.0,-0.01,1.0,78.01
12:59:47.572,36,0,0.0,1546307769,-0.0,-0.0,-0.01,1.0,78.01
12:59:48.571,37,0,0.0,1546307770,0.0,-0.0,-0.01,1.0,78.01
12:59:49.571,38,0,0.0,1546307771,0.0,-0.0,-0.01,1.0,78.01
12:59:50.571,39,0,0.0,1546307772,0.0,-0.0,-0.01,1.0,78.01
12:59:51.572,40,0,0.0,1546307773,0.003,0.01,-0.017,1.0,78.01
12:59:52.572,41,0,0.0,1546307774,0.013,0.02,0.01,1.0,78.01
12:59:53.572,42,3,74.12,1546307775,0.037,0.023,0.07,11.58,77.8
12:59:54.572,43,9,184.6,1546307776,0.03,0.007,-0.087,17.7,77.68
12:59:55.572,44,14,286.26,1546307777,0.03,-0.02,-0.337,22.89,77.57
12:59:56.572,45,21,404.12,1546307778,0.017,-0.03,-0.393,30.1,77.43
13:00:02.874,0,29,556.04,1546307779,0.027,-0.023,-0.227,32.16,77.38
13:00:03.874,0,0,0.0,1546307782,0.02,-0.007,0.0,1.0,78.01
13:00:04.874,0,13,0.0,1546307784,0.01,0.0,0.0,14.8,77.73
13:00:05.874,0,25,0.0,1546307786,-0.008,0.0,0.0,26.0,77.5
13:00:06.874,0,38,0.0,1546307789,-0.033,0.0,0.0,39.0,77.24
13:00:07.874,0,50,0.0,1546307792,-0.067,-0.007,-0.01,81.22,76.39
13:00:12.090,10,63,1208.76,1546307794,-0.039,-0.02,-0.023,96.31,76.08
13:00:13.090,11,67,1292.32,1546307795,0.02,-0.047,-0.027,73.56,76.53
13:00:14.090,12,71,1367.1,1546307796,0.087,-0.03,-0.04,82.55,76.35
13:00:15.090,13,74,1435.74,1546307797,0.092,0.003,-0.043,85.58,76.28
13:00:16.090,14,78,1495.88,1546307798,0.065,0.017,-0.047,86.97,76.25
13:00:17.091,15,80,1546.52,1546307799,0.022,-0.027,-0.027,85.07,76.28
13:00:18.090,16,78,1588.42,1546307800,0.003,-0.03,-0.017,81.19,76.35
13:00:19.090,17,77,1624.52,1546307801,-0.003,0.01,-0.01,79.68,76.38
13:00:20.090,18,76,1655.46,1546307802,0.0,0.04,-0.03,78.44,76.4
13:00:21.091,19,74,1682.06,1546307803,-0.007,0.003,-0.043,76.29,76.43
13:00:22.090,20,72,1707.16,1546307804,0.03,0.003,-0.075,76.63,76.42
13:00:23.090,21,72,1731.42,1546307805,0.067,0.027,-0.095,79.0,76.37
13:00:24.091,22,72,1732.68,1546307806,0.08,0.05,-0.18,79.4,76.36
13:00:56.090,54,68,1304.02,1546307838,0.047,0.01,-0.315,72.76,76.49
13:00:57.090,55,60,1153.82,1546307839,0.013,-0.013,-0.385,62.04,76.7
13:00:58.091,56,53,1022.44,1546307840,-0.013,-0.013,-0.345,54.0,76.85
13:00:59.090,57,47,908.6,1546307841,-0.013,-0.007,-0.195,48.0,76.97
13:01:00.090,58,43,830.8,1546307842,-0.01,-0.003,-0.075,44.0,77.05
13:01:01.091,59,38,744.48,1546307843,0.0,-0.007,-0.005,39.0,77.14
13:01:02.091,60,35,677.44,1546307844,-0.013,0.013,0.015,36.0,77.2
13:01:03.090,61,32,621.52,1546307845,-0.023,0.02,0.008,33.0,77.26
13:01:04.090,62,30,578.72,1546307846,-0.007,0.027,0.01,31.0,77.3
13:01:05.090,63,28,544.0,1546307847,-0.02,0.017,0.003,29.0,77.34
13:01:06.091,64,26,510.7,1546307848,0.003,-0.003,0.013,27.24,77.37
13:01:07.090,65,24,478.38,1546307849,-0.007,-0.013,0.007,25.0,77.41
13:01:08.090,66,23,445.68,1546307850,0.02,-0.02,0.02,25.6,77.4
13:01:09.091,67,21,413.52,1546307851,0.007,0.003,0.03,22.56,77.46
13:01:10.090,68,19,379.74,1546307852,0.007,0.003,0.063,20.56,77.5
13:01:11.090,69,17,344.68,1546307853,-0.013,0.007,0.067,18.0,77.55
13:01:12.091,70,16,307.52,1546307854,-0.02,-0.003,0.057,17.0,77.57
13:01:13.091,71,14,269.62,1546307855,-0.02,-0.0,0.03,15.0,77.6
13:01:14.090,72,11,228.06,1546307856,-0.007,-0.0,0.01,12.0,77.66
13:01:15.091,73,9,190.3,1546307857,0.003,-0.0,-0.007,10.24,77.7
13:01:16.090,74,8,155.78,1546307858,0.003,-0.0,-0.017,9.24,77.72
13:01:17.090,75,6,123.1,1546307859,0.007,0.0,-0.013,7.56,77.75
13:01:18.091,76,4,85.32,1546307860,0.003,-0.003,-0.007,5.24,77.8
13:01:19.090,77,3,61.5,1546307861,0.003,-0.003,-0.007,4.24,77.82
13:01:20.091,78,1,37.08,1546307862,0.0,-0.003,-0.003,2.0,77.86
13:01:21.090,79,1,22.82,1546307863,-0.0,-0.0,-0.007,2.0,77.86
13:01:22.091,80,0,9.94,1546307864,0.0,-0.0,-0.007,1.0,77.88
13:01:23.090,81,0,9.94,1546307865,0.0,-0.0,-0.01,1.0,77.88
13:01:24.090,82,0,5.42,1546307866,0.0,-0.0,-0.01,1.0,77.88
13:01:25.091,83,0,5.42,1546307867,0.0,-0.0,-0.01,1.0,77.88
13:01:26.090,84,0,0.0,1546307868,0.0,-0.003,-0.01,1.0,77.88
13:01:27.091,85,0,0.0,1546307869,0.0,-0.003,-0.01,1.0,77.88
13:01:28.090,86,0,0.0,1546307870,0.0,-0.003,-0.01,1.0,77.88
13:01:29.090,87,0,0.0,1546307871,0.0,-0.0,-0.01,1.0,77.88
13:01:30.091,88,0,0.0,1546307872,0.003,0.01,-0.017,1.0,77.88
13:01:31.091,89,0,0.0,1546307873,0.003,0.007,0.023,1.0,77.88
13:01:32.090,90,2,49.48,1546307874,-0.003,0.003,0.087,6.53,77.77
13:01:33.090,91,7,141.16,1546307875,0.003,-0.01,0.18,13.56,77.63
13:01:34.091,92,13,262.36,1546307876,0.0,0.01,0.167,20.61,77.49
13:01:35.090,93,21,405.52,1546307877,0.013,0.03,0.23,30.35,77.29
13:01:36.091,94,28,554.82,1546307878,-0.003,0.067,0.297,35.38,77.19
13:01:37.091,95,34,660.64,1546307879,0.01,0.06,0.363,40.58,77.08
13:01:38.090,96,38,745.88,1546307880,-0.013,0.057,0.333,43.2,77.02
13:01:39.091,97,43,828.64,1546307881,-0.043,0.043,0.29,48.16,76.92
13:01:40.091,98,47,912.46,1546307882,-0.03,0.01,0.25,52.59,76.83
13:01:41.090,99,52,1012.24,1546307883,-0.007,0.01,0.197,58.31,76.71
13:01:42.090,100,58,1124.8,1546307884,0.043,-0.01,0.117,67.96,76.51
13:01:43.091,101,64,1233.2,1546307885,0.003,0.027,0.067,70.36,76.46
13:01:44.090,102,69,1329.58,1546307886,-0.003,0.007,0.02,74.62,76.37
13:01:45.090,103,74,1418.0,1546307887,-0.007,-0.01,-0.01,79.16,76.28
13:01:46.091,104,78,1496.04,1546307888,0.023,-0.007,-0.03,84.57,76.16
13:01:47.090,105,78,1567.16,1546307889,0.017,0.007,-0.017,83.67,76.17
13:01:48.090,106,78,1628.46,1546307890,0.02,-0.007,-0.023,83.36,76.18
13:01:49.091,107,78,1677.68,1546307891,0.003,-0.05,-0.01,81.37,76.21
13:01:50.090,108,77,1713.76,1546307892,0.01,0.0,-0.027,80.36,76.22
13:01:51.091,109,77,1740.26,1546307893,-0.017,0.017,-0.023,79.08,76.25
13:01:52.090,110,77,1756.76,1546307894,0.01,0.087,-0.037,79.33,76.23
13:01:53.090,111,77,1761.54,1546307895,0.033,-0.007,-0.023,80.87,76.2
13:01:54.091,112,77,1765.98,1546307896,0.06,0.037,-0.017,83.03,76.15
13:01:55.091,113,77,1770.7,1546307897,0.04,0.023,0.003,81.48,76.18
13:01:56.090,114,77,1777.22,1546307898,0.0,0.02,0.0,78.44,76.23
13:01:57.091,115,77,1788.28,1546307899,-0.03,-0.09,-0.003,78.76,76.22
13:01:58.090,116,77,1807.7,1546307900,-0.053,-0.16,0.0,78.66,76.22
13:01:59.090,117,77,1814.56,1546307901,-0.05,-0.14,0.007,78.0,76.22
13:02:00.091,118,77,1807.8,1546307902,-0.05,-0.023,0.013,78.0,76.22
13:02:01.090,119,77,1764.26,1546307903,-0.027,0.05,0.04,78.0,76.21
13:02:02.090,120,77,1684.38,1546307904,-0.03,0.09,0.123,78.0,76.21
13:02:03.091,121,77,1569.86,1546307905,0.06,0.083,0.343,82.8,76.11
13:02:04.090,122,75,1445.98,1546307906,0.033,0.05,0.193,78.64,76.19
13:02:05.090,123,68,1309.12,1546307907,0.073,0.003,-0.067,74.84,76.26
13:02:06.091,124,61,1179.18,1546307908,0.0,-0.02,-0.307,62.0,76.51
13:02:07.090,125,55,1056.52,1546307909,0.003,-0.027,-0.237,56.24,76.62
13:02:08.090,126,50,959.88,1546307910,-0.013,-0.02,-0.13,51.0,76.72
13:02:09.091,127,45,878.54,1546307911,0.0,-0.027,-0.153,46.0,76.82
13:02:10.090,128,42,818.6,1546307912,0.017,-0.033,-0.117,44.36,76.85
13:02:11.090,129,40,782.34,1546307913,0.013,-0.003,-0.057,42.04,76.89
13:02:12.091,130,39,765.82,1546307914,0.0,-0.007,-0.017,40.0,76.93
13:02:13.090,131,39,750.64,1546307915,0.017,0.007,-0.017,41.36,76.9
13:02:14.091,132,38,736.38,1546307916,0.01,-0.0,-0.023,39.8,76.93
13:02:15.091,133,37,721.92,1546307917,0.037,0.007,-0.077,40.96,76.9
13:02:16.090,134,36,706.0,1546307918,0.037,0.007,-0.177,39.96,76.92
13:02:17.091,135,35,687.8,1546307919,0.043,0.003,-0.283,39.44,76.93
13:02:18.091,136,34,666.66,1546307920,0.023,-0.0,-0.328,36.84,76.98
13:02:19.090,137,33,641.9,1546307921,0.01,-0.003,-0.295,34.8,77.02
13:02:20.091,138,32,613.3,1546307922,0.017,-0.0,-0.188,47.25,76.77
13:02:49.096,20,60,1157.52,1546307951,0.003,-0.022,-0.103,76.61,76.17
13:02:50.097,21,64,1228.04,1546307952,0.017,-0.065,-0.08,69.44,76.31
13:02:51.096,22,66,1280.72,1546307953,0.013,-0.068,-0.083,70.19,76.29
13:02:52.097,23,68,1314.14,1546307954,0.0,-0.073,-0.017,70.46,76.28
13:02:53.096,24,69,1339.2,1546307955,-0.007,-0.023,0.077,71.13,76.26
13:02:54.097,25,70,1359.28,1546307956,-0.023,-0.037,0.103,72.11,76.24
13:02:55.097,26,72,1383.7,1546307957,-0.037,-0.027,0.0,74.34,76.19
13:02:56.097,27,73,1412.88,1546307958,-0.063,-0.05,-0.08,75.69,76.16
13:02:57.097,28,75,1451.36,1546307959,-0.073,-0.03,-0.1,76.0,76.15
13:03:03.677,1,46,888.68,1546307966,-0.023,-0.023,-0.067,47.0,76.72
13:03:04.677,2,17,326.0,1546307967,-0.007,0.01,-0.033,18.0,77.3
13:03:05.676,3,33,647.36,1546307968,-0.037,0.023,-0.077,49.78,76.66
13:03:06.677,4,49,957.28,1546307969,-0.077,0.027,-0.097,65.31,76.35
13:03:07.676,5,65,1259.74,1546307970,-0.07,-0.0,-0.1,80.89,76.03
13:03:08.676,6,72,1553.0,1546307971,-0.013,0.02,-0.067,79.11,76.06
13:03:09.677,7,78,1503.96,1546307972,0.012,0.04,0.047,79.96,76.04
13:03:10.676,8,74,1435.06,1546307973,0.005,0.068,0.193,75.4,76.13
13:03:11.676,9,70,1349.92,1546307974,-0.002,0.045,0.353,71.0,76.21
13:03:12.676,10,64,1241.7,1546307975,0.012,0.042,0.427,65.96,76.31
13:03:13.677,11,58,1117.06,1546307976,0.045,0.053,0.247,62.6,76.37
13:03:14.676,12,51,994.94,1546307977,0.058,0.043,-0.053,56.64,76.49
13:03:15.676,13,46,892.2,1546307978,0.083,0.037,-0.29,53.64,76.54
13:03:16.677,14,42,810.26,1546307979,0.067,-0.007,-0.373,48.36,76.64
13:03:17.676,15,38,743.56,1546307980,0.087,-0.01,-0.397,45.96,76.69
13:03:18.676,16,35,685.68,1546307981,0.03,-0.05,-0.36,38.4,76.84
13:03:19.677,17,32,628.7,1546307982,0.007,-0.03,-0.207,33.56,76.93
13:03:20.677,18,29,566.92,1546307983,-0.04,-0.037,-0.033,30.0,77.0
13:03:21.676,19,26,505.74,1546307984,-0.003,-0.003,-0.043,27.0,77.06
13:03:22.676,20,25,481.6,1546307985,0.01,-0.013,-0.13,26.8,77.06
13:03:23.677,21,22,435.2,1546307986,0.02,-0.013,-0.177,24.6,77.11
13:03:24.676,22,20,391.4,1546307987,-0.003,-0.01,-0.16,21.0,77.18
13:03:25.676,23,18,347.42,1546307988,-0.003,-0.003,-0.123,19.0,77.21
13:03:26.677,24,15,301.52,1546307989,0.0,0.0,-0.083,16.0,77.27
13:03:27.676,25,11,228.64,1546307990,0.01,0.003,-0.04,12.8,77.34
13:03:28.676,26,9,189.06,1546307991,0.007,-0.003,-0.015,10.56,77.38
13:03:29.677,27,7,152.02,1546307992,0.007,-0.003,-0.005,8.56,77.42
13:03:30.676,28,5,108.06,1546307993,0.0,-0.007,-0.008,6.0,77.47
13:03:31.676,29,3,72.3,1546307994,0.0,-0.0,-0.01,4.0,77.51
13:03:32.676,30,2,41.78,1546307995,-0.0,-0.0,-0.01,3.0,77.53
13:03:33.677,31,0,17.02,1546307996,0.0,-0.0,-0.01,1.0,77.57
13:03:34.676,32,0,0.0,1546307997,0.0,-0.0,-0.01,1.0,77.57
13:03:35.676,33,0,0.0,1546307998,-0.003,-0.003,-0.077,1.0,77.57
13:03:36.677,34,0,17.3,1546307999,-0.003,-0.013,-0.09,1.0,77.57
13:03:37.676,35,3,61.02,1546308000,-0.002,-0.037,-0.12,6.85,77.45
13:03:38.676,36,6,131.48,1546308001,0.005,-0.037,-0.06,11.6,77.36
13:03:39.677,37,11,228.92,1546308002,0.012,-0.04,-0.037,18.41,77.22
13:03:40.676,38,18,349.38,1546308003,0.027,-0.01,0.0,27.25,77.04
13:03:41.677,39,24,472.42,1546308004,0.033,0.003,-0.007,33.56,76.91
13:03:42.677,40,30,586.04,1546308005,0.033,0.03,-0.02,39.07,76.8
13:03:43.676,41,36,689.8,1546308006,-0.013,0.02,-0.017,41.86,76.74
13:03:44.677,42,40,780.42,1546308007,-0.04,-0.0,0.01,45.3,76.67
13:03:45.676,43,44,861.74,1546308008,-0.013,-0.023,0.01,48.86,76.6
13:03:46.676,44,48,934.78,1546308009,0.023,-0.013,-0.01,54.28,76.48
13:03:47.677,45,52,999.14,1546308010,0.047,0.01,-0.047,59.5,76.38
13:03:48.676,46,54,1044.54,1546308011,0.007,0.013,-0.079,57.42,76.41
13:03:49.677,47,56,1073.7,1546308012,-0.013,0.003,-0.117,58.1,76.4
13:03:50.677,48,56,1088.52,1546308013,-0.022,-0.027,-0.153,57.31,76.41
13:03:51.676,49,56,1086.16,1546308014,-0.005,-0.023,-0.184,57.0,76.41
13:03:52.677,50,55,1065.2,1546308015,0.015,-0.013,-0.24,57.2,76.4
13:03:53.676,51,54,1034.7,1546308016,0.03,0.017,-0.293,57.4,76.39
13:03:54.676,52,53,1022.32,1546308017,0.053,0.033,-0.317,58.3,76.37
13:03:55.677,53,54,1037.16,1546308018,0.077,0.04,-0.29,62.5,76.28
13:03:56.676,54,56,1075.82,1546308019,0.05,0.05,-0.227,63.57,76.26
13:03:57.677,55,59,1139.96,1546308020,0.017,0.06,-0.153,65.24,76.22
13:03:58.676,56,64,1230.94,1546308021,-0.04,0.07,-0.107,69.3,76.14
13:03:59.677,57,68,1311.9,1546308022,-0.03,0.047,-0.05,72.24,76.07
13:04:00.676,58,71,1360.38,1546308023,-0.037,0.053,-0.057,73.79,76.04
13:04:01.677,59,72,1383.56,1546308024,-0.013,0.03,-0.12,73.0,76.05
13:04:07.959,1,0,0.0,1546308030,-0.01,0.007,-0.183,1.0,77.49
13:04:08.959,2,7,137.08,1546308031,-0.007,-0.043,-0.22,14.54,77.22
13:04:09.959,3,13,261.54,1546308032,0.0,-0.057,-0.133,19.95,77.11
13:04:10.959,4,19,375.1,1546308033,-0.003,-0.03,-0.085,25.47,76.99
13:04:11.959,5,25,480.16,1546308034,-0.007,-0.0,-0.035,31.04,76.88
13:04:12.959,6,30,576.5,1546308035,-0.03,0.027,-0.005,32.19,76.86
13:04:13.959,7,27,527.9,1546308036,-0.023,0.027,0.02,28.0,76.94
13:04:14.958,8,25,484.16,1546308037,-0.007,0.007,0.04,26.0,76.98
13:04:15.959,9,23,444.12,1546308038,-0.017,0.01,0.03,73.79,76.02
13:04:16.959,10,21,2475.8,1546308039,-0.02,0.007,0.033,71.84,76.05
13:04:17.958,11,19,2437.68,1546308040,-0.027,0.013,0.027,20.0,77.09
13:04:18.959,12,17,2400.72,1546308041,0.01,-0.003,0.017,18.8,77.11
13:04:19.959,13,15,2364.0,1546308042,0.01,-0.007,-0.043,16.8,77.15
13:04:20.958,14,13,2327.62,1546308043,0.013,-0.003,-0.043,15.04,77.18
13:04:21.959,15,11,217.52,1546308044,0.003,-0.0,-0.04,12.24,77.24
13:04:22.959,16,9,181.98,1546308045,0.003,-0.0,0.007,10.24,77.28
13:04:23.959,17,7,147.98,1546308046,-0.003,-0.0,0.0,8.0,77.32
13:04:24.958,18,5,112.5,1546308047,-0.0,-0.003,-0.01,6.0,77.36
13:04:25.959,19,3,75.36,1546308048,-0.003,0.0,-0.02,4.0,77.4
13:04:26.959,20,2,48.72,1546308049,-0.003,-0.0,-0.017,3.0,77.42
13:04:27.959,21,1,26.04,1546308050,-0.003,-0.0,-0.013,2.0,77.44
13:04:28.959,22,0,8.52,1546308051,0.0,0.0,-0.01,1.0,77.46
13:04:29.958,23,0,0.0,1546308052,0.0,-0.0,-0.01,1.0,77.46
13:04:30.959,24,0,0.0,1546308053,0.0,-0.0,-0.01,1.0,77.46
13:04:31.959,25,0,0.0,1546308054,-0.0,-0.003,-0.01,1.0,77.46
13:04:32.959,26,0,1.48,1546308055,-0.003,-0.02,0.057,1.0,77.46
13:04:42.959,36,25,493.82,1546308065,-0.027,-0.01,0.14,40.33,76.67
13:04:43.959,37,30,574.8,1546308066,-0.013,-0.02,0.3,34.57,76.78
13:04:44.959,38,33,636.7,1546308067,-0.033,-0.007,0.36,36.71,76.74
13:04:45.959,39,35,683.26,1546308068,0.0,-0.017,0.38,38.17,76.71
13:04:46.958,40,37,723.6,1546308069,-0.02,-0.007,0.293,40.1,76.66
13:04:47.959,41,40,767.2,1546308070,0.0,-0.003,0.237,43.43,76.59
13:04:48.959,42,42,820.74,1546308071,-0.01,-0.007,0.19,45.91,76.54
13:04:49.959,43,46,883.46,1546308072,-0.027,-0.005,0.167,50.27,76.45
13:04:50.959,44,49,951.36,1546308073,-0.017,-0.005,0.14,53.3,76.39
13:04:51.959,45,53,1015.4,1546308074,-0.03,-0.008,0.09,57.05,76.31
13:04:52.959,46,56,1073.36,1546308075,0.0,-0.007,0.047,59.77,76.25
13:04:53.959,47,58,1126.28,1546308076,-0.01,-0.017,-0.003,61.45,76.21
13:04:54.958,48,61,1171.3,1546308077,-0.017,-0.028,-0.003,64.15,76.15
13:04:55.959,49,63,1212.46,1546308078,-0.01,-0.055,-0.013,65.94,76.11
13:04:56.959,50,65,1248.9,1546308079,-0.01,-0.052,-0.02,67.61,76.08
13:04:57.958,51,66,1276.78,1546308080,-0.017,-0.043,-0.03,68.26,76.06
13:04:58.959,52,67,1299.32,1546308081,-0.037,0.007,-0.023,68.96,76.04
13:04:59.959,53,68,1315.06,1546308082,-0.017,0.04,-0.01,69.65,76.02
13:05:00.959,54,69,1325.32,1546308083,0.013,0.08,-0.013,71.54,75.98
13:05:01.959,55,69,1334.88,1546308084,0.02,0.07,-0.027,72.14,75.96
13:05:02.959,56,70,1347.1,1546308085,-0.01,0.067,-0.033,71.55,75.97
13:05:03.959,57,70,1356.74,1546308086,-0.003,0.04,-0.027,71.54,75.97
13:05:04.959,58,71,1368.54,1546308087,-0.013,0.033,-0.023,72.56,75.94
13:05:05.959,59,72,1379.16,1546308088,0.003,0.017,-0.02,73.71,75.91
13:05:06.959,60,72,1387.24,1546308089,-0.007,0.013,-0.017,73.34,75.92
13:05:07.958,61,72,1392.76,1546308090,0.017,0.01,-0.007,74.61,75.89
13:05:08.959,62,72,1397.26,1546308091,0.013,0.03,-0.003,74.3,75.89
13:05:09.959,63,73,1403.0,1546308092,0.0,0.033,-0.003,74.38,75.88
13:05:10.959,64,73,1412.56,1546308093,-0.013,-0.0,0.0,74.5,75.87
13:05:11.959,65,74,1423.18,1546308094,-0.013,0.007,-0.01,75.52,75.85
13:05:12.959,66,74,1433.42,1546308095,-0.003,-0.02,-0.007,75.51,75.84
13:05:13.958,67,75,1443.44,1546308096,-0.01,0.02,-0.013,76.19,75.82
13:05:14.959,68,75,1440.88,1546308097,-0.02,-0.0,-0.01,76.0,75.82
13:05:15.959,69,74,1419.42,1546308098,-0.03,0.037,-0.03,75.0,75.84
13:05:16.959,70,72,1380.32,1546308099,-0.043,0.038,0.01,73.0,75.87
13:05:17.959,71,68,1318.72,1546308100,-0.02,0.035,0.105,69.0,75.95
13:05:18.959,72,64,1234.46,1546308101,-0.023,0.042,0.255,65.0,76.02
13:05:19.959,73,58,1125.16,1546308102,-0.047,0.033,0.122,59.0,76.14
13:05:20.958,74,53,1030.08,1546308103,-0.057,0.037,-0.137,54.0,76.24
13:05:21.958,75,48,929.82,1546308104,-0.01,-0.007,-0.4,49.0,76.33
13:05:22.959,76,45,864.38,1546308105,0.047,-0.007,-0.34,49.76,76.32
13:05:23.958,77,44,850.3,1546308106,0.043,-0.037,-0.197,49.01,76.33
13:05:24.958,78,46,887.08,1546308107,0.05,-0.01,-0.093,53.29,76.24
13:05:25.958,79,49,941.72,1546308108,0.01,-0.01,-0.087,54.11,76.22
13:05:26.958,80,53,1019.42,1546308109,0.027,0.017,-0.083,59.55,76.11
13:05:27.957,81,56,1077.5,1546308110,-0.013,0.017,-0.09,58.97,76.11
13:05:28.958,82,57,1098.14,1546308111,0.01,-0.0,-0.118,59.11,76.11
13:05:29.957,83,56,1089.82,1546308112,-0.01,-0.007,-0.175,57.0,76.15
13:05:30.957,84,55,1054.04,1546308113,0.017,-0.0,-0.218,57.36,76.13
13:05:31.958,85,53,1030.18,1546308114,0.033,0.01,-0.24,56.64,76.14
13:05:32.957,86,52,1007.3,1546308115,0.06,0.01,-0.313,57.8,76.12
13:05:33.957,87,50,967.82,1546308116,0.057,-0.027,-0.393,55.56,76.16
13:05:34.957,88,47,916.86,1546308117,0.06,-0.017,-0.47,52.8,76.21
13:05:35.957,89,44,858.38,1546308118,0.053,-0.03,-0.517,49.24,76.28
13:05:36.957,90,40,784.98,1546308119,0.053,-0.03,-0.387,45.24,76.36
13:05:37.957,91,37,724.4,1546308120,0.05,-0.043,-0.187,42.0,76.42
13:05:38.957,92,36,700.76,1546308121,0.04,-0.033,0.117,40.2,76.45
13:05:39.957,93,37,716.34,1546308122,0.023,-0.013,0.223,41.37,76.43
13:05:40.957,94,39,761.94,1546308123,0.01,0.02,0.203,43.47,76.38
13:05:41.957,95,42,823.12,1546308124,0.013,0.003,0.123,47.27,76.3
13:05:42.956,96,46,891.3,1546308125,0.0,0.013,0.04,50.42,76.23
13:05:43.957,97,50,959.98,1546308126,0.01,-0.033,0.017,55.08,76.14
13:05:44.957,98,53,1022.54,1546308127,0.0,-0.027,-0.013,57.04,76.1
13:05:45.956,99,56,1081.38,1546308128,0.01,0.007,-0.03,60.53,76.02
13:05:46.957,100,59,1131.88,1546308129,0.003,0.023,-0.07,62.55,75.98
13:05:47.956,101,61,1173.7,1546308130,0.006,0.013,-0.073,64.3,75.94
13:05:48.957,102,62,1204.76,1546308131,0.007,0.007,-0.03,64.81,75.92
13:05:49.956,103,63,1223.7,1546308132,0.003,0.017,0.073,64.96,75.92
13:05:50.957,104,64,1233.4,1546308133,0.001,0.057,0.11,65.5,75.9
13:05:51.957,105,64,1240.4,1546308134,0.02,0.107,0.047,66.99,75.87
13:05:52.956,106,65,1248.92,1546308135,-0.02,0.077,-0.03,66.5,75.87
13:05:53.957,107,65,1260.2,1546308136,0.033,0.047,-0.087,69.32,75.81
13:05:54.956,108,66,1276.08,1546308137,0.05,-0.02,-0.067,71.83,75.76
13:05:55.956,109,67,1293.24,1546308138,0.193,0.01,-0.09,84.17,75.5
13:05:56.957,110,68,1305.32,1546308139,0.16,0.027,-0.063,82.25,75.54
13:05:57.956,111,68,1311.34,1546308140,0.107,0.022,-0.037,77.88,75.62
13:05:58.956,112,68,1318.12,1546308141,0.007,0.025,-0.017,69.94,75.77
13:05:59.957,113,69,1326.56,1546308142,0.017,-0.002,-0.013,71.92,75.73
13:06:00.956,114,69,1340.64,1546308143,0.063,-0.028,-0.013,75.82,75.65
13:06:01.956,115,70,1357.62,1546308144,0.05,-0.055,0.007,75.82,75.64
13:06:02.957,116,71,1373.32,1546308145,0.0,-0.052,0.01,72.66,75.7
13:06:03.956,117,72,1383.92,1546308146,-0.047,0.003,0.003,73.58,75.68
13:06:04.956,118,72,1396.42,1546308147,-0.047,0.027,-0.013,73.7,75.67
13:06:05.957,119,73,1411.76,1546308148,-0.027,0.037,-0.018,74.55,75.65
13:06:06.956,120,74,1418.42,1546308149,-0.02,0.003,-0.015,75.0,75.63
13:06:08.956,122,73,1408.68,1546308150,0.017,-0.0,0.022,75.36,75.62
13:06:09.956,123,69,1332.54,1546308152,-0.003,0.03,0.047,70.0,75.72
13:06:10.956,124,65,1259.16,1546308153,-0.033,0.03,0.13,66.0,75.8
13:06:11.957,125,60,1166.98,1546308154,-0.05,0.04,0.233,61.0,75.9
13:06:12.956,126,55,1068.58,1546308155,-0.047,-0.0,0.38,56.0,75.99
13:06:13.956,127,50,974.68,1546308156,-0.063,0.013,0.25,51.0,76.09
13:06:14.957,128,46,897.1,1546308157,-0.077,0.007,-0.03,47.0,76.17
13:06:15.956,129,43,827.94,1546308158,0.017,0.037,-0.278,54.58,76.01
13:06:16.956,130,41,1265.74,1546308159,0.04,0.017,-0.245,67.09,75.76
13:07:12.857,26,44,1703.54,1546308215,0.08,0.027,-0.098,62.55,75.84
13:07:13.858,27,47,1711.88,1546308216,-0.007,0.043,-0.03,48.26,76.13
13:07:14.858,28,51,1713.86,1546308217,0.013,0.063,-0.04,53.04,76.03
13:07:15.857,29,54,1710.62,1546308218,-0.01,0.073,-0.043,55.0,75.98
13:07:16.858,30,57,1706.62,1546308219,-0.003,0.03,-0.043,58.0,75.92
13:07:17.857,31,57,1704.66,1546308220,0.01,-0.0,-0.02,58.8,75.9
13:07:18.858,32,57,1692.68,1546308221,0.01,-0.03,0.003,58.8,75.9
13:07:19.857,33,57,1668.18,1546308222,-0.02,-0.013,0.03,58.0,75.91
13:07:20.858,34,57,1630.14,1546308223,0.01,-0.027,0.053,58.8,75.89
13:07:21.857,35,57,1562.12,1546308224,-0.02,-0.057,0.157,58.0,75.9
13:07:22.858,36,76,1457.58,1546308225,0.033,-0.03,0.26,79.64,75.46
13:07:23.857,37,70,1340.98,1546308226,-0.01,-0.01,0.233,71.0,75.63
13:07:24.858,38,63,1207.6,1546308227,0.02,0.003,0.082,65.6,75.73
13:07:25.858,39,55,1062.7,1546308228,-0.023,-0.043,-0.105,56.0,75.92
13:07:26.858,40,50,960.88,1546308229,-0.003,-0.043,-0.162,51.0,76.02
13:07:27.858,41,48,923.3,1546308230,0.0,-0.017,-0.187,49.0,76.06
13:07:28.857,42,48,935.3,1546308231,0.02,0.013,-0.15,52.53,75.98
13:07:29.858,43,52,1000.38,1546308232,-0.023,0.053,-0.107,57.41,75.88
13:07:30.858,44,58,1111.74,1546308233,-0.02,0.02,-0.097,63.92,75.75
13:07:31.857,45,62,1197.1,1546308234,-0.02,-0.007,-0.18,65.79,75.71
13:07:32.858,46,63,1223.22,1546308235,0.037,-0.07,-0.297,66.96,75.68
13:07:33.858,47,62,1196.8,1546308236,0.022,-0.02,-0.33,64.76,75.72
13:07:34.857,48,60,1149.68,1546308237,0.015,-0.01,-0.317,62.2,75.76
13:07:35.858,49,56,1083.5,1546308238,-0.015,-0.017,-0.283,57.0,75.86
13:07:36.858,50,53,1018.86,1546308239,-0.027,-0.053,-0.347,54.0,75.92
13:07:37.857,51,50,967.54,1546308240,-0.007,-0.083,-0.4,51.0,75.98
13:07:38.858,52,47,917.38,1546308241,0.013,-0.053,-0.383,49.04,76.01
13:07:39.857,53,44,860.64,1546308242,0.057,-0.047,-0.24,49.56,76.0
13:07:40.858,54,42,819.88,1546308243,0.053,-0.06,0.003,47.24,76.04
13:07:41.858,55,42,816.24,1546308244,0.053,-0.06,0.237,47.87,76.03
13:07:42.857,56,44,845.14,1546308245,0.025,-0.037,0.293,49.41,75.99
13:07:43.858,57,47,912.56,1546308246,0.025,0.027,0.23,53.83,75.9
13:07:44.857,58,52,998.2,1546308247,0.028,0.067,0.092,59.46,75.79
13:07:45.858,59,56,1081.18,1546308248,0.038,0.06,0.045,63.82,75.69
13:07:46.857,60,60,1149.44,1546308249,0.055,0.01,0.025,68.65,75.59
13:07:47.858,61,63,1211.04,1546308250,0.035,-0.037,-0.033,69.73,75.57
13:07:48.857,62,66,1266.6,1546308251,0.027,-0.06,-0.08,71.73,75.52
13:07:49.858,63,68,1313.94,1546308252,-0.037,-0.047,-0.08,71.14,75.53
13:07:50.858,64,70,1352.04,1546308253,-0.037,-0.017,0.04,72.19,75.5
13:07:51.858,65,71,1361.38,1546308254,-0.06,0.013,0.11,72.0,75.5
13:07:52.858,66,69,1338.12,1546308255,0.003,0.043,0.127,70.24,75.53
13:07:53.858,67,67,1287.36,1546308256,0.013,0.01,0.06,69.04,75.55
13:07:54.858,68,63,1213.14,1546308257,0.023,-0.01,0.013,65.84,75.61
13:07:55.857,69,58,1117.7,1546308258,-0.007,-0.023,-0.017,59.0,75.75
13:07:56.858,70,53,1023.56,1546308259,-0.02,-0.0,-0.027,54.0,75.84
13:07:57.857,71,48,936.26,1546308260,-0.013,0.013,-0.02,49.0,75.94
13:07:58.858,72,44,852.38,1546308261,-0.013,0.013,-0.02,45.0,76.02
13:07:59.858,73,40,772.96,1546308262,0.023,0.007,-0.023,42.84,76.06
13:08:00.857,74,36,693.92,1546308263,0.023,0.003,-0.007,38.84,76.13
13:08:01.858,75,32,617.2,1546308264,0.04,0.003,0.003,36.2,76.18
13:08:02.858,76,28,544.92,1546308265,0.023,0.007,-0.003,30.84,76.29
13:08:03.857,77,24,478.14,1546308266,0.023,0.013,-0.037,26.84,76.37
13:08:04.858,78,21,411.68,1546308267,-0.013,0.017,-0.013,22.0,76.46
13:08:05.858,79,18,350.22,1546308268,-0.03,0.01,0.003,19.0,76.52
13:08:06.858,80,15,290.06,1546308269,-0.03,-0.01,0.027,16.0,76.58
13:08:07.858,81,12,231.22,1546308270,0.007,-0.013,0.003,13.56,76.63
13:08:08.857,82,9,176.78,1546308271,0.013,-0.01,-0.007,11.04,76.68
13:08:09.858,83,6,119.56,1546308272,0.013,-0.003,-0.007,8.04,76.74
13:08:10.858,84,3,73.48,1546308273,0.003,-0.0,-0.01,4.24,76.81
13:08:11.858,85,2,39.7,1546308274,0.007,0.007,-0.013,3.56,76.83
13:08:12.858,86,0,16.4,1546308275,0.003,-0.007,-0.01,1.0,76.88
13:08:13.858,87,2,53.16,1546308276,0.003,-0.003,-0.01,4.74,76.8
13:08:14.857,88,3,76.44,1546308277,0.0,-0.01,-0.007,4.58,76.81
13:08:15.858,89,3,76.44,1546308278,0.0,0.003,-0.01,4.0,76.82
13:08:16.858,90,3,76.44,1546308279,0.003,0.003,-0.01,4.24,76.81
13:08:17.857,91,3,76.44,1546308280,0.003,0.003,-0.01,4.24,76.81
13:08:18.858,92,1,23.28,1546308281,0.003,0.003,-0.01,2.24,76.85
13:08:19.858,93,0,0.0,1546308282,0.0,-0.0,-0.01,1.0,76.88
13:08:20.857,94,0,1.94,1546308283,0.0,-0.0,-0.01,1.0,76.88
13:08:21.858,95,0,1.94,1546308284,0.0,-0.0,-0.01,1.0,76.88
13:08:22.858,96,0,1.94,1546308285,0.0,0.003,-0.003,1.0,76.88
13:08:23.858,97,0,1.94,1546308286,-0.01,-0.003,0.007,1.0,76.88
13:08:24.857,98,2,39.78,1546308287,-0.007,-0.013,0.013,6.05,76.77
13:08:25.858,99,6,124.0,1546308288,-0.007,-0.003,0.0,12.3,76.65
13:08:26.858,100,13,251.7,1546308289,0.003,0.023,-0.01,21.48,76.46
13:08:27.857,101,21,413.52,1546308290,-0.0,0.033,-0.027,30.78,76.28
13:08:28.858,102,31,602.7,1546308291,0.027,0.007,-0.027,43.22,76.02
13:08:29.858,103,40,776.06,1546308292,0.027,0.017,-0.033,51.05,75.86
13:08:30.858,104,47,918.3,1546308293,0.037,0.013,-0.017,57.39,75.73
13:08:31.857,105,53,1033.3,1546308294,0.023,0.033,-0.02,61.04,75.66
13:08:32.858,106,58,1126.42,1546308295,0.01,0.013,-0.017,63.93,75.59
13:08:33.858,107,62,1198.66,1546308296,0.01,0.057,-0.037,66.89,75.53
13:08:34.857,108,65,1249.94,1546308297,-0.017,0.017,-0.053,68.11,75.5
13:08:35.858,109,67,1283.22,1546308298,-0.003,-0.007,-0.09,69.3,75.47
13:08:36.858,110,67,1301.86,1546308299,-0.01,-0.027,-0.117,68.53,75.48
13:08:37.857,111,68,1304.22,1546308300,-0.02,0.01,-0.083,69.0,75.47
13:08:38.858,112,67,1285.82,1546308301,-0.003,0.04,-0.03,68.0,75.49
13:08:39.858,113,65,1262.22,1546308302,0.017,0.03,0.087,67.36,75.49
13:08:40.857,114,63,1219.76,1546308303,0.02,0.013,0.22,65.6,75.53
13:08:41.857,115,59,1148.18,1546308304,0.007,0.007,0.347,60.56,75.62
13:08:42.858,116,54,1051.12,1546308305,-0.008,-0.043,0.423,55.0,75.73
13:08:43.858,117,50,962.76,1546308306,0.025,-0.027,0.167,53.0,75.77
13:08:44.857,118,45,877.32,1546308307,0.042,-0.037,-0.143,49.36,75.84
13:08:45.858,119,42,820.56,1546308308,0.05,-0.013,-0.425,47.0,75.88
13:08:46.858,120,41,796.78,1546308309,0.07,-0.023,-0.395,47.6,75.86
13:08:47.858,121,42,808.06,1546308310,0.06,-0.03,-0.318,48.88,75.84
13:08:48.858,122,43,840.06,1546308311,0.067,-0.013,-0.263,51.34,75.78
13:08:49.858,123,46,887.34,1546308312,0.02,0.007,-0.237,51.02,75.79
13:08:50.857,124,48,937.06,1546308313,0.013,0.013,-0.17,52.7,75.75
13:08:51.858,125,51,993.82,1546308314,-0.007,0.037,-0.107,54.96,75.7
13:08:52.858,126,55,1055.32,1546308315,-0.003,0.033,-0.047,58.93,75.62
13:08:53.858,127,58,1111.1,1546308316,-0.03,0.063,-0.03,61.63,75.56
13:08:54.857,128,60,1160.58,1546308317,-0.037,0.03,-0.027,63.36,75.52
13:08:55.858,129,62,1205.6,1546308318,-0.007,0.013,-0.043,64.84,75.49
13:08:56.858,130,64,1234.38,1546308319,-0.017,-0.01,-0.083,66.15,75.46
13:08:57.857,131,65,1251.62,1546308320,-0.003,-0.007,-0.11,66.43,75.45
13:08:58.858,132,65,1251.52,1546308321,-0.037,-0.017,-0.167,66.0,75.46
13:08:59.858,133,64,1229.5,1546308322,-0.03,-0.02,-0.193,65.0,75.47
13:09:00.857,134,61,1183.42,1546308323,-0.06,-0.007,-0.277,62.0,75.53
13:09:01.858,135,59,1143.92,1546308324,-0.023,-0.0,-0.303,60.0,75.57
13:09:02.858,136,57,1104.8,1546308325,0.007,-0.0,-0.323,58.56,75.59
13:09:03.858,137,56,1084.38,1546308326,0.06,-0.02,-0.297,61.8,75.52
13:09:04.858,138,56,1086.34,1546308327,0.05,-0.037,-0.26,61.69,75.52
13:09:05.858,139,58,1112.06,1546308328,0.07,-0.083,-0.18,66.13,75.43
13:09:06.858,140,59,1147.42,1546308329,0.057,-0.077,-0.11,66.56,75.42
13:09:07.857,141,62,1192.1,1546308330,0.017,-0.043,0.08,64.36,75.46
13:09:25.858,159,54,1038.68,1546308348,-0.013,0.02,0.228,55.0,75.64
13:09:26.858,160,52,1010.26,1546308349,-0.04,0.047,0.385,53.0,75.68
13:09:27.858,161,51,993.6,1546308350,-0.03,0.047,0.352,52.0,75.7
13:09:28.858,162,52,1001.4,1546308351,-0.033,0.037,0.3,53.95,75.66
13:09:29.858,163,53,1031.5,1546308352,-0.047,0.003,0.22,55.9,75.62
13:09:30.858,164,56,1077.2,1546308353,-0.017,0.023,0.187,59.79,75.53
13:09:31.858,165,59,1143.16,1546308354,0.04,0.03,0.147,66.73,75.39
13:09:32.858,166,63,1218.3,1546308355,0.093,0.047,0.077,71.44,75.29
13:09:38.893,1,0,0.0,1546308361,0.083,0.03,0.003,7.64,76.57
13:09:39.892,2,15,299.62,1546308362,0.033,0.047,-0.047,33.38,76.05
13:09:40.893,3,30,589.42,1546308363,-0.023,0.053,-0.06,45.16,75.81
13:09:41.892,4,45,866.0,1546308364,-0.023,0.09,-0.033,59.54,75.52
13:09:42.893,5,59,1130.82,1546308365,-0.04,0.033,-0.003,72.95,75.25
13:09:43.893,6,72,1383.92,1546308366,-0.04,0.03,-0.003,77.89,75.15
13:09:44.892,7,69,1326.54,1546308367,-0.05,-0.007,-0.007,70.0,75.3
13:09:45.893,8,66,1267.08,1546308368,-0.02,0.013,-0.04,67.0,75.36
13:09:46.892,9,63,1209.08,1546308369,-0.003,-0.003,-0.03,64.0,75.42
13:09:47.893,10,60,1153.88,1546308370,0.007,-0.003,-0.003,61.56,75.46
13:09:48.892,11,57,1103.34,1546308371,-0.01,-0.003,0.007,58.0,75.53
13:09:49.893,12,55,1057.36,1546308372,0.023,0.007,0.037,57.84,75.53
13:09:50.892,13,53,1017.44,1546308373,0.063,-0.003,0.007,59.04,75.5
13:09:51.893,14,51,984.76,1546308374,0.107,0.017,-0.0,60.56,75.47
13:09:52.892,15,49,956.76,1546308375,0.1,0.033,-0.0,58.0,75.52
13:09:53.892,16,48,932.58,1546308376,0.077,0.087,-0.057,55.16,75.57
13:09:54.892,17,47,911.5,1546308377,0.037,0.07,-0.057,50.96,75.65
13:09:55.893,18,46,892.6,1546308378,0.013,0.05,-0.077,48.04,75.71
13:09:56.892,19,45,876.0,1546308379,-0.023,0.02,-0.057,46.0,75.75
13:09:57.893,20,45,862.7,1546308380,-0.03,0.023,-0.033,46.0,75.75
13:09:58.892,21,44,851.0,1546308381,-0.007,0.017,-0.023,45.0,75.76
13:09:59.893,22,43,839.52,1546308382,-0.033,0.013,0.027,44.0,75.78
13:10:00.893,23,42,815.96,1546308383,-0.017,-0.023,0.035,43.0,75.8
13:10:01.892,24,40,774.48,1546308384,-0.073,-0.003,0.055,41.0,75.84
13:10:02.893,25,36,706.6,1546308385,-0.04,-0.033,0.045,37.0,75.91
13:10:03.892,26,31,608.24,1546308386,-0.04,-0.01,0.01,32.0,76.01
13:10:04.893,27,25,482.14,1546308387,0.013,-0.047,-0.01,27.04,76.11
13:10:05.893,28,17,334.18,1546308388,0.023,-0.037,-0.02,19.84,76.25
13:10:06.892,29,10,206.36,1546308389,0.017,-0.027,-0.01,12.36,76.4
13:10:07.893,30,5,105.92,1546308390,0.0,0.0,-0.013,6.0,76.53
13:10:08.892,31,1,37.6,1546308391,0.0,-0.0,-0.013,2.0,76.61
13:10:09.892,32,0,0.0,1546308392,0.0,-0.0,-0.01,1.0,76.63
13:10:10.893,33,0,0.0,1546308393,0.0,-0.0,-0.01,1.0,76.63
13:10:11.892,34,0,0.0,1546308394,0.0,-0.0,-0.01,1.0,76.63
13:10:12.893,35,0,0.0,1546308395,0.003,-0.003,-0.01,1.0,76.63
13:10:13.893,36,0,0.0,1546308396,0.003,-0.003,-0.02,1.0,76.63
13:10:14.892,37,0,1.26,1546308397,0.0,-0.01,0.027,1.0,76.63
13:10:15.893,38,2,38.5,1546308398,0.007,-0.003,0.143,5.98,76.53
13:10:16.893,39,5,98.24,1546308399,-0.017,0.003,0.26,9.69,76.45
13:10:17.893,40,9,186.14,1546308400,-0.037,0.003,0.313,14.83,76.35
13:10:18.893,41,15,291.6,1546308401,-0.057,0.023,0.243,21.46,76.22
13:10:19.892,42,21,404.52,1546308402,-0.017,0.013,0.097,26.67,76.11
13:10:20.893,43,24,478.42,1546308403,0.013,0.018,-0.167,29.29,76.06
13:10:21.893,44,27,534.7,1546308404,0.067,-0.005,-0.467,35.68,75.93
13:10:22.892,45,29,571.06,1546308405,0.067,-0.005,-0.453,36.98,75.9
13:10:23.893,46,31,599.34,1546308406,0.077,-0.003,-0.31,39.36,75.85
13:10:24.893,47,32,618.9,1546308407,0.042,-0.01,-0.07,37.65,75.88
13:10:25.893,48,33,651.02,1546308408,0.027,-0.017,-0.037,37.91,75.87
13:10:26.892,49,35,689.02,1546308409,0.003,-0.02,-0.027,38.11,75.87
13:10:27.893,50,37,725.84,1546308410,-0.009,-0.02,-0.043,39.85,75.83
13:10:28.893,51,39,762.92,1546308411,0.003,-0.007,-0.07,42.31,75.78
13:10:29.892,52,42,808.78,1546308412,0.01,0.007,-0.097,45.9,75.71
13:10:30.892,53,44,846.82,1546308413,0.04,0.03,-0.173,49.75,75.63
13:10:31.893,54,45,870.94,1546308414,0.043,0.047,-0.343,50.34,75.61
13:10:32.893,55,46,882.84,1546308415,0.033,0.057,-0.457,50.2,75.61
13:10:33.892,56,46,893.26,1546308416,0.017,0.047,-0.413,48.78,75.64
13:10:34.893,57,46,899.8,1546308417,-0.023,0.023,-0.303,47.31,75.67
13:10:35.892,58,47,905.48,1546308418,-0.003,-0.01,-0.28,48.1,75.65
13:10:36.893,59,47,903.8,1546308419,-0.027,-0.033,-0.413,48.0,75.65
13:10:37.893,60,46,894.58,1546308420,0.027,-0.033,-0.457,49.16,75.62
13:10:38.892,61,44,844.12,1546308421,-0.013,-0.037,-0.38,45.0,75.7
13:10:39.893,62,41,802.38,1546308422,-0.003,-0.013,-0.1,42.0,75.76
13:10:40.893,63,40,780.96,1546308423,-0.043,0.017,0.133,41.0,75.78
13:10:41.892,64,40,783.46,1546308424,-0.003,0.03,0.247,41.73,75.76
13:10:42.893,65,42,810.1,1546308425,0.0,0.027,0.2,45.53,75.68
13:10:43.893,66,46,884.64,1546308426,0.023,-0.01,0.093,52.56,75.54
13:10:44.892,67,50,958.88,1546308427,0.0,-0.003,0.017,54.39,75.5
13:10:45.893,68,53,1020.2,1546308428,-0.017,0.023,-0.03,56.95,75.45
13:10:46.893,69,56,1076.72,1546308429,-0.023,0.04,-0.047,59.62,75.39
13:10:47.892,70,58,1125.0,1546308430,-0.023,0.05,-0.037,60.95,75.36
13:10:48.893,71,60,1154.58,1546308431,-0.02,0.013,-0.063,61.84,75.34
13:10:49.893,72,60,1158.58,1546308432,-0.043,0.003,-0.097,61.2,75.35
13:10:50.892,73,60,1162.58,1546308433,-0.033,-0.0,-0.043,61.0,75.35
13:10:51.893,74,60,1153.64,1546308434,0.0,0.007,0.07,61.0,75.35
13:10:52.893,75,59,1149.08,1546308435,0.003,0.04,0.147,60.28,75.36
13:10:53.892,76,60,1155.28,1546308436,0.023,0.003,0.11,63.46,75.29
13:10:54.893,77,61,1173.7,1546308437,0.01,-0.023,-0.01,64.11,75.27
13:10:55.893,78,63,1207.68,1546308438,-0.003,-0.04,-0.07,65.73,75.24
13:10:56.892,79,64,1242.76,1546308439,0.027,-0.0,-0.12,68.81,75.17
13:10:57.893,80,66,1273.72,1546308440,0.043,0.043,-0.073,71.82,75.11
13:10:58.892,81,67,1297.9,1546308441,0.067,0.04,-0.027,74.25,75.06
13:10:59.893,82,68,1309.22,1546308442,0.03,0.03,-0.0,71.85,75.1
13:11:00.893,83,68,1316.04,1546308443,0.01,0.027,-0.01,70.03,75.13
13:11:01.892,84,68,1318.3,1546308444,0.0,0.02,-0.04,69.05,75.15
13:11:02.893,85,68,1317.96,1546308445,-0.01,0.003,-0.023,69.0,75.15
13:11:03.893,86,68,1317.2,1546308446,-0.02,-0.023,-0.02,69.08,75.14
13:11:04.892,87,68,1321.12,1546308447,0.003,-0.027,-0.003,69.35,75.13
13:11:05.893,88,68,1321.48,1546308448,-0.003,-0.01,-0.003,69.04,75.13
13:11:06.893,89,69,1322.78,1546308449,-0.002,0.023,-0.037,70.11,75.11
13:11:07.892,90,69,1325.74,1546308450,-0.015,0.017,-0.07,70.16,75.1
13:11:08.892,91,69,1329.1,1546308451,-0.008,0.023,-0.12,70.24,75.1
13:11:09.893,92,69,1335.16,1546308452,-0.007,-0.007,-0.107,70.02,75.1
13:11:10.893,93,69,1329.84,1546308453,0.02,-0.023,-0.07,71.6,75.06
13:11:11.893,94,67,1301.22,1546308454,-0.013,-0.003,-0.003,68.0,75.13
13:11:12.892,95,65,1249.16,1546308455,0.003,0.01,0.067,66.24,75.16
13:11:13.893,96,61,1178.34,1546308456,0.0,0.037,0.25,62.0,75.25
13:11:14.893,97,56,1084.98,1546308457,0.027,0.04,0.383,59.16,75.3
13:11:15.893,98,52,996.58,1546308458,0.01,0.057,0.497,53.8,75.4
13:11:16.892,99,48,929.36,1546308459,-0.007,0.083,0.137,49.0,75.5
13:11:17.893,100,46,882.84,1546308460,0.017,0.053,-0.223,48.36,75.51
13:11:18.893,101,43,838.4,1546308461,0.02,0.02,-0.467,45.6,75.56
13:11:19.893,102,43,832.72,1546308462,0.007,-0.013,-0.387,44.94,75.57
13:11:20.893,103,44,853.74,1546308463,0.01,-0.01,-0.36,47.27,75.52
13:11:21.893,104,46,891.46,1546308464,0.003,0.007,-0.383,49.42,75.48
13:11:22.893,105,49,941.0,1546308465,-0.013,0.003,-0.377,53.22,75.4
13:11:23.892,106,53,1020.36,1546308466,-0.033,-0.0,-0.207,57.81,75.3
13:11:24.893,107,57,1093.4,1546308467,-0.027,-0.013,-0.103,61.3,75.23
13:11:25.893,108,60,1152.4,1546308468,-0.0,0.013,-0.027,63.73,75.18
13:11:26.893,109,62,1202.56,1546308469,-0.013,0.027,-0.023,65.33,75.14
13:11:27.892,110,65,1245.7,1546308470,0.02,0.04,-0.027,69.49,75.06
13:11:28.893,111,66,1278.06,1546308471,0.013,0.017,-0.017,69.12,75.06
13:11:29.893,112,67,1288.72,1546308472,0.04,-0.01,-0.05,71.2,75.01
13:11:30.892,113,66,1276.32,1546308473,0.02,-0.0,-0.107,68.6,75.06
13:11:31.893,114,64,1241.7,1546308474,0.04,0.003,-0.217,68.2,75.07
13:11:32.893,115,62,1187.76,1546308475,0.04,0.027,-0.263,66.2,75.1
13:11:33.893,116,58,1114.68,1546308476,0.027,0.013,-0.278,61.16,75.2
13:11:34.893,117,55,1062.82,1546308477,0.0,0.017,-0.245,56.0,75.3
13:11:35.893,118,54,1047.5,1546308478,0.007,0.007,-0.242,55.56,75.31
13:11:36.893,119,55,1061.96,1546308479,0.025,0.005,-0.183,59.03,75.24
13:11:37.892,120,56,1088.76,1546308480,0.055,-0.005,-0.14,63.29,75.15
13:11:38.893,121,59,1137.42,1546308481,0.035,-0.005,-0.093,65.37,75.1
13:11:39.893,122,62,1191.46,1546308482,0.04,-0.027,-0.08,68.58,75.03
13:11:40.892,123,64,1232.72,1546308483,0.03,-0.04,-0.043,69.0,75.02
13:11:41.893,124,65,1255.28,1546308484,0.037,-0.027,-0.017,70.02,75.0
13:11:42.892,125,66,1275.06,1546308485,0.03,-0.017,-0.083,70.14,74.99
13:11:43.893,126,67,1285.0,1546308486,0.02,-0.01,-0.22,69.6,75.0
13:11:44.893,127,65,1255.38,1546308487,0.017,-0.027,-0.277,67.36,75.04
13:11:50.525,1,38,747.34,1546308492,-0.01,-0.01,-0.193,39.0,75.61
13:11:51.525,2,12,239.3,1546308493,0.0,0.007,0.013,13.0,76.13
13:11:52.525,3,24,469.66,1546308494,0.023,-0.0,0.167,38.37,75.62
13:11:53.524,4,36,700.44,1546308495,0.027,0.02,0.217,50.4,75.37
13:11:54.524,5,48,919.32,1546308496,0.037,0.027,0.277,62.55,75.13
13:11:55.525,6,58,1123.88,1546308497,0.017,0.027,0.323,64.18,75.09
13:11:56.525,7,56,1072.27,1546308498,0.033,0.017,0.437,59.64,75.18
13:11:57.524,8,53,1020.66,1546308499,0.0,0.053,0.453,54.0,75.29
13:11:58.525,9,51,981.04,1546308500,0.02,0.077,0.397,53.6,75.29
13:11:59.524,10,50,969.74,1546308501,0.013,0.06,0.313,52.14,75.32
13:12:00.524,11,51,985.0,1546308502,0.05,0.003,0.253,57.34,75.21
13:12:01.524,12,53,1023.26,1546308503,0.043,0.03,0.233,59.79,75.16
13:12:02.525,13,56,1079.18,1546308504,0.057,0.033,0.18,64.18,75.07
13:12:03.524,14,58,1127.9,1546308505,0.05,0.04,0.103,65.19,75.05
13:12:04.524,15,60,1166.78,1546308506,0.047,0.003,0.053,66.44,75.02
13:12:05.524,16,62,1194.92,1546308507,0.02,-0.01,0.017,65.98,75.02
13:12:06.525,17,63,1222.1,1546308508,0.017,0.003,0.007,66.74,75.0
13:12:07.524,18,65,1250.08,1546308509,0.01,-0.02,-0.007,68.23,74.97
13:12:08.524,19,66,1279.32,1546308510,0.03,0.003,-0.007,70.87,74.91
13:12:09.525,20,68,1308.92,1546308511,0.03,-0.017,-0.013,73.02,74.87
13:12:10.524,21,70,1344.18,1546308512,0.023,-0.003,0.0,74.49,74.83
13:12:11.524,22,71,1375.04,1546308513,0.003,0.02,-0.003,73.71,74.85
13:12:12.524,23,73,1402.82,1546308514,0.0,0.027,-0.01,75.33,74.81
13:12:13.525,24,74,1428.22,1546308515,0.007,0.037,-0.033,76.75,74.78
13:12:14.524,25,75,1450.46,1546308516,0.033,0.027,-0.033,79.59,74.72
13:12:15.524,26,76,1466.12,1546308517,0.027,0.02,-0.033,79.75,74.71
13:12:16.525,27,76,1474.08,1546308518,0.0,0.017,-0.023,77.1,74.76
13:12:17.525,28,76,1470.02,1546308519,-0.013,0.01,-0.02,77.0,74.76
13:12:18.524,29,76,1460.1,1546308520,-0.02,0.023,-0.017,77.0,74.75
13:12:19.524,30,75,1447.36,1546308521,0.003,0.037,-0.013,76.24,74.76
13:12:20.524,31,75,1436.98,1546308522,0.0,0.01,-0.02,76.0,74.76
13:12:21.524,32,74,1436.32,1546308523,-0.003,-0.01,-0.01,75.23,74.78
13:12:22.525,33,75,1446.2,1546308524,-0.023,-0.053,-0.003,76.41,74.75
13:12:23.524,34,75,1452.88,1546308525,-0.047,-0.02,0.0,76.13,74.75
13:12:24.524,35,75,1451.3,1546308526,-0.037,-0.02,-0.007,76.0,74.75
13:12:25.524,36,75,1439.18,1546308527,-0.027,-0.017,-0.003,76.0,74.74
13:12:26.525,37,73,1413.12,1546308528,0.003,-0.047,0.04,74.24,74.78
13:12:27.524,38,71,1368.54,1546308529,-0.01,-0.037,0.173,72.0,74.82
13:12:28.525,39,68,1311.04,1546308530,-0.02,-0.018,0.29,69.0,74.87
13:12:29.524,40,64,1241.46,1546308531,0.027,-0.015,0.253,67.16,74.91
13:12:30.525,41,60,1156.2,1546308532,0.143,0.008,0.067,72.44,74.8
13:12:31.525,42,55,1070.1,1546308533,0.18,0.013,-0.17,70.4,74.83
13:12:32.524,43,52,997.84,1546308534,0.113,-0.017,-0.227,62.04,75.0
13:12:33.525,44,50,973.86,1546308535,0.02,-0.073,-0.25,52.6,75.18
13:12:34.525,45,51,989.8,1546308536,-0.013,-0.063,-0.15,53.34,75.17
13:12:35.524,46,53,1027.32,1546308537,-0.02,0.003,-0.107,56.38,75.1
13:12:36.524,47,56,1085.0,1546308538,-0.04,0.04,-0.097,60.36,75.02
13:12:37.525,48,60,1161.54,1546308539,-0.037,0.033,-0.203,63.6,74.95
13:12:38.524,49,62,1188.88,1546308540,0.0,0.013,-0.33,63.2,74.96
13:12:39.524,50,61,1169.54,1546308541,0.017,0.033,-0.327,63.36,74.95
13:12:40.525,51,59,1142.38,1546308542,0.023,0.023,-0.313,61.84,74.98
13:12:41.524,52,58,1113.02,1546308543,0.03,0.003,-0.34,61.4,74.98
13:12:42.524,53,55,1056.28,1546308544,0.063,-0.033,-0.46,61.04,74.99
13:12:43.525,54,51,988.02,1546308545,0.083,-0.083,-0.557,58.64,75.03
13:12:44.525,55,47,904.8,1546308546,0.087,-0.077,-0.46,54.96,75.1
13:12:45.524,56,43,834.36,1546308547,0.075,-0.053,-0.27,50.0,75.2
13:12:46.524,57,39,764.9,1546308548,0.085,0.008,0.0,46.8,75.26
13:12:47.524,58,37,724.92,1546308549,0.058,0.015,0.173,42.64,75.34
13:12:48.525,59,37,724.26,1546308550,0.027,0.005,0.193,41.41,75.36
13:12:49.525,60,40,775.1,1546308551,0.003,0.003,0.137,44.01,75.31
13:12:50.524,61,43,835.22,1546308552,0.017,-0.01,0.027,48.48,75.22
13:12:51.524,62,46,899.96,1546308553,0.017,-0.003,0.007,51.36,75.16
13:12:52.525,63,49,955.26,1546308554,0.013,-0.0,-0.013,53.79,75.11
13:12:53.524,64,52,1010.1,1546308555,-0.017,0.01,-0.023,55.63,75.07
13:12:54.524,65,55,1060.6,1546308556,-0.003,0.023,-0.033,58.23,75.01
13:12:55.525,66,57,1099.2,1546308557,-0.023,0.017,-0.073,59.42,74.98
13:12:56.524,67,58,1117.6,1546308558,0.017,-0.01,-0.083,60.88,74.95
13:12:57.524,68,58,1119.82,1546308559,0.023,-0.03,-0.073,60.84,74.95
13:12:58.525,69,57,1107.14,1546308560,0.033,-0.047,0.047,60.64,74.95
13:12:59.524,70,56,1087.2,1546308561,-0.01,-0.017,0.113,57.0,75.02
13:13:00.524,71,55,1065.16,1546308562,-0.017,-0.003,0.12,56.0,75.04
13:13:01.525,72,54,1043.7,1546308563,-0.01,0.017,0.067,55.0,75.05
13:13:02.524,73,53,1029.22,1546308564,0.007,-0.0,0.013,54.56,75.06
13:13:03.525,74,54,1034.44,1546308565,-0.017,-0.017,-0.02,55.8,75.03
13:13:04.525,75,55,1061.42,1546308566,-0.013,-0.017,-0.053,57.71,74.99
13:13:05.524,76,57,1102.96,1546308567,-0.023,0.003,-0.067,60.52,74.93
13:13:06.524,77,60,1162.18,1546308568,0.0,-0.003,-0.05,64.1,74.86
13:13:07.525,78,64,1226.92,1546308569,0.0,-0.017,-0.037,68.21,74.77
13:13:08.524,79,67,1290.5,1546308570,-0.007,-0.027,-0.003,70.95,74.71
13:13:09.524,80,70,1344.96,1546308571,0.003,0.01,0.007,73.92,74.65
13:13:10.524,81,72,1397.6,1546308572,0.027,0.02,0.003,77.73,74.57
13:13:11.525,82,75,1447.74,1546308573,0.037,0.01,-0.007,81.32,74.49
13:13:12.524,83,77,1492.0,1546308574,0.037,-0.03,-0.007,82.86,74.46
13:13:13.524,84,79,1523.88,1546308575,-0.017,-0.01,-0.03,81.42,74.48
13:13:14.524,85,80,1548.88,1546308576,0.007,0.033,-0.06,82.62,74.45
13:13:15.524,86,80,1566.42,1546308577,-0.037,0.067,-0.097,81.37,74.47
13:13:16.525,87,80,1563.74,1546308578,-0.03,0.048,-0.083,81.0,74.48
13:13:17.524,88,80,1547.64,1546308579,-0.04,0.005,-0.053,81.0,74.47
13:13:18.524,89,79,1513.68,1546308580,0.0,-0.015,0.077,80.0,74.49
13:13:19.525,90,75,1441.56,1546308581,0.027,0.01,0.243,78.16,74.52
13:13:20.525,91,69,1338.46,1546308582,0.033,0.067,0.423,72.64,74.63
13:13:21.524,92,63,1212.0,1546308583,-0.027,0.087,0.473,64.0,74.8
13:13:22.525,93,57,1095.16,1546308584,0.013,0.047,0.157,59.04,74.89
13:13:23.525,94,52,1007.02,1546308585,0.073,-0.04,-0.253,58.84,74.9
13:13:24.524,95,48,933.58,1546308586,0.12,-0.067,-0.593,58.6,74.9
13:13:25.525,96,46,898.8,1546308587,0.143,-0.053,-0.533,58.44,74.9
13:13:26.525,97,47,919.08,1546308588,0.112,-0.03,-0.367,58.65,74.89
13:13:27.524,98,50,966.46,1546308589,0.115,-0.037,-0.2,62.57,74.81
13:13:28.524,99,52,1013.92,1546308590,0.045,-0.05,-0.127,59.85,74.86
13:13:29.525,100,57,1096.38,1546308591,-0.027,-0.043,-0.08,62.26,74.81
13:13:30.524,101,61,1184.28,1546308592,-0.027,-0.057,-0.047,66.26,74.72
13:13:31.524,102,66,1266.98,1546308593,-0.047,-0.037,-0.01,70.83,74.63
13:13:32.525,103,69,1337.4,1546308594,0.017,-0.013,0.003,74.8,74.55
13:13:33.524,104,73,1404.72,1546308595,0.02,0.007,-0.073,75.6,74.53
13:13:39.294,1,0,0.0,1546308601,0.07,-0.037,-0.11,6.6,75.91
13:13:40.294,2,13,262.08,1546308602,0.057,-0.053,-0.113,31.95,75.4
13:13:41.294,3,27,535.52,1546308603,0.05,-0.037,-0.067,46.17,75.11
13:13:42.293,4,43,828.9,1546308604,0.027,-0.0,-0.047,61.2,74.81
13:13:43.294,5,59,1137.3,1546308605,0.013,-0.0,-0.043,76.77,74.49
13:13:44.293,6,76,1458.28,1546308606,0.023,-0.008,-0.053,87.82,74.27
13:13:45.294,7,78,1496.42,1546308607,0.013,-0.015,-0.19,80.81,74.4
13:13:46.294,8,77,1489.02,1546308608,0.033,0.008,-0.357,80.64,74.4
13:13:47.293,9,73,1408.88,1546308609,0.02,0.033,-0.543,75.6,74.5
13:13:48.294,10,66,1280.14,1546308610,0.027,0.06,-0.657,69.16,74.62
13:13:49.294,11,60,1149.38,1546308611,0.02,0.057,-0.663,62.6,74.75
13:13:50.294,12,54,1050.2,1546308612,0.073,0.033,-0.59,60.84,74.78
13:13:51.294,13,52,1001.18,1546308613,0.063,0.023,-0.387,58.04,74.84
13:13:52.293,14,53,1019.28,1546308614,0.067,0.013,-0.227,61.49,74.76
13:13:53.294,15,56,1086.56,1546308615,0.03,-0.0,0.013,62.93,74.73
13:13:54.293,16,60,1160.44,1546308616,0.07,-0.003,0.157,69.77,74.59
13:13:55.294,17,63,1213.52,1546308617,0.05,-0.047,0.297,70.38,74.58
13:13:56.294,18,65,1255.46,1546308618,0.01,-0.04,0.34,68.75,74.6
13:13:57.294,19,67,1291.4,1546308619,-0.023,-0.067,0.413,68.13,74.61
13:13:58.294,20,65,1260.72,1546308620,-0.007,-0.02,0.473,66.0,74.65
13:13:59.294,21,62,1193.74,1546308621,0.027,0.023,0.49,65.16,74.67
13:14:00.294,22,59,1141.74,1546308622,0.03,0.047,0.47,62.4,74.72
13:14:01.293,23,57,1092.78,1546308623,-0.01,0.017,0.397,58.0,74.8
13:14:02.294,24,54,1052.44,1546308624,-0.027,-0.013,0.253,55.0,74.86
13:14:03.294,25,56,1082.28,1546308625,-0.02,-0.047,0.13,59.49,74.77
13:14:04.293,26,60,1151.94,1546308626,0.01,-0.027,0.013,65.24,74.65
13:14:05.294,27,63,1219.94,1546308627,0.03,-0.053,-0.01,69.28,74.56
13:14:06.294,28,66,1267.32,1546308628,0.027,0.007,-0.027,70.23,74.54
13:14:07.294,29,65,1262.68,1546308629,0.053,0.047,0.01,70.24,74.54
13:14:08.294,30,62,1195.9,1546308630,0.06,0.093,0.007,67.8,74.58
13:14:09.293,31,55,1056.98,1546308631,0.053,0.063,0.007,60.24,74.73
13:14:10.294,32,44,860.28,1546308632,0.007,0.022,-0.003,45.56,75.02
13:14:11.293,33,33,635.54,1546308633,-0.017,-0.005,0.02,34.0,75.25
13:14:12.294,34,23,441.2,1546308634,-0.01,0.002,0.02,24.0,75.45
13:14:13.293,35,14,286.24,1546308635,0.003,0.003,0.0,15.24,75.62
13:14:14.294,36,8,158.38,1546308636,0.007,0.003,-0.01,9.56,75.74
13:14:15.294,37,4,84.96,1546308637,0.0,-0.003,-0.01,5.0,75.83
13:14:16.293,38,2,52.32,1546308638,0.0,-0.007,-0.01,3.0,75.87
13:14:17.294,39,1,24.36,1546308639,0.0,-0.003,-0.01,2.0,75.89
13:14:18.294,40,0,2.22,1546308640,0.0,-0.003,-0.01,1.0,75.91
13:14:19.294,41,0,2.22,1546308641,0.0,-0.0,-0.01,1.0,75.91
13:14:20.294,42,0,2.22,1546308642,0.003,-0.0,-0.01,1.0,75.91
13:14:21.293,43,0,2.22,1546308643,0.007,0.0,-0.017,1.0,75.91
13:14:22.294,44,0,2.22,1546308644,0.0,-0.0,-0.003,1.0,75.91
13:14:23.294,45,0,2.58,1546308645,-0.003,0.013,-0.003,1.0,75.91
13:14:24.293,46,2,39.94,1546308646,-0.003,-0.007,0.013,5.44,75.82
13:14:25.294,47,5,100.1,1546308647,0.033,-0.0,-0.017,12.11,75.68
13:14:26.294,48,9,178.56,1546308648,-0.017,-0.023,-0.047,14.2,75.64
13:14:27.294,49,13,268.0,1546308649,-0.037,-0.007,-0.113,18.52,75.55
13:14:28.294,50,18,359.32,1546308650,-0.067,-0.01,-0.147,22.85,75.47
13:14:29.294,51,22,422.04,1546308651,0.003,0.013,-0.143,25.93,75.4
13:14:30.293,52,24,466.76,1546308652,0.037,0.03,-0.083,29.87,75.32
13:14:31.294,53,26,498.62,1546308653,0.043,0.017,-0.007,31.82,75.28
13:14:32.294,54,27,522.0,1546308654,0.007,-0.0,0.043,29.67,75.32
13:14:33.294,55,28,543.08,1546308655,-0.02,-0.007,0.06,29.98,75.32
13:14:34.294,56,29,561.2,1546308656,-0.03,-0.003,0.04,30.79,75.3
13:14:35.294,57,30,574.8,1546308657,-0.01,-0.0,0.033,31.58,75.28
13:14:36.294,58,30,584.42,1546308658,-0.01,-0.007,0.017,31.39,75.28
13:14:37.293,59,30,590.24,1546308659,-0.01,0.003,0.013,31.11,75.29
13:14:38.294,60,30,588.86,1546308660,-0.003,0.003,-0.007,31.0,75.29
13:14:39.294,61,30,580.12,1546308661,0.04,-0.0,-0.007,34.2,75.22
13:14:40.293,62,29,559.38,1546308662,0.033,-0.017,-0.003,32.64,75.25
13:14:41.293,63,26,515.5,1546308663,0.017,-0.023,-0.007,28.36,75.34
13:14:42.294,64,24,468.42,1546308664,-0.04,-0.02,-0.02,25.0,75.4
13:14:43.294,65,21,420.72,1546308665,-0.03,-0.017,-0.02,22.0,75.46
13:14:44.293,66,19,376.22,1546308666,-0.037,-0.003,-0.013,20.0,75.5
13:14:45.294,67,18,348.2,1546308667,-0.02,-0.017,0.003,19.0,75.52
13:14:46.294,68,18,345.98,1546308668,-0.023,-0.01,0.0,19.0,75.52
13:14:47.293,69,18,345.76,1546308669,-0.02,-0.007,-0.01,19.0,75.52
13:14:48.294,70,18,345.76,1546308670,-0.01,0.013,-0.017,19.0,75.52
13:14:49.294,71,17,341.92,1546308671,-0.01,0.01,-0.013,18.0,75.53
13:14:50.294,72,17,328.46,1546308672,-0.005,0.003,0.0,18.0,75.53
13:14:51.294,73,16,307.3,1546308673,-0.015,-0.007,0.003,17.0,75.55
13:14:52.294,74,14,280.48,1546308674,-0.008,-0.003,0.0,15.0,75.59
13:14:53.294,75,13,253.86,1546308675,0.0,-0.01,-0.0,14.0,75.61
13:14:54.294,76,11,228.76,1546308676,0.007,-0.007,-0.003,12.56,75.64
13:14:55.294,77,10,200.04,1546308677,0.0,-0.003,-0.007,11.0,75.67
13:14:56.294,78,8,164.98,1546308678,-0.003,0.0,-0.007,9.0,75.71
13:14:57.294,79,7,135.04,1546308679,-0.003,0.0,-0.007,8.0,75.73
13:14:58.293,80,4,95.76,1546308680,0.0,0.0,-0.007,5.0,75.79
13:14:59.294,81,3,59.74,1546308681,0.0,-0.0,-0.01,4.0,75.81
13:15:00.294,82,1,32.2,1546308682,0.01,-0.003,-0.01,2.8,75.83
13:15:01.293,83,0,14.58,1546308683,0.013,-0.003,-0.01,1.0,75.87
13:15:02.294,84,0,0.0,1546308684,0.013,-0.003,-0.01,1.0,75.87
13:15:03.294,85,0,0.0,1546308685,0.007,-0.003,-0.01,1.0,75.87
13:15:04.294,86,0,0.0,1546308686,0.003,-0.003,-0.01,1.0,75.87
13:15:05.294,87,0,0.0,1546308687,0.003,-0.007,-0.01,1.0,75.87
13:15:06.294,88,0,0.0,1546308688,-0.0,-0.003,-0.01,1.0,75.87
13:15:07.294,89,0,0.0,1546308689,0.003,-0.003,-0.01,1.0,75.87
13:15:08.294,90,0,0.0,1546308690,0.003,-0.0,-0.01,1.0,75.87
13:15:09.294,91,0,0.0,1546308691,0.003,-0.0,-0.01,1.0,75.87
13:15:10.294,92,0,0.0,1546308692,0.0,-0.0,-0.01,1.0,75.87
13:15:11.294,93,0,0.0,1546308693,0.0,-0.0,-0.01,1.0,75.87
13:15:12.294,94,0,0.0,1546308694,0.0,-0.0,-0.01,1.0,75.87
13:15:13.294,95,0,0.0,1546308695,0.0,-0.0,-0.01,1.0,75.87
13:15:14.294,96,0,0.0,1546308696,0.0,-0.0,-0.01,1.0,75.87
13:15:15.294,97,0,0.0,1546308697,0.0,-0.0,-0.01,1.0,75.87
13:15:16.293,98,0,0.0,1546308698,0.0,-0.0,-0.01,1.0,75.87
13:15:17.294,99,0,0.0,1546308699,0.0,-0.0,-0.01,1.0,75.87
13:15:18.294,100,0,0.0,1546308700,0.0,-0.0,-0.01,1.0,75.87
13:15:19.294,101,0,0.0,1546308701,0.002,0.0,-0.01,1.0,75.87
Endurance 3,,0,0.0,1659127616,0.005,-0.0,-0.01,1.0,75.87
15:22:13.214,1003,0,0.0,1771946531,0.005,-0.0,-0.01,1.0,75.87
15:22:14.214,1004,0,0.0,1771946532,0.007,-0.0,-0.01,1.0,75.87
15:22:15.214,1005,0,0.0,1771946533,0.007,-0.0,-0.01,1.0,75.87
15:22:16.214,1006,0,0.0,1771946534,0.01,-0.0,-0.01,1.0,75.87
15:22:17.215,1007,0,0.0,1771946535,0.01,-0.0,-0.01,1.0,75.87
15:22:18.214,1008,0,0.0,1771946536,0.007,-0.0,-0.01,1.0,75.87
15:22:19.214,1009,0,0.0,1771946537,0.007,-0.0,-0.01,1.0,75.87
15:22:20.214,1010,0,0.0,1771946538,0.003,-0.0,-0.01,1.0,75.87
15:22:21.214,1011,0,0.0,1771946539,0.003,-0.0,-0.01,1.0,75.87
15:22:22.214,1012,0,0.0,1771946540,0.0,-0.0,-0.01,1.0,75.87
15:22:23.214,1013,0,0.0,1771946541,0.003,-0.0,-0.01,1.0,75.87
15:22:24.214,1014,0,0.0,1771946542,0.007,-0.0,-0.01,1.0,75.87
15:22:25.215,1015,0,0.0,1771946543,0.01,-0.0,-0.01,1.0,75.87
15:22:26.214,1016,0,0.0,1771946544,0.01,-0.0,-0.01,1.0,75.87
15:22:27.214,1017,0,0.0,1771946545,0.01,-0.0,-0.01,1.0,75.87
15:22:28.215,1018,0,0.0,1771946546,0.01,-0.0,-0.01,1.0,75.87
15:22:29.214,1019,0,0.0,1771946547,0.007,-0.0,-0.01,1.0,75.87
15:22:30.214,1020,0,0.0,1771946548,0.007,-0.0,-0.01,1.0,75.87
15:22:31.215,1021,0,0.0,1771946549,0.007,-0.0,-0.01,1.0,75.87
15:22:32.214,1022,0,0.0,1771946550,0.01,-0.0,-0.01,1.0,75.87
15:22:33.214,1023,0,0.0,1771946551,0.01,-0.0,-0.01,1.0,75.87
15:22:34.214,1024,0,0.0,1771946552,0.01,-0.0,-0.01,1.0,75.87
15:22:35.214,1025,0,0.0,1771946553,0.01,-0.0,-0.01,1.0,75.87
15:22:36.214,1026,0,0.0,1771946554,0.007,-0.0,-0.01,1.0,75.87
15:22:37.214,1027,0,0.0,1771946555,0.007,-0.0,-0.01,1.0,75.87
15:22:38.214,1028,0,0.0,1771946556,0.003,-0.003,-0.01,1.0,75.87
15:22:39.214,1029,0,0.0,1771946557,0.007,-0.003,-0.01,1.0,75.87
15:22:40.214,1030,0,0.0,1771946558,0.003,-0.003,-0.01,1.0,75.87
15:22:41.215,1031,0,0.0,1771946559,0.003,-0.0,-0.01,1.0,75.87
15:22:42.214,1032,0,0.0,1771946560,0.0,-0.0,-0.01,1.0,75.87
15:22:43.214,1033,0,0.0,1771946561,0.003,-0.0,-0.01,1.0,75.87
15:22:44.214,1034,0,0.0,1771946562,0.007,-0.0,-0.01,1.0,75.87
15:22:45.215,1035,0,0.0,1771946563,0.01,-0.0,-0.01,1.0,75.87
15:22:46.214,1036,0,0.0,1771946564,0.01,-0.0,-0.01,1.0,75.87
15:22:47.214,1037,0,0.0,1771946565,0.01,-0.0,-0.01,1.0,75.87
15:22:48.215,1038,0,0.0,1771946566,0.01,-0.0,-0.01,1.0,75.87
15:22:49.214,1039,0,0.0,1771946567,0.007,-0.0,-0.01,1.0,75.87
15:22:50.214,1040,0,0.0,1771946568,0.007,-0.0,-0.01,1.0,75.87
15:22:51.214,1041,0,0.0,1771946569,0.007,-0.0,-0.01,1.0,75.87
15:22:52.215,1042,0,0.0,1771946570,0.007,-0.0,-0.01,1.0,75.87
15:22:53.214,1043,0,0.0,1771946571,0.003,-0.0,-0.01,1.0,75.87
15:22:54.214,1044,0,0.0,1771946572,0.0,-0.0,-0.01,1.0,75.87
15:22:55.215,1045,0,0.0,1771946573,0.003,-0.0,-0.01,1.0,75.87
15:22:56.215,1046,0,0.0,1771946574,0.007,-0.0,-0.01,1.0,75.87
15:22:57.214,1047,0,0.0,1771946575,0.007,-0.0,-0.01,1.0,75.87
15:22:58.214,1048,0,0.0,1771946576,0.007,-0.0,-0.01,1.0,75.87
15:22:59.215,1049,0,0.0,1771946577,0.007,-0.0,-0.01,1.0,75.87
15:23:00.214,1050,0,0.0,1771946578,0.01,-0.0,-0.01,1.0,75.87
15:23:01.214,1051,0,0.0,1771946579,0.007,-0.0,-0.01,1.0,75.87
15:23:02.215,1052,0,0.0,1771946580,0.003,-0.0,-0.01,1.0,75.87
15:23:03.215,1053,0,0.0,1771946581,0.0,-0.0,-0.01,1.0,75.86
15:23:04.214,1054,0,0.0,1771946582,0.0,-0.0,-0.01,1.0,75.86
15:23:05.214,1055,0,0.0,1771946583,0.0,-0.0,-0.01,1.0,75.86
15:23:06.214,1056,0,0.0,1771946584,0.003,-0.0,-0.01,1.0,75.86
15:23:07.215,1057,0,0.0,1771946585,0.003,-0.0,-0.01,1.0,75.86
15:23:08.214,1058,0,0.0,1771946586,0.003,-0.0,-0.01,1.0,75.86
15:23:09.214,1059,0,0.0,1771946587,0.003,-0.0,-0.01,1.0,75.86
15:23:10.214,1060,0,0.0,1771946588,0.003,-0.0,-0.01,1.0,75.86
15:23:11.215,1061,0,0.0,1771946589,0.007,-0.0,-0.01,1.0,75.86
15:23:12.214,1062,0,0.0,1771946590,0.007,-0.0,-0.01,1.0,75.86
15:23:13.214,1063,0,0.0,1771946591,0.007,-0.0,-0.01,1.0,75.86
15:23:14.214,1064,0,0.0,1771946592,0.007,-0.0,-0.01,1.0,75.86
15:23:15.215,1065,0,0.0,1771946593,0.007,-0.0,-0.01,1.0,75.86
15:23:16.214,1066,0,0.0,1771946594,0.007,-0.0,-0.01,1.0,75.86
15:23:17.214,1067,0,0.0,1771946595,0.003,-0.0,-0.01,1.0,75.86
15:23:18.214,1068,0,0.0,1771946596,0.003,-0.0,-0.01,1.0,75.86
15:23:19.215,1069,0,0.0,1771946597,0.007,-0.0,-0.01,1.0,75.86
15:23:20.215,1070,0,0.0,1771946598,0.01,-0.0,-0.01,1.0,75.86
15:23:21.214,1071,0,0.0,1771946599,0.007,-0.0,-0.01,1.0,75.86
15:23:22.214,1072,0,0.0,1771946600,0.007,-0.0,-0.01,1.0,75.86
15:23:23.214,1073,0,0.0,1771946601,0.007,-0.0,-0.01,1.0,75.86
15:23:24.214,1074,0,0.0,1771946602,0.01,-0.0,-0.01,1.0,75.86
15:23:25.215,1075,0,0.0,1771946603,0.01,-0.0,-0.01,1.0,75.86
15:23:26.215,1076,0,0.0,1771946604,0.01,-0.0,-0.01,1.0,75.86
15:23:27.214,1077,0,0.0,1771946605,0.01,-0.0,-0.01,1.0,75.86
15:23:28.214,1078,0,0.0,1771946606,0.007,-0.0,-0.01,1.0,75.86
15:23:29.215,1079,0,0.0,1771946607,0.003,-0.0,-0.01,1.0,75.86
15:23:30.215,1080,0,0.0,1771946608,0.003,-0.0,-0.01,1.0,75.86
15:23:31.215,1081,0,0.0,1771946609,0.007,-0.0,-0.01,1.0,75.86
15:23:32.214,1082,0,0.0,1771946610,0.01,-0.0,-0.01,1.0,75.86
15:23:33.214,1083,0,0.0,1771946611,0.01,-0.0,-0.01,1.0,75.86
15:23:34.214,1084,0,0.0,1771946612,0.01,-0.0,-0.01,1.0,75.86
15:23:35.215,1085,0,0.0,1771946613,0.01,-0.0,-0.01,1.0,75.86
15:23:36.214,1086,0,0.0,1771946614,0.01,-0.0,-0.01,1.0,75.86
15:23:37.214,1087,0,0.0,1771946615,0.01,-0.0,-0.01,1.0,75.86
15:23:38.214,1088,0,0.0,1771946616,0.007,-0.0,-0.01,1.0,75.86
15:23:39.215,1089,0,0.0,1771946617,0.007,-0.0,-0.01,1.0,75.86
15:23:40.214,1090,0,0.0,1771946618,0.007,-0.0,-0.01,1.0,75.86
15:23:41.214,1091,0,0.0,1771946619,0.01,-0.0,-0.01,1.0,75.86
15:23:42.214,1092,0,0.0,1771946620,0.007,-0.0,-0.01,1.0,75.86
15:23:43.215,1093,0,0.0,1771946621,0.007,-0.0,-0.01,1.0,75.86
15:23:44.214,1094,0,0.0,1771946622,0.003,-0.0,-0.01,1.0,75.86
15:23:45.214,1095,0,0.0,1771946623,0.003,-0.0,-0.01,1.0,75.86
15:23:46.214,1096,0,0.0,1771946624,0.0,-0.0,-0.01,1.0,75.86
15:23:47.215,1097,0,0.0,1771946625,0.003,-0.0,-0.01,1.0,75.86
15:23:48.215,1098,0,0.0,1771946626,0.003,-0.0,-0.01,1.0,75.86
15:23:49.214,1099,0,0.0,1771946627,0.007,-0.0,-0.01,1.0,75.86
15:23:50.214,1100,0,0.0,1771946628,0.007,-0.003,-0.01,1.0,75.86
15:23:51.214,1101,0,0.0,1771946629,0.01,-0.003,-0.01,1.0,75.86
15:23:52.215,1102,0,0.0,1771946630,0.007,-0.003,-0.01,1.0,75.86
15:23:53.215,1103,0,0.0,1771946631,0.007,-0.0,-0.01,1.0,75.86
15:23:54.215,1104,0,0.0,1771946632,0.007,-0.0,-0.01,1.0,75.86
15:23:55.214,1105,0,0.0,1771946633,0.01,-0.0,-0.01,1.0,75.86
15:23:56.215,1106,0,0.0,1771946634,0.01,-0.0,-0.01,1.0,75.86
15:23:57.215,1107,0,0.0,1771946635,0.007,-0.0,-0.01,1.0,75.86
15:23:58.214,1108,0,0.0,1771946636,0.007,-0.0,-0.01,1.0,75.86
15:23:59.214,1109,0,0.0,1771946637,0.003,-0.0,-0.01,1.0,75.86
15:24:00.215,1110,0,0.0,1771946638,0.007,-0.0,-0.01,1.0,75.86
15:24:01.215,1111,0,0.0,1771946639,0.007,-0.0,-0.01,1.0,75.86
15:24:02.215,1112,0,0.0,1771946640,0.01,-0.0,-0.01,1.0,75.86
15:24:03.214,1113,0,0.0,1771946641,0.01,-0.0,-0.01,1.0,75.86
15:24:04.214,1114,0,0.0,1771946642,0.01,-0.0,-0.01,1.0,75.86
15:24:05.215,1115,0,0.0,1771946643,0.007,-0.0,-0.01,1.0,75.86
15:24:06.215,1116,0,0.0,1771946644,0.007,-0.0,-0.01,1.0,75.86
15:24:07.214,1117,0,0.0,1771946645,0.003,-0.0,-0.01,1.0,75.86
15:24:08.214,1118,0,0.0,1771946646,0.007,-0.0,-0.01,1.0,75.86
15:24:09.215,1119,0,0.0,1771946647,0.007,-0.0,-0.01,1.0,75.86
15:24:10.214,1120,0,0.0,1771946648,0.007,-0.0,-0.01,1.0,75.86
15:24:11.214,1121,0,0.0,1771946649,0.007,-0.0,-0.01,1.0,75.86
15:24:12.214,1122,0,0.0,1771946650,0.003,-0.0,-0.01,1.0,75.86
15:24:13.215,1123,0,0.0,1771946651,0.003,-0.0,-0.01,1.0,75.86
15:24:14.215,1124,0,0.0,1771946652,0.003,-0.0,-0.01,1.0,75.86
15:24:15.214,1125,0,0.0,1771946653,0.007,-0.0,-0.01,1.0,75.86
15:24:16.215,1126,0,0.0,1771946654,0.01,-0.0,-0.01,1.0,75.86
15:24:17.215,1127,0,0.0,1771946655,0.01,-0.0,-0.01,1.0,75.86
15:24:18.214,1128,0,0.0,1771946656,0.01,-0.0,-0.01,1.0,75.86
15:24:19.214,1129,0,0.0,1771946657,0.01,-0.0,-0.01,1.0,75.86
15:24:20.215,1130,0,0.0,1771946658,0.01,-0.0,-0.01,1.0,75.86
15:24:21.215,1131,0,0.0,1771946659,0.01,-0.0,-0.01,1.0,75.86
15:24:22.214,1132,0,0.0,1771946660,0.01,-0.0,-0.01,1.0,75.86
15:24:23.214,1133,0,0.0,1771946661,0.01,-0.0,-0.01,1.0,75.86
15:24:24.215,1134,0,0.0,1771946662,0.01,-0.0,-0.01,1.0,75.86
15:24:25.215,1135,0,0.0,1771946663,0.007,-0.0,-0.01,1.0,75.86
15:24:26.215,1136,0,0.0,1771946664,0.007,-0.0,-0.01,1.0,75.86
15:24:27.214,1137,0,0.0,1771946665,0.007,-0.0,-0.01,1.0,75.86
15:24:28.214,1138,0,0.0,1771946666,0.007,-0.0,-0.01,1.0,75.86
15:24:29.214,1139,0,0.0,1771946667,0.007,-0.0,-0.01,1.0,75.86
15:24:30.214,1140,0,0.0,1771946668,0.007,-0.0,-0.01,1.0,75.86
15:24:31.215,1141,0,0.0,1771946669,0.01,-0.0,-0.01,1.0,75.86
15:24:32.215,1142,0,0.0,1771946670,0.01,-0.0,-0.01,1.0,75.86
15:24:33.214,1143,0,0.0,1771946671,0.01,-0.0,-0.01,1.0,75.86
15:24:34.214,1144,0,0.0,1771946672,0.01,-0.0,-0.01,1.0,75.86
15:24:35.214,1145,0,0.0,1771946673,0.01,-0.0,-0.01,1.0,75.86
15:24:36.215,1146,0,0.0,1771946674,0.01,-0.0,-0.01,1.0,75.86
15:24:37.215,1147,0,0.0,1771946675,0.01,-0.0,-0.01,1.0,75.86
15:24:38.215,1148,0,0.0,1771946676,0.01,-0.0,-0.01,1.0,75.86
15:24:39.215,1149,0,0.0,1771946677,0.01,-0.0,-0.01,1.0,75.86
15:24:40.215,1150,0,0.0,1771946678,0.01,-0.0,-0.01,1.0,75.86
15:24:41.214,1151,0,0.0,1771946679,0.007,-0.0,-0.01,1.0,75.86
15:24:42.214,1152,0,0.0,1771946680,0.007,-0.0,-0.01,1.0,75.86
15:24:43.215,1153,0,0.0,1771946681,0.007,-0.0,-0.01,1.0,75.86
15:24:44.215,1154,0,0.0,1771946682,0.01,-0.0,-0.01,1.0,75.86
15:24:45.215,1155,0,0.0,1771946683,0.01,-0.0,-0.01,1.0,75.86
15:24:46.215,1156,0,0.0,1771946684,0.01,-0.0,-0.01,1.0,75.86
15:24:47.214,1157,0,0.0,1771946685,0.01,-0.0,-0.01,1.0,75.86
15:24:48.214,1158,0,0.0,1771946686,0.01,-0.0,-0.01,1.0,75.86
15:24:49.215,1159,0,0.0,1771946687,0.01,-0.0,-0.01,1.0,75.86
15:24:50.215,1160,0,0.0,1771946688,0.01,-0.0,-0.01,1.0,75.86
15:24:51.215,1161,0,0.0,1771946689,0.01,-0.0,-0.01,1.0,75.86
15:24:52.215,1162,0,0.0,1771946690,0.01,-0.0,-0.01,1.0,75.86
15:24:53.215,1163,0,0.0,1771946691,0.01,-0.0,-0.01,1.0,75.86
15:24:54.214,1164,0,0.0,1771946692,0.01,-0.0,-0.01,1.0,75.86
15:24:55.214,1165,0,0.0,1771946693,0.01,-0.0,-0.01,1.0,75.86
15:24:56.214,1166,0,0.0,1771946694,0.01,-0.0,-0.01,1.0,75.86
15:24:57.214,1167,0,0.0,1771946695,0.01,-0.0,-0.01,1.0,75.86
15:24:58.215,1168,0,0.0,1771946696,0.01,-0.0,-0.01,1.0,75.86
15:24:59.215,1169,0,0.0,1771946697,0.01,-0.0,-0.01,1.0,75.86
15:25:00.215,1170,0,0.0,1771946698,0.01,-0.0,-0.01,1.0,75.86
15:25:01.214,1171,0,0.0,1771946699,0.01,-0.0,-0.01,1.0,75.86
15:25:02.214,1172,0,0.0,1771946700,0.01,-0.0,-0.01,1.0,75.86
15:25:03.214,1173,0,0.0,1771946701,0.01,-0.0,-0.01,1.0,75.86
15:25:04.215,1174,0,0.0,1771946702,0.01,-0.0,-0.01,1.0,75.86
15:25:05.215,1175,0,0.0,1771946703,0.007,-0.0,-0.01,1.0,75.86
15:25:06.215,1176,0,0.0,1771946704,0.007,-0.0,-0.01,1.0,75.86
15:25:07.215,1177,0,0.0,1771946705,0.007,-0.0,-0.01,1.0,75.86
15:25:08.215,1178,0,0.0,1771946706,0.01,-0.0,-0.01,1.0,75.86
15:25:09.215,1179,0,0.0,1771946707,0.01,-0.0,-0.01,1.0,75.86
15:25:10.215,1180,0,0.0,1771946708,0.01,-0.0,-0.01,1.0,75.86
15:25:11.214,1181,0,0.0,1771946709,0.007,-0.0,-0.01,1.0,75.86
15:25:12.214,1182,0,0.0,1771946710,0.007,-0.0,-0.01,1.0,75.86
15:25:13.214,1183,0,0.0,1771946711,0.007,-0.0,-0.01,1.0,75.86
15:25:14.215,1184,0,0.0,1771946712,0.01,-0.0,-0.01,1.0,75.86
15:25:15.215,1185,0,0.0,1771946713,0.01,-0.0,-0.01,1.0,75.86
15:25:16.215,1186,0,0.0,1771946714,0.01,-0.0,-0.01,1.0,75.86
15:25:17.215,1187,0,0.0,1771946715,0.01,-0.0,-0.01,1.0,75.86
15:25:18.215,1188,0,0.0,1771946716,0.01,-0.0,-0.01,1.0,75.86
15:25:19.215,1189,0,0.0,1771946717,0.01,-0.0,-0.01,1.0,75.86
15:25:20.215,1190,0,0.0,1771946718,0.01,-0.0,-0.01,1.0,75.86
15:25:21.215,1191,0,0.0,1771946719,0.007,-0.0,-0.01,1.0,75.86
15:25:22.216,1192,0,0.0,1771946720,0.003,-0.0,-0.01,1.0,75.86
15:25:23.216,1193,0,0.0,1771946721,0.003,-0.0,-0.01,1.0,75.86
15:25:24.216,1194,0,0.0,1771946722,0.007,-0.0,-0.01,1.0,75.86
15:25:25.216,1195,0,0.0,1771946723,0.01,-0.0,-0.01,1.0,75.86
15:25:26.216,1196,0,0.0,1771946724,0.007,-0.0,-0.01,1.0,75.86
15:25:27.216,1197,0,0.0,1771946725,0.007,-0.0,-0.01,1.0,75.86
15:25:28.216,1198,0,0.0,1771946726,0.003,-0.0,-0.01,1.0,75.86
15:25:29.216,1199,0,0.0,1771946727,0.007,-0.0,-0.01,1.0,75.86
15:25:30.217,1200,0,0.0,1771946728,0.007,-0.0,-0.01,1.0,75.86
15:25:31.217,1201,0,0.0,1771946729,0.01,-0.0,-0.01,1.0,75.86
15:25:32.217,1202,0,0.0,1771946730,0.007,-0.0,-0.01,1.0,75.86
15:25:33.217,1203,0,0.0,1771946731,0.007,-0.0,-0.01,1.0,75.86
15:25:34.217,1204,0,0.0,1771946732,0.007,-0.0,-0.01,1.0,75.86
15:25:35.217,1205,0,0.0,1771946733,0.01,-0.0,-0.01,1.0,75.86
15:25:36.217,1206,0,0.0,1771946734,0.007,-0.0,-0.01,1.0,75.86
15:25:37.217,1207,0,0.0,1771946735,0.007,-0.0,-0.01,1.0,75.86
15:25:38.217,1208,0,0.0,1771946736,0.007,-0.0,-0.01,1.0,75.86
15:25:39.217,1209,0,0.0,1771946737,0.01,-0.0,-0.01,1.0,75.86
15:25:40.217,1210,0,0.0,1771946738,0.01,-0.0,-0.01,1.0,75.86
15:25:41.217,1211,0,0.0,1771946739,0.01,-0.0,-0.01,1.0,75.86
15:25:42.217,1212,0,0.0,1771946740,0.01,-0.0,-0.01,1.0,75.86
15:25:43.217,1213,0,0.0,1771946741,0.01,-0.0,-0.01,1.0,75.86
15:25:44.217,1214,0,0.0,1771946742,0.007,-0.0,-0.01,1.0,75.86
15:25:45.218,1215,0,0.0,1771946743,0.007,-0.0,-0.01,1.0,75.86
15:25:46.218,1216,0,0.0,1771946744,0.007,-0.0,-0.01,1.0,75.86
15:25:47.217,1217,0,0.0,1771946745,0.01,-0.0,-0.01,1.0,75.86
15:25:48.217,1218,0,0.0,1771946746,0.01,-0.0,-0.01,1.0,75.86
15:25:49.217,1219,0,0.0,1771946747,0.01,-0.0,-0.01,1.0,75.86
15:25:50.217,1220,0,0.0,1771946748,0.01,-0.003,-0.01,1.0,75.86
15:25:51.218,1221,0,0.0,1771946749,0.007,-0.003,-0.01,1.0,75.86
15:25:52.218,1222,0,0.0,1771946750,0.007,-0.003,-0.01,1.0,75.86
15:25:53.217,1223,0,0.0,1771946751,0.007,-0.003,-0.01,1.0,75.86
15:25:54.217,1224,0,0.0,1771946752,0.007,-0.003,-0.01,1.0,75.86
15:25:55.218,1225,0,0.0,1771946753,0.007,-0.007,-0.01,1.0,75.86
15:25:56.218,1226,0,0.0,1771946754,0.007,-0.003,-0.01,1.0,75.86
15:25:57.218,1227,0,0.0,1771946755,0.01,-0.003,-0.01,1.0,75.86
15:25:58.217,1228,0,0.0,1771946756,0.01,-0.0,-0.01,1.0,75.86
15:25:59.218,1229,0,0.0,1771946757,0.01,-0.0,-0.01,1.0,75.86
15:26:00.218,1230,0,0.0,1771946758,0.01,-0.0,-0.01,1.0,75.86
15:26:01.218,1231,0,0.0,1771946759,0.01,-0.0,-0.01,1.0,75.86
15:26:02.217,1232,0,0.0,1771946760,0.01,-0.0,-0.01,1.0,75.86
15:26:03.217,1233,0,0.0,1771946761,0.01,-0.0,-0.01,1.0,75.86
15:26:04.217,1234,0,0.0,1771946762,0.01,-0.0,-0.01,1.0,75.86
15:26:05.218,1235,0,0.0,1771946763,0.01,-0.0,-0.01,1.0,75.86
15:26:06.218,1236,0,0.0,1771946764,0.01,-0.0,-0.01,1.0,75.86
15:26:07.218,1237,0,0.0,1771946765,0.01,-0.0,-0.01,1.0,75.86
15:26:08.218,1238,0,0.0,1771946766,0.01,-0.0,-0.01,1.0,75.86
15:26:09.218,1239,0,0.0,1771946767,0.007,-0.0,-0.01,1.0,75.86
15:26:10.218,1240,0,0.0,1771946768,0.007,-0.0,-0.01,1.0,75.86
15:26:11.218,1241,0,0.0,1771946769,0.007,-0.0,-0.01,1.0,75.86
15:26:12.218,1242,0,0.0,1771946770,0.01,-0.0,-0.01,1.0,75.86
15:26:13.218,1243,0,0.0,1771946771,0.01,-0.0,-0.01,1.0,75.86
15:26:14.218,1244,0,0.0,1771946772,0.01,-0.0,-0.01,1.0,75.85
15:26:15.218,1245,0,0.0,1771946773,0.01,-0.0,-0.01,1.0,75.85
15:26:16.217,1246,0,0.0,1771946774,0.01,-0.0,-0.01,1.0,75.85
15:26:17.218,1247,0,0.0,1771946775,0.007,-0.0,-0.01,1.0,75.85
15:26:18.218,1248,0,0.0,1771946776,0.007,-0.0,-0.01,1.0,75.85
15:26:19.218,1249,0,0.0,1771946777,0.007,-0.0,-0.01,1.0,75.85
15:26:20.218,1250,0,0.0,1771946778,0.01,-0.0,-0.01,1.0,75.85
15:26:21.218,1251,0,0.0,1771946779,0.01,-0.0,-0.01,1.0,75.85
15:26:22.218,1252,0,0.0,1771946780,0.01,-0.0,-0.01,1.0,75.85
15:26:23.218,1253,0,0.0,1771946781,0.007,-0.0,-0.01,1.0,75.85
15:26:24.218,1254,0,0.0,1771946782,0.007,-0.0,-0.01,1.0,75.85
15:26:25.218,1255,0,0.0,1771946783,0.007,-0.0,-0.01,1.0,75.85
15:26:26.217,1256,0,0.0,1771946784,0.01,-0.0,-0.01,1.0,75.85
15:26:27.218,1257,0,0.0,1771946785,0.01,-0.0,-0.01,1.0,75.85
15:26:28.218,1258,0,0.0,1771946786,0.01,-0.0,-0.01,1.0,75.85
15:26:29.218,1259,0,0.0,1771946787,0.01,-0.003,-0.01,1.0,75.85
15:26:30.218,1260,0,0.0,1771946788,0.01,-0.003,-0.01,1.0,75.85
15:26:31.218,1261,0,0.0,1771946789,0.01,-0.003,-0.01,1.0,75.85
15:26:32.218,1262,0,0.0,1771946790,0.01,-0.0,-0.01,1.0,75.85
15:26:33.218,1263,0,0.0,1771946791,0.01,-0.0,-0.01,1.0,75.85
15:26:34.218,1264,0,0.0,1771946792,0.01,-0.0,-0.01,1.0,75.85
15:26:35.218,1265,0,0.0,1771946793,0.01,-0.0,-0.01,1.0,75.85
15:26:36.218,1266,0,0.0,1771946794,0.01,-0.0,-0.01,1.0,75.85
15:26:37.218,1267,0,0.0,1771946795,0.01,-0.0,-0.01,1.0,75.85
15:26:38.218,1268,0,0.0,1771946796,0.01,-0.0,-0.01,1.0,75.85
15:26:39.218,1269,0,0.0,1771946797,0.01,-0.0,-0.01,1.0,75.85
15:26:40.218,1270,0,0.0,1771946798,0.007,-0.0,-0.01,1.0,75.85
15:26:41.218,1271,0,0.0,1771946799,0.007,-0.0,-0.01,1.0,75.85
15:26:42.218,1272,0,0.0,1771946800,0.003,-0.0,-0.01,1.0,75.85
15:26:43.218,1273,0,0.0,1771946801,0.007,-0.003,-0.01,1.0,75.85
15:26:44.218,1274,0,0.0,1771946802,0.007,-0.003,-0.01,1.0,75.85
15:26:45.218,1275,0,0.0,1771946803,0.01,-0.007,-0.01,1.0,75.85
15:26:46.218,1276,0,0.0,1771946804,0.01,-0.003,-0.01,1.0,75.85
15:26:47.218,1277,0,0.0,1771946805,0.01,-0.003,-0.01,1.0,75.85
15:26:48.218,1278,0,0.0,1771946806,0.01,-0.0,-0.01,1.0,75.85
15:26:49.218,1279,0,0.0,1771946807,0.01,-0.0,-0.01,1.0,75.85
15:26:50.218,1280,0,0.0,1771946808,0.01,-0.0,-0.01,1.0,75.85
15:26:51.218,1281,0,0.0,1771946809,0.01,-0.0,-0.01,1.0,75.85
15:26:52.218,1282,0,0.0,1771946810,0.01,-0.0,-0.01,1.0,75.85
15:26:53.218,1283,0,0.0,1771946811,0.01,-0.0,-0.01,1.0,75.85
15:26:54.218,1284,0,0.0,1771946812,0.01,-0.0,-0.01,1.0,75.85
15:26:55.218,1285,0,0.0,1771946813,0.01,-0.0,-0.01,1.0,75.85
15:26:56.218,1286,0,0.0,1771946814,0.01,-0.0,-0.01,1.0,75.85
15:26:57.218,1287,0,0.0,1771946815,0.01,-0.0,-0.01,1.0,75.85
15:26:58.218,1288,0,0.0,1771946816,0.01,-0.0,-0.01,1.0,75.85
15:26:59.218,1289,0,0.0,1771946817,0.01,-0.0,-0.01,1.0,75.85
15:27:00.218,1290,0,0.0,1771946818,0.01,-0.0,-0.01,1.0,75.85
15:27:01.218,1291,0,0.0,1771946819,0.007,-0.0,-0.01,1.0,75.85
15:27:02.218,1292,0,0.0,1771946820,0.007,-0.0,-0.01,1.0,75.85
15:27:03.218,1293,0,0.0,1771946821,0.007,-0.0,-0.01,1.0,75.85
15:27:04.218,1294,0,0.0,1771946822,0.01,-0.0,-0.01,1.0,75.85
15:27:05.218,1295,0,0.0,1771946823,0.01,-0.0,-0.01,1.0,75.85
15:27:06.218,1296,0,0.0,1771946824,0.01,-0.0,-0.01,1.0,75.85
15:27:07.218,1297,0,0.0,1771946825,0.01,-0.0,-0.01,1.0,75.85
15:27:08.218,1298,0,0.0,1771946826,0.01,-0.003,-0.01,1.0,75.85
15:27:09.218,1299,0,0.0,1771946827,0.01,-0.003,-0.01,1.0,75.85
15:27:10.218,1300,0,0.0,1771946828,0.01,-0.003,-0.01,1.0,75.85
15:27:11.218,1301,0,0.0,1771946829,0.01,-0.0,-0.01,1.0,75.85
15:27:12.218,1302,0,0.0,1771946830,0.01,-0.0,-0.01,1.0,75.85
15:27:13.218,1303,0,0.0,1771946831,0.01,-0.0,-0.01,1.0,75.85
15:27:14.218,1304,0,0.0,1771946832,0.01,-0.0,-0.01,1.0,75.85
15:27:15.218,1305,0,0.0,1771946833,0.01,-0.0,-0.01,1.0,75.85
15:27:16.218,1306,0,0.0,1771946834,0.01,-0.0,-0.01,1.0,75.85
15:27:17.218,1307,0,0.0,1771946835,0.01,-0.0,-0.01,1.0,75.85
15:27:18.218,1308,0,0.0,1771946836,0.01,-0.003,-0.01,1.0,75.85
15:27:19.218,1309,0,0.0,1771946837,0.01,-0.003,-0.01,1.0,75.85
15:27:20.218,1310,0,0.0,1771946838,0.01,-0.003,-0.01,1.0,75.85
15:27:21.218,1311,0,0.0,1771946839,0.007,-0.003,-0.01,1.0,75.85
15:27:22.218,1312,0,0.0,1771946840,0.007,-0.003,-0.01,1.0,75.85
15:27:23.218,1313,0,0.0,1771946841,0.003,-0.007,-0.01,1.0,75.85
15:27:24.219,1314,0,0.0,1771946842,0.003,-0.003,-0.01,1.0,75.85
15:27:25.218,1315,0,0.0,1771946843,0.0,-0.003,-0.01,1.0,75.85
15:27:26.218,1316,0,0.0,1771946844,0.003,-0.003,-0.01,1.0,75.85
15:27:27.218,1317,0,0.0,1771946845,0.007,-0.003,-0.01,1.0,75.85
15:27:28.218,1318,0,0.0,1771946846,0.01,-0.003,-0.01,1.0,75.85
15:27:29.219,1319,0,0.0,1771946847,0.01,-0.003,-0.01,1.0,75.85
15:27:30.218,1320,0,0.0,1771946848,0.01,-0.003,-0.01,1.0,75.85
15:27:31.218,1321,0,0.0,1771946849,0.01,-0.007,-0.01,1.0,75.85
15:27:32.218,1322,0,0.0,1771946850,0.01,-0.003,-0.01,1.0,75.85
15:27:33.218,1323,0,0.0,1771946851,0.01,-0.003,-0.01,1.0,75.85
15:27:34.218,1324,0,0.0,1771946852,0.01,-0.0,-0.01,1.0,75.85
15:27:35.218,1325,0,0.0,1771946853,0.01,-0.0,-0.01,1.0,75.85
15:27:36.218,1326,0,0.0,1771946854,0.01,-0.0,-0.01,1.0,75.85
15:27:37.218,1327,0,0.0,1771946855,0.01,-0.0,-0.01,1.0,75.85
15:27:38.219,1328,0,0.0,1771946856,0.01,-0.0,-0.01,1.0,75.85
15:27:39.218,1329,0,0.0,1771946857,0.007,0.003,-0.01,1.0,75.85
15:27:40.218,1330,0,0.0,1771946858,0.0,-0.003,-0.01,1.0,75.85
15:27:41.218,1331,0,0.0,1771946859,-0.003,0.01,-0.017,1.0,75.85
15:27:42.219,1332,0,0.0,1771946860,0.0,0.003,-0.017,1.0,75.85
15:27:43.218,1333,0,0.0,1771946861,0.007,0.01,-0.017,1.0,75.85
15:27:44.218,1334,0,0.0,1771946862,0.01,-0.003,-0.01,1.0,75.85
15:27:45.218,1335,0,0.0,1771946863,0.01,-0.003,-0.01,1.0,75.85
15:27:46.218,1336,0,0.0,1771946864,0.01,-0.003,-0.01,1.0,75.85
15:27:47.218,1337,0,0.0,1771946865,0.01,-0.003,-0.01,1.0,75.85
15:27:48.218,1338,0,0.0,1771946866,0.01,-0.0,-0.01,1.0,75.85
15:27:49.219,1339,0,0.0,1771946867,0.01,-0.0,-0.01,1.0,75.85
15:27:50.218,1340,0,0.0,1771946868,0.01,-0.003,-0.01,1.0,75.85
15:27:51.218,1341,0,0.0,1771946869,0.01,-0.007,-0.01,1.0,75.85
15:27:52.218,1342,0,0.0,1771946870,0.01,-0.01,-0.01,1.0,75.85
15:27:53.218,1343,0,0.0,1771946871,0.01,-0.013,-0.01,1.0,75.85
15:27:54.219,1344,0,0.0,1771946872,0.01,-0.013,-0.03,1.0,75.85
15:27:55.218,1345,0,0.02,1771946873,0.017,-0.013,-0.06,1.0,75.85
15:27:56.218,1346,0,18.5,1771946874,0.013,-0.01,-0.087,1.0,75.85
15:27:57.219,1347,2,55.04,1771946875,0.03,-0.0,-0.087,7.55,75.72
15:27:58.218,1348,5,104.54,1771946876,0.027,0.01,-0.053,10.83,75.65
15:27:59.218,1349,8,161.9,1771946877,0.027,0.007,-0.01,14.16,75.58
15:28:00.218,1350,11,224.62,1771946878,0.013,-0.0,0.023,15.76,75.55
15:28:01.219,1351,14,270.78,1771946879,0.003,-0.003,0.037,17.04,75.53
15:28:02.218,1352,15,296.82,1771946880,-0.003,-0.0,0.043,16.9,75.53
15:28:03.218,1353,16,306.64,1771946881,-0.003,0.007,0.033,17.19,75.52
15:28:04.218,1354,15,304.52,1771946882,0.01,0.013,0.023,16.8,75.53
15:28:05.219,1355,15,293.64,1771946883,0.02,0.01,-0.003,17.6,75.51
15:28:06.218,1356,14,277.62,1771946884,0.007,-0.007,-0.007,15.56,75.55
15:28:07.218,1357,13,267.5,1771946885,0.007,-0.017,-0.02,14.56,75.57
15:28:08.219,1358,13,263.66,1771946886,-0.007,-0.013,-0.017,14.0,75.58
15:28:09.219,1359,13,265.1,1771946887,0.007,-0.007,0.0,14.66,75.57
15:28:10.218,1360,13,267.74,1771946888,-0.013,-0.007,0.01,14.13,75.58
15:28:11.218,1361,14,270.12,1771946889,0.003,-0.007,0.017,15.24,75.55
15:28:12.218,1362,13,265.14,1771946890,-0.01,-0.007,0.003,14.0,75.58
15:28:13.218,1363,13,253.92,1771946891,0.01,-0.0,-0.01,14.8,75.56
15:28:14.219,1364,12,246.72,1771946892,0.013,0.007,-0.017,14.04,75.57
15:28:15.219,1365,13,250.26,1771946893,0.02,-0.0,-0.013,16.07,75.53
15:28:16.218,1366,13,265.6,1771946894,0.013,-0.007,-0.007,15.97,75.53
15:28:17.218,1367,15,287.44,1771946895,0.01,-0.01,-0.007,18.1,75.49
15:28:18.219,1368,16,317.74,1771946896,0.007,-0.01,-0.013,18.9,75.47
15:28:19.218,1369,17,340.98,1771946897,-0.007,-0.017,0.0,18.88,75.47
15:28:20.218,1370,18,353.1,1771946898,0.0,-0.017,0.0,19.46,75.46
15:28:21.218,1371,18,359.56,1771946899,0.003,-0.01,-0.033,19.81,75.45
15:28:22.219,1372,19,375.72,1771946900,0.017,-0.007,-0.047,22.1,75.41
15:28:23.218,1373,20,389.12,1771946901,0.007,-0.017,-0.053,22.2,75.4
15:28:24.218,1374,20,401.38,1771946902,0.013,-0.013,-0.023,22.65,75.39
15:28:25.218,1375,21,413.7,1771946903,0.02,-0.003,-0.033,24.09,75.36
15:28:26.218,1376,21,420.88,1771946904,0.02,0.01,-0.017,23.6,75.37
15:28:27.218,1377,21,412.38,1771946905,0.017,-0.003,-0.013,23.36,75.37
15:28:28.219,1378,20,399.84,1771946906,0.01,-0.01,0.007,21.8,75.4
15:28:29.219,1379,20,390.3,1771946907,0.01,-0.007,-0.007,21.8,75.4
15:28:30.218,1380,20,385.36,1771946908,0.017,0.01,0.0,22.36,75.39
15:28:31.218,1381,19,380.36,1771946909,0.03,0.013,-0.01,22.4,75.39
15:28:32.218,1382,19,375.58,1771946910,0.027,0.003,0.003,22.16,75.39
15:28:33.218,1383,19,369.9,1771946911,0.017,0.01,0.007,21.36,75.41
15:28:34.219,1384,19,363.94,1771946912,-0.007,0.013,0.02,20.0,75.43
15:28:35.218,1385,18,352.84,1771946913,-0.003,0.01,0.013,19.0,75.45
15:28:36.218,1386,17,341.42,1771946914,-0.003,-0.003,-0.003,18.0,75.47
15:28:37.219,1387,17,329.7,1771946915,0.003,-0.013,-0.013,18.24,75.47
15:28:38.219,1388,17,333.28,1771946916,0.013,-0.003,-0.023,19.4,75.44
15:28:39.218,1389,17,344.16,1771946917,0.027,-0.0,-0.02,20.96,75.41
15:28:40.218,1390,19,365.36,1771946918,0.007,-0.003,-0.023,21.95,75.39
15:28:41.218,1391,20,399.74,1771946919,0.01,-0.013,-0.023,23.79,75.35
15:28:42.219,1392,23,444.78,1771946920,-0.007,-0.017,0.02,25.88,75.31
15:28:43.219,1393,24,474.78,1771946921,0.023,-0.017,0.09,28.05,75.26
15:28:44.218,1394,25,493.04,1771946922,0.02,-0.02,0.05,28.2,75.26
15:28:45.218,1395,26,498.62,1771946923,0.043,-0.013,0.007,30.54,75.21
15:28:46.218,1396,25,497.02,1771946924,0.053,-0.023,-0.033,30.24,75.21
15:28:47.219,1397,25,487.38,1771946925,0.053,-0.017,0.033,30.24,75.21
15:28:48.219,1398,24,477.06,1771946926,0.03,-0.023,0.02,27.4,75.27
15:28:49.218,1399,24,468.96,1771946927,0.027,-0.01,-0.023,27.16,75.27
15:28:50.218,1400,24,463.48,1771946928,0.007,-0.017,-0.027,25.56,75.3
15:28:51.218,1401,23,452.64,1771946929,0.0,-0.017,-0.003,24.0,75.33
15:28:52.219,1402,22,439.94,1771946930,-0.017,-0.023,-0.003,23.0,75.35
15:28:53.219,1403,22,428.22,1771946931,-0.01,-0.003,-0.023,23.0,75.35
15:28:54.218,1404,21,417.16,1771946932,-0.007,0.007,-0.003,22.0,75.37
15:28:55.218,1405,21,407.28,1771946933,0.0,0.01,0.063,22.0,75.37
15:28:56.219,1406,20,397.74,1771946934,0.01,0.003,0.11,21.8,75.37
15:28:57.219,1407,20,386.6,1771946935,0.02,-0.003,0.127,22.6,75.35
15:28:58.218,1408,19,380.08,1771946936,0.017,0.013,0.15,21.36,75.38
15:28:59.218,1409,19,373.0,1771946937,0.01,-0.003,0.158,20.8,75.39
15:29:00.219,1410,19,372.64,1771946938,0.033,-0.0,0.145,22.79,75.35
15:29:01.219,1411,19,378.88,1771946939,0.037,-0.01,0.032,23.25,75.34
15:29:02.219,1412,20,384.36,1771946940,0.05,0.003,-0.09,25.29,75.29
15:29:03.218,1413,20,390.62,1771946941,0.03,-0.007,-0.17,23.85,75.32
15:29:04.218,1414,21,402.24,1771946942,0.037,0.003,-0.183,25.32,75.29
15:29:05.218,1415,21,404.9,1771946943,0.03,0.007,-0.153,24.49,75.31
15:29:06.219,1416,21,405.92,1771946944,0.037,0.023,-0.147,25.17,75.29
15:29:07.219,1417,21,413.22,1771946945,0.03,0.023,-0.13,24.64,75.3
15:29:08.218,1418,21,415.32,1771946946,0.03,0.017,-0.143,24.56,75.3
15:29:09.218,1419,21,419.76,1771946947,0.017,-0.007,-0.137,23.7,75.32
15:29:10.218,1420,22,428.88,1771946948,0.027,-0.03,-0.12,25.5,75.28
15:29:11.218,1421,22,433.48,1771946949,0.01,-0.017,-0.09,23.9,75.31
15:29:12.219,1422,22,433.06,1771946950,0.03,-0.0,-0.073,25.4,75.28
15:29:13.219,1423,22,433.36,1771946951,0.007,0.007,-0.05,23.58,75.31
15:29:14.218,1424,22,433.66,1771946952,0.007,-0.007,-0.033,23.56,75.31
15:29:15.218,1425,22,427.86,1771946953,0.0,-0.01,-0.017,23.0,75.32
15:29:16.219,1426,22,421.72,1771946954,0.01,-0.007,-0.023,23.8,75.31
15:29:17.219,1427,21,415.74,1771946955,0.007,0.01,-0.017,22.56,75.33
15:29:18.218,1428,21,404.84,1771946956,-0.003,0.007,-0.013,22.0,75.34
15:29:19.218,1429,20,392.08,1771946957,-0.023,0.01,-0.017,21.0,75.36
15:29:20.219,1430,19,379.92,1771946958,-0.01,-0.007,-0.05,20.0,75.38
15:29:21.219,1431,19,371.46,1771946959,-0.02,-0.0,-0.083,20.0,75.38
15:29:22.218,1432,19,368.02,1771946960,-0.003,0.003,-0.107,20.0,75.37
15:29:23.219,1433,19,366.72,1771946961,0.01,-0.003,-0.113,20.84,75.36
15:29:24.219,1434,19,369.44,1771946962,0.03,-0.0,-0.12,22.55,75.32
15:29:25.218,1435,19,372.64,1771946963,0.027,-0.0,-0.12,22.3,75.33
15:29:26.219,1436,19,375.0,1771946964,-0.003,0.01,-0.11,20.04,75.37
15:29:27.219,1437,19,374.32,1771946965,-0.017,-0.0,-0.1,20.04,75.37
15:29:28.218,1438,19,376.42,1771946966,-0.01,0.023,-0.097,20.1,75.37
15:29:29.218,1439,19,378.26,1771946967,0.02,0.027,-0.09,21.73,75.33
15:29:30.219,1440,19,381.5,1771946968,0.027,0.04,-0.08,22.32,75.32
15:29:31.219,1441,20,384.64,1771946969,0.023,-0.0,-0.073,23.0,75.3
15:29:32.218,1442,20,387.76,1771946970,0.003,-0.01,-0.087,21.28,75.34
15:29:33.219,1443,20,386.06,1771946971,0.0,-0.03,-0.127,21.0,75.34
15:29:34.219,1444,19,379.34,1771946972,0.01,-0.017,-0.183,20.8,75.35
15:29:35.218,1445,19,370.58,1771946973,0.023,-0.01,-0.213,21.84,75.32
15:29:36.218,1446,18,360.6,1771946974,0.02,-0.003,-0.227,72.6,74.3
15:29:37.219,1447,17,2450.4,1771946975,0.02,-0.02,-0.217,71.5,74.32
15:29:38.219,1448,17,2436.46,1771946976,0.02,-0.017,-0.213,19.6,75.36
15:29:39.218,1449,16,2420.62,1771946977,0.037,-0.023,-0.2,19.96,75.35
15:29:40.219,1450,15,2407.06,1771946978,0.047,-0.007,-0.19,19.76,75.35
15:29:41.219,1451,15,2392.1,1771946979,0.04,-0.01,-0.187,19.2,75.36
15:29:42.219,1452,14,274.82,1771946980,0.027,-0.013,-0.193,17.16,75.4
15:29:43.218,1453,13,261.56,1771946981,0.013,-0.02,-0.193,15.04,75.45
15:29:44.219,1454,13,255.38,1771946982,0.013,-0.023,-0.19,15.04,75.45
15:29:45.219,1455,13,253.18,1771946983,0.0,-0.01,-0.15,14.05,75.46
15:29:46.219,1456,13,257.44,1771946984,-0.003,-0.0,-0.08,14.54,75.45
15:29:47.218,1457,14,274.8,1771946985,-0.003,-0.0,0.02,16.06,75.42
15:29:48.219,1458,15,299.88,1771946986,-0.003,-0.003,0.08,17.22,75.4
15:29:49.219,1459,16,323.76,1771946987,-0.01,-0.01,0.09,17.98,75.38
15:29:50.219,1460,17,339.04,1771946988,-0.017,-0.01,0.073,18.6,75.37
15:29:51.218,1461,18,347.78,1771946989,-0.007,-0.0,0.07,19.24,75.36
15:29:52.218,1462,18,348.48,1771946990,-0.003,-0.0,0.08,19.0,75.36
15:29:53.219,1463,18,347.26,1771946991,0.007,0.01,0.087,19.56,75.35
15:29:54.219,1464,18,344.94,1771946992,0.02,0.003,0.09,20.64,75.32
15:29:55.218,1465,18,348.7,1771946993,0.017,0.01,0.09,20.63,75.32
15:29:56.218,1466,18,355.66,1771946994,-0.003,-0.0,0.077,19.25,75.35
15:29:57.219,1467,18,358.74,1771946995,-0.017,-0.003,0.062,19.0,75.35
15:29:58.219,1468,18,347.7,1771946996,-0.013,-0.013,0.045,19.0,75.35
15:29:59.219,1469,17,330.26,1771946997,-0.003,-0.01,0.025,18.0,75.37
15:30:00.218,1470,17,326.66,1771946998,-0.01,-0.007,0.01,18.0,75.37
15:30:01.219,1471,17,326.96,1771946999,-0.013,0.003,-0.003,18.17,75.37
15:30:02.219,1472,17,333.38,1771947000,0.013,0.007,-0.002,19.53,75.34
15:30:03.219,1473,18,346.6,1771947001,0.01,0.01,-0.005,20.56,75.32
15:30:04.218,1474,19,363.9,1771947002,0.007,0.008,-0.005,20.56,75.32
15:30:06.057,1080933501,0,0.0,1771947004,-0.018,0.005,-0.003,1.0,75.71
15:30:07.056,3879058500,0,0.0,1771947006,-0.006,0.003,-0.0,1.0,75.71
15:30:08.056,3019717771,0,0.0,1771947008,0.006,0.003,-0.0,1.0,75.71
15:30:09.057,394017803,0,0.0,1771947010,0.018,0.007,0.0,1.0,75.71
15:30:14.219,1484,17,331.1,1771947012,0.019,0.002,-0.007,27.8,75.17
15:30:15.219,1485,17,331.3,1771947013,0.017,-0.003,-0.01,19.36,75.34
15:30:16.218,1486,17,329.22,1771947014,0.013,-0.0,-0.023,19.04,75.34
15:30:17.219,1487,16,324.88,1771947015,0.03,-0.003,-0.023,68.19,74.36
15:30:18.218,1488,16,2280.64,1771947016,0.02,-0.003,-0.04,67.32,74.37
15:30:19.219,1489,16,2273.54,1771947017,0.033,-0.013,-0.057,19.64,75.32
15:30:20.219,1490,16,2274.76,1771947018,0.01,-0.02,-0.073,17.95,75.36
15:30:21.219,1491,16,2279.68,1771947019,0.01,-0.02,-0.07,18.1,75.35
15:30:22.219,1492,16,2286.74,1771947020,-0.017,-0.007,-0.03,17.0,75.37
15:30:23.219,1493,16,325.48,1771947021,-0.017,0.013,-0.047,17.0,75.37
15:30:24.219,1494,17,326.48,1771947022,0.003,0.017,-0.06,18.24,75.35
15:30:25.219,1495,16,322.96,1771947023,0.013,0.01,-0.003,18.04,75.35
15:30:26.218,1496,16,322.0,1771947024,0.017,-0.01,0.213,18.36,75.34
15:30:27.219,1497,16,322.06,1771947025,0.007,-0.007,0.197,17.77,75.35
15:30:28.219,1498,17,330.48,1771947026,0.007,-0.02,0.063,18.94,75.33
15:30:29.218,1499,17,337.3,1771947027,-0.007,-0.007,-0.143,18.49,75.34
15:30:30.219,1500,18,350.06,1771947028,-0.003,0.003,-0.053,19.66,75.31
15:30:31.219,1501,18,363.54,1771947029,0.013,0.03,0.14,20.82,75.29
15:30:32.218,1502,19,381.4,1771947030,0.04,0.033,0.237,23.98,75.22
15:30:33.219,1503,20,394.7,1771947031,0.043,0.023,0.227,24.96,75.2
15:30:34.219,1504,21,402.22,1771947032,0.013,0.01,0.1,23.21,75.24
15:30:35.219,1505,20,401.54,1771947033,0.007,0.007,0.04,21.56,75.27
15:30:36.219,1506,20,389.1,1771947034,0.02,0.01,0.017,22.6,75.25
15:30:37.219,1507,19,369.1,1771947035,0.037,0.007,0.03,22.96,75.24
15:30:38.219,1508,18,356.42,1771947036,0.03,-0.0,0.003,21.4,75.27
15:30:39.219,1509,18,355.16,1771947037,0.007,-0.01,-0.04,19.56,75.3
15:30:40.219,1510,18,354.8,1771947038,0.013,-0.003,-0.053,20.04,75.29
15:30:41.219,1511,18,354.52,1771947039,0.02,-0.003,-0.047,20.6,75.28
15:30:42.219,1512,18,346.18,1771947040,0.017,-0.003,-0.027,20.36,75.28
15:30:43.219,1513,17,328.16,1771947041,0.007,-0.017,-0.037,18.56,75.32
15:30:44.219,1514,15,298.68,1771947042,0.003,-0.013,-0.02,16.24,75.36
15:30:45.218,1515,13,263.36,1771947043,0.01,-0.017,-0.01,14.8,75.39
15:30:46.219,1516,12,238.12,1771947044,0.01,-0.02,-0.013,13.8,75.41
15:30:47.219,1517,11,223.36,1771947045,0.013,-0.027,-0.023,13.04,75.43
15:30:48.219,1518,11,228.18,1771947046,-0.01,-0.017,-0.017,13.06,75.43
15:30:49.219,1519,13,265.72,1771947047,-0.03,0.003,-0.013,16.12,75.36
15:30:50.219,1520,16,312.9,1771947048,-0.03,0.013,-0.017,19.08,75.3
15:30:51.219,1521,18,349.04,1771947049,-0.017,0.003,-0.03,20.78,75.27
15:30:52.219,1522,20,384.16,1771947050,-0.007,-0.017,-0.027,22.32,75.24
15:30:53.219,1523,20,401.8,1771947051,-0.013,-0.02,-0.013,21.07,75.26
15:30:54.219,1524,20,386.86,1771947052,0.0,-0.013,-0.027,69.52,74.29
15:30:55.219,1525,19,2342.6,1771947053,0.003,-0.007,-0.013,68.58,74.3
15:30:56.219,1526,18,2320.4,1771947054,0.0,-0.007,-0.023,19.0,75.29
15:30:57.219,1527,17,2297.96,1771947055,-0.007,-0.007,0.0,18.0,75.31
15:30:58.219,1528,16,2278.34,1771947056,-0.007,-0.01,-0.01,17.0,75.33
15:30:59.219,1529,15,2260.58,1771947057,-0.003,-0.007,-0.003,16.0,75.35
15:31:00.219,1530,14,272.1,1771947058,-0.013,-0.007,0.003,15.0,75.37
15:31:01.219,1531,14,275.72,1771947059,-0.01,-0.007,0.05,15.35,75.36
15:31:02.219,1532,14,286.14,1771947060,-0.003,-0.013,-0.1,15.56,75.36
15:31:03.219,1533,15,298.0,1771947061,0.01,-0.027,-0.09,17.59,75.32
15:31:04.219,1534,16,317.7,1771947062,0.003,-0.017,0.06,18.29,75.3
15:31:05.219,1535,17,340.14,1771947063,0.017,-0.007,0.077,20.27,75.26
15:31:06.219,1536,18,354.04,1771947064,0.02,-0.0,0.017,20.63,75.25
15:31:07.219,1537,17,341.16,1771947065,0.017,-0.003,-0.137,19.36,75.28
15:31:08.219,1538,17,338.74,1771947066,0.0,-0.007,0.017,18.0,75.3
15:31:09.219,1539,17,334.28,1771947067,-0.013,-0.003,0.047,18.0,75.3
15:31:10.219,1540,16,318.78,1771947068,0.003,-0.0,0.003,17.24,75.32
15:31:11.219,1541,16,307.82,1771947069,0.0,-0.007,-0.017,17.0,75.32
15:31:12.219,1542,16,316.62,1771947070,0.013,-0.013,-0.003,18.21,75.29
15:31:13.219,1543,16,314.62,1771947071,0.003,-0.02,-0.007,17.24,75.31
15:31:14.219,1544,16,310.36,1771947072,0.0,-0.01,-0.013,17.0,75.32
15:31:15.219,1545,16,312.74,1771947073,-0.003,-0.003,-0.013,17.08,75.31
15:31:16.219,1546,16,313.42,1771947074,0.01,-0.0,-0.007,17.8,75.3
15:31:17.219,1547,16,312.78,1771947075,0.023,-0.003,-0.01,18.84,75.28
15:31:18.219,1548,16,312.32,1771947076,0.017,-0.01,-0.007,18.36,75.29
15:31:19.219,1549,16,311.86,1771947077,0.01,-0.013,-0.013,17.8,75.3
15:31:20.219,1550,16,311.9,1771947078,0.0,-0.013,-0.01,17.08,75.31
15:31:21.219,1551,16,315.04,1771947079,0.007,-0.003,-0.023,17.81,75.29
15:31:22.219,1552,16,322.02,1771947080,0.003,0.003,-0.013,17.5,75.3
15:31:23.220,1553,16,325.36,1771947081,0.013,-0.0,-0.02,18.04,75.29
15:31:24.219,1554,16,319.74,1771947082,0.01,-0.0,-0.017,17.8,75.29
15:31:25.219,1555,16,309.54,1771947083,0.0,-0.003,-0.02,17.0,75.31
15:31:26.220,1556,15,289.46,1771947084,-0.003,0.007,0.017,16.0,75.33
15:31:27.219,1557,14,276.74,1771947085,0.007,0.007,0.007,15.56,75.33
15:31:28.219,1558,14,275.3,1771947086,0.02,0.01,0.003,16.95,75.3
15:31:29.220,1559,15,290.84,1771947087,0.027,0.003,-0.023,19.0,75.26
15:31:30.219,1560,16,309.0,1771947088,0.02,-0.0,0.0,19.57,75.25
15:31:31.219,1561,17,329.74,1771947089,0.023,-0.013,-0.043,20.79,75.22
15:31:32.219,1562,18,347.12,1771947090,0.003,-0.013,-0.01,19.96,75.24
15:31:33.219,1563,18,358.7,1771947091,0.0,-0.01,0.003,19.4,75.25
15:31:34.219,1564,18,363.0,1771947092,-0.003,0.003,-0.01,19.35,75.25
15:31:35.219,1565,19,372.6,1771947093,0.006,0.006,-0.085,20.48,75.23
15:31:37.057,1154792648,0,0.0,1771947094,0.007,0.008,-0.135,1.0,75.62
15:31:38.057,688241608,0,0.0,1771947096,0.004,0.007,-0.09,1.0,75.62
15:31:39.057,4197825428,0,0.0,1771947097,0.001,0.005,-0.045,1.0,75.62
15:31:40.056,1915567168,0,0.0,1771947099,-0.001,0.003,-0.015,1.0,75.62
15:31:41.057,443300897,0,0.0,1771947100,-0.003,0.002,-0.0,1.0,75.62
15:31:42.057,3486301217,0,0.0,1771947100,-0.004,0.001,1.237,1.0,75.62
15:31:43.057,3634085010,0,0.0,1771947100,-0.004,0.0,1.237,1.0,75.62
15:31:44.056,663567424,0,0.0,1771947100,-0.004,0.0,1.237,1.0,75.62
15:31:45.056,712817697,0,0.0,1771947100,-0.004,0.0,0.0,1.0,75.62
15:31:46.057,4271684789,0,0.0,1771947100,-0.004,0.0,0.009,1.0,75.62
15:31:47.057,3019750541,0,0.0,1771947100,-0.004,0.0,0.027,1.0,75.62
15:31:49.050,1014838843,0,0.0,1771947100,-0.004,-0.01,0.053,1.0,75.62
15:31:53.219,1583,16,321.52,1771947111,-0.013,-0.013,0.088,25.14,75.13
15:31:54.220,1584,17,325.76,1771947112,-0.018,-0.007,0.177,18.16,75.27
15:31:55.219,1585,17,327.88,1771947113,-0.037,-0.017,0.227,18.08,75.27
15:31:56.219,1586,17,329.1,1771947114,-0.037,0.003,0.253,18.1,75.27
15:31:57.219,1587,17,331.98,1771947115,-0.023,-0.01,0.237,18.19,75.27
15:31:58.219,1588,17,336.58,1771947116,0.007,0.013,0.247,18.75,75.25
15:31:59.219,1589,17,339.46,1771947117,0.03,-0.003,0.18,20.56,75.22
15:32:00.219,1590,17,343.16,1771947118,0.03,0.007,0.068,20.52,75.22
15:32:01.219,1591,17,344.26,1771947119,0.037,-0.0,-0.065,20.96,75.21
15:32:02.219,1592,17,343.14,1771947120,0.023,0.003,-0.098,19.84,75.23
15:32:03.219,1593,17,334.74,1771947121,0.027,-0.013,-0.113,20.16,75.22
15:32:04.219,1594,17,327.28,1771947122,0.033,-0.01,-0.103,20.64,75.21
15:32:05.220,1595,16,317.3,1771947123,0.047,-0.01,-0.113,20.76,75.21
15:32:06.219,1596,16,307.98,1771947124,0.043,-0.007,-0.127,20.44,75.21
15:32:07.219,1597,15,297.5,1771947125,0.027,-0.017,-0.147,18.16,75.26
15:32:08.219,1598,15,294.16,1771947126,0.02,-0.017,-0.16,17.6,75.27
15:32:09.219,1599,15,294.18,1771947127,0.01,-0.007,-0.16,16.88,75.28
15:32:10.219,1600,15,297.52,1771947128,0.007,0.007,-0.16,16.79,75.28
15:32:11.219,1601,15,303.28,1771947129,0.003,0.007,-0.16,16.55,75.29
15:32:12.220,1602,16,309.9,1771947130,0.007,0.007,-0.143,17.91,75.26
15:32:13.219,1603,16,317.12,1771947131,-0.003,-0.01,-0.133,17.36,75.27
15:32:14.219,1604,16,324.34,1771947132,0.003,-0.023,-0.123,17.51,75.26
15:32:15.220,1605,17,327.78,1771947133,-0.02,-0.027,-0.137,18.12,75.25
15:32:16.219,1606,17,329.12,1771947134,0.01,-0.007,-0.133,18.86,75.23
15:32:17.219,1607,17,330.36,1771947135,0.013,-0.003,-0.127,19.11,75.23
15:32:18.220,1608,17,331.8,1771947136,0.053,-0.003,-0.11,22.24,75.16
15:32:19.220,1609,17,328.06,1771947137,0.033,-0.02,-0.08,20.64,75.2
15:32:20.219,1610,16,318.2,1771947138,0.023,-0.017,-0.047,18.84,75.23
15:32:21.219,1611,16,310.78,1771947139,0.003,-0.023,-0.003,17.24,75.26
15:32:22.219,1612,15,304.22,1771947140,-0.01,-0.023,0.017,16.0,75.29
15:32:23.219,1613,15,296.36,1771947141,-0.01,-0.023,-0.03,16.0,75.29
15:32:24.220,1614,15,292.64,1771947142,0.007,-0.003,-0.07,16.68,75.27
15:32:25.219,1615,15,301.24,1771947143,0.01,0.007,-0.047,17.29,75.26
15:32:26.219,1616,16,312.1,1771947144,0.02,0.003,-0.0,19.11,75.22
15:32:27.219,1617,16,321.8,1771947145,0.0,-0.0,-0.007,17.47,75.25
15:32:28.220,1618,17,330.8,1771947146,0.01,0.01,-0.04,19.15,75.22
15:32:29.219,1619,17,335.64,1771947147,-0.007,0.013,-0.063,18.04,75.24
15:32:30.219,1620,17,332.4,1771947148,-0.003,0.01,-0.037,18.0,75.24
15:32:31.220,1621,16,325.0,1771947149,-0.013,0.003,-0.037,17.0,75.26
15:32:32.219,1622,16,318.04,1771947150,-0.013,0.007,-0.007,17.0,75.26
15:32:33.219,1623,16,311.08,1771947151,0.0,0.003,0.007,17.0,75.26
15:32:34.219,1624,15,306.24,1771947152,0.0,-0.003,-0.007,16.0,75.27
15:32:35.219,1625,15,301.82,1771947153,0.007,-0.01,-0.013,16.56,75.26
15:32:36.220,1626,15,297.68,1771947154,0.003,-0.017,-0.023,16.24,75.27
15:32:37.219,1627,15,290.76,1771947155,0.01,-0.017,-0.013,16.8,75.26
15:32:38.220,1628,14,280.92,1771947156,0.007,-0.01,-0.01,15.56,75.28
15:32:39.219,1629,14,274.54,1771947157,-0.007,-0.007,-0.003,15.0,75.29
15:32:40.220,1630,14,271.46,1771947158,-0.007,-0.007,0.003,15.0,75.29
15:32:41.219,1631,13,262.98,1771947159,-0.013,-0.01,0.0,14.0,75.31
15:32:42.219,1632,13,259.66,1771947160,-0.007,-0.01,-0.007,14.0,75.31
15:32:43.220,1633,13,253.68,1771947161,0.003,-0.01,-0.02,14.24,75.3
15:32:44.219,1634,13,250.98,1771947162,0.01,-0.007,-0.007,15.18,75.28
15:32:45.219,1635,14,268.68,1771947163,0.003,-0.017,0.0,16.45,75.26
15:32:46.220,1636,15,299.24,1771947164,-0.01,-0.017,0.007,17.48,75.24
15:32:47.220,1637,17,328.02,1771947165,-0.013,-0.007,-0.003,19.68,75.19
15:32:48.220,1638,19,366.32,1771947166,0.003,-0.0,-0.027,22.12,75.14
15:32:49.219,1639,21,403.12,1771947167,0.023,-0.0,-0.033,25.02,75.08
15:32:50.219,1640,21,413.44,1771947168,0.027,-0.01,-0.057,24.38,75.09
15:32:51.219,1641,21,412.0,1771947169,0.02,-0.007,-0.067,23.6,75.11
15:32:52.219,1642,21,406.54,1771947170,0.003,-0.003,-0.073,22.24,75.13
15:32:53.220,1643,20,392.16,1771947171,0.004,-0.003,-0.05,21.32,75.15
15:32:55.057,1645952216,0,0.0,1771947172,0.002,-0.0,-0.02,1.0,75.56
15:32:56.057,3068968228,0,0.0,1771947174,0.003,0.0,0.0,1.0,75.56
15:32:57.057,786709466,0,0.0,1771947175,0.005,-0.0,0.0,1.0,75.56
15:32:58.057,3529423715,0,0.0,1771947177,0.007,0.0,0.0,1.0,75.56
15:32:59.057,3424763000,0,0.0,1771947178,0.008,-0.0,0.0,1.0,75.56
15:33:00.057,2627026184,0,0.0,1771947178,0.008,0.0,0.0,1.0,75.56
15:33:01.057,2369731704,0,0.0,1771947178,0.008,0.0,0.0,1.0,75.56
15:33:02.057,3498589252,0,0.0,1771947178,0.008,0.0,0.0,1.0,75.56
15:33:03.057,3228974256,0,0.0,1771947178,0.008,0.0,0.0,1.0,75.56
15:33:04.057,1964817415,0,0.0,1771947178,0.008,0.0,0.0,1.0,75.56
15:33:05.057,2639346531,0,0.0,1771947178,0.012,0.0,-0.017,1.0,75.56
15:33:10.220,1660,19,377.52,1771947188,0.023,0.01,-0.037,30.85,74.96
15:33:11.219,1661,18,360.58,1771947189,0.027,0.017,-0.047,21.16,75.15
15:33:12.219,1662,18,349.24,1771947190,0.013,0.007,-0.05,20.04,75.17
15:33:13.219,1663,17,343.86,1771947191,0.003,-0.01,-0.05,18.24,75.21
15:33:14.219,1664,17,342.56,1771947192,0.0,-0.013,-0.063,18.05,75.21
15:33:15.220,1665,18,345.92,1771947193,0.013,-0.01,-0.06,20.38,75.16
15:33:16.220,1666,18,356.32,1771947194,0.01,-0.003,-0.06,20.28,75.16
15:33:17.219,1667,19,365.12,1771947195,0.017,-0.007,-0.053,21.79,75.13
15:33:18.220,1668,19,373.54,1771947196,0.027,-0.007,-0.053,22.59,75.11
15:33:19.219,1669,19,382.2,1771947197,0.007,-0.01,-0.053,20.95,75.15
15:33:20.220,1670,20,389.32,1771947198,-0.003,-0.033,-0.06,21.18,75.14
15:33:21.219,1671,20,389.54,1771947199,-0.01,-0.04,-0.047,21.02,75.14
15:33:22.220,1672,20,390.19,1771947200,0.017,-0.027,-0.023,22.39,75.11
15:33:23.219,1673,20,390.84,1771947201,0.013,-0.007,0.0,22.11,75.12
15:33:24.219,1674,20,392.84,1771947202,0.003,0.007,0.007,21.4,75.13
15:33:25.220,1675,20,397.08,1771947203,0.01,-0.017,-0.003,22.05,75.12
15:33:26.219,1676,21,402.66,1771947204,0.023,-0.02,-0.013,24.07,75.08
15:33:27.220,1677,21,406.42,1771947205,0.023,-0.027,-0.02,23.84,75.08
15:33:28.220,1678,21,402.42,1771947206,0.03,-0.007,-0.027,24.4,75.07
15:33:29.219,1679,20,394.34,1771947207,0.023,0.007,-0.037,22.84,75.1
15:33:30.220,1680,19,381.1,1771947208,0.037,0.017,-0.037,22.96,75.09
15:33:31.220,1681,19,367.52,1771947209,0.023,-0.0,-0.027,21.84,75.11
15:33:32.219,1682,18,354.7,1771947210,0.03,-0.0,-0.007,21.4,75.12
15:33:33.220,1683,17,342.94,1771947211,0.027,-0.003,-0.06,20.16,75.15
15:33:34.220,1684,17,331.56,1771947212,0.027,0.01,-0.057,20.16,75.14
15:33:36.003,0,16,323.88,1771947213,0.02,0.003,-0.057,18.6,75.17
15:33:37.004,0,16,0.0,1743885277,0.01,0.003,0.0,17.8,75.19
15:33:38.003,0,17,0.0,1715823341,0.003,0.0,0.0,18.24,75.18
15:33:39.003,0,17,0.0,1687761405,0.0,0.0,0.0,18.0,75.18
15:33:40.004,0,18,0.0,1659699468,0.0,0.0,0.0,19.0,75.16
15:33:41.003,0,18,0.0,1631637532,-0.0,0.0,0.0,19.0,75.16
15:33:42.003,0,18,0.0,1631637532,0.463,0.0,0.0,56.04,74.42
15:33:43.004,0,18,0.0,1631637532,0.811,0.0,0.0,83.88,73.86
15:33:44.003,0,18,0.0,1547451724,1.042,0.0,0.0,102.36,73.48
15:33:45.003,0,18,0.0,1575513663,0.695,0.0,0.0,74.6,74.03
15:33:46.003,0,18,0.0,1603575602,0.348,0.0,0.0,46.84,74.59
15:33:47.003,0,18,0.0,1631637540,0.116,0.0,0.0,28.28,74.96
15:33:48.004,0,18,0.0,1659699479,-0.0,0.0,0.0,19.0,75.14
15:33:49.003,0,18,0.0,1687761418,0.0,0.0,0.0,19.0,75.14
15:33:50.004,0,18,0.0,1687761418,-0.0,0.0,0.0,19.0,75.14
15:33:51.003,0,18,0.0,1687761418,-0.02,-0.013,0.007,30.44,74.91
15:33:56.220,1706,23,457.48,1771947234,-0.017,-0.023,0.02,35.45,74.81
15:33:57.219,1707,23,457.96,1771947235,-0.023,-0.02,0.01,24.0,75.03
15:33:58.220,1708,23,453.7,1771947236,-0.013,-0.01,0.013,24.0,75.03
15:33:59.220,1709,23,443.7,1771947237,-0.027,-0.0,0.009,24.0,75.03
15:34:02.051,3173448997,0,0.0,1771947239,-0.032,-0.003,0.027,1.0,75.49
15:34:03.051,1005878011,0,0.0,1771947241,-0.033,0.0,0.025,1.0,75.49
15:34:04.051,3171446213,0,0.0,1771947243,-0.035,0.0,0.022,1.0,75.49
15:34:05.051,3161178043,0,0.0,1771947245,-0.036,0.0,0.019,1.0,75.49
15:34:06.051,1026466044,0,0.0,1771947247,-0.037,0.0,0.017,1.0,75.49
15:34:07.051,3180192461,0,0.0,1771947247,-0.038,0.0,0.016,1.0,75.49
15:34:08.051,1036428268,0,0.0,1771947247,-0.038,0.0,0.016,1.0,75.49
15:34:09.051,1028611883,0,0.0,1771947247,-0.038,0.0,0.016,1.0,75.49
15:34:10.051,1029398691,0,0.0,1771947247,-0.038,0.0,0.016,1.0,75.49
15:34:15.057,2750168084,0,0.0,1771947247,-0.038,0.0,0.011,1.0,75.49
15:34:16.057,1485945699,0,0.0,1771947247,-0.038,0.0,0.005,1.0,75.49
15:34:17.057,2676228096,0,0.0,1771947247,-0.042,0.0,-0.017,1.0,75.49
15:34:24.219,1734,69,1335.26,1771947262,-0.033,0.013,-0.017,105.72,73.39
15:34:25.219,1735,74,1428.98,1771947263,0.01,-0.027,-0.027,80.13,73.9
15:34:26.220,1736,78,1508.44,1771947264,-0.003,-0.06,-0.007,82.73,73.84
15:34:27.220,1737,78,1578.2,1771947265,0.007,-0.067,-0.01,82.88,73.83
15:34:28.219,1738,78,1641.18,1771947266,-0.053,-0.047,0.007,81.98,73.85
15:34:29.220,1739,78,1697.32,1771947267,-0.043,-0.02,0.017,81.6,73.85
15:34:30.220,1740,77,1745.38,1771947268,-0.043,-0.017,0.02,80.18,73.88
15:34:31.220,1741,77,1784.44,1771947269,0.02,0.003,0.0,81.28,73.85
15:34:32.220,1742,77,1812.72,1771947270,0.027,0.017,-0.013,81.33,73.84
15:34:33.220,1743,77,1831.24,1771947271,0.017,0.027,-0.027,80.03,73.87
15:34:34.220,1744,77,1839.64,1771947272,0.01,0.003,-0.04,78.96,73.88
15:34:35.219,1745,77,1837.84,1771947273,0.087,-0.0,-0.013,84.96,73.76
15:34:36.220,1746,77,1818.32,1771947274,0.06,-0.023,-0.013,82.8,73.8
15:34:37.220,1747,77,1786.1,1771947275,0.007,0.033,0.02,78.56,73.88
15:34:38.220,1748,77,1734.02,1771947276,-0.03,0.01,-0.013,78.0,73.89
15:34:39.220,1749,77,1660.84,1771947277,0.013,0.033,0.077,79.04,73.86
15:34:40.220,1750,77,1568.28,1771947278,0.033,0.017,0.187,80.64,73.82
15:34:41.219,1751,76,1467.64,1771947279,0.043,0.063,0.33,80.44,73.82
15:34:42.220,1752,70,1355.02,1771947280,0.023,0.055,0.187,72.84,73.97
15:34:43.220,1753,64,1240.74,1771947281,0.063,0.035,-0.073,70.04,74.02
15:34:44.220,1754,59,1130.44,1771947282,0.043,-0.005,-0.35,63.44,74.15
15:34:45.219,1755,54,1052.46,1771947283,0.063,-0.037,-0.307,60.04,74.22
15:34:46.220,1756,53,1016.34,1771947284,0.07,-0.067,-0.21,59.6,74.22
15:34:47.220,1757,53,1031.82,1771947285,0.087,-0.083,-0.103,62.86,74.16
15:34:48.220,1758,57,1092.38,1771947286,0.077,-0.083,-0.063,67.51,74.06
15:34:49.220,1759,60,1165.92,1771947287,0.0,-0.087,0.02,64.0,74.13
15:34:50.220,1760,63,1212.58,1771947288,-0.04,-0.053,-0.077,65.32,74.1
15:34:51.220,1761,63,1218.56,1771947289,-0.043,-0.027,-0.253,64.0,74.12
15:34:52.220,1762,62,1197.94,1771947290,0.0,0.017,-0.4,63.0,74.14
15:34:53.220,1763,60,1161.1,1771947291,0.033,0.02,-0.403,63.64,74.12
15:34:54.220,1764,58,1125.72,1771947292,0.03,0.01,-0.457,61.4,74.16
15:34:55.220,1765,56,1079.28,1771947293,0.057,0.023,-0.48,61.56,74.16
15:34:56.220,1766,53,1020.02,1771947294,0.03,-0.007,-0.533,56.4,74.26
15:34:57.219,1767,50,970.4,1771947295,0.047,0.003,-0.387,54.76,74.29
15:34:58.220,1768,48,935.14,1771947296,-0.003,0.013,-0.143,49.0,74.4
15:34:59.220,1769,48,927.88,1771947297,0.007,0.043,0.117,50.28,74.37
15:35:00.220,1770,50,964.06,1771947298,-0.003,0.033,0.22,54.1,74.29
15:35:01.220,1771,54,1051.92,1771947299,0.013,0.023,0.14,60.54,74.16
15:35:02.220,1772,59,1144.08,1771947300,0.047,-0.02,0.063,68.16,74.0
15:35:03.220,1773,64,1227.96,1771947301,0.068,-0.087,-0.003,74.32,73.88
15:35:04.220,1774,67,1299.36,1771947302,0.075,-0.103,-0.077,77.41,73.81
15:35:05.220,1775,71,1364.34,1771947303,0.058,-0.077,-0.09,79.41,73.77
15:35:06.219,1776,73,1410.06,1771947304,0.05,-0.033,-0.133,79.19,73.77
15:35:07.220,1777,73,1411.78,1771947305,0.06,-0.023,-0.017,78.8,73.77
15:35:08.220,1778,72,1384.3,1771947306,0.02,0.01,0.057,74.6,73.85
15:35:09.220,1779,70,1357.38,1771947307,-0.007,0.067,0.157,71.0,73.92
15:35:10.220,1780,69,1336.96,1771947308,0.02,0.06,0.097,71.6,73.9
15:35:11.220,1781,69,1331.86,1771947309,0.02,0.04,0.027,72.32,73.88
15:35:12.219,1782,71,1365.7,1771947310,0.053,0.001,-0.023,78.54,73.76
15:35:13.220,1783,74,1423.8,1771947311,-0.01,-0.027,-0.045,77.75,73.77
15:35:14.220,1784,77,1475.88,1771947312,-0.02,-0.063,-0.025,80.42,73.71
15:35:15.220,1785,79,1520.76,1771947313,0.007,-0.078,0.005,82.67,73.66
15:35:16.220,1786,79,1560.3,1771947314,0.043,-0.097,0.017,85.3,73.6
15:35:17.220,1787,78,1595.16,1771947315,0.033,-0.053,-0.013,83.26,73.64
15:35:18.220,1788,78,1625.04,1771947316,-0.047,-0.013,-0.027,80.51,73.69
15:35:19.220,1789,78,1655.4,1771947317,-0.04,0.023,-0.103,80.37,73.69
15:35:20.220,1790,77,1679.68,1771947318,-0.007,0.05,-0.103,78.73,73.72
15:35:21.220,1791,77,1684.68,1771947319,0.003,0.05,-0.123,78.24,73.72
15:35:22.220,1792,77,1667.54,1771947320,-0.023,0.043,-0.07,78.0,73.72
15:35:24.220,1794,77,1559.9,1771947322,-0.017,-0.0,-0.04,78.0,73.72
15:35:25.220,1795,76,1472.8,1771947323,0.0,0.017,0.103,77.0,73.74
15:35:26.220,1796,72,1379.92,1771947324,-0.01,0.037,0.233,73.0,73.81
15:35:27.220,1797,67,1285.66,1771947325,0.023,0.06,0.403,69.84,73.87
15:35:28.220,1798,62,1189.12,1771947326,0.03,0.013,0.263,65.4,73.96
15:35:29.220,1799,56,1089.88,1771947327,-0.043,-0.008,0.057,57.0,74.12
15:35:30.220,1800,52,1014.5,1771947328,-0.08,-0.035,-0.24,53.0,74.2
15:35:31.220,1801,50,963.26,1771947329,-0.063,-0.028,-0.37,51.0,74.24
15:35:32.220,1802,49,944.14,1771947330,0.027,-0.04,-0.417,52.16,74.21
15:35:33.220,1803,50,959.7,1771947331,0.007,-0.053,-0.347,53.26,74.19
15:35:34.220,1804,52,1012.02,1771947332,-0.01,-0.08,-0.217,55.92,74.13
15:35:35.220,1805,56,1076.42,1771947333,-0.003,-0.043,-0.107,60.46,74.04
15:35:36.220,1806,60,1150.58,1771947334,0.023,-0.03,-0.063,66.56,73.91
15:35:37.220,1807,63,1225.1,1771947335,0.028,0.04,-0.043,69.97,73.84
15:35:38.220,1808,67,1299.74,1771947336,0.025,-0.017,0.02,73.63,73.76
15:35:39.220,1809,71,1370.42,1771947337,0.032,-0.02,-0.027,77.95,73.67
15:35:40.220,1810,74,1435.24,1771947338,0.033,-0.053,-0.033,80.6,73.61
15:35:41.220,1811,77,1488.76,1771947339,0.04,-0.013,-0.103,83.07,73.56
15:35:42.220,1812,78,1509.96,1771947340,0.028,0.033,-0.137,81.46,73.59
15:35:43.220,1813,78,1497.54,1771947341,0.015,0.03,-0.237,80.2,73.61
15:35:44.220,1814,76,1463.56,1771947342,0.042,0.027,-0.33,80.36,73.6
15:35:45.220,1815,74,1423.96,1771947343,0.033,-0.017,-0.34,77.64,73.65
15:35:46.220,1816,71,1378.36,1771947344,0.07,-0.017,-0.277,77.6,73.65
15:35:47.221,1817,71,1364.54,1771947345,0.013,-0.027,-0.23,73.24,73.73
15:35:48.220,1818,72,1386.28,1771947346,0.02,0.003,-0.147,75.72,73.68
15:35:49.220,1819,73,1409.44,1771947347,-0.027,-0.0,-0.11,74.93,73.69
15:35:50.220,1820,74,1423.38,1771947348,-0.013,0.03,-0.1,75.65,73.68
15:35:51.220,1821,74,1435.5,1771947349,0.02,0.043,-0.377,76.6,73.65
15:35:52.220,1822,73,1401.48,1771947350,0.055,0.033,-0.588,78.4,73.61
15:35:53.220,1823,70,1349.14,1771947351,0.065,0.007,-0.665,76.2,73.66
15:35:54.220,1824,66,1271.98,1771947352,0.038,-0.0,-0.522,70.04,73.78
15:35:55.220,1825,60,1164.42,1771947353,0.035,-0.0,-0.48,63.8,73.9
15:35:56.220,1826,56,1076.46,1771947354,0.055,0.013,-0.487,61.4,73.94
15:35:57.220,1827,53,1028.58,1771947355,0.042,-0.02,-0.48,57.36,74.02
15:35:58.220,1828,51,992.02,1771947356,0.01,0.013,-0.277,52.8,74.11
15:35:59.220,1829,52,997.92,1771947357,-0.03,0.037,-0.1,54.65,74.07
15:36:00.220,1830,55,1057.84,1771947358,0.007,0.057,0.113,59.56,73.97
15:36:01.220,1831,58,1118.0,1771947359,0.03,0.033,0.183,64.53,73.87
15:36:02.220,1832,61,1182.88,1771947360,0.013,-0.007,0.28,65.94,73.84
15:36:03.220,1833,64,1233.94,1771947361,-0.047,-0.023,0.34,67.14,73.81
15:36:04.220,1834,66,1268.64,1771947362,-0.08,-0.033,0.387,67.42,73.8
15:36:05.220,1835,65,1250.76,1771947363,-0.057,-0.013,0.477,66.0,73.83
15:36:06.220,1836,62,1206.16,1771947364,-0.033,-0.005,0.493,63.0,73.89
15:36:07.219,1837,60,1161.8,1771947365,-0.02,0.015,0.423,61.0,73.93
15:36:08.221,1838,59,1142.54,1771947366,0.023,0.025,0.267,61.84,73.91
15:36:09.220,1839,60,1150.98,1771947367,0.033,0.03,0.147,65.35,73.83
15:36:10.220,1840,63,1210.76,1771947368,0.043,0.07,0.087,71.02,73.72
15:36:11.220,1841,67,1294.12,1771947369,0.0,0.033,0.023,72.26,73.69
15:36:12.220,1842,72,1381.28,1771947370,-0.003,0.027,-0.013,77.19,73.59
15:36:13.220,1843,76,1461.54,1771947371,-0.003,-0.023,-0.027,80.82,73.51
15:36:14.220,1844,80,1534.26,1771947372,-0.013,0.007,-0.037,84.41,73.44
15:36:15.220,1845,80,1597.92,1771947373,-0.01,-0.007,-0.033,84.01,73.44
15:36:16.220,1846,80,1654.5,1771947374,-0.037,0.027,-0.047,83.66,73.45
15:36:17.220,1847,80,1704.2,1771947375,-0.037,0.02,-0.017,83.39,73.45
15:36:18.221,1848,80,1750.14,1771947376,-0.05,0.023,-0.03,83.06,73.45
15:36:19.220,1849,80,1786.44,1771947377,-0.01,-0.027,-0.017,82.63,73.46
15:36:20.220,1850,80,1815.2,1771947378,0.017,0.01,-0.023,83.63,73.43
15:36:21.220,1851,80,1837.08,1771947379,0.037,0.013,-0.01,84.81,73.41
15:36:22.220,1852,80,1849.18,1771947380,0.07,0.033,-0.01,86.98,73.36
15:36:23.220,1853,80,1852.38,1771947381,0.067,-0.013,-0.01,86.4,73.37
15:36:24.220,1854,80,1850.82,1771947382,0.053,-0.027,-0.01,85.24,73.39
15:36:25.220,1855,80,1837.12,1771947383,0.02,-0.033,-0.003,82.6,73.44
15:36:26.221,1856,80,1806.6,1771947384,0.033,-0.017,0.0,83.64,73.41
15:36:27.220,1857,80,1756.8,1771947385,0.02,0.017,-0.003,82.6,73.43
15:36:28.220,1858,80,1693.68,1771947386,0.023,-0.0,-0.017,82.84,73.42
15:36:29.220,1859,80,1612.38,1771947387,0.023,-0.033,0.077,82.84,73.42
15:36:30.220,1860,79,1531.78,1771947388,0.05,-0.05,0.21,84.0,73.39
15:36:31.221,1861,75,1453.22,1771947389,0.027,-0.013,0.36,78.16,73.51
15:36:32.220,1862,71,1376.3,1771947390,0.017,0.003,0.11,73.36,73.6
15:36:33.220,1863,67,1295.2,1771947391,-0.017,-0.037,-0.153,68.0,73.7
15:36:34.220,1864,64,1235.64,1771947392,-0.02,-0.037,-0.383,65.0,73.76
15:36:35.220,1865,61,1168.56,1771947393,-0.037,-0.033,-0.267,62.0,73.82
15:36:36.220,1866,57,1108.8,1771947394,-0.023,-0.033,-0.16,58.0,73.9
15:36:37.220,1867,55,1062.28,1771947395,0.01,-0.03,-0.113,56.8,73.92
15:36:38.220,1868,53,1030.12,1771947396,0.023,-0.017,-0.06,55.84,73.94
15:36:39.220,1869,51,990.06,1771947397,0.05,0.03,-0.033,56.0,73.93
15:36:40.221,1870,50,962.24,1771947398,0.03,0.02,-0.057,53.4,73.98
15:36:41.221,1871,48,936.4,1771947399,0.033,0.01,-0.16,51.64,74.01
15:36:42.221,1872,47,903.48,1771947400,0.017,-0.0,-0.277,49.36,74.06
15:36:43.220,1873,45,862.32,1771947401,0.023,0.01,-0.28,47.84,74.09
15:36:44.220,1874,42,818.82,1771947402,0.043,0.003,-0.277,46.44,74.11
15:36:45.220,1875,40,768.3,1771947403,0.077,-0.017,-0.207,47.16,74.1
15:36:46.220,1876,36,696.0,1771947404,0.093,-0.033,-0.193,44.44,74.15
15:36:47.220,1877,32,613.58,1771947405,0.097,-0.017,-0.163,40.76,74.22
15:36:48.220,1878,26,517.0,1771947406,0.06,0.007,-0.117,31.8,74.4
15:36:49.220,1879,19,373.52,1771947407,0.037,0.007,-0.063,22.96,74.57
15:36:50.220,1880,12,241.94,1771947408,0.003,-0.0,-0.01,13.24,74.77
15:36:51.220,1881,7,137.4,1771947409,0.003,-0.0,-0.01,8.24,74.87
15:36:52.220,1882,2,55.3,1771947410,0.0,-0.0,-0.01,3.0,74.97
15:36:53.220,1883,0,2.36,1771947411,-0.007,-0.003,-0.083,1.0,75.01
15:36:54.220,1884,4,84.46,1771947412,-0.01,-0.003,-0.143,10.56,74.82
15:36:55.220,1885,11,224.56,1771947413,0.003,-0.03,-0.27,19.82,74.63
15:36:56.220,1886,20,387.74,1771947414,0.022,-0.05,-0.4,30.65,74.42
15:36:57.220,1887,28,540.3,1771947415,0.035,-0.08,-0.417,39.94,74.23
15:36:58.220,1888,37,713.48,1771947416,0.012,-0.06,-0.22,46.33,74.1
15:36:59.220,1889,43,835.0,1771947417,-0.033,-0.013,0.09,49.12,74.04
15:37:00.220,1890,47,918.14,1771947418,-0.063,0.023,0.207,51.96,73.98
15:37:01.221,1891,51,993.38,1771947419,-0.07,0.023,0.187,56.41,73.89
15:37:02.221,1892,57,1094.58,1771947420,-0.037,-0.037,0.09,62.84,73.76
15:37:03.221,1893,61,1187.08,1771947421,-0.033,-0.033,0.033,66.18,73.69
15:37:04.220,1894,65,1261.84,1771947422,0.023,-0.017,-0.06,71.39,73.58
15:37:05.220,1895,69,1329.0,1771947423,0.02,0.007,-0.107,74.75,73.51
15:37:06.220,1896,72,1387.74,1771947424,0.11,-0.03,-0.113,84.51,73.32
15:37:07.220,1897,75,1437.3,1771947425,0.053,-0.08,-0.017,82.55,73.35
15:37:08.220,1898,77,1480.06,1771947426,0.057,-0.06,0.073,84.53,73.31
15:37:09.220,1899,79,1516.04,1771947427,-0.023,-0.05,0.123,81.64,73.36
15:37:10.221,1900,80,1545.46,1771947428,0.01,-0.023,0.037,83.23,73.33
15:37:11.221,1901,80,1573.08,1771947429,0.02,-0.03,-0.04,83.99,73.31
15:37:12.220,1902,79,1600.9,1771947430,0.08,-0.03,-0.08,87.7,73.23
15:37:13.220,1903,79,1625.04,1771947431,0.027,0.01,-0.053,83.39,73.32
15:37:14.220,1904,79,1650.24,1771947432,0.033,0.01,-0.043,83.85,73.3
15:37:15.220,1905,78,1673.46,1771947433,0.07,0.033,-0.04,85.73,73.26
15:37:16.221,1906,78,1695.48,1771947434,0.113,-0.007,-0.04,89.08,73.19
15:37:17.221,1907,78,1715.18,1771947435,0.077,-0.0,-0.057,86.12,73.25
15:37:18.220,1908,78,1733.96,1771947436,-0.017,0.053,-0.08,79.83,73.37
15:37:19.220,1909,78,1748.4,1771947437,0.01,0.08,-0.087,79.99,73.36
15:37:20.220,1910,78,1741.62,1771947438,0.043,0.097,-0.073,82.44,73.31
15:37:21.220,1911,78,1718.66,1771947439,0.047,0.037,-0.037,82.76,73.3
15:37:23.004,0,78,1679.46,1771947440,0.013,0.023,-0.02,80.04,73.35
15:37:24.004,0,78,0.0,1771947442,0.0,0.0,0.0,79.0,73.37
15:37:25.010,0,78,0.0,1771947443,0.0,0.0,0.0,103.98,72.87
15:37:26.010,0,78,999.0,1771947445,0.0,0.0,0.0,103.98,72.86
15:37:27.010,0,78,999.0,1771947446,0.0,0.0,0.0,79.0,73.36
15:37:28.010,0,78,999.0,1771947448,0.0,0.0,0.0,79.0,73.36
15:37:29.010,0,78,999.0,1771947448,0.0,0.0,0.0,79.0,73.35
15:37:30.010,0,78,999.0,1771947448,0.0,0.0,0.0,79.0,73.35
15:37:31.010,0,78,999.0,1771947448,0.0,0.0,0.0,79.0,73.35
15:37:32.011,0,78,999.0,1771947448,0.0,0.0,0.0,79.0,73.34
15:37:33.011,0,78,999.0,1771947448,0.0,0.0,0.0,80.85,73.3
15:37:38.008,0,78,1073.12,1771947448,0.0,0.0,0.0,82.71,73.26
15:37:39.008,0,78,1147.24,1771947448,0.0,0.0,0.0,82.71,73.26
15:37:40.009,0,78,1221.36,1771947448,0.0,0.0,0.0,82.71,73.26
15:37:41.008,0,78,1295.48,1771947448,0.017,-0.03,-0.053,84.07,73.23
15:37:46.220,1936,71,1369.6,1771947464,-0.007,-0.01,-0.137,74.06,73.42
15:37:47.220,1937,71,1377.68,1771947465,-0.017,-0.01,-0.24,73.25,73.44
15:37:48.221,1938,74,1419.62,1771947466,0.023,0.023,-0.203,78.79,73.32
15:37:49.220,1939,76,1455.8,1771947467,0.053,-0.007,-0.14,82.59,73.24
15:37:50.220,1940,76,1473.46,1771947468,0.06,0.01,-0.103,82.1,73.25
15:37:51.220,1941,76,1467.92,1771947469,0.01,-0.003,-0.19,77.8,73.33
15:37:52.220,1942,75,1442.68,1771947470,0.02,0.007,-0.32,77.6,73.33
15:37:53.221,1943,70,1352.56,1771947471,0.047,0.003,-0.39,74.76,73.39
15:37:54.221,1944,66,1265.78,1771947472,0.01,0.033,-0.428,67.8,73.52
15:37:55.220,1945,61,1176.56,1771947473,0.033,0.007,-0.425,64.64,73.59
15:37:56.220,1946,56,1085.86,1771947474,0.01,0.013,-0.435,57.8,73.72
15:37:57.221,1947,53,1020.38,1771947475,0.033,-0.023,-0.337,56.64,73.74
15:37:58.220,1948,53,1021.02,1771947476,0.01,-0.007,-0.213,55.53,73.76
15:37:59.220,1949,54,1049.72,1771947477,0.0,-0.033,-0.02,57.09,73.73
15:38:00.221,1950,57,1104.46,1771947478,0.003,-0.03,0.11,61.68,73.63
15:38:01.221,1951,61,1187.14,1771947479,0.007,-0.033,0.217,65.95,73.55
15:38:02.220,1952,64,1240.02,1771947480,0.003,-0.053,0.25,67.1,73.52
15:38:03.220,1953,65,1261.46,1771947481,0.0,-0.033,0.32,66.36,73.53
15:38:04.221,1954,65,1254.3,1771947482,-0.047,-0.053,0.44,66.0,73.54
15:38:05.221,1955,64,1226.62,1771947483,-0.027,0.007,0.547,65.0,73.55
15:38:06.220,1956,62,1190.04,1771947484,-0.027,-0.003,0.46,63.0,73.59
15:38:07.220,1957,61,1177.54,1771947485,0.01,0.037,0.34,62.98,73.59
15:38:08.220,1958,62,1197.22,1771947486,0.03,0.013,0.19,67.09,73.5
15:38:09.221,1959,65,1244.94,1771947487,0.053,0.019,0.163,73.09,73.38
15:38:10.221,1960,68,1311.4,1771947488,0.07,0.007,0.097,78.08,73.28
15:38:11.220,1961,72,1384.28,1771947489,0.067,-0.017,0.057,82.05,73.2
15:38:12.220,1962,76,1459.04,1771947490,0.057,-0.039,-0.007,85.14,73.13
15:38:13.221,1963,79,1527.62,1771947491,0.04,-0.047,-0.043,86.45,73.1
15:38:14.221,1964,79,1588.86,1771947492,0.063,-0.06,-0.017,87.94,73.07
15:38:15.220,1965,79,1643.54,1771947493,0.097,-0.097,0.01,90.35,73.02
15:38:16.220,1966,79,1692.56,1771947494,0.09,-0.077,0.023,89.53,73.03
15:38:17.221,1967,79,1736.74,1771947495,0.043,-0.047,-0.017,85.5,73.11
15:38:18.220,1968,78,1775.08,1771947496,0.027,0.003,-0.03,82.9,73.16
15:38:19.220,1969,78,1806.32,1771947497,0.033,-0.02,-0.03,82.96,73.15
15:38:20.221,1970,78,1827.74,1771947498,0.037,-0.053,-0.02,82.86,73.15
15:38:21.220,1971,78,1842.46,1771947499,0.033,-0.023,-0.02,82.17,73.16
15:38:22.220,1972,78,1849.04,1771947500,0.02,-0.007,-0.01,80.79,73.18
15:38:23.221,1973,78,1849.94,1771947501,-0.023,0.01,-0.007,79.0,73.22
15:38:24.221,1974,78,1846.06,1771947502,-0.062,-0.013,0.01,79.0,73.21
15:38:25.220,1975,78,1838.34,1771947503,-0.055,0.023,-0.007,79.0,73.21
15:38:26.221,1976,78,1813.66,1771947504,-0.012,0.027,-0.0,79.0,73.21
15:38:27.221,1977,78,1768.44,1771947505,0.003,0.053,0.013,79.24,73.2
15:38:28.221,1978,78,1712.6,1771947506,-0.04,0.033,0.103,79.0,73.2
15:38:29.220,1979,78,1646.06,1771947507,-0.1,-0.03,0.2,79.0,73.2
15:38:30.220,1980,78,1569.56,1771947508,-0.09,-0.01,0.29,79.0,73.2
15:38:31.221,1981,77,1486.48,1771947509,-0.02,-0.0,-0.01,78.0,73.21
15:38:32.220,1982,73,1398.42,1771947510,0.057,0.077,-0.26,78.56,73.2
15:38:33.220,1983,67,1287.16,1771947511,0.023,0.017,-0.523,69.84,73.37
15:38:34.221,1984,61,1186.14,1771947512,-0.077,0.083,-0.337,62.0,73.52
15:38:35.221,1985,58,1113.82,1771947513,-0.103,0.083,-0.157,59.0,73.58
15:38:36.220,1986,56,1088.9,1771947514,-0.077,0.107,-0.017,57.0,73.62
15:38:37.221,1987,58,1113.32,1771947515,0.013,0.017,-0.06,62.23,73.51
15:38:38.220,1988,61,1176.68,1771947516,0.047,-0.007,-0.23,68.63,73.38
15:38:39.220,1989,64,1227.98,1771947517,0.047,-0.023,-0.333,70.56,73.34
15:38:40.221,1990,65,1248.76,1771947518,0.057,-0.02,-0.393,71.21,73.32
15:38:41.220,1991,65,1253.82,1771947519,0.043,-0.013,-0.363,69.44,73.36
15:38:42.221,1992,63,1225.5,1771947520,0.02,-0.01,-0.33,65.6,73.43
15:38:43.221,1993,60,1157.86,1771947521,-0.015,-0.008,-0.31,61.0,73.52
15:38:44.220,1994,55,1064.62,1771947522,-0.015,0.025,-0.38,56.0,73.62
15:38:45.221,1995,50,970.48,1771947523,0.018,0.028,-0.537,52.44,73.69
15:38:46.221,1996,45,870.12,1771947524,0.033,0.003,-0.317,48.64,73.76
15:38:47.220,1997,42,809.84,1771947525,0.01,0.007,0.05,43.8,73.86
15:38:48.220,1998,42,804.64,1771947526,-0.007,0.007,0.463,43.13,73.87
15:38:49.221,1999,42,815.08,1771947527,-0.023,0.007,0.36,44.6,73.84
15:38:50.220,2000,45,868.46,1771947528,-0.03,-0.013,0.153,49.18,73.74
15:38:51.221,2001,49,942.2,1771947529,-0.03,-0.01,-0.027,53.43,73.66
15:38:52.221,2002,52,1005.62,1771947530,-0.023,0.013,-0.037,56.08,73.6
15:38:53.220,2003,55,1065.24,1771947531,0.0,0.025,-0.033,59.97,73.52
15:38:54.221,2004,60,1164.6,1771947532,0.01,0.045,-0.038,66.34,73.39
15:38:55.220,2005,65,1247.02,1771947533,0.033,0.008,-0.025,72.44,73.27
15:38:56.220,2006,68,1316.56,1771947534,0.033,-0.05,0.012,74.82,73.22
15:38:57.221,2007,71,1374.24,1771947535,0.007,-0.09,0.09,75.23,73.21
15:38:58.220,2008,74,1423.3,1771947536,-0.03,-0.027,0.14,77.18,73.16
15:38:59.221,2009,76,1461.56,1771947537,-0.01,0.023,0.157,78.85,73.13
15:39:00.221,2010,78,1497.26,1771947538,0.01,0.03,0.073,81.54,73.07
15:39:01.220,2011,79,1531.0,1771947539,0.05,-0.013,-0.007,85.6,72.99
15:39:02.221,2012,79,1561.1,1771947540,-0.023,-0.0,-0.103,81.43,73.07
15:39:03.221,2013,79,1588.24,1771947541,-0.05,0.007,-0.107,81.34,73.06
15:39:04.220,2014,79,1614.62,1771947542,-0.08,-0.01,-0.07,81.28,73.06
15:39:05.221,2015,79,1639.52,1771947543,-0.02,-0.043,-0.003,81.16,73.06
15:39:06.221,2016,79,1660.82,1771947544,0.05,-0.1,-0.0,85.02,72.98
15:39:07.220,2017,79,1680.5,1771947545,0.043,-0.057,-0.0,84.35,72.99
15:39:08.221,2018,79,1697.1,1771947546,0.033,-0.05,-0.03,83.45,73.01
15:39:09.221,2019,79,1713.06,1771947547,-0.023,-0.023,-0.03,80.39,73.06
15:39:10.221,2020,79,1712.88,1771947548,0.007,-0.067,-0.07,80.56,73.06
15:39:11.220,2021,79,1695.26,1771947549,0.007,-0.08,-0.087,80.56,73.05
15:39:12.221,2022,79,1659.42,1771947550,0.037,-0.063,-0.08,82.96,73.0
15:39:13.221,2023,79,1606.86,1771947551,0.017,-0.038,-0.037,81.36,73.03
15:39:14.221,2024,80,1534.76,1771947552,0.007,-0.005,0.12,81.56,73.02
15:39:15.220,2025,76,1458.28,1771947553,-0.01,0.012,0.27,77.0,73.11
15:39:16.221,2026,71,1371.8,1771947554,-0.047,0.017,0.4,72.0,73.21
15:39:17.221,2027,66,1272.62,1771947555,-0.033,-0.007,0.12,67.0,73.31
15:39:18.221,2028,60,1167.82,1771947556,-0.033,-0.013,-0.197,61.0,73.42
15:39:19.220,2029,56,1072.96,1771947557,-0.023,-0.023,-0.48,57.0,73.5
15:39:20.221,2030,52,1004.9,1771947558,-0.043,-0.01,-0.463,53.0,73.58
15:39:21.220,2031,50,969.86,1771947559,-0.087,-0.013,-0.427,51.0,73.62
15:39:22.221,2032,50,973.2,1771947560,-0.053,-0.0,-0.307,52.0,73.6
15:39:23.221,2033,52,1009.88,1771947561,0.003,-0.023,-0.153,55.7,73.52
15:39:24.221,2034,55,1071.48,1771947562,0.04,-0.043,-0.043,62.4,73.38
15:39:25.220,2035,59,1137.96,1771947563,0.057,-0.08,-0.03,67.97,73.27
15:39:26.221,2036,63,1207.88,1771947564,-0.007,-0.073,-0.04,67.55,73.28
15:39:27.221,2037,66,1279.98,1771947565,-0.007,-0.053,0.007,70.58,73.21
15:39:28.221,2038,70,1351.26,1771947566,-0.057,-0.02,-0.057,74.33,73.13
15:39:29.221,2039,73,1413.36,1771947567,-0.027,-0.0,-0.087,76.77,73.08
15:39:30.220,2040,76,1461.94,1771947568,-0.043,-0.007,-0.183,78.75,73.04
15:39:31.221,2041,77,1483.3,1771947569,0.02,0.02,-0.267,79.84,73.01
15:39:32.221,2042,76,1471.36,1771947570,0.053,-0.017,-0.387,81.24,72.98
15:39:33.221,2043,71,1367.52,1771947571,0.107,0.02,-0.46,80.56,72.99
15:39:34.221,2044,66,1270.38,1771947572,0.087,-0.0,-0.327,73.96,73.12
15:39:35.220,2045,62,1196.46,1771947573,0.067,0.027,-0.247,68.36,73.23
15:39:36.221,2046,60,1158.2,1771947574,-0.007,0.013,-0.153,61.0,73.38
15:39:37.221,2047,60,1156.54,1771947575,0.003,0.017,-0.193,63.6,73.32
15:39:38.220,2048,65,1252.42,1771947576,0.01,-0.0,-0.183,71.63,73.16
15:39:39.221,2049,70,1349.62,1771947577,0.09,0.003,-0.188,82.33,72.94
15:39:40.221,2050,74,1417.6,1771947578,0.077,-0.013,-0.185,83.83,72.91
15:39:41.221,2051,76,1456.46,1771947579,0.04,0.007,-0.262,81.27,72.96
15:39:42.220,2052,76,1460.28,1771947580,0.013,-0.005,-0.285,78.04,73.02
15:39:43.221,2053,68,1318.1,1771947581,0.007,-0.005,-0.255,69.56,73.19
15:39:44.221,2054,62,1200.98,1771947582,0.023,0.025,-0.068,64.84,73.28
15:39:45.221,2055,56,1076.54,1771947583,0.013,0.01,-0.077,58.04,73.41
15:39:46.220,2056,51,981.94,1771947584,-0.01,0.013,-0.18,52.0,73.53
15:39:47.221,2057,48,920.78,1771947585,-0.047,-0.023,-0.263,49.34,73.58
15:39:48.221,2058,51,995.54,1771947586,-0.057,-0.027,-0.187,55.11,73.46
15:39:49.221,2059,54,1045.32,1771947587,-0.043,-0.01,-0.05,58.03,73.4
15:39:50.220,2060,58,1116.64,1771947588,-0.003,-0.013,-0.003,62.31,73.31
15:39:51.221,2061,61,1177.78,1771947589,-0.027,-0.01,0.143,64.62,73.27
15:39:52.221,2062,63,1221.28,1771947590,-0.03,-0.057,0.177,65.5,73.25
15:39:53.221,2063,64,1237.64,1771947591,-0.07,-0.02,0.303,65.0,73.25
15:39:54.221,2064,63,1211.36,1771947592,-0.03,0.003,0.343,64.0,73.27
15:39:55.221,2065,60,1149.78,1771947593,-0.02,0.02,0.49,61.0,73.33
15:39:56.221,2066,56,1087.7,1771947594,-0.003,-0.003,0.423,57.0,73.41
15:39:57.220,2067,54,1046.12,1771947595,0.023,-0.023,0.343,56.84,73.41
15:39:58.221,2068,54,1046.92,1771947596,0.017,-0.003,0.237,57.42,73.39
15:39:59.221,2069,56,1088.32,1771947597,0.023,0.03,0.193,61.98,73.3
15:40:00.220,2070,61,1172.48,1771947598,-0.027,0.08,0.113,66.36,73.21
15:40:01.221,2071,65,1262.82,1771947599,-0.037,0.107,0.02,70.45,73.12
15:40:02.221,2072,70,1350.56,1771947600,-0.043,0.08,-0.007,75.17,73.03
15:40:03.220,2073,74,1429.48,1771947601,-0.017,0.033,-0.02,78.91,72.95
15:40:04.221,2074,78,1506.88,1771947602,0.04,-0.043,-0.01,85.86,72.81
15:40:05.221,2075,78,1575.78,1771947603,0.027,-0.063,-0.02,84.35,72.83
15:40:06.221,2076,78,1634.6,1771947604,0.003,-0.033,-0.02,82.05,72.88
15:40:07.221,2077,78,1688.22,1771947605,-0.027,0.033,-0.027,81.5,72.88
15:40:08.221,2078,78,1734.5,1771947606,-0.01,0.017,-0.013,81.09,72.89
15:40:09.221,2079,78,1771.72,1771947607,0.0,0.043,-0.023,80.7,72.89
15:40:10.221,2080,78,1802.36,1771947608,-0.02,0.073,-0.02,80.37,72.9
15:40:11.221,2081,78,1826.58,1771947609,-0.02,0.093,-0.03,79.99,72.9
15:40:12.221,2082,78,1841.88,1771947610,-0.043,0.007,-0.023,79.61,72.91
15:40:13.221,2083,78,1851.14,1771947611,-0.043,-0.087,-0.007,79.28,72.91
15:40:14.221,2084,78,1852.96,1771947612,-0.023,-0.077,-0.01,79.0,72.91
15:40:15.221,2085,78,1842.62,1771947613,0.04,-0.02,-0.01,82.2,72.85
15:40:16.220,2086,78,1817.92,1771947614,0.05,0.003,-0.027,83.0,72.83
15:40:17.221,2087,78,1781.78,1771947615,0.023,-0.023,-0.017,80.84,72.87
15:40:18.221,2088,78,1726.92,1771947616,0.01,-0.047,-0.033,79.8,72.88
15:40:19.221,2089,78,1660.44,1771947617,-0.023,-0.02,0.067,79.0,72.9
15:40:20.221,2090,78,1589.94,1771947618,-0.013,-0.047,0.19,79.0,72.89
15:40:21.221,2091,79,1514.08,1771947619,-0.093,0.003,0.32,80.0,72.87
15:40:22.221,2092,74,1425.48,1771947620,-0.06,-0.043,0.1,75.0,72.97
15:40:23.221,2093,68,1308.26,1771947621,-0.09,0.01,-0.147,69.0,73.08
15:40:24.220,2094,60,1166.86,1771947622,-0.023,-0.027,-0.346,61.0,73.24
15:40:25.221,2095,55,1064.48,1771947623,-0.037,0.007,-0.277,56.0,73.34
15:40:26.221,2096,52,1006.7,1771947624,-0.003,-0.01,-0.183,53.0,73.4
15:40:27.221,2097,52,999.54,1771947625,-0.023,-0.007,-0.118,54.38,73.37
15:40:28.220,2098,55,1061.96,1771947626,0.007,-0.017,-0.13,60.82,73.24
15:40:29.221,2099,61,1169.8,1771947627,0.03,-0.057,-0.237,68.79,73.07
15:40:30.221,2100,64,1237.68,1771947628,0.057,-0.05,-0.357,71.89,73.01
15:40:31.221,2101,65,1262.94,1771947629,0.073,-0.01,-0.4,72.52,72.99
15:40:32.220,2102,66,1264.92,1771947630,0.103,0.037,-0.397,75.24,72.94
15:40:33.221,2103,64,1234.08,1771947631,0.09,0.017,-0.363,72.2,73.0
15:40:34.221,2104,61,1172.46,1771947632,0.107,-0.02,-0.403,70.56,73.03
15:40:35.221,2105,56,1080.0,1771947633,0.053,0.007,-0.325,61.24,73.21
15:40:36.221,2106,51,976.9,1771947634,0.09,0.033,-0.165,59.2,73.25
15:40:37.221,2107,46,881.6,1771947635,0.07,0.03,0.048,52.6,73.38
15:40:38.220,2108,43,830.64,1771947636,0.067,0.023,0.18,49.36,73.44
15:40:39.221,2109,43,827.68,1771947637,0.003,0.02,0.153,45.71,73.51
15:40:40.221,2110,46,889.38,1771947638,-0.033,0.04,0.14,51.22,73.4
15:40:41.221,2111,52,996.44,1771947639,-0.043,0.043,0.1,58.46,73.25
15:40:42.221,2112,57,1107.58,1771947640,-0.027,0.043,0.12,63.0,73.16
15:40:43.221,2113,62,1196.4,1771947641,-0.06,0.037,0.03,67.11,73.07
15:40:44.221,2114,66,1271.9,1771947642,-0.037,0.05,-0.048,70.48,73.0
15:40:45.221,2115,69,1335.64,1771947643,0.0,0.013,-0.125,72.78,72.96
15:40:46.221,2116,72,1382.96,1771947644,0.05,-0.013,0.005,79.17,72.82
15:40:47.221,2117,74,1422.48,1771947645,-0.007,-0.063,0.11,76.85,72.87
15:40:48.221,2118,76,1456.9,1771947646,-0.033,-0.037,0.193,78.55,72.83
15:40:49.221,2119,77,1484.6,1771947647,-0.06,0.013,0.147,79.39,72.81
15:40:50.221,2120,78,1512.6,1771947648,0.003,0.063,0.063,80.73,72.78
15:40:51.221,2121,80,1544.12,1771947649,0.047,0.037,0.003,86.31,72.67
15:40:52.221,2122,78,1574.62,1771947650,0.087,-0.007,-0.043,87.37,72.64
15:40:53.221,2123,76,1600.66,1771947651,0.05,-0.04,-0.033,82.3,72.74
15:40:54.221,2124,74,1626.82,1771947652,-0.003,-0.057,-0.013,76.19,72.86
15:40:55.221,2125,71,1648.28,1771947653,-0.06,-0.057,-0.003,73.04,72.92
15:40:56.221,2126,69,1668.22,1771947654,-0.097,-0.073,-0.007,70.95,72.96
15:40:57.220,2127,69,1686.4,1771947655,-0.11,-0.04,-0.03,70.7,72.96
15:40:58.221,2128,69,1696.26,1771947656,-0.053,-0.043,-0.057,70.0,72.97
15:40:59.221,2129,69,1682.4,1771947657,0.007,-0.047,-0.067,70.56,72.96
15:41:00.221,2130,69,1656.08,1771947658,-0.003,-0.07,-0.07,70.0,72.97
15:41:01.221,2131,69,1619.56,1771947659,-0.033,-0.013,-0.043,70.0,72.96
15:41:03.004,0,69,1570.24,1771947660,-0.037,0.01,-0.02,70.0,72.96
15:41:04.004,0,69,0.0,1771947662,-0.003,0.033,0.0,70.0,72.96
15:41:05.005,0,69,0.0,1771947664,-0.0,0.0,0.0,70.0,72.95
15:41:06.005,0,69,0.0,1771947666,0.027,0.017,-0.024,95.15,72.45
15:41:10.221,2140,48,919.46,1771947668,-0.013,0.033,-0.073,70.87,72.93
15:41:11.221,2141,45,874.76,1771947669,-0.027,0.037,-0.147,46.0,73.43
15:41:12.221,2142,45,868.06,1771947670,-0.057,0.02,-0.209,46.83,73.41
15:41:13.221,2143,47,907.9,1771947671,0.027,-0.01,-0.223,52.8,73.29
15:41:14.221,2144,50,973.72,1771947672,0.027,-0.01,-0.17,56.62,73.21
15:41:15.221,2145,54,1046.36,1771947673,0.05,-0.01,-0.127,62.93,73.08
15:41:16.221,2146,59,1130.9,1771947674,0.023,0.02,-0.077,66.06,73.01
15:41:17.221,2147,63,1214.98,1771947675,0.05,0.02,-0.043,71.93,72.89
15:41:18.220,2148,67,1288.16,1771947676,0.05,-0.01,0.013,75.5,72.82
15:41:19.220,2149,70,1355.08,1771947677,0.067,-0.043,-0.117,79.58,72.73
15:41:20.219,2150,73,1417.0,1771947678,0.03,-0.05,-0.157,79.14,72.74
15:41:21.218,2151,76,1464.7,1771947679,0.0,-0.007,-0.28,78.61,72.75
15:41:22.219,2152,77,1481.28,1771947680,-0.073,0.017,-0.247,78.0,72.76
15:41:23.218,2153,76,1458.48,1771947681,-0.027,0.033,-0.367,77.0,72.77
15:41:24.218,2154,72,1394.2,1771947682,0.023,0.047,-0.39,74.84,72.81
15:41:25.217,2155,69,1338.4,1771947683,0.09,0.03,-0.377,77.2,72.76
15:41:26.217,2156,67,1298.04,1771947684,0.09,-0.01,-0.333,75.2,72.8
15:41:27.217,2157,67,1288.3,1771947685,0.1,-0.027,-0.273,76.48,72.77
15:41:28.216,2158,68,1317.1,1771947686,0.103,-0.033,-0.227,79.4,72.71
15:41:29.217,2159,71,1374.78,1771947687,0.09,0.01,-0.107,81.46,72.67
15:41:30.216,2160,73,1407.54,1771947688,0.063,0.007,-0.047,79.73,72.7
15:41:31.216,2161,73,1402.5,1771947689,0.05,0.02,-0.033,78.0,72.73
15:41:32.215,2162,71,1374.88,1771947690,0.04,-0.013,-0.167,75.2,72.78
15:41:33.216,2163,68,1320.68,1771947691,0.037,-0.017,-0.32,71.96,72.84
15:41:34.216,2164,65,1251.88,1771947692,0.043,-0.053,-0.43,69.44,72.89
15:41:35.215,2165,61,1169.84,1771947693,0.053,-0.043,-0.463,66.24,72.95
15:41:36.215,2166,57,1094.76,1771947694,0.027,-0.047,-0.44,60.16,73.07
15:41:37.215,2167,52,1011.56,1771947695,0.027,-0.03,-0.53,55.16,73.17
15:41:38.214,2168,47,915.68,1771947696,0.02,-0.003,-0.54,49.6,73.28
15:41:39.215,2169,44,855.78,1771947697,0.017,-0.003,-0.343,46.36,73.34
15:41:40.215,2170,44,843.38,1771947698,-0.013,0.027,-0.067,45.33,73.36
15:41:41.214,2171,45,868.88,1771947699,-0.043,0.047,0.107,48.24,73.3
15:41:42.214,2172,48,933.18,1771947700,-0.057,0.057,0.14,53.36,73.2
15:41:43.215,2173,54,1043.36,1771947701,-0.07,0.097,0.17,60.29,73.06
15:41:44.214,2174,59,1144.82,1771947702,-0.06,0.043,0.267,64.32,72.97
15:41:45.214,2175,63,1216.08,1771947703,-0.033,0.03,0.307,66.71,72.92
15:41:46.214,2176,65,1253.36,1771947704,-0.043,0.01,0.45,67.22,72.91
15:41:47.214,2177,66,1264.82,1771947705,0.003,0.043,0.49,67.36,72.9
15:41:48.214,2178,65,1258.06,1771947706,-0.007,0.04,0.493,66.0,72.93
15:41:49.214,2179,65,1247.68,1771947707,0.04,-0.03,0.353,69.2,72.86
15:41:50.213,2180,65,1249.46,1771947708,0.01,-0.047,0.23,67.56,72.89
15:41:51.213,2181,66,1277.96,1771947709,0.023,-0.053,0.12,70.77,72.83
15:41:52.214,2182,69,1326.74,1771947710,-0.01,0.023,0.053,72.79,72.78
15:41:53.214,2183,72,1389.66,1771947711,0.013,-0.003,0.04,77.3,72.69
15:41:54.213,2184,76,1457.2,1771947712,-0.01,-0.007,-0.007,80.36,72.62
15:41:55.213,2185,79,1524.04,1771947713,0.003,-0.02,-0.037,83.38,72.56
15:41:56.213,2186,79,1582.9,1771947714,-0.053,0.05,-0.043,82.77,72.57
15:41:57.213,2187,79,1634.96,1771947715,-0.053,0.117,-0.02,82.44,72.57
15:41:58.214,2188,78,1680.46,1771947716,-0.027,0.067,0.01,81.15,72.6
15:41:59.213,2189,78,1720.84,1771947717,0.04,0.023,-0.003,84.16,72.53
15:42:00.213,2190,78,1758.78,1771947718,0.037,-0.0,-0.003,83.65,72.54
15:42:01.213,2191,78,1788.36,1771947719,0.01,0.08,-0.017,81.11,72.59
15:42:02.213,2192,78,1811.26,1771947720,-0.033,0.09,-0.023,79.97,72.61
15:42:03.214,2193,78,1827.1,1771947721,-0.02,0.077,-0.01,79.6,72.61
15:42:04.214,2194,78,1835.18,1771947722,0.007,0.023,0.017,79.72,72.61
15:42:05.213,2195,78,1833.66,1771947723,0.023,-0.0,-0.003,80.84,72.58
15:42:06.213,2196,78,1816.34,1771947724,0.053,-0.03,-0.003,83.24,72.53
15:42:07.213,2197,78,1798.88,1771947725,-0.003,-0.047,-0.02,79.0,72.61
15:42:08.213,2198,78,1782.74,1771947726,-0.013,-0.07,-0.03,79.0,72.61
15:42:09.213,2199,78,1747.76,1771947727,-0.02,-0.037,-0.01,79.0,72.6
15:42:10.213,2200,78,1695.1,1771947728,0.02,0.01,0.037,80.6,72.57
15:42:11.213,2201,78,1634.12,1771947729,0.02,0.063,0.22,80.6,72.57
15:42:12.213,2202,78,1560.82,1771947730,0.013,0.047,0.313,80.04,72.57
15:42:13.213,2203,76,1456.96,1771947731,0.0,0.03,0.39,77.0,72.63
15:42:14.213,2204,69,1329.64,1771947732,0.017,-0.03,0.375,71.36,72.74
15:42:15.213,2205,56,1084.52,1771947733,-0.017,-0.02,0.375,57.0,73.03
15:42:16.213,2206,42,815.4,1771947734,-0.007,0.02,0.34,43.0,73.31
15:42:17.213,2207,28,548.86,1771947735,-0.033,0.097,0.275,29.0,73.58
15:42:18.213,2208,20,396.2,1771947736,-0.007,0.08,0.232,21.0,73.74
15:42:19.212,2209,17,334.14,1771947737,0.007,0.033,0.167,19.84,73.77
15:42:20.213,2210,23,447.44,1771947738,-0.013,-0.023,0.067,31.64,73.53
15:42:21.213,2211,33,639.8,1771947739,-0.017,-0.02,-0.063,44.48,73.27
15:42:22.213,2212,45,866.82,1771947740,-0.05,0.007,-0.133,55.76,73.04
15:42:23.213,2213,53,1030.08,1771947741,-0.03,0.043,-0.197,61.02,72.93
15:42:24.212,2214,59,1147.58,1771947742,-0.027,0.043,-0.277,64.6,72.86
15:42:25.213,2215,63,1213.98,1771947743,-0.02,0.05,-0.263,66.12,72.83
15:42:26.213,2216,64,1232.18,1771947744,0.007,0.03,-0.227,65.56,72.84
15:42:27.213,2217,63,1213.08,1771947745,0.02,0.03,-0.247,65.6,72.83
15:42:28.212,2218,60,1157.92,1771947746,0.05,-0.007,-0.367,65.0,72.84
15:42:29.213,2219,56,1083.14,1771947747,0.043,-0.027,-0.587,60.44,72.93
15:42:30.213,2220,51,988.84,1771947748,0.025,-0.037,-0.447,54.0,73.06
15:42:31.213,2221,46,882.16,1771947749,-0.005,-0.053,-0.373,47.0,73.2
15:42:32.213,2222,43,823.62,1771947750,-0.02,-0.042,0.02,44.0,73.25
15:42:33.213,2223,42,808.3,1771947751,-0.025,-0.035,0.097,43.18,73.27
15:42:34.213,2224,43,830.62,1771947752,-0.012,-0.028,0.237,46.42,73.2
15:42:35.213,2225,47,904.9,1771947753,-0.003,-0.023,0.193,52.84,73.07
15:42:36.213,2226,53,1024.14,1771947754,0.0,-0.02,0.14,59.41,72.94
15:42:37.213,2227,58,1121.28,1771947755,-0.02,-0.047,0.09,63.46,72.85
15:42:38.213,2228,62,1202.54,1771947756,0.027,-0.083,-0.02,68.99,72.74
15:42:39.212,2229,66,1274.4,1771947757,0.057,-0.1,-0.11,74.9,72.62
15:42:40.212,2230,69,1336.2,1771947758,0.137,-0.047,-0.183,83.77,72.44
15:42:41.213,2231,72,1386.62,1771947759,0.043,-0.023,-0.057,78.75,72.54
15:42:42.213,2232,74,1428.44,1771947760,-0.003,0.02,0.09,76.92,72.57
15:42:43.213,2233,76,1463.6,1771947761,-0.063,0.037,0.187,78.58,72.53
15:42:44.213,2234,77,1491.46,1771947762,-0.013,0.1,0.087,79.34,72.52
15:42:45.213,2235,79,1517.16,1771947763,0.043,0.097,0.01,84.76,72.4
15:42:46.213,2236,80,1544.42,1771947764,0.033,0.08,-0.137,85.04,72.39
15:42:47.212,2237,80,1573.06,1771947765,0.043,0.053,-0.173,85.76,72.38
15:42:48.213,2238,80,1597.12,1771947766,0.023,0.017,-0.15,84.08,72.41
15:42:49.213,2239,80,1622.76,1771947767,0.02,-0.027,-0.053,83.84,72.41
15:42:50.213,2240,80,1646.9,1771947768,0.037,-0.083,-0.007,85.1,72.38
15:42:51.213,2241,80,1668.28,1771947769,0.05,-0.04,-0.013,85.79,72.36
15:42:52.213,2242,80,1678.52,1771947770,0.07,0.01,0.01,86.64,72.34
15:42:53.213,2243,80,1669.92,1771947771,0.063,0.063,-0.017,86.04,72.35
15:42:54.213,2244,80,1653.9,1771947772,0.013,0.07,-0.077,82.04,72.43
15:42:55.213,2245,80,1638.06,1771947773,0.013,0.073,-0.083,82.04,72.43
15:42:56.213,2246,80,1611.52,1771947774,0.01,0.057,-0.077,81.8,72.43
15:42:57.213,2247,80,1569.66,1771947775,0.037,-0.023,-0.01,83.96,72.38
15:42:58.212,2248,79,1527.24,1771947776,0.047,-0.033,0.01,83.76,72.38
15:42:59.213,2249,76,1469.6,1771947777,0.037,-0.017,0.09,79.96,72.45
15:43:00.213,2250,72,1385.84,1771947778,0.02,0.02,0.203,74.6,72.56
15:43:01.213,2251,67,1290.86,1771947779,0.04,0.027,0.347,71.2,72.62
15:43:02.213,2252,62,1196.38,1771947780,0.033,0.05,0.47,65.64,72.73
15:43:03.213,2253,57,1100.9,1771947781,0.127,0.05,0.14,68.16,72.68
15:43:04.213,2254,53,1016.72,1771947782,0.14,0.02,-0.23,65.2,72.74
15:43:05.213,2255,50,961.64,1771947783,0.137,-0.02,-0.577,61.96,72.8
15:43:06.212,2256,48,933.42,1771947784,0.047,-0.013,-0.46,52.76,72.98
15:43:07.213,2257,49,939.06,1771947785,0.003,0.007,-0.337,51.46,73.0
15:43:08.213,2258,51,982.04,1771947786,0.057,-0.05,-0.197,59.27,72.85
15:43:09.213,2259,54,1047.38,1771947787,0.037,-0.06,-0.14,61.37,72.8
15:43:10.213,2260,58,1118.54,1771947788,0.027,-0.067,-0.067,64.83,72.73
15:43:11.213,2261,62,1194.3,1771947789,0.033,0.013,-0.103,69.39,72.64
15:43:12.212,2262,66,1268.68,1771947790,0.033,0.03,-0.067,73.17,72.56
15:43:13.213,2263,69,1335.38,1771947791,0.03,-0.007,-0.02,75.59,72.51
15:43:14.213,2264,72,1396.12,1771947792,-0.047,-0.037,-0.02,75.87,72.5
15:43:15.213,2265,75,1450.04,1771947793,0.0,-0.09,-0.08,77.94,72.45
15:43:16.213,2266,76,1473.66,1771947794,-0.003,-0.057,-0.243,77.23,72.46
15:43:17.213,2267,76,1459.42,1771947795,0.037,-0.03,-0.277,79.96,72.41
15:43:18.213,2268,73,1415.1,1771947796,-0.003,-0.0,-0.357,74.0,72.52
15:43:19.212,2269,71,1374.0,1771947797,0.013,0.003,-0.323,73.04,72.54
15:43:20.213,2270,69,1339.96,1771947798,-0.002,-0.0,-0.263,70.0,72.6
15:43:21.213,2271,69,1335.56,1771947799,0.025,0.04,-0.247,72.42,72.55
15:43:22.213,2272,70,1356.76,1771947800,-0.002,0.05,-0.19,72.28,72.55
15:43:23.213,2273,72,1386.68,1771947801,0.027,0.057,-0.15,76.17,72.47
15:43:24.213,2274,72,1397.14,1771947802,-0.02,0.02,-0.067,73.01,72.53
15:43:25.213,2275,72,1387.22,1771947803,0.03,-0.013,-0.033,75.4,72.48
15:43:26.212,2276,70,1359.04,1771947804,-0.003,-0.01,-0.073,71.0,72.57
15:43:27.213,2277,68,1317.82,1771947805,0.047,-0.003,-0.177,72.76,72.53
15:43:28.213,2278,66,1275.38,1771947806,0.003,0.01,-0.337,67.24,72.64
15:43:29.213,2279,62,1200.46,1771947807,0.01,-0.017,-0.47,63.8,72.7
15:43:30.213,2280,58,1110.88,1771947808,0.033,0.01,-0.513,61.64,72.75
15:43:31.213,2281,54,1044.74,1771947809,0.073,-0.01,-0.527,60.84,72.76
15:43:32.213,2282,51,990.14,1771947810,0.077,-0.04,-0.517,58.16,72.81
15:43:33.213,2283,50,960.72,1771947811,0.037,-0.06,-0.34,53.96,72.9
15:43:34.212,2284,51,981.3,1771947812,0.02,-0.03,-0.15,55.61,72.86
15:43:35.213,2285,54,1041.16,1771947813,0.03,0.033,0.063,60.19,72.77
15:43:36.213,2286,57,1092.88,1771947814,0.057,0.053,0.207,65.12,72.67
15:43:37.213,2287,59,1143.68,1771947815,0.07,0.02,0.26,67.9,72.61
15:43:38.213,2288,61,1184.92,1771947816,0.023,-0.023,0.327,65.52,72.66
15:43:39.213,2289,63,1210.9,1771947817,-0.01,-0.05,0.33,64.52,72.67
15:43:40.213,2290,62,1205.58,1771947818,-0.06,-0.033,0.4,63.0,72.7
15:43:41.213,2291,61,1168.72,1771947819,-0.087,-0.017,0.407,62.0,72.72
15:43:42.212,2292,60,1151.12,1771947820,-0.083,0.017,0.387,61.0,72.74
15:43:43.213,2293,60,1149.64,1771947821,-0.033,0.007,0.367,61.38,72.73
15:43:44.213,2294,60,1166.32,1771947822,0.017,-0.027,0.29,63.94,72.68
15:43:45.213,2295,63,1212.66,1771947823,0.047,-0.0,0.173,71.0,72.53
15:43:46.213,2296,67,1296.08,1771947824,-0.013,0.073,0.04,72.05,72.51
15:43:47.213,2297,71,1374.52,1771947825,-0.003,0.12,-0.01,75.73,72.44
15:43:48.213,2298,75,1445.38,1771947826,-0.007,0.067,-0.017,79.46,72.36
15:43:49.213,2299,78,1512.86,1771947827,0.033,0.037,-0.027,84.84,72.25
15:43:50.213,2300,78,1573.34,1771947828,0.007,-0.007,-0.023,82.44,72.3
15:43:51.213,2301,78,1627.96,1771947829,0.03,0.027,-0.047,83.97,72.26
15:43:52.213,2302,78,1676.32,1771947830,0.027,0.003,-0.027,83.47,72.27
15:43:53.213,2303,78,1720.52,1771947831,0.013,0.04,-0.027,82.11,72.3
15:43:54.213,2304,78,1759.2,1771947832,-0.03,0.017,-0.017,80.76,72.32
15:43:55.213,2305,78,1791.12,1771947833,-0.01,-0.013,-0.023,80.39,72.33
15:43:56.213,2306,78,1814.86,1771947834,0.043,-0.057,-0.032,83.48,72.26
15:43:57.213,2307,78,1832.76,1771947835,0.063,-0.093,-0.035,84.77,72.23
15:43:58.213,2308,78,1844.12,1771947836,0.057,-0.1,-0.028,83.65,72.25
15:43:59.213,2309,78,1836.38,1771947837,0.057,-0.087,-0.033,83.56,72.25
15:44:00.213,2310,78,1817.72,1771947838,0.033,-0.06,-0.02,81.64,72.29
15:44:01.213,2311,78,1796.38,1771947839,0.033,-0.04,-0.017,81.64,72.29
15:44:02.213,2312,78,1761.6,1771947840,0.0,-0.007,0.0,79.0,72.34
15:44:03.213,2313,78,1710.76,1771947841,-0.023,-0.02,-0.003,79.0,72.34
15:44:04.213,2314,78,1654.84,1771947842,-0.037,-0.027,0.043,79.0,72.33
15:44:05.213,2315,78,1592.44,1771947843,0.01,-0.033,0.142,79.8,72.32
15:44:06.213,2316,79,1518.68,1771947844,0.05,0.01,0.295,84.0,72.23
15:44:07.213,2317,75,1443.76,1771947845,0.007,0.06,0.122,76.56,72.38
15:44:08.213,2318,70,1354.16,1771947846,0.04,0.063,-0.143,74.2,72.42
15:44:09.213,2319,65,1263.04,1771947847,0.05,0.007,-0.45,70.0,72.5
15:44:10.213,2320,62,1188.92,1771947848,0.15,-0.01,-0.467,75.0,72.4
15:44:11.213,2321,58,1126.1,1771947849,0.087,-0.027,-0.439,65.96,72.58
15:44:12.213,2322,57,1100.28,1771947850,0.067,0.033,-0.417,63.4,72.63
15:44:13.213,2323,58,1127.7,1771947851,0.023,0.037,-0.403,63.15,72.63
15:44:14.213,2324,62,1192.78,1771947852,0.03,0.027,-0.404,68.16,72.53
15:44:15.213,2325,64,1237.98,1771947853,0.05,0.013,-0.423,70.81,72.48
15:44:16.213,2326,66,1265.32,1771947854,0.06,0.017,-0.447,72.45,72.44
15:44:17.213,2327,65,1264.0,1771947855,0.083,0.02,-0.46,72.64,72.44
15:44:18.213,2328,64,1226.3,1771947856,0.077,0.01,-0.46,71.16,72.46
15:44:19.213,2329,59,1132.88,1771947857,0.043,-0.057,-0.46,63.44,72.62
15:44:20.213,2330,54,1040.4,1771947858,0.06,-0.063,-0.527,59.8,72.69
15:44:21.212,2331,50,957.82,1771947859,0.03,-0.107,-0.453,53.4,72.82
15:44:22.213,2332,46,898.14,1771947860,0.037,-0.077,-0.217,49.96,72.88
15:44:23.213,2333,45,876.18,1771947861,-0.033,-0.05,0.08,46.36,72.95
15:44:24.213,2334,47,912.54,1771947862,-0.02,0.003,0.26,50.66,72.87
15:44:25.213,2335,51,982.76,1771947863,-0.022,-0.013,0.217,56.09,72.76
15:44:26.213,2336,56,1076.28,1771947864,-0.005,-0.017,0.157,61.56,72.65
15:44:27.213,2337,60,1165.04,1771947865,-0.015,-0.057,0.07,65.13,72.57
15:44:28.212,2338,64,1241.3,1771947866,-0.023,-0.02,-0.007,68.57,72.5
15:44:29.212,2339,68,1307.94,1771947867,0.017,-0.013,-0.107,72.98,72.41
15:44:30.213,2340,70,1345.94,1771947868,0.05,-0.0,-0.193,76.13,72.35
15:44:31.213,2341,70,1353.3,1771947869,0.03,-0.01,-0.157,73.57,72.4
15:44:32.213,2342,70,1352.9,1771947870,-0.03,-0.003,-0.02,71.0,72.45
15:44:33.213,2343,70,1351.1,1771947871,-0.05,0.027,0.097,71.0,72.44
15:44:34.213,2344,70,1348.78,1771947872,-0.01,0.047,0.13,71.34,72.43
15:44:35.213,2345,71,1364.82,1771947873,0.043,0.017,0.063,76.89,72.32
15:44:36.213,2346,73,1406.72,1771947874,0.073,-0.02,-0.007,81.99,72.22
15:44:37.213,2347,75,1450.66,1771947875,0.07,-0.04,-0.083,83.63,72.18
15:44:38.213,2348,77,1488.0,1771947876,0.037,-0.023,-0.093,82.7,72.2
15:44:39.213,2349,79,1520.34,1771947877,0.003,-0.007,-0.083,81.83,72.21
15:44:40.213,2350,79,1551.58,1771947878,-0.017,0.017,-0.05,81.48,72.22
15:44:41.213,2351,79,1579.48,1771947879,-0.01,-0.027,-0.02,81.3,72.22
15:44:42.213,2352,79,1603.58,1771947880,-0.047,-0.02,-0.013,81.18,72.22
15:44:43.213,2353,79,1626.58,1771947881,-0.007,-0.05,0.017,81.11,72.22
15:44:44.213,2354,79,1648.02,1771947882,0.05,-0.02,-0.003,84.99,72.14
15:44:45.214,2355,79,1666.24,1771947883,0.07,-0.027,-0.008,85.97,72.12
15:44:46.213,2356,79,1662.82,1771947884,0.03,-0.023,-0.045,82.4,72.19
15:44:47.213,2357,79,1637.18,1771947885,-0.013,-0.007,-0.045,80.0,72.23
15:44:48.213,2358,79,1593.36,1771947886,-0.007,0.01,-0.043,80.0,72.23
15:44:49.213,2359,79,1524.78,1771947887,0.04,0.007,-0.007,83.2,72.17
15:44:50.214,2360,74,1431.06,1771947888,0.023,-0.003,0.153,76.84,72.29
15:44:51.213,2361,69,1335.68,1771947889,0.027,-0.007,0.263,72.16,72.38
15:44:52.213,2362,64,1242.06,1771947890,0.017,0.01,0.447,66.36,72.5
15:44:53.213,2363,59,1141.1,1771947891,-0.037,0.03,0.26,60.0,72.62
15:44:54.213,2364,54,1044.84,1771947892,-0.007,0.07,0.017,55.0,72.72
15:44:55.214,2365,51,977.62,1771947893,-0.01,0.11,-0.377,52.0,72.78
15:44:56.213,2366,48,936.6,1771947894,0.057,0.08,-0.507,53.56,72.75
15:44:57.213,2367,48,924.6,1771947895,0.08,0.01,-0.513,55.77,72.7
15:44:58.213,2368,49,951.54,1771947896,0.053,-0.05,-0.383,56.4,72.69
15:44:59.213,2369,52,1011.02,1771947897,0.037,-0.057,-0.263,59.14,72.63
15:45:00.214,2370,56,1078.84,1771947898,0.003,-0.033,-0.133,60.77,72.6
15:45:01.213,2371,60,1152.38,1771947899,0.027,-0.037,-0.067,66.84,72.47
15:45:02.213,2372,64,1226.04,1771947900,0.02,0.003,-0.037,70.12,72.41
15:45:03.213,2373,67,1293.24,1771947901,0.02,-0.013,-0.02,72.81,72.35
15:45:04.213,2374,70,1354.32,1771947902,-0.027,0.017,-0.047,73.91,72.33
15:45:05.214,2375,73,1409.48,1771947903,-0.06,-0.023,-0.073,76.48,72.27
15:45:06.214,2376,75,1453.58,1771947904,-0.053,-0.053,-0.07,77.3,72.25
15:45:07.213,2377,76,1461.5,1771947905,-0.023,-0.077,-0.167,77.0,72.26
15:45:08.213,2378,75,1437.74,1771947906,0.01,-0.017,-0.25,76.8,72.26
15:45:09.213,2379,72,1381.46,1771947907,0.007,-0.003,-0.4,73.56,72.32
15:45:10.213,2380,68,1308.16,1771947908,0.043,-0.01,-0.417,72.44,72.34
15:45:11.214,2381,64,1242.18,1771947909,0.09,-0.057,-0.357,72.2,72.35
15:45:12.213,2382,63,1207.0,1771947910,0.047,-0.02,-0.263,67.76,72.43
15:45:13.213,2383,63,1207.32,1771947911,0.043,-0.0,-0.187,68.5,72.42
15:45:14.213,2384,65,1249.48,1771947912,0.035,0.03,-0.15,71.48,72.36
15:45:15.213,2385,68,1314.54,1771947913,0.095,0.037,-0.093,79.7,72.19
15:45:16.213,2386,71,1373.46,1771947914,0.088,0.03,-0.113,81.54,72.15
15:45:17.214,2387,73,1414.34,1771947915,0.083,-0.027,-0.13,82.01,72.14
15:45:18.213,2388,74,1428.44,1771947916,0.082,-0.057,-0.277,81.56,72.15
15:45:19.213,2389,73,1402.0,1771947917,0.085,-0.037,-0.353,80.8,72.16
15:45:20.213,2390,69,1324.1,1771947918,0.065,-0.017,-0.463,75.2,72.27
15:45:21.213,2391,63,1209.42,1771947919,0.04,0.023,-0.48,67.2,72.43
15:45:22.214,2392,56,1089.44,1771947920,0.007,-0.017,-0.497,57.56,72.62
15:45:23.213,2393,51,988.98,1771947921,0.0,-0.003,-0.503,52.0,72.73
15:45:24.213,2394,47,911.56,1771947922,0.0,-0.05,-0.327,48.0,72.81
15:45:25.213,2395,46,881.56,1771947923,0.013,-0.02,-0.123,48.04,72.8
15:45:26.213,2396,47,908.36,1771947924,0.027,-0.007,0.093,52.38,72.72
15:45:27.214,2397,50,970.52,1771947925,0.037,0.027,0.107,57.3,72.62
15:45:28.214,2398,54,1042.14,1771947926,0.023,0.043,0.213,60.77,72.55
15:45:29.213,2399,58,1127.82,1771947927,0.003,0.05,0.287,63.33,72.49
15:45:30.213,2400,62,1205.84,1771947928,-0.03,0.047,0.31,66.39,72.43
15:45:31.213,2401,65,1263.5,1771947929,-0.023,0.03,0.327,67.73,72.4
15:45:32.213,2402,66,1275.14,1771947930,-0.047,0.017,0.327,67.0,72.41
15:45:33.214,2403,64,1233.04,1771947931,0.017,-0.0,0.47,66.36,72.43
15:45:34.214,2404,61,1174.78,1771947932,0.043,-0.023,0.463,65.44,72.44
15:45:35.213,2405,58,1119.2,1771947933,0.09,-0.04,0.467,66.2,72.43
15:45:36.213,2406,56,1076.72,1771947934,0.037,-0.027,0.267,59.96,72.55
15:45:37.213,2407,56,1082.92,1771947935,0.02,-0.0,0.14,60.32,72.54
15:45:38.214,2408,59,1145.54,1771947936,-0.01,-0.053,0.013,63.58,72.47
15:45:39.214,2409,64,1226.12,1771947937,0.003,-0.047,0.01,69.51,72.35
15:45:40.213,2410,68,1316.46,1771947938,-0.023,-0.067,-0.02,73.45,72.27
15:45:41.213,2411,73,1404.02,1771947939,-0.02,-0.043,-0.047,78.13,72.18
15:45:42.213,2412,77,1481.78,1771947940,0.0,-0.027,-0.037,81.66,72.1
15:45:43.213,2413,80,1550.52,1771947941,0.03,-0.03,-0.013,86.66,72.0
15:45:44.214,2414,80,1612.16,1771947942,0.03,0.017,0.01,86.27,72.01
15:45:45.214,2415,80,1665.44,1771947943,0.01,0.013,-0.003,84.3,72.04
15:45:46.213,2416,80,1712.36,1771947944,-0.01,0.023,-0.03,83.16,72.06
15:45:47.213,2417,80,1752.02,1771947945,0.017,-0.03,-0.017,84.1,72.04
15:45:48.213,2418,79,1781.9,1771947946,0.057,-0.027,-0.003,85.85,72.01
15:45:49.213,2419,79,1803.68,1771947947,0.077,-0.05,0.013,87.07,71.98
15:45:50.213,2420,79,1818.28,1771947948,0.05,-0.01,-0.01,84.54,72.03
15:45:51.213,2421,79,1825.48,1771947949,0.007,-0.03,-0.03,80.67,72.1
15:45:52.213,2422,79,1822.56,1771947950,-0.02,-0.043,-0.053,80.0,72.11
15:45:53.213,2423,79,1808.3,1771947951,-0.027,-0.073,-0.04,80.0,72.11
15:45:54.214,2424,79,1787.3,1771947952,-0.003,-0.083,-0.01,80.0,72.11
15:45:55.214,2425,79,1753.5,1771947953,0.003,-0.033,0.0,80.24,72.1
15:45:56.213,2426,79,1701.66,1771947954,0.05,0.005,-0.003,84.0,72.03
15:45:57.213,2427,79,1640.92,1771947955,0.043,0.005,0.103,83.44,72.03
15:45:58.213,2428,79,1579.52,1771947956,-0.013,-0.062,0.21,80.0,72.1
15:45:59.214,2429,78,1504.42,1771947957,-0.047,-0.053,0.37,79.0,72.12
15:46:00.214,2430,74,1417.94,1771947958,-0.067,-0.042,0.13,75.0,72.2
15:46:01.213,2431,69,1330.0,1771947959,0.003,0.035,-0.107,70.24,72.29
15:46:02.213,2432,64,1231.84,1771947960,0.01,0.028,-0.3,65.8,72.38
15:46:03.213,2433,60,1163.34,1771947961,-0.01,0.015,-0.23,61.0,72.47
15:46:04.214,2434,59,1135.96,1771947962,-0.03,-0.005,-0.113,60.0,72.49
15:46:05.214,2435,60,1153.86,1771947963,-0.05,0.018,-0.15,62.83,72.43
15:46:06.214,2436,63,1209.36,1771947964,0.003,-0.02,-0.213,67.55,72.34
15:46:07.213,2437,67,1286.26,1771947965,0.033,-0.033,-0.34,73.48,72.22
15:46:08.213,2438,69,1322.76,1771947966,0.127,-0.077,-0.42,80.98,72.06
15:46:09.213,2439,68,1319.06,1771947967,0.133,-0.05,-0.443,79.64,72.09
15:46:10.214,2440,67,1284.7,1771947968,0.11,-0.043,-0.43,76.8,72.14
15:46:11.214,2441,62,1203.36,1771947969,0.043,-0.043,-0.437,66.44,72.35
15:46:12.213,2442,57,1095.38,1771947970,0.003,-0.02,-0.527,58.24,72.51
15:46:13.213,2443,50,975.28,1771947971,0.06,0.03,-0.697,55.8,72.56
15:46:14.213,2444,45,877.76,1771947972,0.047,0.037,-0.443,49.76,72.68
15:46:15.214,2445,42,810.82,1771947973,0.093,0.063,-0.153,50.44,72.66
15:46:16.214,2446,41,798.54,1771947974,0.053,0.02,0.23,46.89,72.73
15:46:17.213,2447,43,836.68,1771947975,0.067,0.043,0.22,52.6,72.62
15:46:18.213,2448,48,928.02,1771947976,0.02,0.007,0.217,55.44,72.56
15:46:19.213,2449,53,1030.38,1771947977,0.0,0.02,0.187,58.91,72.49
15:46:20.213,2450,58,1124.48,1771947978,-0.02,0.013,0.053,63.32,72.4
15:46:21.214,2451,62,1203.16,1771947979,-0.003,-0.027,-0.07,66.67,72.33
15:46:22.214,2452,66,1271.44,1771947980,0.023,0.053,-0.213,71.99,72.22
15:46:23.214,2453,69,1329.3,1771947981,0.03,0.037,-0.21,75.0,72.16
15:46:24.214,2454,71,1375.54,1771947982,0.0,0.107,-0.13,74.1,72.18
15:46:25.214,2455,73,1413.32,1771947983,-0.007,0.043,0.073,75.72,72.14
15:46:26.214,2456,75,1444.28,1771947984,0.013,0.06,0.147,78.4,72.09
15:46:27.213,2457,76,1467.86,1771947985,0.017,0.06,0.117,79.49,72.06
15:46:28.213,2458,77,1489.4,1771947986,0.01,0.033,-0.013,79.92,72.05
15:46:29.213,2459,78,1512.78,1771947987,0.02,0.037,-0.08,81.78,72.01
15:46:30.213,2460,80,1536.6,1771947988,0.05,-0.003,-0.073,86.15,71.92
15:46:31.213,2461,80,1558.92,1771947989,0.05,-0.01,-0.053,86.13,71.92
15:46:32.213,2462,80,1581.7,1771947990,0.023,-0.013,-0.023,83.95,71.96
15:46:33.214,2463,80,1603.26,1771947991,0.013,0.013,-0.013,83.04,71.98
15:46:34.214,2464,80,1621.68,1771947992,0.023,0.027,-0.03,83.71,71.96
15:46:35.213,2465,80,1638.1,1771947993,0.013,-0.023,-0.037,82.81,71.98
15:46:36.213,2466,80,1652.6,1771947994,-0.03,-0.01,-0.05,81.74,72.0
15:46:37.214,2467,80,1667.78,1771947995,-0.053,-0.023,-0.053,81.67,72.0
15:46:38.214,2468,80,1679.52,1771947996,-0.027,0.047,-0.047,81.17,72.0
15:46:39.213,2469,80,1674.76,1771947997,0.013,0.04,-0.03,82.04,71.98
15:46:40.213,2470,80,1650.06,1771947998,0.027,0.082,-0.017,83.16,71.96
15:46:41.213,2471,80,1605.38,1771947999,0.007,0.095,-0.003,81.56,71.99
15:46:42.214,2472,80,1540.98,1771948000,-0.017,0.072,0.107,81.0,72.0
15:46:43.214,2473,76,1458.34,1771948001,-0.023,0.02,0.257,77.0,72.08
15:46:44.213,2474,71,1367.86,1771948002,0.003,-0.023,0.437,72.24,72.17
15:46:45.213,2475,66,1270.18,1771948003,0.013,-0.027,0.213,68.04,72.25
15:46:46.213,2476,61,1172.94,1771948004,0.007,0.003,-0.117,62.56,72.36
15:46:47.213,2477,56,1082.76,1771948005,-0.007,-0.007,-0.487,57.0,72.47
15:46:48.213,2478,52,997.78,1771948006,0.033,0.01,-0.54,55.64,72.5
15:46:49.214,2479,48,937.6,1771948007,0.007,0.03,-0.49,49.56,72.62
15:46:50.214,2480,47,914.32,1771948008,0.07,0.03,-0.363,53.6,72.53
15:46:51.213,2481,48,932.68,1771948009,0.043,0.017,-0.21,54.0,72.52
15:46:52.213,2482,50,976.58,1771948010,0.06,-0.027,-0.08,58.67,72.43
15:46:53.214,2483,54,1047.52,1771948011,0.003,-0.02,-0.032,59.06,72.42
15:46:54.214,2484,58,1129.22,1771948012,0.043,-0.007,-0.035,66.5,72.27
15:46:55.213,2485,63,1209.98,1771948013,0.067,0.007,-0.042,73.08,72.14
15:46:56.213,2486,66,1278.16,1771948014,0.04,-0.017,-0.063,73.42,72.13
15:46:57.214,2487,69,1338.94,1771948015,-0.017,-0.047,-0.057,72.86,72.14
15:46:58.214,2488,72,1392.62,1771948016,-0.04,-0.06,-0.107,75.12,72.09
15:46:59.213,2489,74,1423.94,1771948017,-0.04,-0.043,-0.203,75.89,72.07
15:47:00.213,2490,74,1428.06,1771948018,-0.043,0.027,-0.317,75.0,72.09
15:47:01.213,2491,72,1391.92,1771948019,-0.05,0.017,-0.387,73.0,72.13
15:47:02.214,2492,70,1352.18,1771948020,-0.064,0.03,-0.257,71.0,72.16
15:47:04.051,1050131921,0,0.0,1771948021,-0.071,-0.023,-0.133,1.0,73.56
15:47:05.051,3823581707,0,0.0,1771948023,-0.071,-0.0,0.0,1.0,73.56
15:47:06.051,2421472565,0,0.0,1771948024,-0.072,0.0,0.0,1.0,73.56
15:47:07.051,2836380890,0,0.0,1771948026,-0.072,0.0,0.0,1.0,73.56
15:47:08.051,3634052299,0,0.0,1771948027,-0.072,0.0,0.0,1.0,73.56
15:47:09.051,903724122,0,0.0,1771948027,-0.073,0.0,0.0,1.0,73.56
15:47:10.051,618085892,0,0.0,1771948027,-0.073,-0.0,0.0,1.0,73.56
15:47:11.051,883932167,0,0.0,1771948027,-0.073,0.0,-0.0,1.0,73.56
15:47:12.052,1261878761,0,0.0,1771948027,-0.073,0.0,-0.0,1.0,73.56
15:47:13.051,4210048313,0,0.0,1771948027,-0.073,-0.0,0.0,1.0,73.56
15:47:14.051,320191763,0,0.0,1771948027,-0.073,0.0,0.0,1.0,73.56
15:47:15.051,511032771,0,0.0,1771948027,-0.073,-0.0,0.0,1.0,73.56
15:47:16.052,1253293326,0,0.0,1771948027,-0.073,0.033,0.0,1.0,73.56
15:47:17.051,1695235556,0,0.0,1771948027,-0.073,0.1,-0.002,1.0,73.56
15:47:18.051,1498266923,0,0.0,1771948027,-0.073,0.2,-0.006,1.0,73.56
15:47:23.051,3909762189,0,0.0,1771948027,-0.073,0.167,-0.012,1.0,73.56
15:47:24.051,1927855428,0,0.0,1771948027,-0.073,0.1,-0.018,1.0,73.56
15:47:25.051,2308193690,0,0.0,1771948027,-0.075,0.037,-0.024,35.46,72.87
15:47:29.213,2519,71,1378.44,1771948047,-0.031,0.047,-0.028,108.32,71.41
15:47:30.213,2520,75,1452.68,1771948048,0.017,0.023,-0.02,81.06,71.96
15:47:31.214,2521,79,1526.62,1771948049,0.033,-0.037,-0.013,86.14,71.85
15:47:32.213,2522,79,1592.7,1771948050,-0.047,-0.063,-0.02,83.13,71.91
15:47:33.214,2523,79,1651.88,1771948051,-0.043,-0.07,-0.033,82.8,71.92
15:47:34.214,2524,79,1704.56,1771948052,-0.02,-0.047,-0.033,82.47,71.92
15:47:35.213,2525,79,1750.72,1771948053,0.03,-0.04,-0.013,84.46,71.88
15:47:36.214,2526,79,1786.9,1771948054,-0.02,-0.017,0.017,81.58,71.93
15:47:37.213,2527,79,1814.1,1771948055,-0.04,-0.033,0.03,81.17,71.94
15:47:38.213,2528,79,1833.84,1771948056,-0.04,-0.033,0.03,80.79,71.94
15:47:39.214,2529,79,1845.58,1771948057,-0.027,-0.03,0.023,80.33,71.95
15:47:40.214,2530,79,1847.06,1771948058,-0.017,0.04,0.007,80.0,71.96
15:47:41.213,2531,79,1833.68,1771948059,0.01,0.07,0.003,80.8,71.94
15:47:42.214,2532,79,1811.72,1771948060,0.03,0.053,-0.007,82.4,71.9
15:47:43.214,2533,79,1796.4,1771948061,0.033,0.01,-0.007,82.64,71.9
15:47:44.213,2534,79,1767.8,1771948062,0.003,-0.013,-0.013,80.24,71.94
15:47:45.213,2535,79,1720.72,1771948063,0.0,0.023,-0.017,80.0,71.95
15:47:46.214,2536,79,1665.22,1771948064,-0.013,-0.003,0.123,80.0,71.94
15:47:47.214,2537,79,1603.14,1771948065,-0.053,-0.053,0.247,80.0,71.94
15:47:48.213,2538,79,1515.42,1771948066,-0.103,-0.033,0.245,80.0,71.94
15:47:49.214,2539,70,1358.2,1771948067,-0.077,0.003,-0.015,71.0,72.12
15:47:50.214,2540,63,1215.36,1771948068,0.01,0.057,-0.318,64.8,72.24
15:47:51.213,2541,55,1064.36,1771948069,0.057,0.033,-0.427,60.56,72.32
15:47:52.213,2542,50,958.88,1771948070,0.043,-0.01,-0.35,54.44,72.44
15:47:53.214,2543,46,899.7,1771948071,0.008,-0.037,-0.247,47.64,72.58
15:47:54.213,2544,49,948.36,1771948072,-0.005,-0.043,-0.083,53.17,72.47
15:47:55.213,2545,53,1026.32,1771948073,-0.028,-0.023,-0.017,59.08,72.35
15:47:56.214,2546,60,1151.58,1771948074,-0.007,-0.03,-0.04,66.19,72.2
15:47:57.214,2547,64,1233.84,1771948075,0.047,-0.043,-0.123,71.66,72.09
15:47:58.213,2548,66,1267.4,1771948076,0.09,-0.02,-0.28,75.13,72.02
15:47:59.214,2549,66,1271.08,1771948077,0.143,0.013,-0.343,78.44,71.95
15:48:00.214,2550,65,1256.62,1771948078,0.103,0.003,-0.433,74.24,72.03
15:48:01.214,2551,62,1190.46,1771948079,0.057,-0.013,-0.39,67.56,72.17
15:48:02.213,2552,60,1146.95,1771948080,-0.03,-0.03,-0.36,61.0,72.3
15:48:03.213,2553,57,1103.45,1771948081,-0.027,0.003,-0.457,58.0,72.35
15:48:04.214,2554,55,1059.94,1771948082,0.0,-0.013,-0.183,56.0,72.39
15:48:05.214,2555,53,1016.43,1771948083,0.0,0.017,0.11,54.0,72.43
15:48:06.214,2556,50,972.93,1771948084,-0.017,0.007,0.373,51.0,72.49
15:48:07.213,2557,48,929.42,1771948085,0.007,0.037,0.24,49.98,72.51
15:48:08.213,2558,51,989.62,1771948086,0.013,0.04,0.153,56.44,72.38
15:48:09.214,2559,55,1065.6,1771948087,0.02,0.023,0.083,61.34,72.28
15:48:10.214,2560,59,1139.36,1771948088,-0.003,-0.007,0.023,63.66,72.23
15:48:11.213,2561,63,1211.8,1771948089,0.033,-0.027,-0.085,70.07,72.1
15:48:12.213,2562,66,1276.58,1771948090,0.037,-0.0,-0.125,72.83,72.04
15:48:13.213,2563,69,1326.72,1771948091,0.01,0.003,-0.118,73.09,72.04
15:48:14.214,2564,71,1368.22,1771948092,-0.05,0.01,-0.017,73.95,72.02
15:48:15.214,2565,73,1404.56,1771948093,-0.057,0.033,0.11,75.62,71.98
15:48:16.214,2566,74,1433.22,1771948094,-0.06,0.017,0.143,76.36,71.97
15:48:17.213,2567,76,1459.02,1771948095,-0.017,0.033,0.083,78.33,71.92
15:48:18.213,2568,77,1486.5,1771948096,0.003,0.007,0.003,79.56,71.9
15:48:19.213,2569,78,1511.68,1771948097,0.033,0.037,-0.05,82.82,71.83
15:48:20.214,2570,80,1533.58,1771948098,0.033,-0.0,-0.08,84.73,71.79
15:48:21.214,2571,80,1555.18,1771948099,0.06,-0.04,-0.073,86.84,71.74
15:48:22.214,2572,80,1575.22,1771948100,0.04,-0.03,-0.043,85.13,71.78
15:48:23.213,2573,80,1592.44,1771948101,0.01,-0.057,-0.163,82.65,71.82
15:48:24.213,2574,80,1609.18,1771948102,-0.023,-0.007,-0.02,81.67,71.84
15:48:25.213,2575,80,1619.22,1771948103,0.01,0.003,-0.07,82.11,71.83
15:48:26.214,2576,80,1621.5,1771948104,0.03,0.017,0.073,83.46,71.8
15:48:27.214,2577,80,1621.76,1771948105,0.023,-0.007,-0.083,82.86,71.81
15:48:28.213,2578,80,1622.16,1771948106,0.0,-0.063,-0.03,81.0,71.85
15:48:29.213,2579,80,1620.24,1771948107,0.003,-0.03,-0.033,81.24,71.84
15:48:30.214,2580,80,1613.28,1771948108,0.003,-0.043,0.013,81.24,71.84
15:48:31.214,2581,80,1579.94,1771948109,0.047,-0.022,0.01,84.76,71.76
15:48:32.213,2582,79,1516.96,1771948110,0.04,-0.035,0.163,83.2,71.79
15:48:33.214,2583,74,1434.56,1771948111,0.037,-0.042,0.297,77.96,71.9
15:48:34.214,2584,68,1320.42,1771948112,-0.007,-0.023,0.5,69.0,72.07
15:48:35.214,2585,61,1182.6,1771948113,-0.007,-0.02,0.22,62.0,72.21
15:48:36.213,2586,55,1060.12,1771948114,-0.013,-0.007,-0.09,56.0,72.33
15:48:37.214,2587,50,969.4,1771948115,0.008,0.023,-0.487,51.64,72.42
15:48:38.214,2588,46,899.42,1771948116,0.055,-0.0,-0.553,51.4,72.42
15:48:39.214,2589,44,861.3,1771948117,0.052,0.007,-0.517,49.16,72.46
15:48:40.213,2590,45,871.9,1771948118,-0.053,-0.032,-0.4,47.39,72.5
15:48:41.213,2591,47,916.72,1771948119,-0.143,-0.005,-0.26,50.53,72.43
15:48:42.214,2592,50,972.98,1771948120,-0.13,-0.005,-0.163,54.11,72.36
15:48:43.214,2593,54,1041.02,1771948121,-0.043,-0.0,-0.09,58.7,72.27
15:48:44.214,2594,58,1120.94,1771948122,-0.003,0.013,-0.04,62.89,72.18
15:48:45.214,2595,62,1196.5,1771948123,-0.013,0.01,-0.023,66.55,72.11
15:48:46.214,2596,65,1262.76,1771948124,-0.007,0.013,-0.01,69.16,72.05
15:48:47.213,2597,69,1322.78,1771948125,-0.023,-0.017,-0.023,72.81,71.98
15:48:48.213,2598,71,1375.22,1771948126,0.003,-0.023,-0.07,74.7,71.94
15:48:49.214,2599,74,1421.34,1771948127,-0.043,-0.03,-0.247,76.54,71.9
15:48:50.214,2600,75,1436.9,1771948128,-0.043,0.007,-0.353,76.0,71.91
15:48:51.213,2601,74,1417.68,1771948129,-0.057,0.003,-0.45,75.0,71.93
15:48:52.213,2602,71,1378.8,1771948130,0.007,-0.017,-0.437,72.56,71.97
15:48:53.214,2603,69,1326.48,1771948131,0.023,-0.033,-0.293,71.84,71.99
15:48:54.214,2604,66,1276.52,1771948132,0.01,-0.087,-0.2,67.8,72.06
15:48:55.214,2605,65,1262.8,1771948133,-0.03,-0.08,-0.113,66.26,72.09
15:48:56.214,2606,67,1286.92,1771948134,-0.01,-0.073,-0.167,69.81,72.02
15:48:57.213,2607,69,1335.22,1771948135,-0.033,-0.027,-0.1,72.81,71.96
15:48:58.213,2608,73,1399.18,1771948136,-0.033,-0.017,-0.067,76.92,71.88
15:48:59.214,2609,75,1452.18,1771948137,-0.023,-0.053,-0.17,77.94,71.85
15:49:00.214,2610,77,1476.88,1771948138,0.02,-0.01,-0.27,80.02,71.81
15:49:01.214,2611,76,1468.92,1771948139,0.027,-0.027,-0.397,79.16,71.82
15:49:02.214,2612,73,1415.98,1771948140,0.017,-0.027,-0.33,75.36,71.9
15:49:03.214,2613,65,1262.86,1771948141,0.02,-0.03,-0.24,67.6,72.05
15:49:04.214,2614,52,1004.04,1771948142,0.03,0.043,0.447,55.4,72.29
15:49:05.214,2615,38,745.34,1771948143,0.043,0.07,0.527,42.44,72.55
15:49:06.998,0,29,567.8,1771948144,0.03,0.05,0.527,32.4,72.75
15:49:07.998,0,36,0.0,1771948147,0.035,-0.003,0.0,39.8,72.6
15:49:08.998,0,42,0.0,1771948149,0.015,0.007,0.013,68.13,72.03
15:49:14.214,2624,49,957.02,1771948152,0.022,0.027,0.067,78.1,71.83
15:49:15.213,2625,55,1053.66,1771948153,0.02,0.05,0.128,62.0,72.15
15:49:16.214,2626,59,1133.22,1771948154,0.013,0.06,0.185,64.56,72.1
15:49:17.213,2627,62,1194.46,1771948155,0.023,0.043,0.285,67.14,72.05
15:49:18.213,2628,63,1225.04,1771948156,0.027,0.033,0.387,66.92,72.05
15:49:19.214,2629,63,1224.92,1771948157,0.0,-0.0,0.463,64.0,72.11
15:49:20.214,2630,63,1207.88,1771948158,-0.027,0.04,0.423,64.0,72.11
15:49:21.213,2631,61,1175.52,1771948159,-0.03,0.01,0.367,62.0,72.14
15:49:22.214,2632,60,1158.16,1771948160,0.017,0.033,0.263,62.36,72.13
15:49:23.214,2633,61,1172.38,1771948161,0.037,0.023,0.187,66.41,72.05
15:49:24.214,2634,63,1216.04,1771948162,0.01,0.05,0.067,67.36,72.03
15:49:25.214,2635,66,1274.92,1771948163,-0.04,0.04,0.007,70.14,71.97
15:49:26.213,2636,70,1341.46,1771948164,-0.05,0.027,-0.04,74.38,71.89
15:49:27.213,2637,73,1410.24,1771948165,-0.04,-0.01,-0.027,77.29,71.83
15:49:28.214,2638,76,1473.12,1771948166,-0.033,0.01,-0.01,80.01,71.77
15:49:29.214,2639,79,1530.58,1771948167,-0.02,0.013,-0.01,82.73,71.71
15:49:30.214,2640,79,1582.22,1771948168,0.0,0.07,-0.027,82.65,71.71
15:49:31.213,2641,79,1636.6,1771948169,0.033,0.08,-0.04,85.24,71.66
15:49:32.214,2642,79,1686.24,1771948170,0.043,0.08,-0.027,85.8,71.65
15:49:33.214,2643,79,1731.06,1771948171,0.0,0.058,-0.01,82.08,71.72
15:49:34.214,2644,79,1769.42,1771948172,-0.013,0.025,-0.013,81.73,71.72
15:49:35.214,2645,79,1800.08,1771948173,-0.06,0.005,-0.02,81.32,71.73
15:49:36.214,2646,79,1822.42,1771948174,0.013,0.013,-0.043,81.69,71.72
15:49:37.213,2647,79,1825.88,1771948175,0.007,0.027,-0.007,80.56,71.74
15:49:38.214,2648,79,1812.34,1771948176,0.017,0.067,0.02,81.36,71.72
15:49:39.214,2649,79,1793.92,1771948177,-0.023,0.043,0.053,80.0,71.75
15:49:40.214,2650,79,1760.62,1771948178,-0.013,0.043,0.03,80.0,71.74
15:49:41.213,2651,79,1713.52,1771948179,0.01,-0.027,0.013,80.8,71.73
15:49:42.214,2652,79,1666.56,1771948180,0.0,-0.023,-0.003,80.0,71.74
15:49:43.214,2653,79,1617.28,1771948181,-0.007,-0.033,0.027,80.0,71.74
15:49:44.214,2654,79,1557.84,1771948182,-0.013,0.027,0.06,80.0,71.74
15:49:45.213,2655,78,1500.6,1771948183,0.057,-0.003,0.237,83.56,71.66
15:49:46.214,2656,75,1440.18,1771948184,0.093,0.01,0.343,83.44,71.66
15:49:47.214,2657,71,1363.2,1771948185,0.113,-0.04,0.167,81.04,71.71
15:49:48.214,2658,66,1274.1,1771948186,0.083,-0.037,-0.177,73.64,71.86
15:49:49.214,2659,61,1175.58,1771948187,0.033,-0.073,-0.463,64.64,72.03
15:49:50.214,2660,57,1093.84,1771948188,0.013,-0.07,-0.337,59.04,72.14
15:49:51.214,2661,54,1047.88,1771948189,-0.047,-0.027,-0.2,55.0,72.22
15:49:52.214,2662,55,1054.08,1771948190,-0.04,0.007,-0.08,57.14,72.18
15:49:53.214,2663,57,1093.28,1771948191,-0.03,0.057,-0.16,60.41,72.11
15:49:54.213,2664,60,1150.38,1771948192,0.037,0.037,-0.222,66.33,71.99
15:49:55.214,2665,62,1188.2,1771948193,0.053,0.047,-0.295,68.58,71.95
15:49:56.214,2666,62,1203.86,1771948194,0.047,0.04,-0.278,67.31,71.97
15:49:57.214,2667,63,1210.02,1771948195,0.053,0.017,-0.343,68.24,71.95
15:49:58.214,2668,62,1188.58,1771948196,0.02,-0.0,-0.807,64.6,72.02
15:49:59.214,2669,58,1118.88,1771948197,0.02,-0.063,-1.173,60.6,72.1
15:50:00.213,2670,53,1031.7,1771948198,0.013,-0.09,-1.227,55.04,72.21
15:50:01.213,2671,47,917.72,1771948199,0.057,-0.07,-0.743,52.56,72.26
15:50:02.214,2672,35,670.92,1771948200,0.123,-0.167,-1.037,45.84,72.39
15:50:03.214,2673,28,542.24,1771948201,0.153,-0.14,-0.98,41.24,72.48
15:50:04.214,2674,20,392.0,1771948202,0.163,-0.17,-1.24,34.04,72.62
15:50:05.213,2675,17,341.96,1771948203,0.09,-0.06,-0.607,25.2,72.8
15:50:06.214,2676,18,357.5,1771948204,0.0,-0.053,-0.513,23.49,72.83
15:50:07.214,2677,27,521.72,1771948205,-0.003,-0.04,-0.097,34.44,72.61
15:50:08.214,2678,32,614.98,1771948206,-0.023,-0.02,0.07,39.87,72.5
15:50:09.214,2679,41,796.42,1771948207,0.0,-0.01,0.2,49.81,72.3
15:50:10.213,2680,48,927.36,1771948208,-0.04,-0.033,0.19,54.98,72.2
15:50:11.214,2681,54,1035.46,1771948209,-0.017,-0.017,0.137,59.92,72.1
15:50:12.214,2682,58,1124.26,1771948210,0.0,-0.003,0.133,63.01,72.03
15:50:13.214,2683,62,1196.0,1771948211,-0.003,0.027,0.06,66.01,71.97
15:50:14.214,2684,64,1244.74,1771948212,-0.003,0.017,-0.017,66.55,71.96
15:50:15.214,2685,65,1258.0,1771948213,-0.047,0.05,-0.197,66.51,71.96
15:50:16.213,2686,66,1265.24,1771948214,-0.037,0.033,-0.133,67.22,71.94
15:50:17.214,2687,66,1266.74,1771948215,-0.03,0.073,0.003,67.0,71.95
15:50:18.214,2688,66,1264.5,1771948216,0.007,0.06,0.193,67.82,71.93
15:50:19.214,2689,66,1277.04,1771948217,0.04,0.063,0.15,71.44,71.85
15:50:20.214,2690,68,1314.14,1771948218,0.027,-0.007,0.05,72.84,71.82
15:50:21.214,2691,70,1344.18,1771948219,0.027,-0.027,-0.04,74.61,71.79
15:50:22.213,2692,71,1372.24,1771948220,0.003,-0.02,-0.057,73.58,71.8
15:50:23.214,2693,72,1397.88,1771948221,0.007,-0.027,-0.02,74.78,71.78
15:50:24.214,2694,74,1420.86,1771948222,0.0,-0.03,-0.003,76.11,71.75
15:50:25.214,2695,75,1442.46,1771948223,0.013,-0.073,-0.017,78.24,71.71
15:50:26.214,2696,76,1468.72,1771948224,0.037,-0.073,-0.03,81.25,71.64
15:50:27.213,2697,78,1494.2,1771948225,0.02,-0.1,-0.037,81.82,71.63
15:50:28.214,2698,79,1517.58,1771948226,0.023,-0.067,-0.017,82.74,71.61
15:50:29.214,2699,79,1530.04,1771948227,-0.02,-0.063,-0.007,80.33,71.66
15:50:30.214,2700,79,1530.74,1771948228,0.023,0.003,-0.04,81.84,71.62
15:50:31.214,2701,79,1524.62,1771948229,0.013,0.027,-0.057,81.04,71.64
15:50:32.214,2702,78,1502.28,1771948230,0.007,0.073,-0.12,79.56,71.66
15:50:33.214,2703,76,1468.9,1771948231,-0.033,0.007,-0.117,77.0,71.71
15:50:34.214,2704,74,1425.62,1771948232,-0.027,0.043,-0.12,75.0,71.75
15:50:35.213,2705,72,1384.54,1771948233,-0.007,0.047,-0.057,73.0,71.79
15:50:36.214,2706,69,1323.58,1771948234,-0.007,0.09,0.058,70.0,71.85
15:50:37.214,2707,65,1258.5,1771948235,-0.047,0.047,0.225,66.0,71.93
15:50:38.214,2708,62,1188.0,1771948236,-0.053,0.02,0.392,63.0,71.98
15:50:39.213,2709,57,1109.26,1771948237,-0.04,0.047,0.477,58.0,72.08
15:50:40.214,2710,52,1010.54,1771948238,-0.037,0.03,0.293,53.0,72.18
15:50:41.214,2711,49,941.86,1771948239,0.017,0.05,-0.023,51.36,72.21
15:50:42.214,2712,47,902.88,1771948240,0.063,-0.017,-0.34,53.04,72.18
15:50:43.213,2713,46,893.88,1771948241,0.043,-0.05,-0.44,50.44,72.23
15:50:44.214,2714,47,903.04,1771948242,-0.003,-0.073,-0.447,49.02,72.26
15:50:45.214,2715,48,934.62,1771948243,-0.037,-0.023,-0.433,50.49,72.23
15:50:46.214,2716,50,962.7,1771948244,0.0,0.017,-0.403,52.51,72.18
15:50:47.214,2717,51,995.08,1771948245,0.027,0.023,-0.253,55.72,72.12
15:50:48.213,2718,53,1025.28,1771948246,0.02,-0.0,-0.127,57.6,72.08
15:50:49.214,2719,56,1075.26,1771948247,0.037,0.037,-0.02,62.66,71.98
15:50:50.214,2720,59,1133.26,1771948248,0.013,0.07,-0.02,63.87,71.95
15:50:51.214,2721,62,1188.52,1771948249,0.017,0.103,0.01,66.75,71.89
15:50:52.214,2722,64,1228.88,1771948250,-0.007,0.073,-0.013,66.75,71.89
15:50:53.214,2723,65,1258.6,1771948251,0.017,0.037,-0.043,68.39,71.85
15:50:54.214,2724,66,1270.2,1771948252,-0.01,0.023,-0.107,67.08,71.88
15:50:55.214,2725,65,1261.98,1771948253,0.01,0.007,-0.17,66.8,71.88
15:50:56.214,2726,64,1243.38,1771948254,-0.023,0.003,-0.257,65.0,71.92
15:50:57.214,2727,63,1216.66,1771948255,-0.02,-0.01,-0.307,64.0,71.94
15:50:58.214,2728,62,1188.24,1771948256,0.017,-0.003,-0.33,64.36,71.93
15:50:59.214,2729,61,1176.82,1771948257,0.027,0.023,-0.277,64.32,71.93
15:51:00.213,2730,62,1194.78,1771948258,0.127,-0.007,-0.27,74.6,71.72
15:51:01.214,2731,64,1234.44,1771948259,0.11,-0.003,-0.22,76.06,71.69
15:51:02.214,2732,67,1285.14,1771948260,0.11,-0.047,-0.223,79.16,71.62
15:51:03.214,2733,69,1328.8,1771948261,0.057,-0.03,-0.14,76.19,71.68
15:51:04.214,2734,70,1350.22,1771948262,0.027,-0.037,-0.087,73.61,71.73
15:51:05.214,2735,70,1346.76,1771948263,0.06,-0.02,-0.033,75.8,71.68
15:51:06.214,2736,69,1323.62,1771948264,0.027,-0.007,-0.157,72.16,71.75
15:51:07.214,2737,67,1287.54,1771948265,0.01,-0.013,-0.277,68.8,71.82
15:51:08.214,2738,64,1242.68,1771948266,0.023,0.01,-0.413,66.84,71.86
15:51:09.214,2739,61,1178.92,1771948267,0.013,-0.033,-0.443,63.04,71.93
15:51:10.213,2740,57,1092.14,1771948268,0.043,-0.027,-0.467,61.44,71.96
15:51:11.214,2741,53,1018.9,1771948269,0.013,-0.05,-0.47,55.04,72.09
15:51:12.214,2742,49,957.28,1771948270,0.037,-0.037,-0.457,52.96,72.13
15:51:13.214,2743,47,911.1,1771948271,0.037,-0.04,-0.463,50.96,72.17
15:51:14.214,2744,46,895.66,1771948272,0.037,-0.027,-0.25,50.39,72.18
15:51:15.214,2745,48,928.14,1771948273,0.038,0.003,-0.113,53.98,72.1
15:51:16.214,2746,50,973.46,1771948274,0.045,0.017,0.073,57.17,72.04
15:51:17.214,2747,53,1031.1,1771948275,0.032,0.007,0.083,59.53,71.99
15:51:18.214,2748,57,1092.3,1771948276,0.013,0.003,0.25,62.02,71.94
15:51:19.214,2749,60,1150.34,1771948277,0.03,0.01,0.393,65.74,71.86
15:51:20.214,2750,61,1185.94,1771948278,-0.047,0.007,0.45,63.22,71.91
15:51:21.214,2751,62,1199.12,1771948279,-0.067,-0.023,0.43,63.0,71.91
15:51:22.214,2752,61,1184.62,1771948280,-0.083,-0.057,0.403,62.0,71.93
15:51:23.214,2753,60,1166.1,1771948281,-0.013,-0.003,0.407,61.0,71.95
15:51:24.214,2754,60,1153.74,1771948282,0.023,0.03,0.333,62.84,71.91
15:51:25.213,2755,59,1145.86,1771948283,0.01,0.043,0.237,60.8,71.95
15:51:26.214,2756,59,1133.12,1771948284,0.01,0.003,0.097,60.8,71.95
15:51:27.214,2757,59,1133.86,1771948285,-0.033,0.007,0.047,60.0,71.97
15:51:28.214,2758,58,1125.52,1771948286,-0.007,0.02,0.013,59.0,71.98
15:51:29.214,2759,57,1103.06,1771948287,0.003,0.023,0.023,58.24,72.0
15:51:30.214,2760,55,1055.26,1771948288,0.027,-0.003,0.023,58.16,72.0
15:51:31.214,2761,51,977.62,1771948289,-0.007,0.013,0.007,52.0,72.12
15:51:32.214,2762,45,875.8,1771948290,0.0,0.017,0.017,46.0,72.24
15:51:33.214,2763,40,774.64,1771948291,0.03,0.033,0.027,43.4,72.29
15:51:34.214,2764,35,681.12,1771948292,0.143,0.017,0.027,47.44,72.21
15:51:35.214,2765,32,627.84,1771948293,0.167,-0.017,-0.033,46.36,72.23
15:51:36.214,2766,32,616.2,1771948294,0.137,-0.017,-0.117,44.1,72.27
15:51:37.214,2767,33,633.44,1771948295,0.018,-0.003,-0.15,36.89,72.41
15:51:38.214,2768,35,674.26,1771948296,-0.025,0.01,-0.12,37.96,72.39
15:51:39.214,2769,37,712.04,1771948297,-0.025,0.017,-0.06,39.4,72.36
15:51:40.213,2770,38,730.36,1771948298,-0.02,-0.027,0.01,39.66,72.36
15:51:41.214,2771,38,738.46,1771948299,0.007,-0.023,0.047,39.65,72.36
15:51:42.214,2772,38,733.88,1771948300,0.01,-0.037,0.073,39.8,72.35
15:51:43.214,2773,36,707.44,1771948301,0.0,-0.007,0.033,37.0,72.41
15:51:44.214,2774,35,679.02,1771948302,-0.023,-0.01,0.01,36.0,72.43
15:51:45.214,2775,33,650.32,1771948303,-0.003,-0.003,-0.013,34.0,72.46
15:51:46.214,2776,32,615.18,1771948304,0.007,-0.027,0.0,33.56,72.47
15:51:47.214,2777,30,574.94,1771948305,0.03,-0.017,0.02,33.4,72.47
15:51:48.214,2778,27,532.26,1771948306,0.023,-0.02,0.033,29.84,72.55
15:51:49.214,2779,25,489.28,1771948307,0.036,0.003,0.027,28.88,72.56
15:51:50.214,2780,23,446.8,1771948308,0.027,0.007,0.013,26.16,72.62
15:51:51.214,2781,21,408.24,1771948309,0.023,0.013,-0.0,23.84,72.66
15:51:52.214,2782,19,366.78,1771948310,0.024,0.007,0.007,21.92,72.7
15:51:53.214,2783,17,326.64,1771948311,0.03,0.007,0.02,20.4,72.73
15:51:54.214,2784,14,285.88,1771948312,0.017,0.003,-0.01,16.36,72.81
15:51:55.214,2785,12,244.32,1771948313,0.007,0.007,-0.013,13.56,72.87
15:51:56.214,2786,10,203.44,1771948314,-0.003,-0.003,-0.02,11.0,72.92
15:51:57.214,2787,8,171.1,1771948315,-0.003,-0.003,0.003,9.0,72.96
15:51:58.214,2788,7,141.32,1771948316,-0.003,-0.003,-0.003,8.0,72.98
15:51:59.214,2789,5,100.26,1771948317,-0.003,-0.0,-0.013,6.0,73.02
15:52:00.214,2790,3,65.38,1771948318,0.003,-0.0,-0.01,4.24,73.05
15:52:01.214,2791,2,38.6,1771948319,0.007,-0.003,-0.01,3.56,73.07
15:52:02.214,2792,0,17.24,1771948320,0.0,0.003,-0.01,1.0,73.12
15:52:03.214,2793,0,0.0,1771948321,0.0,0.003,-0.013,1.0,73.12
15:52:04.214,2794,0,0.0,1771948322,-0.003,0.003,-0.013,1.0,73.12
15:52:05.214,2795,0,0.0,1771948323,0.003,-0.007,-0.013,1.0,73.12
15:52:06.214,2796,0,0.0,1771948324,0.003,-0.007,-0.01,1.0,73.12
15:52:07.214,2797,0,0.0,1771948325,0.003,-0.003,-0.01,1.0,73.12
15:52:08.214,2798,0,0.0,1771948326,0.0,-0.0,-0.01,1.0,73.12
15:52:09.214,2799,0,0.0,1771948327,0.0,-0.0,-0.01,1.0,73.12
15:52:10.214,2800,0,0.0,1771948328,0.0,-0.0,-0.01,1.0,73.12
15:52:11.214,2801,0,0.0,1771948329,0.0,-0.0,-0.01,1.0,73.12
15:52:12.214,2802,0,0.0,1771948330,0.0,-0.0,-0.01,1.0,73.12
15:52:13.214,2803,0,0.0,1771948331,0.0,-0.0,-0.01,1.0,73.12
15:52:14.214,2804,0,0.0,1771948332,0.0,-0.0,-0.01,1.0,73.12
15:52:15.214,2805,0,0.0,1771948333,0.0,-0.0,-0.01,1.0,73.12
15:52:16.214,2806,0,0.0,1771948334,0.0,-0.0,-0.01,1.0,73.12
15:52:17.214,2807,0,0.0,1771948335,0.0,-0.0,-0.01,1.0,73.12
15:52:18.214,2808,0,0.0,1771948336,0.0,-0.0,-0.01,1.0,73.12
15:52:19.214,2809,0,0.0,1771948337,0.0,-0.0,-0.01,1.0,73.12
15:52:20.214,2810,0,0.0,1771948338,0.0,-0.0,-0.01,1.0,73.12
15:52:21.214,2811,0,0.0,1771948339,0.0,-0.0,-0.01,1.0,73.12
15:52:22.214,2812,0,0.0,1771948340,0.0,-0.0,-0.01,1.0,73.12
15:52:23.214,2813,0,0.0,1771948341,0.0,-0.0,-0.01,1.0,73.12
15:52:24.214,2814,0,0.0,1771948342,0.0,-0.0,-0.01,1.0,73.12
15:52:25.215,2815,0,0.0,1771948343,0.0,-0.0,-0.01,1.0,73.12
15:52:26.214,2816,0,0.0,1771948344,0.0,0.0,-0.01,1.0,73.12
15:52:27.214,2817,0,0.0,1771948345,0.0,-0.0,-0.01,1.0,73.12
15:52:28.214,2818,0,0.0,1771948346,0.0,-0.0,-0.01,1.0,73.12
15:52:29.214,2819,0,0.0,1771948347,0.0,-0.0,-0.01,1.0,73.12
15:52:30.215,2820,0,0.0,1771948348,0.0,-0.0,-0.01,1.0,73.12
15:52:31.214,2821,0,0.0,1771948349,0.0,-0.0,-0.01,1.0,73.12
15:52:32.214,2822,0,0.0,1771948350,0.0,-0.0,-0.01,1.0,73.12
15:52:33.214,2823,0,0.0,1771948351,0.0,-0.0,-0.01,1.0,73.12
15:52:34.214,2824,0,0.0,1771948352,0.0,-0.0,-0.01,1.0,73.12
15:52:35.214,2825,0,0.0,1771948353,0.0,-0.0,-0.01,1.0,73.12
15:52:36.214,2826,0,0.0,1771948354,0.0,-0.0,-0.01,1.0,73.12
