LoRa_Datetime,Elapsed_s,Session_ID,Distance_km,Energy_Wh_cum,Charge_Drawn_Ah,Idle_Flag,Speed_Kmph_z,RPM_z,MPU_Gx_LP_z,MPU_Gy_LP_z,MPU_Gz_LP_z,IMU_G_Magnitude_z,IMU_Pitch_deg_z,IMU_Roll_deg_z,IMU_Vibration_z,Accel_Kmph_s_z,Gear_Ratio_z,Pack_Voltage_V_z,Pack_Current_A_z,Pack_Power_kW_z,SoC_pct_z,State_accel,State_cruise,State_decel,State_idle
2019-01-01 07:03:50+05:30,0.0,1,0.0,0.0,0.0,1,-1.1851,-1.1517,-0.1045,-0.2734,0.1445,-0.6792,0.3595,-1.3134,-0.658,0.0,-0.9559,1.62,-1.2061,-1.2178,1.3298,0,0,0,1
2019-01-01 07:03:51+05:30,1.0,1,0.0,0.02,0.0,1,-1.1851,-1.1517,-0.0535,-0.2734,0.1451,-0.6721,0.6105,-1.2196,-0.658,0.0,-0.9559,1.62,-1.2061,-1.2178,1.3298,0,0,0,1
2019-01-01 07:03:52+05:30,2.0,1,0.0,0.04,0.001,1,-1.1851,-1.1517,-0.0509,-0.2734,0.1445,-0.6721,0.6105,-1.2196,-0.658,0.0,-0.9559,1.62,-1.2061,-1.2178,1.3298,0,0,0,1
2019-01-01 07:03:53+05:30,3.0,1,0.0,0.07,0.001,1,-1.1851,-1.1517,-0.0637,-0.2734,0.1433,-0.6721,0.6105,-1.2196,-0.658,0.0,-0.9559,1.62,-1.2061,-1.2178,1.3298,0,0,0,1
2019-01-01 07:03:54+05:30,4.0,1,0.0,0.09,0.001,1,-1.1851,-1.1517,-0.0331,-0.2734,0.1475,-0.6721,0.6105,-1.2196,-0.631,0.0,-0.9559,1.62,-1.2061,-1.2178,1.3298,0,0,0,1
2019-01-01 07:03:55+05:30,5.0,1,0.0,0.11,0.001,1,-1.1851,-1.1517,0.0026,-0.2734,0.1588,-0.6721,1.0861,-1.2196,-0.631,0.0,-0.9559,1.62,-1.2061,-1.2178,1.3298,0,0,0,1
2019-01-01 07:03:56+05:30,6.0,1,0.0,0.13,0.002,1,-1.1851,-1.1517,-0.0458,-0.2734,0.1654,-0.6863,0.7385,-1.4449,-0.658,0.0,-0.9559,1.62,-1.2061,-1.2178,1.3298,0,0,0,1
2019-01-01 07:03:57+05:30,7.0,1,0.0,0.16,0.002,1,-1.1851,-1.1517,-0.1555,-0.2734,0.1588,-0.6934,0.1524,-1.7254,-0.631,0.0,-0.9559,1.62,-1.2061,-1.2178,1.3298,0,0,0,1
2019-01-01 07:03:58+05:30,8.0,1,0.0,0.18,0.002,1,-1.1851,-1.1517,-0.2294,-0.2734,0.1475,-0.6863,-0.3528,-1.434,-0.631,0.0,-0.9559,1.62,-1.2061,-1.2178,1.3298,0,0,0,1
2019-01-01 07:03:59+05:30,9.0,1,0.0,0.2,0.002,1,-1.1851,-1.1517,-0.2447,-0.2734,0.1433,-0.6863,-0.3528,-1.434,-0.658,0.0,-0.9559,1.62,-1.2061,-1.2178,1.3298,0,0,0,1
2019-01-01 07:04:00+05:30,10.0,1,0.0,0.22,0.003,1,-1.1851,-1.1517,-0.2167,-0.2734,0.1445,-0.6863,-0.3528,-1.434,-0.658,0.0,-0.9559,1.62,-1.2061,-1.2178,1.3298,0,0,0,1
2019-01-01 07:04:01+05:30,11.0,1,0.0,0.24,0.003,1,-1.1851,-1.1517,-0.1682,-0.2734,0.1451,-0.6863,0.0855,-1.3875,-0.658,0.0,-0.9559,1.62,-1.2061,-1.2178,1.3298,0,0,0,1
2019-01-01 07:04:02+05:30,12.0,1,0.0,0.27,0.003,1,-1.1851,-1.1517,-0.1478,-0.2698,0.1445,-0.6863,0.0855,-1.3875,-0.658,0.0,-0.9559,1.62,-1.2061,-1.2178,1.3298,0,0,0,1
2019-01-01 07:04:03+05:30,13.0,1,0.0,0.29,0.004,1,-1.1851,-1.1517,-0.1631,-0.2734,0.1445,-0.6863,0.0855,-1.3875,-0.658,0.0,-0.9559,1.62,-1.2061,-1.2178,1.3298,0,0,0,1
2019-01-01 07:04:04+05:30,14.0,1,0.0,0.31,0.004,1,-1.1851,-1.1517,-0.1427,-0.2807,0.1445,-0.6863,0.0855,-1.3875,-0.658,0.0,-0.9559,1.62,-1.2061,-1.2178,1.3298,0,0,0,1
2019-01-01 07:04:05+05:30,15.0,1,0.0,0.33,0.004,1,-1.1851,-1.1517,-0.0586,-0.2553,0.1445,-0.6721,0.6105,-1.2196,-0.658,0.0,-0.9559,1.62,-1.2061,-1.2178,1.3298,0,0,0,1
2019-01-01 07:04:06+05:30,16.0,1,0.0,0.36,0.004,1,-1.1851,-1.1517,0.0179,-0.1865,0.1445,-0.6721,1.0861,-0.7283,-0.658,0.0,-0.9559,1.62,-1.2061,-1.2178,1.3291,0,0,0,1
2019-01-01 07:04:07+05:30,17.0,1,0.0,0.38,0.005,1,-1.1851,-1.1517,0.0332,-0.143,0.1445,-0.6721,1.0861,-0.7283,-0.658,0.0,-0.9559,1.62,-1.2061,-1.2178,1.3291,0,0,0,1
2019-01-01 07:04:08+05:30,18.0,1,0.0,0.4,0.005,1,-1.1851,-1.1517,0.0103,-0.1865,0.1445,-0.6721,1.0861,-0.7283,-0.658,0.0,-0.9559,1.62,-1.2061,-1.2178,1.3291,0,0,0,1
2019-01-01 07:04:09+05:30,19.0,1,0.0,0.42,0.005,1,-1.1851,-1.1517,-0.0331,-0.2553,0.1445,-0.6721,0.6105,-1.2196,-0.658,0.0,-0.9559,1.62,-1.2061,-1.2178,1.3291,0,0,0,1
2019-01-01 07:04:10+05:30,20.0,1,0.0,0.45,0.006,1,-1.1851,-1.1517,-0.0866,-0.277,0.1445,-0.6721,0.6105,-1.2196,-0.658,0.0,-0.9559,1.62,-1.2061,-1.2178,1.3291,0,0,0,1
2019-01-01 07:04:11+05:30,21.0,1,0.0,0.47,0.006,1,-1.1851,-1.1517,-0.1096,-0.2843,0.1445,-0.6863,0.0855,-1.3875,-0.658,0.0,-0.9559,1.62,-1.2061,-1.2178,1.3291,0,0,0,1
2019-01-01 07:04:12+05:30,22.0,1,0.0,0.49,0.006,1,-1.1851,-1.1517,-0.0994,-0.2662,0.1445,-0.6721,0.6105,-1.2196,-0.658,0.0,-0.9559,1.62,-1.2061,-1.2178,1.3291,0,0,0,1
2019-01-01 07:04:13+05:30,23.0,1,0.0,0.51,0.006,1,-1.1851,-1.1517,-0.1223,-0.1611,0.1445,-0.6934,0.1524,-1.0121,-0.658,0.0,-0.9559,1.62,-1.2061,-1.2178,1.3291,0,0,0,1
2019-01-01 07:04:14+05:30,24.0,1,0.0,0.53,0.007,1,-1.1851,-1.1517,-0.1784,-0.0271,0.1445,-0.7075,0.2336,-0.3389,-0.658,0.0,-0.9559,1.62,-1.2061,-1.2178,1.3291,0,0,0,1
2019-01-01 07:04:15+05:30,25.0,1,0.0,0.56,0.007,1,-1.1851,-1.1517,-0.209,-0.0235,0.1445,-0.7146,-0.3528,-0.3643,-0.658,0.0,-0.9559,1.62,-1.2061,-1.2178,1.3291,0,0,0,1
2019-01-01 07:04:16+05:30,26.0,1,0.0,0.58,0.007,1,-1.1851,-1.1517,-0.181,-0.1611,0.1445,-0.6934,0.1524,-1.0121,-0.658,0.0,-0.9559,1.62,-1.2061,-1.2178,1.3291,0,0,0,1
2019-01-01 07:04:17+05:30,27.0,1,0.0,0.6,0.008,1,-1.1851,-1.1517,-0.1223,-0.2698,0.1445,-0.6863,0.0855,-1.3875,-0.658,0.0,-0.9559,1.62,-1.2061,-1.2178,1.3291,0,0,0,1
2019-01-01 07:04:18+05:30,28.0,1,0.0,0.62,0.008,1,-1.1851,-1.1517,-0.0892,-0.2843,0.1445,-0.6721,0.6105,-1.2196,-0.658,0.0,-0.9559,1.62,-1.2061,-1.2178,1.3291,0,0,0,1
2019-01-01 07:04:19+05:30,29.0,1,0.0,0.65,0.008,1,-1.1851,-1.1517,-0.1223,-0.2698,0.1445,-0.6863,0.0855,-1.3875,-0.658,0.0,-0.9559,1.62,-1.2061,-1.2178,1.3291,0,0,0,1
2019-01-01 07:04:20+05:30,30.0,1,0.0,0.67,0.008,1,-1.1851,-1.1517,-0.1835,-0.2698,0.1445,-0.6863,0.0855,-1.3875,-0.658,0.0,-0.9559,1.62,-1.2061,-1.2178,1.3291,0,0,0,1
2019-01-01 07:04:21+05:30,31.0,1,0.0,0.69,0.009,1,-1.1851,-1.1517,-0.209,-0.277,0.1445,-0.6863,-0.3528,-1.434,-0.658,0.0,-0.9559,1.62,-1.2061,-1.2178,1.3291,0,0,0,1
2019-01-01 07:04:22+05:30,32.0,1,0.0,0.71,0.009,1,-1.1851,-1.1517,-0.1708,-0.2807,0.1445,-0.6863,0.0855,-1.3875,-0.658,0.0,-0.9559,1.62,-1.2061,-1.2178,1.3291,0,0,0,1
2019-01-01 07:04:23+05:30,33.0,1,0.0,0.73,0.009,1,-1.1851,-1.1517,-0.1402,-0.2553,0.1445,-0.6863,0.0855,-1.3875,-0.658,0.0,-0.9559,1.62,-1.2061,-1.2178,1.3291,0,0,0,1
2019-01-01 07:04:24+05:30,34.0,1,0.0,0.76,0.009,1,-1.1851,-1.1517,-0.1759,-0.1829,0.1445,-0.6934,0.1524,-1.0121,-0.658,0.0,-0.9559,1.62,-1.2061,-1.2178,1.3291,0,0,0,1
2019-01-01 07:04:25+05:30,35.0,1,0.0,0.78,0.01,1,-1.1851,-1.1517,-0.2141,-0.1466,0.1445,-0.7004,-0.3528,-1.0556,-0.658,0.0,-0.9559,1.62,-1.2061,-1.2178,1.3291,0,0,0,1
2019-01-01 07:04:26+05:30,36.0,1,0.0,0.8,0.01,1,-1.1851,-1.1517,-0.1606,-0.1865,0.1445,-0.6934,0.1524,-1.0121,-0.658,0.0,-0.9559,1.62,-1.2061,-1.2178,1.3291,0,0,0,1
2019-01-01 07:04:27+05:30,37.0,1,0.0,0.82,0.01,1,-1.1851,-1.1517,-0.0611,-0.2481,0.1445,-0.6721,0.6105,-1.2196,-0.658,0.0,-0.9559,1.62,-1.2061,-1.2178,1.3291,0,0,0,1
2019-01-01 07:04:28+05:30,38.0,1,0.0,0.85,0.011,1,-1.1851,-1.1517,-0.0356,-0.2843,0.1445,-0.6721,0.6105,-1.2196,-0.658,0.0,-0.9559,1.62,-1.2061,-1.2178,1.3291,0,0,0,1
2019-01-01 07:04:29+05:30,39.0,1,0.0,0.87,0.011,1,-1.1851,-1.1517,-0.0841,-0.2952,0.1445,-0.6721,0.6105,-1.2196,-0.658,0.0,-0.9559,1.62,-1.2061,-1.2178,1.3291,0,0,0,1
2019-01-01 07:04:30+05:30,40.0,1,0.0,0.89,0.011,1,-1.1851,-1.1517,-0.1121,-0.2263,0.1445,-0.6863,0.0855,-1.3875,-0.658,0.0,-0.9559,1.62,-1.2061,-1.2178,1.3291,0,0,0,1
2019-01-01 07:04:31+05:30,41.0,1,0.0,0.91,0.011,1,-1.1851,-1.1517,-0.0994,-0.0706,0.1445,-0.6934,0.8852,-0.255,-0.658,0.0,-0.9559,1.62,-1.2061,-1.2178,1.3291,0,0,0,1
2019-01-01 07:04:32+05:30,42.0,1,0.0,0.94,0.012,1,-1.1851,-1.1517,-0.1198,0.0272,0.1445,-0.7075,0.2336,-0.3389,-0.658,0.0,-0.9559,1.62,-1.2061,-1.2178,1.3291,0,0,0,1
2019-01-01 07:04:33+05:30,43.0,1,0.0,0.96,0.012,1,-1.1851,-1.1517,-0.1784,-0.067,0.1445,-0.7075,0.2336,-0.3389,-0.658,0.0,-0.9559,1.62,-1.2061,-1.2178,1.3291,0,0,0,1
2019-01-01 07:04:34+05:30,44.0,1,0.0,0.98,0.012,1,-1.1851,-1.1517,-0.2218,-0.23,0.1445,-0.6863,-0.3528,-1.434,-0.658,0.0,-0.9559,1.62,-1.2061,-1.2178,1.3291,0,0,0,1
2019-01-01 07:04:35+05:30,45.0,1,0.0,1.0,0.012,1,-1.1851,-1.1517,-0.232,-0.2952,0.1445,-0.6863,-0.3528,-1.434,-0.658,0.0,-0.9559,1.62,-1.2061,-1.2178,1.3291,0,0,0,1
2019-01-01 07:04:36+05:30,46.0,1,0.0,1.02,0.013,1,-1.1851,-1.1517,-0.2396,-0.2734,0.1445,-0.6863,-0.3528,-1.434,-0.658,0.0,-0.9559,1.62,-1.2061,-1.2178,1.3284,0,0,0,1
2019-01-01 07:04:37+05:30,47.0,1,0.0,1.05,0.013,1,-1.1851,-1.1517,-0.2294,-0.2662,0.1445,-0.6863,-0.3528,-1.434,-0.658,0.0,-0.9559,1.62,-1.2061,-1.2178,1.3284,0,0,0,1
2019-01-01 07:04:38+05:30,48.0,1,0.0,1.07,0.013,1,-1.1851,-1.1517,-0.1504,-0.277,0.1445,-0.6863,0.0855,-1.3875,-0.658,0.0,-0.9559,1.62,-1.2061,-1.2178,1.3284,0,0,0,1
2019-01-01 07:04:39+05:30,49.0,1,0.0,1.09,0.014,1,-1.1851,-1.1517,-0.0586,-0.2734,0.1445,-0.6721,0.6105,-1.2196,-0.658,0.0,-0.9559,1.62,-1.2061,-1.2178,1.3284,0,0,0,1
2019-01-01 07:04:40+05:30,50.0,1,0.0,1.11,0.014,1,-1.1851,-1.1517,-0.0637,-0.2698,0.1445,-0.6721,0.6105,-1.2196,-0.658,0.0,-0.9559,1.62,-1.2061,-1.2178,1.3284,0,0,0,1
2019-01-01 07:04:41+05:30,51.0,1,0.0,1.14,0.014,1,-1.1851,-1.1517,-0.1402,-0.2734,0.1445,-0.6863,0.0855,-1.3875,-0.658,0.0,-0.9559,1.62,-1.2061,-1.2178,1.3284,0,0,0,1
2019-01-01 07:04:42+05:30,52.0,1,0.0,1.16,0.014,1,-1.1851,-1.1517,-0.1657,-0.2734,0.1445,-0.6863,0.0855,-1.3875,-0.658,0.0,-0.9559,1.62,-1.2061,-1.2178,1.3284,0,0,0,1
2019-01-01 07:04:43+05:30,53.0,1,0.0,1.18,0.015,1,-1.1851,-1.1517,-0.1478,-0.2698,0.1445,-0.6863,0.0855,-1.3875,-0.658,0.0,-0.9559,1.62,-1.2061,-1.2178,1.3284,0,0,0,1
2019-01-01 07:04:44+05:30,54.0,1,0.0,1.2,0.015,1,-1.1851,-1.1517,-0.1708,-0.2734,0.1445,-0.6863,0.0855,-1.3875,-0.658,0.0,-0.9559,1.6161,-1.2061,-1.2178,1.3284,0,0,0,1
2019-01-01 07:04:45+05:30,55.0,1,0.0,1.22,0.015,1,-1.1851,-1.1517,-0.209,-0.2843,0.1445,-0.6863,-0.3528,-1.434,-0.658,0.0,-0.9559,1.6161,-1.2061,-1.2178,1.3284,0,0,0,1
2019-01-01 07:04:46+05:30,56.0,1,0.0,1.25,0.016,1,-1.1851,-1.1517,-0.1835,-0.2553,0.1445,-0.6863,0.0855,-1.3875,-0.658,0.0,-0.9559,1.6161,-1.2061,-1.2178,1.3284,0,0,0,1
2019-01-01 07:04:47+05:30,57.0,1,0.0,1.27,0.016,1,-1.1851,-1.1517,-0.1198,-0.1829,0.1445,-0.6934,0.1524,-1.0121,-0.658,0.0,-0.9559,1.6161,-1.2061,-1.2178,1.3284,0,0,0,1
2019-01-01 07:04:48+05:30,58.0,1,0.0,1.29,0.016,1,-1.1851,-1.1517,-0.0994,-0.1466,0.1445,-0.6863,0.7385,-0.8606,-0.658,0.0,-0.9559,1.6161,-1.2061,-1.2178,1.3284,0,0,0,1
2019-01-01 07:04:49+05:30,59.0,1,0.0,1.31,0.016,1,-1.1851,-1.1517,-0.1121,-0.1937,0.1445,-0.6934,0.1524,-1.0121,-0.658,0.0,-0.9559,1.6161,-1.2061,-1.2178,1.3284,0,0,0,1
2019-01-01 07:04:50+05:30,60.0,1,0.0,1.34,0.017,1,-1.1851,-1.1517,-0.0815,-0.2372,0.1445,-0.6721,0.6105,-1.2196,-0.658,0.0,-0.9559,1.6161,-1.2061,-1.2178,1.3284,0,0,0,1
2019-01-01 07:04:51+05:30,61.0,1,0.0,1.36,0.017,1,-1.1851,-1.1517,-0.0382,-0.1937,0.1445,-0.6863,0.7385,-0.8606,-0.658,0.0,-0.9559,1.6161,-1.2061,-1.2178,1.3284,0,0,0,1
2019-01-01 07:04:52+05:30,62.0,1,0.0,1.38,0.017,1,-1.1851,-1.1517,-0.0637,-0.1466,0.1445,-0.6863,0.7385,-0.8606,-0.658,0.0,-0.9559,1.6161,-1.2061,-1.2178,1.3284,0,0,0,1
2019-01-01 07:04:53+05:30,63.0,1,0.0,1.4,0.018,1,-1.1851,-1.1517,-0.1529,-0.1829,0.1445,-0.6934,0.1524,-1.0121,-0.658,0.0,-0.9559,1.6161,-1.2061,-1.2178,1.3284,0,0,0,1
2019-01-01 07:04:54+05:30,64.0,1,0.0,1.43,0.018,1,-1.1851,-1.1517,-0.2243,-0.2517,0.1445,-0.6863,-0.3528,-1.434,-0.658,0.0,-0.9559,1.6161,-1.2061,-1.2178,1.3284,0,0,0,1
2019-01-01 07:04:55+05:30,65.0,1,0.0,1.45,0.018,1,-1.1851,-1.1517,-0.2473,-0.2807,0.1445,-0.6863,-0.3528,-1.434,-0.658,0.0,-0.9559,1.6161,-1.2061,-1.2178,1.3284,0,0,0,1
2019-01-01 07:04:56+05:30,66.0,1,0.0,1.47,0.018,1,-1.1851,-1.1517,-0.2218,-0.2843,0.1445,-0.6863,-0.3528,-1.434,-0.658,0.0,-0.9559,1.6161,-1.2061,-1.2178,1.3284,0,0,0,1
2019-01-01 07:04:57+05:30,67.0,1,0.0,1.49,0.019,1,-1.1851,-1.1517,-0.1529,-0.2553,0.1439,-0.6863,0.0855,-1.3875,-0.658,0.0,-0.9559,1.6161,-1.2061,-1.2178,1.3284,0,0,0,1
2019-01-01 07:04:58+05:30,68.0,1,0.0,1.51,0.019,1,-1.1851,-1.1517,-0.0688,-0.1792,0.1469,-0.6863,0.7385,-0.8606,-0.631,0.0,-0.9559,1.6161,-1.2061,-1.2178,1.3284,0,0,0,1
2019-01-01 07:04:59+05:30,69.0,1,0.0,1.54,0.019,1,-1.1851,-1.1517,-0.0356,-0.1466,0.157,-0.7004,0.9372,-1.0658,-0.631,0.0,-0.9559,1.6161,-1.2061,-1.2178,1.3284,0,0,0,1
2019-01-01 07:05:00+05:30,70.0,1,0.0,1.56,0.019,1,-1.1851,-1.1517,-0.0713,-0.2046,0.1701,-0.7004,0.9372,-1.0658,-0.6215,0.0,-0.9559,1.6161,-1.2061,-1.2178,1.3284,0,0,0,1
2019-01-01 07:05:01+05:30,71.0,1,0.0,1.58,0.02,1,-1.1851,-1.1517,-0.1376,-0.2118,0.1773,-0.7075,0.2336,-2.2659,-0.6215,0.0,-0.9559,1.6161,-1.2061,-1.2178,1.3284,0,0,0,1
2019-01-01 07:05:02+05:30,72.0,1,0.0,1.6,0.02,1,-1.1851,-1.1517,-0.1733,-0.0742,0.1701,-0.7288,0.4338,-0.5457,-0.6215,0.0,-0.9559,1.6161,-1.2061,-1.2178,1.3284,0,0,0,1
2019-01-01 07:05:03+05:30,73.0,1,0.0,1.63,0.02,1,-1.1851,-1.1517,-0.1376,0.0236,0.157,-0.7288,0.4338,-0.5457,-0.631,0.0,-0.9559,1.6161,-1.2061,-1.2178,1.3284,0,0,0,1
2019-01-01 07:05:04+05:30,74.0,1,0.0,1.65,0.021,1,-1.1851,-1.1517,-0.0688,-0.0742,0.1475,-0.6934,0.8852,-0.255,-0.631,0.0,-0.9559,1.6161,-1.2061,-1.2178,1.3284,0,0,0,1
2019-01-01 07:05:05+05:30,75.0,1,0.0,1.67,0.021,1,-1.1851,-1.1517,-0.0458,-0.2118,0.1439,-0.6721,0.6105,-1.2196,-0.658,0.0,-0.9559,1.6161,-1.2061,-1.2178,1.3284,0,0,0,1
2019-01-01 07:05:06+05:30,76.0,1,0.0,1.69,0.021,1,-1.1851,-1.1517,-0.0586,-0.2082,0.1445,-0.6863,0.7385,-0.8606,-0.658,0.0,-0.9559,1.6161,-1.2061,-1.2178,1.3284,0,0,0,1
2019-01-01 07:05:07+05:30,77.0,1,0.0,1.71,0.021,1,-1.1851,-1.1517,-0.0407,-0.1466,0.1451,-0.6863,0.7385,-0.8606,-0.658,0.0,-0.9559,1.6161,-1.2061,-1.2178,1.3277,0,0,0,1
2019-01-01 07:05:08+05:30,78.0,1,0.0,1.74,0.022,1,-1.1851,-1.1517,0.0077,-0.1756,0.1445,-0.6721,1.0861,-0.7283,-0.658,0.0,-0.9559,1.6161,-1.2061,-1.2178,1.3277,0,0,0,1
2019-01-01 07:05:09+05:30,79.0,1,0.0,1.76,0.022,1,-1.1851,-1.1517,0.0307,-0.2626,0.1445,-0.665,0.9372,-1.0658,-0.658,0.0,-0.9559,1.6161,-1.2061,-1.2178,1.3277,0,0,0,1
2019-01-01 07:05:10+05:30,80.0,1,0.0,1.78,0.022,1,-1.1851,-1.1517,0.023,-0.2843,0.1445,-0.665,0.9372,-1.0658,-0.658,0.0,-0.9559,1.6161,-1.2061,-1.2178,1.3277,0,0,0,1
2019-01-01 07:05:11+05:30,81.0,1,0.0,1.8,0.022,1,-1.1851,-1.1517,0.0179,-0.2589,0.1451,-0.665,0.9372,-1.0658,-0.658,0.0,-0.9559,1.6161,-1.2061,-1.2178,1.3277,0,0,0,1
2019-01-01 07:05:12+05:30,82.0,1,0.0,1.83,0.023,1,-1.1851,-1.1517,0.0281,-0.2879,0.1439,-0.665,0.9372,-1.0658,-0.658,0.0,-0.9559,1.6161,-1.2061,-1.2178,1.3277,0,0,0,1
2019-01-01 07:05:13+05:30,83.0,1,0.0,1.85,0.023,1,-1.1851,-1.1517,0.0205,-0.3748,0.1439,-0.6508,0.7948,-1.3429,-0.658,0.0,-0.9559,1.6161,-1.2061,-1.2178,1.3277,0,0,0,1
2019-01-01 07:05:14+05:30,84.0,1,0.0,1.87,0.023,1,-1.1851,-1.1517,-0.056,-0.3857,0.1463,-0.6579,0.4927,-1.502,-0.658,0.0,-0.9559,1.6161,-1.2061,-1.2178,1.3277,0,0,0,1
2019-01-01 07:05:15+05:30,85.0,1,0.0,1.89,0.024,1,-1.1851,-1.1517,-0.1555,-0.2589,0.1433,-0.6863,0.0855,-1.3875,-0.658,0.0,-0.9559,1.6161,-1.2061,-1.2178,1.3277,0,0,0,1
2019-01-01 07:05:16+05:30,86.0,1,0.0,1.92,0.024,1,-1.1851,-1.1517,-0.1631,-0.1684,0.1403,-0.6934,0.1524,-1.0121,-0.658,0.0,-0.9559,1.6161,-1.2061,-1.2178,1.3277,0,0,0,1
2019-01-01 07:05:17+05:30,87.0,1,0.0,1.94,0.024,1,-1.1851,-1.1517,-0.107,-0.2118,0.154,-0.6934,0.1524,-1.0121,-0.658,0.0,-0.9559,1.6161,-1.2061,-1.2178,1.3277,0,0,0,1
2019-01-01 07:05:18+05:30,88.0,1,0.0,1.96,0.024,1,-1.1851,-1.1517,-0.1657,-0.1648,0.1415,-0.6721,0.6105,-1.2196,-0.566,0.0,-0.9559,1.6161,-1.2061,-1.2178,1.3277,0,0,0,1
2019-01-01 07:05:19+05:30,89.0,1,0.0,1.98,0.025,1,-1.1851,-1.1517,-0.26,0.0707,0.076,-0.6367,-1.0512,0.5716,-0.5501,0.0,-0.9559,1.6161,-1.2061,-1.2178,1.3277,0,0,0,1
2019-01-01 07:05:20+05:30,90.0,1,0.0,2.0,0.025,1,-1.1851,-1.1515,-0.1325,0.2083,0.1654,-0.7004,1.6597,0.267,0.2316,0.1255,-0.9559,1.6161,-1.2061,-1.2178,1.3277,0,0,0,1
2019-01-01 07:05:21+05:30,91.0,1,0.0003,2.1,0.026,0,-1.1512,-1.1016,0.1148,0.0779,0.7053,-0.1972,-0.1765,0.3448,1.0958,0.3765,-0.9559,1.5893,-1.0962,-1.0982,1.3277,1,0,0,0
2019-01-01 07:05:22+05:30,92.0,1,0.0011,2.27,0.028,0,-1.0832,-1.0325,0.0868,-0.0597,1.4919,0.7313,-0.1567,0.1963,0.9103,0.502,0.5194,1.5662,-0.9911,-0.9843,1.3277,1,0,0,0
2019-01-01 07:05:23+05:30,93.0,1,0.0025,2.44,0.03,0,-1.0153,-0.9695,-0.2345,0.0308,1.8029,1.1779,-0.4059,0.267,0.1444,0.502,0.3979,1.5662,-0.993,-0.9865,1.327,1,0,0,0
2019-01-01 07:05:24+05:30,94.0,1,0.0044,2.63,0.033,0,-0.9474,-0.9302,-0.436,0.2047,1.3012,0.4691,-0.3883,0.3036,1.0895,0.251,0.2196,1.5586,-0.9596,-0.9504,1.327,1,0,0,0
2019-01-01 07:05:25+05:30,95.0,1,0.0064,2.81,0.035,0,-0.9474,-0.9304,-0.3238,0.2228,0.5211,-0.3744,-0.6085,0.38,0.9167,-0.251,0.2184,1.5624,-0.979,-0.9715,1.327,0,0,1,0
2019-01-01 07:05:26+05:30,96.0,1,0.0078,2.95,0.037,0,-1.0153,-0.9802,-0.1121,0.0598,0.1159,-0.6367,0.3529,0.267,0.0065,-0.502,0.3175,1.5739,-1.0258,-1.0221,1.327,0,0,1,0
2019-01-01 07:05:27+05:30,97.0,1,0.0086,3.06,0.038,0,-1.0832,-1.0493,-0.028,-0.1466,0.107,-0.6863,0.7385,-0.8606,-0.566,-0.502,0.3115,1.5893,-1.0906,-1.0925,1.327,0,0,1,0
2019-01-01 07:05:28+05:30,98.0,1,0.0089,3.11,0.039,0,-1.1512,-1.1124,-0.0535,-0.2734,0.163,-0.6721,0.6105,-1.2196,-0.658,-0.3765,-0.9559,1.6046,-1.1555,-1.1628,1.3263,0,0,1,0
2019-01-01 07:05:29+05:30,99.0,1,0.0089,3.14,0.039,1,-1.1851,-1.1517,-0.0662,-0.2843,0.1505,-0.6721,0.6105,-1.2196,-0.658,-0.1255,-0.9559,1.6161,-1.2061,-1.2178,1.3263,0,0,0,1
2019-01-01 07:05:30+05:30,100.0,1,0.0089,3.16,0.039,1,-1.1851,-1.1517,-0.0331,-0.2626,0.1284,-0.6721,0.6105,-1.2196,-0.658,0.0,-0.9559,1.6161,-1.2061,-1.2178,1.3263,0,0,0,1
2019-01-01 07:05:31+05:30,101.0,1,0.0089,3.18,0.04,1,-1.1851,-1.1517,0.0052,-0.277,0.1481,-0.665,0.9372,-1.0658,-0.658,0.0,-0.9559,1.6161,-1.2061,-1.2178,1.3263,0,0,0,1
2019-01-01 07:05:32+05:30,102.0,1,0.0089,3.2,0.04,1,-1.1851,-1.1517,0.0281,-0.2843,0.1695,-0.665,0.9372,-1.0658,-0.658,0.0,-0.9559,1.6161,-1.2061,-1.2178,1.3263,0,0,0,1
2019-01-01 07:05:33+05:30,103.0,1,0.0089,3.22,0.04,1,-1.1851,-1.1517,0.0383,-0.2408,0.1052,-0.665,0.9372,-1.0658,-0.658,0.0,-0.9559,1.6161,-1.2061,-1.2178,1.3263,0,0,0,1
2019-01-01 07:05:34+05:30,104.0,1,0.0089,3.25,0.041,1,-1.1851,-1.1517,-0.0101,-0.201,0.1511,-0.6721,1.0861,-0.7283,0.349,0.0,-0.9559,1.6161,-1.2061,-1.2178,1.3263,0,0,0,1
2019-01-01 07:05:35+05:30,105.0,1,0.0089,3.27,0.041,1,-1.1851,-1.1517,-0.1861,-0.1575,0.8381,-0.0767,-0.3528,0.1158,2.2677,0.0,-0.9559,1.6161,-1.2061,-1.2178,1.3263,0,0,0,1
2019-01-01 07:05:36+05:30,106.0,1,0.0089,3.29,0.041,1,-1.1851,-1.1501,-0.4615,0.1142,2.2427,1.6953,-0.3949,0.267,2.8417,0.1255,-0.9559,1.6161,-1.2061,-1.2178,1.3263,0,0,0,1
2019-01-01 07:05:37+05:30,107.0,1,0.0092,3.38,0.042,0,-1.1512,-1.0986,-0.6374,0.672,3.4816,3.0491,-0.4187,0.335,1.2909,0.502,-0.9559,1.5931,-1.1085,-1.1118,1.3263,1,0,0,0
2019-01-01 07:05:38+05:30,108.0,1,0.0103,3.55,0.044,0,-1.0493,-1.0194,-0.5456,1.1066,3.5639,3.3326,-0.3996,0.3675,1.0832,0.6275,0.2728,1.5662,-0.9959,-0.9896,1.3263,1,0,0,0
2019-01-01 07:05:39+05:30,109.0,1,0.0119,3.75,0.047,0,-0.9814,-0.9374,-0.2957,1.0052,2.5264,1.8654,-0.3528,0.4235,2.4596,0.502,0.3701,1.5509,-0.9385,-0.9276,1.3256,1,0,0,0
2019-01-01 07:05:40+05:30,110.0,1,0.0142,3.99,0.05,0,-0.9134,-0.8729,-0.1402,0.5126,1.2577,0.5399,-0.3528,0.3826,2.0108,0.502,0.3387,1.5394,-0.8915,-0.8765,1.3256,1,0,0,0
2019-01-01 07:05:41+05:30,111.0,1,0.0169,4.26,0.053,0,-0.8455,-0.8267,-0.1529,0.0598,0.449,-0.5162,0.039,0.267,0.9547,0.1255,0.251,1.5279,-0.8516,-0.8335,1.3256,0,1,0,0
2019-01-01 07:05:42+05:30,112.0,1,0.0194,4.48,0.056,0,-0.8795,-0.8485,-0.2167,-0.1684,0.1606,-0.7146,-0.9696,-1.3429,-0.2409,-0.3765,0.2952,1.5432,-0.9142,-0.9012,1.3249,0,0,1,0
2019-01-01 07:05:43+05:30,113.0,1,0.0214,4.66,0.058,0,-0.9474,-0.9278,-0.2218,-0.2589,0.1362,-0.6863,0.0855,-1.3875,-0.631,-0.6275,0.2323,1.5586,-0.9713,-0.9632,1.3249,0,0,1,0
2019-01-01 07:05:44+05:30,114.0,1,0.0225,4.77,0.06,0,-1.0493,-1.0097,-0.1963,-0.2807,0.1499,-0.6863,-0.3528,-1.434,-0.658,-0.6275,0.3629,1.5816,-1.0764,-1.0771,1.3249,0,0,1,0
2019-01-01 07:05:45+05:30,115.0,1,0.0231,4.84,0.06,0,-1.1172,-1.0743,-0.1759,-0.2734,0.1445,-0.6863,0.0855,-1.3875,-0.658,-0.502,0.4819,1.5969,-1.1335,-1.1386,1.3249,0,0,1,0
2019-01-01 07:05:46+05:30,116.0,1,0.0231,4.87,0.061,1,-1.1851,-1.122,-0.1376,-0.2698,0.1451,-0.6863,0.0855,-1.3875,-0.658,-0.251,-0.9559,1.6123,-1.2061,-1.2178,1.3249,0,0,0,1
2019-01-01 07:05:47+05:30,117.0,1,0.0231,4.89,0.061,1,-1.1851,-1.1517,-0.0739,-0.277,0.1439,-0.6721,0.6105,-1.2196,-0.658,0.0,-0.9559,1.6123,-1.2061,-1.2178,1.3249,0,0,0,1
2019-01-01 07:05:48+05:30,118.0,1,0.0231,4.91,0.061,1,-1.1851,-1.1517,-0.0331,-0.2698,0.1379,-0.6721,0.6105,-1.2196,-0.658,0.0,-0.9559,1.6123,-1.2061,-1.2178,1.3249,0,0,0,1
2019-01-01 07:05:49+05:30,119.0,1,0.0231,4.93,0.062,1,-1.1851,-1.1517,-0.0688,-0.2734,0.1576,-0.6721,0.6105,-1.2196,-0.658,0.0,-0.9559,1.6123,-1.2061,-1.2178,1.3249,0,0,0,1
2019-01-01 07:05:50+05:30,120.0,1,0.0231,4.96,0.062,1,-1.1851,-1.1517,-0.1606,-0.2807,0.1475,-0.6863,0.0855,-1.3875,-0.566,0.0,-0.9559,1.6123,-1.2061,-1.2178,1.3249,0,0,0,1
2019-01-01 07:05:51+05:30,121.0,1,0.0231,4.98,0.062,1,-1.1851,-1.1517,-0.2014,-0.2626,0.0414,-0.6296,-0.3528,-0.7373,-0.3551,0.0,-0.9559,1.6123,-1.2061,-1.2178,1.3249,0,0,0,1
2019-01-01 07:05:52+05:30,122.0,1,0.0231,5.0,0.062,1,-1.1851,-1.1517,-0.1147,-0.2553,0.0092,-0.4382,-0.0495,-0.1821,-0.038,0.1255,-0.9559,1.6123,-1.2061,-1.2178,1.3249,0,0,0,1
2019-01-01 07:05:53+05:30,123.0,1,0.0233,5.1,0.064,0,-1.1512,-1.1051,0.0434,-0.2662,0.2393,-0.5587,0.1155,-0.2168,-0.0475,0.502,-0.9559,1.5854,-1.0919,-1.0938,1.3249,1,0,0,0
2019-01-01 07:05:54+05:30,124.0,1,0.0244,6.4,0.08,0,-1.0493,-1.0243,0.148,-0.3024,0.4395,-0.587,1.3081,-1.1406,0.2855,0.753,0.2269,1.1632,0.6768,0.7979,1.3235,1,0,0,0
2019-01-01 07:05:55+05:30,125.0,1,0.0264,7.75,0.097,0,-0.9474,2.3079,0.1709,-0.4944,0.2839,-0.02,-0.1578,0.126,1.44,0.753,17.4008,1.144,0.7595,0.885,1.3221,1,0,0,0
2019-01-01 07:05:56+05:30,126.0,1,0.0292,8.11,0.102,0,-0.8455,2.4118,0.2092,-0.7479,0.0801,0.3627,-0.0543,-0.1772,1.8554,0.753,12.2797,1.4895,-0.703,-0.6734,1.3214,1,0,0,0
2019-01-01 07:05:57+05:30,127.0,1,0.0328,8.53,0.107,0,-0.7436,2.5466,0.3112,-0.5994,0.0438,0.1288,-0.0748,0.0984,2.2328,0.753,9.6107,1.4703,-0.6245,-0.589,1.3207,1,0,0,0
2019-01-01 07:05:58+05:30,128.0,1,0.0372,9.01,0.113,0,-0.6417,2.644,0.3214,0.1178,-0.1928,0.7313,-0.1275,0.1963,2.0489,0.753,7.8555,1.4473,-0.5411,-0.4993,1.3207,1,0,0,0
2019-01-01 07:05:59+05:30,129.0,1,0.0425,9.47,0.119,0,-0.5398,2.7195,0.023,0.8495,-0.6558,-0.5445,0.4583,2.2174,1.4035,0.753,6.6117,1.4511,-0.556,-0.5151,1.32,1,0,0,0
2019-01-01 07:06:00+05:30,130.0,1,0.0486,9.98,0.125,0,-0.4379,-0.4467,-0.4946,0.9328,-0.7756,1.0857,-0.4878,0.431,1.4844,0.6275,0.2341,1.4357,-0.4924,-0.4469,1.3193,1,0,0,0
2019-01-01 07:06:01+05:30,131.0,1,0.0553,10.57,0.133,0,-0.37,-0.3846,-0.8899,0.4003,-0.3871,-0.4524,-1.1233,0.7281,1.3115,0.3765,0.2311,1.4089,-0.3844,-0.3308,1.3186,1,0,0,0
2019-01-01 07:06:02+05:30,132.0,1,0.0622,11.15,0.14,0,-0.336,-0.3602,-0.9358,-0.143,-0.0325,-0.3248,-1.6219,0.0334,-0.5295,0.1255,0.2202,1.4089,-0.386,-0.3326,1.3186,0,1,0,0
2019-01-01 07:06:03+05:30,133.0,1,0.0692,11.72,0.147,0,-0.336,-0.3663,-0.6935,-0.2807,0.0366,-0.502,-0.8877,-0.2856,-0.2536,-0.1255,0.2111,1.4089,-0.3951,-0.3427,1.3179,0,1,0,0
2019-01-01 07:06:04+05:30,134.0,1,0.0758,12.28,0.154,0,-0.37,-0.3989,-0.362,-0.1539,0.1391,-0.6934,-2.2812,-1.0121,-0.1807,-0.3765,0.2093,1.4165,-0.4275,-0.3775,1.3172,0,0,1,0
2019-01-01 07:06:05+05:30,135.0,1,0.0819,12.8,0.161,0,-0.4379,-0.451,-0.079,-0.1756,0.334,-0.6083,0.241,-0.3465,-0.3995,-0.502,0.2269,1.4281,-0.4743,-0.4276,1.3165,0,0,1,0
2019-01-01 07:06:06+05:30,136.0,1,0.0875,13.28,0.167,0,-0.5059,-0.5114,0.0536,-0.4074,0.4019,-0.5516,0.5051,-0.6194,-0.6025,-0.502,0.2329,1.4357,-0.5236,-0.4804,1.3158,0,0,1,0
2019-01-01 07:06:07+05:30,137.0,1,0.0925,13.72,0.172,0,-0.5738,-0.5712,0.0103,-0.4654,0.3465,-0.5374,0.0672,-0.825,-0.4867,-0.3765,0.242,1.4549,-0.604,-0.567,1.3158,0,0,1,0
2019-01-01 07:06:08+05:30,138.0,1,0.0972,14.13,0.177,0,-0.6077,-0.6153,-0.0866,-0.2046,0.2863,-0.6863,0.7385,-0.8606,-0.4867,-0.251,0.216,1.4626,-0.6365,-0.6017,1.3151,0,0,1,0
2019-01-01 07:06:09+05:30,139.0,1,0.1017,14.52,0.182,0,-0.6417,-0.6502,-0.0815,-0.0235,0.2732,-0.6792,0.6598,-0.1673,-0.6025,-0.3765,0.2081,1.4703,-0.6689,-0.6369,1.3151,0,0,1,0
2019-01-01 07:06:10+05:30,140.0,1,0.1056,14.86,0.186,0,-0.7096,-0.6856,0.0409,-0.1539,0.306,-0.6437,0.4096,-0.5207,-0.5787,-0.3765,0.2807,1.4856,-0.7338,-0.7068,1.3144,0,0,1,0
2019-01-01 07:06:11+05:30,141.0,1,0.1092,15.21,0.191,0,-0.7436,-0.7216,0.1403,-0.3604,0.3429,-0.5516,1.0056,-0.6062,-0.6025,-0.251,0.2728,1.4856,-0.7325,-0.7055,1.3144,0,0,1,0
2019-01-01 07:06:12+05:30,142.0,1,0.1125,15.51,0.195,0,-0.7776,-0.7595,0.0919,-0.4219,0.3394,-0.5941,0.1901,-0.8065,-0.566,-0.251,0.2577,1.4972,-0.7987,-0.7767,1.3137,0,0,1,0
2019-01-01 07:06:13+05:30,143.0,1,0.1156,15.8,0.198,0,-0.8115,-0.8016,-0.028,-0.3495,0.2822,-0.6225,0.9372,-1.0658,-0.4756,-0.3765,0.2263,1.501,-0.8155,-0.7948,1.3137,0,0,1,0
2019-01-01 07:06:14+05:30,144.0,1,0.1181,16.03,0.201,0,-0.8795,-0.8463,-0.0586,-0.1756,0.2017,-0.7288,0.4959,-2.258,-0.4756,-0.3765,0.3042,1.524,-0.9064,-0.8933,1.313,0,0,1,0
2019-01-01 07:06:15+05:30,145.0,1,0.1203,16.24,0.204,0,-0.9134,-0.8892,-0.0254,-0.0199,0.1493,-0.6863,1.2485,-0.1859,-0.566,-0.251,0.2625,1.5279,-0.9207,-0.9086,1.313,0,0,1,0
2019-01-01 07:06:16+05:30,146.0,1,0.1222,16.43,0.206,0,-0.9474,-0.9252,-0.056,-0.0235,0.1403,-0.6934,0.8852,-0.255,-0.658,-0.251,0.2456,1.5355,-0.9609,-0.9522,1.313,0,0,1,0
2019-01-01 07:06:17+05:30,147.0,1,0.1239,16.6,0.208,0,-0.9814,-0.9584,-0.1249,-0.1611,0.1457,-0.6934,0.1524,-1.0121,-0.658,-0.3765,0.2408,1.547,-1.0037,-0.9984,1.313,0,0,1,0
2019-01-01 07:06:18+05:30,148.0,1,0.125,16.72,0.21,0,-1.0493,-1.0102,-0.0815,-0.2698,0.1457,-0.6721,0.6105,-1.2196,-0.658,-0.3765,0.358,1.5586,-1.0582,-1.0573,1.3123,0,0,1,0
2019-01-01 07:06:19+05:30,149.0,1,0.1258,16.83,0.211,0,-1.0832,-1.0542,0.046,-0.2807,0.1439,-0.665,0.9372,-1.0658,-0.658,-0.3765,0.251,1.5624,-1.0829,-1.0841,1.3123,0,0,1,0
2019-01-01 07:06:20+05:30,150.0,1,0.1261,16.89,0.212,0,-1.1512,-1.0898,0.0766,-0.2698,0.1445,-0.6508,1.2053,-0.9188,-0.658,-0.3765,-0.9559,1.5778,-1.14,-1.1461,1.3123,0,0,1,0
2019-01-01 07:06:21+05:30,151.0,1,0.1261,16.92,0.212,1,-1.1851,-1.1233,-0.0331,-0.2734,0.1451,-0.6721,0.6105,-1.2196,-0.658,-0.1255,-0.9559,1.5931,-1.2061,-1.2178,1.3123,0,0,0,1
2019-01-01 07:06:22+05:30,152.0,1,0.1261,16.94,0.212,1,-1.1851,-1.1517,-0.1657,-0.277,0.1445,-0.6863,0.0855,-1.3875,-0.658,0.0,-0.9559,1.5931,-1.2061,-1.2178,1.3123,0,0,0,1
2019-01-01 07:06:23+05:30,153.0,1,0.1261,16.96,0.213,1,-1.1851,-1.1517,-0.232,-0.2734,0.1427,-0.6863,-0.3528,-1.434,-0.658,0.0,-0.9559,1.5931,-1.2061,-1.2178,1.3123,0,0,0,1
2019-01-01 07:06:24+05:30,154.0,1,0.1261,16.98,0.213,1,-1.1851,-1.1486,-0.2294,-0.2734,0.1475,-0.6863,-0.3528,-1.434,-0.631,0.0,-0.9559,1.5931,-1.2061,-1.2178,1.3123,0,0,0,1
2019-01-01 07:06:25+05:30,155.0,1,0.1261,17.0,0.213,1,-1.1851,-1.1356,-0.158,-0.277,0.1588,-0.6934,0.1524,-1.7254,-0.631,0.1255,-0.9559,1.5931,-1.2061,-1.2178,1.3123,0,0,0,1
2019-01-01 07:06:26+05:30,156.0,1,0.1264,17.08,0.214,0,-1.1512,-1.1167,-0.0509,-0.2734,0.1654,-0.6863,0.7385,-1.4449,-0.658,0.1255,-0.9559,1.5739,-1.1338,-1.1391,1.3123,0,1,0,0
2019-01-01 07:06:27+05:30,157.0,1,0.1267,17.15,0.215,0,-1.1512,-1.0921,0.0256,-0.2662,0.1588,-0.6721,1.0861,-1.2196,-0.631,0.0,-0.9559,1.5778,-1.1354,-1.1408,1.3123,0,1,0,0
2019-01-01 07:06:28+05:30,158.0,1,0.1269,17.21,0.216,0,-1.1512,-1.0921,0.0154,-0.2915,0.1475,-0.665,0.9372,-1.0658,-0.631,0.0,-0.9559,1.5778,-1.1477,-1.1545,1.3123,0,1,0,0
2019-01-01 07:06:29+05:30,159.0,1,0.1272,17.27,0.217,0,-1.1512,-1.0951,-0.0433,-0.3604,0.1433,-0.6579,0.4927,-1.502,-0.658,0.0,-0.9559,1.5816,-1.1555,-1.1628,1.3123,0,1,0,0
2019-01-01 07:06:30+05:30,160.0,1,0.1275,17.32,0.217,0,-1.1512,-1.1081,-0.0611,-0.4002,0.1445,-0.6579,0.4927,-1.502,-0.658,-0.1255,-0.9559,1.5816,-1.1555,-1.1628,1.3116,0,1,0,0
2019-01-01 07:06:31+05:30,161.0,1,0.1275,17.35,0.218,1,-1.1851,-1.1271,-0.0433,-0.3604,0.1451,-0.6579,0.4927,-1.502,-0.658,-0.1255,-0.9559,1.5931,-1.2061,-1.2178,1.3116,0,0,0,1
2019-01-01 07:06:32+05:30,162.0,1,0.1275,17.37,0.218,1,-1.1851,-1.1517,-0.0713,-0.2915,0.1445,-0.6721,0.6105,-1.2196,-0.658,0.0,-0.9559,1.5931,-1.2061,-1.2178,1.3116,0,0,0,1
2019-01-01 07:06:33+05:30,163.0,1,0.1275,17.39,0.218,1,-1.1851,-1.1517,-0.1351,-0.2662,0.1445,-0.6863,0.0855,-1.3875,-0.658,0.0,-0.9559,1.5931,-1.2061,-1.2178,1.3116,0,0,0,1
2019-01-01 07:06:34+05:30,164.0,1,0.1275,17.41,0.218,1,-1.1851,-1.1517,-0.1657,-0.2734,0.1445,-0.6863,0.0855,-1.3875,-0.658,0.0,-0.9559,1.5931,-1.2061,-1.2178,1.3116,0,0,0,1
2019-01-01 07:06:35+05:30,165.0,1,0.1275,17.43,0.219,1,-1.1851,-1.1517,-0.1555,-0.277,0.1445,-0.6863,0.0855,-1.3875,-0.658,0.0,-0.9559,1.5931,-1.2061,-1.2178,1.3116,0,0,0,1
2019-01-01 07:06:36+05:30,166.0,1,0.1275,17.46,0.219,1,-1.1851,-1.1517,-0.1529,-0.2734,0.1445,-0.6863,0.0855,-1.3875,-0.658,0.0,-0.9559,1.5931,-1.2061,-1.2178,1.3116,0,0,0,1
2019-01-01 07:06:37+05:30,167.0,1,0.1275,17.48,0.219,1,-1.1851,-1.1517,-0.1529,-0.2734,0.1445,-0.6863,0.0855,-1.3875,-0.658,0.0,-0.9559,1.5931,-1.2061,-1.2178,1.3116,0,0,0,1
2019-01-01 07:06:38+05:30,168.0,1,0.1275,17.5,0.219,1,-1.1851,-1.1517,-0.1555,-0.2734,0.1445,-0.6863,0.0855,-1.3875,-0.658,0.0,-0.9559,1.5931,-1.2061,-1.2178,1.3116,0,0,0,1
2019-01-01 07:06:39+05:30,169.0,1,0.1275,17.52,0.22,1,-1.1851,-1.1517,-0.1631,-0.2734,0.1445,-0.6863,0.0855,-1.3875,-0.658,0.0,-0.9559,1.5931,-1.2061,-1.2178,1.3116,0,0,0,1
2019-01-01 07:06:40+05:30,170.0,1,0.1275,17.55,0.22,1,-1.1851,-1.1517,-0.1376,-0.2734,0.1445,-0.6863,0.0855,-1.3875,-0.658,0.0,-0.9559,1.5931,-1.2061,-1.2178,1.3116,0,0,0,1
2019-01-01 07:06:41+05:30,171.0,1,0.1275,17.57,0.22,1,-1.1851,-1.1517,-0.0739,-0.2734,0.1445,-0.6721,0.6105,-1.2196,-0.658,0.0,-0.9559,1.5931,-1.2061,-1.2178,1.3116,0,0,0,1
2019-01-01 07:06:42+05:30,172.0,1,0.1275,17.59,0.221,1,-1.1851,-1.1517,-0.0356,-0.2734,0.1445,-0.6721,0.6105,-1.2196,-0.658,0.0,-0.9559,1.5931,-1.2061,-1.2178,1.3116,0,0,0,1
2019-01-01 07:06:43+05:30,173.0,1,0.1275,17.61,0.221,1,-1.1851,-1.1517,-0.0713,-0.2734,0.1445,-0.6721,0.6105,-1.2196,-0.658,0.0,-0.9559,1.5931,-1.2061,-1.2178,1.3116,0,0,0,1
2019-01-01 07:06:44+05:30,174.0,1,0.1275,17.63,0.221,1,-1.1851,-1.1517,-0.1351,-0.2734,0.1445,-0.6863,0.0855,-1.3875,-0.658,0.0,-0.9559,1.5931,-1.2061,-1.2178,1.3116,0,0,0,1
2019-01-01 07:06:45+05:30,175.0,1,0.1275,17.66,0.221,1,-1.1851,-1.1517,-0.1733,-0.2734,0.1445,-0.6863,0.0855,-1.3875,-0.658,0.0,-0.9559,1.5931,-1.2061,-1.2178,1.3116,0,0,0,1
2019-01-01 07:06:46+05:30,176.0,1,0.1275,17.68,0.222,1,-1.1851,-1.1517,-0.1453,-0.2734,0.1445,-0.6863,0.0855,-1.3875,-0.658,0.0,-0.9559,1.5931,-1.2061,-1.2178,1.3116,0,0,0,1
2019-01-01 07:06:47+05:30,177.0,1,0.1275,17.7,0.222,1,-1.1851,-1.1517,-0.0509,-0.2734,0.1445,-0.6721,0.6105,-1.2196,-0.658,0.0,-0.9559,1.5931,-1.2061,-1.2178,1.3116,0,0,0,1
2019-01-01 07:06:48+05:30,178.0,1,0.1275,17.72,0.222,1,-1.1851,-1.1517,0.0128,-0.2734,0.1445,-0.665,0.9372,-1.0658,-0.658,0.0,-0.9559,1.5931,-1.2061,-1.2178,1.3116,0,0,0,1
2019-01-01 07:06:49+05:30,179.0,1,0.1275,17.75,0.223,1,-1.1851,-1.1517,-0.0458,-0.2734,0.1445,-0.6721,0.6105,-1.2196,-0.658,0.0,-0.9559,1.5931,-1.2061,-1.2178,1.3116,0,0,0,1
2019-01-01 07:06:50+05:30,180.0,1,0.1275,17.77,0.223,1,-1.1851,-1.1517,-0.1631,-0.2734,0.1445,-0.6863,0.0855,-1.3875,-0.658,0.0,-0.9559,1.5931,-1.2061,-1.2178,1.3116,0,0,0,1
2019-01-01 07:06:51+05:30,181.0,1,0.1275,17.79,0.223,1,-1.1851,-1.1517,-0.2141,-0.2734,0.1445,-0.6863,-0.3528,-1.434,-0.658,0.0,-0.9559,1.5931,-1.2061,-1.2178,1.3116,0,0,0,1
2019-01-01 07:06:52+05:30,182.0,1,0.1275,17.81,0.223,1,-1.1851,-1.1517,-0.181,-0.2734,0.1445,-0.6863,0.0855,-1.3875,-0.658,0.0,-0.9559,1.5931,-1.2061,-1.2178,1.3116,0,0,0,1
2019-01-01 07:06:53+05:30,183.0,1,0.1275,17.84,0.224,1,-1.1851,-1.1517,-0.1274,-0.2734,0.1445,-0.6863,0.0855,-1.3875,-0.658,0.0,-0.9559,1.5931,-1.2061,-1.2178,1.3116,0,0,0,1
2019-01-01 07:06:54+05:30,184.0,1,0.1275,17.86,0.224,1,-1.1851,-1.1517,-0.0815,-0.2734,0.1445,-0.6721,0.6105,-1.2196,-0.658,0.0,-0.9559,1.5931,-1.2061,-1.2178,1.3116,0,0,0,1
2019-01-01 07:06:55+05:30,185.0,1,0.1275,17.88,0.224,1,-1.1851,-1.1517,-0.028,-0.2734,0.1445,-0.6721,0.6105,-1.2196,-0.658,0.0,-0.9559,1.5931,-1.2061,-1.2178,1.3116,0,0,0,1
2019-01-01 07:06:56+05:30,186.0,1,0.1275,17.9,0.224,1,-1.1851,-1.1517,0.0052,-0.2734,0.1445,-0.665,0.9372,-1.0658,-0.658,0.0,-0.9559,1.5931,-1.2061,-1.2178,1.3116,0,0,0,1
2019-01-01 07:06:57+05:30,187.0,1,0.1275,17.92,0.225,1,-1.1851,-1.1517,-0.0458,-0.2734,0.1445,-0.6721,0.6105,-1.2196,-0.658,0.0,-0.9559,1.5931,-1.2061,-1.2178,1.3116,0,0,0,1
2019-01-01 07:06:58+05:30,188.0,1,0.1275,17.95,0.225,1,-1.1851,-1.1517,-0.1606,-0.2734,0.1445,-0.6863,0.0855,-1.3875,-0.658,0.0,-0.9559,1.5931,-1.2061,-1.2178,1.3116,0,0,0,1
2019-01-01 07:06:59+05:30,189.0,1,0.1275,17.97,0.225,1,-1.1851,-1.1517,-0.2218,-0.2734,0.1445,-0.6863,-0.3528,-1.434,-0.658,0.0,-0.9559,1.5931,-1.2061,-1.2178,1.3109,0,0,0,1
2019-01-01 07:07:00+05:30,190.0,1,0.1275,17.99,0.226,1,-1.1851,-1.1517,-0.1631,-0.2734,0.1445,-0.6863,0.0855,-1.3875,-0.658,0.0,-0.9559,1.5931,-1.2061,-1.2178,1.3109,0,0,0,1
2019-01-01 07:07:01+05:30,191.0,1,0.1275,18.01,0.226,1,-1.1851,-1.1517,-0.0484,-0.2734,0.1445,-0.6721,0.6105,-1.2196,-0.658,0.0,-0.9559,1.5931,-1.2061,-1.2178,1.3109,0,0,0,1
2019-01-01 07:07:02+05:30,192.0,1,0.1275,18.04,0.226,1,-1.1851,-1.1517,0.023,-0.2734,0.1445,-0.665,0.9372,-1.0658,-0.658,0.0,-0.9559,1.5931,-1.2061,-1.2178,1.3109,0,0,0,1
2019-01-01 07:07:03+05:30,193.0,1,0.1275,18.06,0.226,1,-1.1851,-1.1517,0.0128,-0.2734,0.1445,-0.665,0.9372,-1.0658,-0.658,0.0,-0.9559,1.5931,-1.2061,-1.2178,1.3109,0,0,0,1
2019-01-01 07:07:04+05:30,194.0,1,0.1275,18.08,0.227,1,-1.1851,-1.1517,-0.0331,-0.2734,0.1445,-0.6721,0.6105,-1.2196,-0.658,0.0,-0.9559,1.5931,-1.2061,-1.2178,1.3109,0,0,0,1
2019-01-01 07:07:05+05:30,195.0,1,0.1275,18.1,0.227,1,-1.1851,-1.1517,-0.0815,-0.2734,0.1445,-0.6721,0.6105,-1.2196,-0.658,0.0,-0.9559,1.5931,-1.2061,-1.2178,1.3109,0,0,0,1
2019-01-01 07:07:06+05:30,196.0,1,0.1275,18.12,0.227,1,-1.1851,-1.1517,-0.1274,-0.2734,0.1445,-0.6863,0.0855,-1.3875,-0.658,0.0,-0.9559,1.5931,-1.2061,-1.2178,1.3109,0,0,0,1
2019-01-01 07:07:07+05:30,197.0,1,0.1275,18.15,0.228,1,-1.1851,-1.1517,-0.1784,-0.2734,0.1445,-0.6863,0.0855,-1.3875,-0.658,0.0,-0.9559,1.5893,-1.2061,-1.2178,1.3109,0,0,0,1
2019-01-01 07:07:08+05:30,198.0,1,0.1275,18.17,0.228,1,-1.1851,-1.1517,-0.2192,-0.2734,0.1445,-0.6863,-0.3528,-1.434,-0.658,0.0,-0.9559,1.5893,-1.2061,-1.2178,1.3109,0,0,0,1
2019-01-01 07:07:09+05:30,199.0,1,0.1275,18.19,0.228,1,-1.1851,-1.1517,-0.2345,-0.2734,0.1445,-0.6863,-0.3528,-1.434,-0.658,0.0,-0.9559,1.5893,-1.2061,-1.2178,1.3109,0,0,0,1
2019-01-01 07:07:10+05:30,200.0,1,0.1275,18.21,0.228,1,-1.1851,-1.1517,-0.2396,-0.2734,0.1445,-0.6863,-0.3528,-1.434,-0.658,0.0,-0.9559,1.5893,-1.2061,-1.2178,1.3109,0,0,0,1
2019-01-01 07:07:11+05:30,201.0,1,0.1275,18.24,0.229,1,-1.1851,-1.1517,-0.2269,-0.2734,0.1445,-0.6863,-0.3528,-1.434,-0.658,0.0,-0.9559,1.5893,-1.2061,-1.2178,1.3109,0,0,0,1
2019-01-01 07:07:12+05:30,202.0,1,0.1275,18.26,0.229,1,-1.1851,-1.1517,-0.158,-0.2734,0.1445,-0.6863,0.0855,-1.3875,-0.658,0.0,-0.9559,1.5893,-1.2061,-1.2178,1.3109,0,0,0,1
2019-01-01 07:07:13+05:30,203.0,1,0.1275,18.28,0.229,1,-1.1851,-1.1517,-0.0484,-0.2734,0.1445,-0.6721,0.6105,-1.2196,-0.658,0.0,-0.9559,1.5893,-1.2061,-1.2178,1.3109,0,0,0,1
2019-01-01 07:07:14+05:30,204.0,1,0.1275,18.3,0.229,1,-1.1851,-1.1517,0.0077,-0.2734,0.1445,-0.665,0.9372,-1.0658,-0.658,0.0,-0.9559,1.5893,-1.2061,-1.2178,1.3109,0,0,0,1
2019-01-01 07:07:15+05:30,205.0,1,0.1275,18.32,0.23,1,-1.1851,-1.1517,-0.028,-0.2734,0.1445,-0.6721,0.6105,-1.2196,-0.658,0.0,-0.9559,1.5893,-1.2061,-1.2178,1.3109,0,0,0,1
2019-01-01 07:07:16+05:30,206.0,1,0.1275,18.35,0.23,1,-1.1851,-1.1517,-0.0866,-0.2734,0.1445,-0.6721,0.6105,-1.2196,-0.658,0.0,-0.9559,1.5893,-1.2061,-1.2178,1.3109,0,0,0,1
2019-01-01 07:07:17+05:30,207.0,1,0.1275,18.37,0.23,1,-1.1851,-1.1517,-0.107,-0.2734,0.1445,-0.6863,0.0855,-1.3875,-0.658,0.0,-0.9559,1.5893,-1.2061,-1.2178,1.3109,0,0,0,1
2019-01-01 07:07:18+05:30,208.0,1,0.1275,18.39,0.231,1,-1.1851,-1.1517,-0.1096,-0.2734,0.1445,-0.6721,0.6105,-1.2196,-0.658,0.0,-0.9559,1.5893,-1.2061,-1.2178,1.3109,0,0,0,1
2019-01-01 07:07:19+05:30,209.0,1,0.1275,18.41,0.231,1,-1.1851,-1.1517,-0.107,-0.2734,0.1445,-0.6863,0.0855,-1.3875,-0.658,0.0,-0.9559,1.5893,-1.2061,-1.2178,1.3109,0,0,0,1
2019-01-01 07:07:20+05:30,210.0,1,0.1275,18.44,0.231,1,-1.1851,-1.1517,-0.079,-0.2734,0.1445,-0.6721,0.6105,-1.2196,-0.658,0.0,-0.9559,1.5893,-1.2061,-1.2178,1.3109,0,0,0,1
2019-01-01 07:07:21+05:30,211.0,1,0.1275,18.46,0.231,1,-1.1851,-1.1517,-0.0484,-0.2734,0.1445,-0.6721,0.6105,-1.2196,-0.658,0.0,-0.9559,1.5893,-1.2061,-1.2178,1.3109,0,0,0,1
2019-01-01 07:07:22+05:30,212.0,1,0.1275,18.48,0.232,1,-1.1851,-1.1517,-0.0509,-0.2734,0.1445,-0.6721,0.6105,-1.2196,-0.658,0.0,-0.9559,1.5893,-1.2061,-1.2178,1.3109,0,0,0,1
2019-01-01 07:07:23+05:30,213.0,1,0.1275,18.5,0.232,1,-1.1851,-1.1517,-0.0586,-0.2734,0.1445,-0.6721,0.6105,-1.2196,-0.658,0.0,-0.9559,1.5893,-1.2061,-1.2178,1.3109,0,0,0,1
2019-01-01 07:07:24+05:30,214.0,1,0.1275,18.53,0.232,1,-1.1851,-1.1517,-0.0433,-0.2734,0.1445,-0.6721,0.6105,-1.2196,-0.658,0.0,-0.9559,1.5893,-1.2061,-1.2178,1.3109,0,0,0,1
2019-01-01 07:07:25+05:30,215.0,1,0.1275,18.55,0.233,1,-1.1851,-1.1517,-0.0662,-0.2734,0.1445,-0.6721,0.6105,-1.2196,-0.658,0.0,-0.9559,1.5893,-1.2061,-1.2178,1.3109,0,0,0,1
2019-01-01 07:07:26+05:30,216.0,1,0.1275,18.57,0.233,1,-1.1851,-1.1517,-0.1504,-0.2734,0.1445,-0.6863,0.0855,-1.3875,-0.658,0.0,-0.9559,1.5893,-1.2061,-1.2178,1.3109,0,0,0,1
2019-01-01 07:07:27+05:30,217.0,1,0.1275,18.59,0.233,1,-1.1851,-1.1517,-0.2269,-0.2734,0.1445,-0.6863,-0.3528,-1.434,-0.658,0.0,-0.9559,1.5893,-1.2061,-1.2178,1.3109,0,0,0,1
2019-01-01 07:07:28+05:30,218.0,1,0.1275,18.61,0.233,1,-1.1851,-1.1517,-0.2396,-0.2734,0.1445,-0.6863,-0.3528,-1.434,-0.658,0.0,-0.9559,1.5893,-1.2061,-1.2178,1.3109,0,0,0,1
2019-01-01 07:07:29+05:30,219.0,1,0.1275,18.64,0.234,1,-1.1851,-1.1517,-0.2294,-0.2734,0.1445,-0.6863,-0.3528,-1.434,-0.658,0.0,-0.9559,1.5893,-1.2061,-1.2178,1.3109,0,0,0,1
2019-01-01 07:07:30+05:30,220.0,1,0.1275,18.66,0.234,1,-1.1851,-1.1517,-0.2294,-0.2734,0.1445,-0.6863,-0.3528,-1.434,-0.658,0.0,-0.9559,1.5893,-1.2061,-1.2178,1.3102,0,0,0,1
2019-01-01 07:07:31+05:30,221.0,1,0.1275,18.68,0.234,1,-1.1851,-1.1517,-0.2345,-0.2734,0.1445,-0.6863,-0.3528,-1.434,-0.658,0.0,-0.9559,1.5893,-1.2061,-1.2178,1.3102,0,0,0,1
2019-01-01 07:07:32+05:30,222.0,1,0.1275,18.7,0.234,1,-1.1851,-1.1517,-0.2371,-0.2734,0.1445,-0.6863,-0.3528,-1.434,-0.658,0.0,-0.9559,1.5893,-1.2061,-1.2178,1.3102,0,0,0,1
2019-01-01 07:07:33+05:30,223.0,1,0.1275,18.73,0.235,1,-1.1851,-1.1517,-0.2192,-0.2734,0.1445,-0.6863,-0.3528,-1.434,-0.658,0.0,-0.9559,1.5893,-1.2061,-1.2178,1.3102,0,0,0,1
2019-01-01 07:07:34+05:30,224.0,1,0.1275,18.75,0.235,1,-1.1851,-1.1517,-0.1784,-0.2734,0.1445,-0.6863,0.0855,-1.3875,-0.658,0.0,-0.9559,1.5893,-1.2061,-1.2178,1.3102,0,0,0,1
2019-01-01 07:07:35+05:30,225.0,1,0.1275,18.77,0.235,1,-1.1851,-1.1517,-0.1274,-0.2734,0.1445,-0.6863,0.0855,-1.3875,-0.658,0.0,-0.9559,1.5893,-1.2061,-1.2178,1.3102,0,0,0,1
2019-01-01 07:07:36+05:30,226.0,1,0.1275,18.79,0.236,1,-1.1851,-1.1517,-0.0815,-0.2734,0.1445,-0.6721,0.6105,-1.2196,-0.658,0.0,-0.9559,1.5893,-1.2061,-1.2178,1.3102,0,0,0,1
2019-01-01 07:07:37+05:30,227.0,1,0.1275,18.81,0.236,1,-1.1851,-1.1517,-0.0305,-0.2734,0.1445,-0.6721,0.6105,-1.2196,-0.658,0.0,-0.9559,1.5893,-1.2061,-1.2178,1.3102,0,0,0,1
2019-01-01 07:07:38+05:30,228.0,1,0.1275,18.84,0.236,1,-1.1851,-1.1517,0.0128,-0.2734,0.1445,-0.665,0.9372,-1.0658,-0.658,0.0,-0.9559,1.5893,-1.2061,-1.2178,1.3102,0,0,0,1
2019-01-01 07:07:39+05:30,229.0,1,0.1275,18.86,0.236,1,-1.1851,-1.1517,0.0154,-0.2734,0.1445,-0.665,0.9372,-1.0658,-0.658,0.0,-0.9559,1.5893,-1.2061,-1.2178,1.3102,0,0,0,1
2019-01-01 07:07:40+05:30,230.0,1,0.1275,18.88,0.237,1,-1.1851,-1.1517,-0.0331,-0.2734,0.1445,-0.6721,0.6105,-1.2196,-0.658,0.0,-0.9559,1.5893,-1.2061,-1.2178,1.3102,0,0,0,1
2019-01-01 07:07:41+05:30,231.0,1,0.1275,18.9,0.237,1,-1.1851,-1.1517,-0.0866,-0.2734,0.1445,-0.6721,0.6105,-1.2196,-0.658,0.0,-0.9559,1.5893,-1.2061,-1.2178,1.3102,0,0,0,1
2019-01-01 07:07:42+05:30,232.0,1,0.1275,18.93,0.237,1,-1.1851,-1.1517,-0.1096,-0.2734,0.1445,-0.6863,0.0855,-1.3875,-0.658,0.0,-0.9559,1.5893,-1.2061,-1.2178,1.3102,0,0,0,1
2019-01-01 07:07:43+05:30,233.0,1,0.1275,18.95,0.238,1,-1.1851,-1.1517,-0.1096,-0.2734,0.1445,-0.6721,0.6105,-1.2196,-0.658,0.0,-0.9559,1.5893,-1.2061,-1.2178,1.3102,0,0,0,1
2019-01-01 07:07:44+05:30,234.0,1,0.1275,18.97,0.238,1,-1.1851,-1.1517,-0.0968,-0.2734,0.1445,-0.6863,0.0855,-1.3875,-0.658,0.0,-0.9559,1.5893,-1.2061,-1.2178,1.3102,0,0,0,1
2019-01-01 07:07:45+05:30,235.0,1,0.1275,18.99,0.238,1,-1.1851,-1.1517,-0.0994,-0.2734,0.1445,-0.6721,0.6105,-1.2196,-0.658,0.0,-0.9559,1.5893,-1.2061,-1.2178,1.3102,0,0,0,1
2019-01-01 07:07:46+05:30,236.0,1,0.1275,19.01,0.238,1,-1.1851,-1.1517,-0.13,-0.2734,0.1445,-0.6863,0.0855,-1.3875,-0.658,0.0,-0.9559,1.5893,-1.2061,-1.2178,1.3102,0,0,0,1
2019-01-01 07:07:47+05:30,237.0,1,0.1275,19.04,0.239,1,-1.1851,-1.1517,-0.1606,-0.2734,0.1445,-0.6863,0.0855,-1.3875,-0.658,0.0,-0.9559,1.5893,-1.2061,-1.2178,1.3102,0,0,0,1
2019-01-01 07:07:48+05:30,238.0,1,0.1275,19.06,0.239,1,-1.1851,-1.1517,-0.158,-0.2734,0.1445,-0.6863,0.0855,-1.3875,-0.658,0.0,-0.9559,1.5893,-1.2061,-1.2178,1.3102,0,0,0,1
2019-01-01 07:07:49+05:30,239.0,1,0.1275,19.08,0.239,1,-1.1851,-1.1517,-0.1529,-0.2734,0.1445,-0.6863,0.0855,-1.3875,-0.658,0.0,-0.9559,1.5893,-1.2061,-1.2178,1.3102,0,0,0,1
2019-01-01 07:07:50+05:30,240.0,1,0.1275,19.1,0.239,1,-1.1851,-1.1517,-0.158,-0.2734,0.1445,-0.6863,0.0855,-1.3875,-0.658,0.0,-0.9559,1.5893,-1.2061,-1.2178,1.3102,0,0,0,1
2019-01-01 07:07:51+05:30,241.0,1,0.1275,19.13,0.24,1,-1.1851,-1.1517,-0.1555,-0.2734,0.1445,-0.6863,0.0855,-1.3875,-0.658,0.0,-0.9559,1.5893,-1.2061,-1.2178,1.3102,0,0,0,1
2019-01-01 07:07:52+05:30,242.0,1,0.1275,19.15,0.24,1,-1.1851,-1.1517,-0.1478,-0.2734,0.1445,-0.6863,0.0855,-1.3875,-0.658,0.0,-0.9559,1.5893,-1.2061,-1.2178,1.3102,0,0,0,1
2019-01-01 07:07:53+05:30,243.0,1,0.1275,19.17,0.24,1,-1.1851,-1.1517,-0.1733,-0.2734,0.1445,-0.6863,0.0855,-1.3875,-0.658,0.0,-0.9559,1.5893,-1.2061,-1.2178,1.3102,0,0,0,1
2019-01-01 07:07:54+05:30,244.0,1,0.1275,19.19,0.241,1,-1.1851,-1.1517,-0.2167,-0.2734,0.1445,-0.6863,-0.3528,-1.434,-0.658,0.0,-0.9559,1.5893,-1.2061,-1.2178,1.3102,0,0,0,1
2019-01-01 07:07:55+05:30,245.0,1,0.1275,19.21,0.241,1,-1.1851,-1.1517,-0.2345,-0.2734,0.1445,-0.6863,-0.3528,-1.434,-0.658,0.0,-0.9559,1.5893,-1.2061,-1.2178,1.3102,0,0,0,1
2019-01-01 07:07:56+05:30,246.0,1,0.1275,19.24,0.241,1,-1.1851,-1.1517,-0.2396,-0.2734,0.1445,-0.6863,-0.3528,-1.434,-0.658,0.0,-0.9559,1.5893,-1.2061,-1.2178,1.3102,0,0,0,1
2019-01-01 07:07:57+05:30,247.0,1,0.1275,19.26,0.241,1,-1.1851,-1.1517,-0.2269,-0.2734,0.1445,-0.6863,-0.3528,-1.434,-0.658,0.0,-0.9559,1.5893,-1.2061,-1.2178,1.3102,0,0,0,1
2019-01-01 07:07:58+05:30,248.0,1,0.1275,19.28,0.242,1,-1.1851,-1.1517,-0.1504,-0.2734,0.1445,-0.6863,0.0855,-1.3875,-0.658,0.0,-0.9559,1.5893,-1.2061,-1.2178,1.3102,0,0,0,1
2019-01-01 07:07:59+05:30,249.0,1,0.1275,19.3,0.242,1,-1.1851,-1.1517,-0.0586,-0.2734,0.1445,-0.6721,0.6105,-1.2196,-0.658,0.0,-0.9559,1.5893,-1.2061,-1.2178,1.3102,0,0,0,1
2019-01-01 07:08:00+05:30,250.0,1,0.1275,19.33,0.242,1,-1.1851,-1.1517,-0.0611,-0.2734,0.1445,-0.6721,0.6105,-1.2196,-0.658,0.0,-0.9559,1.5893,-1.2061,-1.2178,1.3102,0,0,0,1
2019-01-01 07:08:01+05:30,251.0,1,0.1275,19.35,0.243,1,-1.1851,-1.1517,-0.1376,-0.2734,0.1445,-0.6863,0.0855,-1.3875,-0.658,0.0,-0.9559,1.5893,-1.2061,-1.2178,1.3095,0,0,0,1
2019-01-01 07:08:02+05:30,252.0,1,0.1275,19.37,0.243,1,-1.1851,-1.1517,-0.1759,-0.2734,0.1445,-0.6863,0.0855,-1.3875,-0.658,0.0,-0.9559,1.5893,-1.2061,-1.2178,1.3095,0,0,0,1
2019-01-01 07:08:03+05:30,253.0,1,0.1275,19.39,0.243,1,-1.1851,-1.1517,-0.1376,-0.2734,0.1445,-0.6863,0.0855,-1.3875,-0.658,0.0,-0.9559,1.5893,-1.2061,-1.2178,1.3095,0,0,0,1
2019-01-01 07:08:04+05:30,254.0,1,0.1275,19.42,0.243,1,-1.1851,-1.1517,-0.0713,-0.2734,0.1445,-0.6721,0.6105,-1.2196,-0.658,0.0,-0.9559,1.5893,-1.2061,-1.2178,1.3095,0,0,0,1
2019-01-01 07:08:05+05:30,255.0,1,0.1275,19.44,0.244,1,-1.1851,-1.1517,-0.0356,-0.2734,0.1445,-0.6721,0.6105,-1.2196,-0.658,0.0,-0.9559,1.5893,-1.2061,-1.2178,1.3095,0,0,0,1
2019-01-01 07:08:06+05:30,256.0,1,0.1275,19.46,0.244,1,-1.1851,-1.1517,-0.0662,-0.2734,0.1445,-0.6721,0.6105,-1.2196,-0.658,0.0,-0.9559,1.5893,-1.2061,-1.2178,1.3095,0,0,0,1
2019-01-01 07:08:07+05:30,257.0,1,0.1275,19.48,0.244,1,-1.1851,-1.1517,-0.1529,-0.2734,0.1445,-0.6863,0.0855,-1.3875,-0.658,0.0,-0.9559,1.5893,-1.2061,-1.2178,1.3095,0,0,0,1
2019-01-01 07:08:08+05:30,258.0,1,0.1275,19.5,0.244,1,-1.1851,-1.1517,-0.2243,-0.2734,0.1445,-0.6863,-0.3528,-1.434,-0.658,0.0,-0.9559,1.5893,-1.2061,-1.2178,1.3095,0,0,0,1
2019-01-01 07:08:09+05:30,259.0,1,0.1275,19.53,0.245,1,-1.1851,-1.1517,-0.2396,-0.2734,0.1445,-0.6863,-0.3528,-1.434,-0.658,0.0,-0.9559,1.5893,-1.2061,-1.2178,1.3095,0,0,0,1
2019-01-01 07:08:10+05:30,260.0,1,0.1275,19.55,0.245,1,-1.1851,-1.1517,-0.2371,-0.2734,0.1445,-0.6863,-0.3528,-1.434,-0.658,0.0,-0.9559,1.5893,-1.2061,-1.2178,1.3095,0,0,0,1
2019-01-01 07:08:11+05:30,261.0,1,0.1275,19.57,0.245,1,-1.1851,-1.1517,-0.2192,-0.2734,0.1445,-0.6863,-0.3528,-1.434,-0.658,0.0,-0.9559,1.5893,-1.2061,-1.2178,1.3095,0,0,0,1
2019-01-01 07:08:12+05:30,262.0,1,0.1275,19.59,0.246,1,-1.1851,-1.1517,-0.1708,-0.2734,0.1445,-0.6863,0.0855,-1.3875,-0.658,0.0,-0.9559,1.5893,-1.2061,-1.2178,1.3095,0,0,0,1
2019-01-01 07:08:13+05:30,263.0,1,0.1275,19.62,0.246,1,-1.1851,-1.1517,-0.1402,-0.2734,0.1445,-0.6863,0.0855,-1.3875,-0.658,0.0,-0.9559,1.5893,-1.2061,-1.2178,1.3095,0,0,0,1
2019-01-01 07:08:14+05:30,264.0,1,0.1275,19.64,0.246,1,-1.1851,-1.1517,-0.1759,-0.2734,0.1445,-0.6863,0.0855,-1.3875,-0.658,0.0,-0.9559,1.5893,-1.2061,-1.2178,1.3095,0,0,0,1
2019-01-01 07:08:15+05:30,265.0,1,0.1275,19.66,0.246,1,-1.1851,-1.1517,-0.2141,-0.2734,0.1445,-0.6863,-0.3528,-1.434,-0.658,0.0,-0.9559,1.5893,-1.2061,-1.2178,1.3095,0,0,0,1
2019-01-01 07:08:16+05:30,266.0,1,0.1275,19.68,0.247,1,-1.1851,-1.1517,-0.158,-0.2734,0.1445,-0.6863,0.0855,-1.3875,-0.658,0.0,-0.9559,1.5893,-1.2061,-1.2178,1.3095,0,0,0,1
2019-01-01 07:08:17+05:30,267.0,1,0.1275,19.7,0.247,1,-1.1851,-1.1517,-0.0637,-0.2734,0.1445,-0.6721,0.6105,-1.2196,-0.658,0.0,-0.9559,1.5893,-1.2061,-1.2178,1.3095,0,0,0,1
2019-01-01 07:08:18+05:30,268.0,1,0.1275,19.73,0.247,1,-1.1851,-1.1517,-0.0407,-0.2734,0.1445,-0.6721,0.6105,-1.2196,-0.658,0.0,-0.9559,1.5893,-1.2061,-1.2178,1.3095,0,0,0,1
2019-01-01 07:08:19+05:30,269.0,1,0.1275,19.75,0.248,1,-1.1851,-1.1517,-0.0637,-0.2734,0.1445,-0.6721,0.6105,-1.2196,-0.658,0.0,-0.9559,1.5893,-1.2061,-1.2178,1.3095,0,0,0,1
2019-01-01 07:08:20+05:30,270.0,1,0.1275,19.77,0.248,1,-1.1851,-1.1517,-0.0407,-0.2734,0.1445,-0.6721,0.6105,-1.2196,-0.658,0.0,-0.9559,1.5893,-1.2061,-1.2178,1.3095,0,0,0,1
2019-01-01 07:08:21+05:30,271.0,1,0.1275,19.79,0.248,1,-1.1851,-1.1517,0.0128,-0.2734,0.1445,-0.665,0.9372,-1.0658,-0.658,0.0,-0.9559,1.5893,-1.2061,-1.2178,1.3095,0,0,0,1
2019-01-01 07:08:22+05:30,272.0,1,0.1275,19.82,0.248,1,-1.1851,-1.1517,0.0205,-0.2734,0.1445,-0.665,0.9372,-1.0658,-0.658,0.0,-0.9559,1.5893,-1.2061,-1.2178,1.3095,0,0,0,1
2019-01-01 07:08:23+05:30,273.0,1,0.1275,19.84,0.249,1,-1.1851,-1.1517,-0.0331,-0.2734,0.1445,-0.6721,0.6105,-1.2196,-0.658,0.0,-0.9559,1.5893,-1.2061,-1.2178,1.3095,0,0,0,1
2019-01-01 07:08:24+05:30,274.0,1,0.1275,19.86,0.249,1,-1.1851,-1.1517,-0.0892,-0.2734,0.1445,-0.6721,0.6105,-1.2196,-0.658,0.0,-0.9559,1.5893,-1.2061,-1.2178,1.3095,0,0,0,1
2019-01-01 07:08:25+05:30,275.0,1,0.1275,19.88,0.249,1,-1.1851,-1.1517,-0.1096,-0.2734,0.1445,-0.6863,0.0855,-1.3875,-0.658,0.0,-0.9559,1.5893,-1.2061,-1.2178,1.3095,0,0,0,1
2019-01-01 07:08:26+05:30,276.0,1,0.1275,19.9,0.249,1,-1.1851,-1.1517,-0.1045,-0.2734,0.1445,-0.6721,0.6105,-1.2196,-0.658,0.0,-0.9559,1.5893,-1.2061,-1.2178,1.3095,0,0,0,1
2019-01-01 07:08:27+05:30,277.0,1,0.1275,19.93,0.25,1,-1.1851,-1.1517,-0.1045,-0.2734,0.1445,-0.6863,0.0855,-1.3875,-0.658,0.0,-0.9559,1.5893,-1.2061,-1.2178,1.3095,0,0,0,1
2019-01-01 07:08:28+05:30,278.0,1,0.1275,19.95,0.25,1,-1.1851,-1.1517,-0.1045,-0.2734,0.1445,-0.6721,0.6105,-1.2196,-0.658,0.0,-0.9559,1.5893,-1.2061,-1.2178,1.3095,0,0,0,1
2019-01-01 07:08:29+05:30,279.0,1,0.1275,19.97,0.25,1,-1.1851,-1.1517,-0.1019,-0.2734,0.1445,-0.6863,0.0855,-1.3875,-0.658,0.0,-0.9559,1.5893,-1.2061,-1.2178,1.3095,0,0,0,1
2019-01-01 07:08:30+05:30,280.0,1,0.1275,19.99,0.251,1,-1.1851,-1.1517,-0.107,-0.2734,0.1445,-0.6721,0.6105,-1.2196,-0.658,0.0,-0.9559,1.5893,-1.2061,-1.2178,1.3095,0,0,0,1
2019-01-01 07:08:31+05:30,281.0,1,0.1275,20.02,0.251,1,-1.1851,-1.1517,-0.1096,-0.2734,0.1445,-0.6863,0.0855,-1.3875,-0.658,0.0,-0.9559,1.5893,-1.2061,-1.2178,1.3088,0,0,0,1
2019-01-01 07:08:32+05:30,282.0,1,0.1275,20.04,0.251,1,-1.1851,-1.1517,-0.079,-0.2734,0.1445,-0.6721,0.6105,-1.2196,-0.658,0.0,-0.9559,1.5893,-1.2061,-1.2178,1.3088,0,0,0,1
2019-01-01 07:08:33+05:30,283.0,1,0.1275,20.06,0.251,1,-1.1851,-1.1517,-0.0458,-0.2734,0.1445,-0.6721,0.6105,-1.2196,-0.658,0.0,-0.9559,1.5893,-1.2061,-1.2178,1.3088,0,0,0,1
2019-01-01 07:08:34+05:30,284.0,1,0.1275,20.08,0.252,1,-1.1851,-1.1517,-0.0509,-0.2734,0.1445,-0.6721,0.6105,-1.2196,-0.658,0.0,-0.9559,1.5893,-1.2061,-1.2178,1.3088,0,0,0,1
2019-01-01 07:08:35+05:30,285.0,1,0.1275,20.1,0.252,1,-1.1851,-1.1517,-0.0611,-0.2734,0.1445,-0.6721,0.6105,-1.2196,-0.658,0.0,-0.9559,1.5893,-1.2061,-1.2178,1.3088,0,0,0,1
2019-01-01 07:08:36+05:30,286.0,1,0.1275,20.13,0.252,1,-1.1851,-1.1517,-0.0433,-0.2734,0.1445,-0.6721,0.6105,-1.2196,-0.658,0.0,-0.9559,1.5893,-1.2061,-1.2178,1.3088,0,0,0,1
2019-01-01 07:08:37+05:30,287.0,1,0.1275,20.15,0.253,1,-1.1851,-1.1517,-0.0586,-0.2734,0.1445,-0.6721,0.6105,-1.2196,-0.658,0.0,-0.9559,1.5893,-1.2061,-1.2178,1.3088,0,0,0,1
2019-01-01 07:08:38+05:30,288.0,1,0.1275,20.17,0.253,1,-1.1851,-1.1517,-0.1657,-0.2698,0.1445,-0.6863,0.0855,-1.3875,-0.658,0.0,-0.9559,1.5893,-1.2061,-1.2178,1.3088,0,0,0,1
2019-01-01 07:08:39+05:30,289.0,1,0.1275,20.19,0.253,1,-1.1851,-1.1517,-0.2855,-0.2734,0.1445,-0.6863,-0.7911,-1.3875,-0.658,0.0,-0.9559,1.5893,-1.2061,-1.2178,1.3088,0,0,0,1
2019-01-01 07:08:40+05:30,290.0,1,0.1275,20.22,0.253,1,-1.1851,-1.1517,-0.26,-0.2807,0.1445,-0.6863,-0.3528,-1.434,-0.658,0.0,-0.9559,1.5893,-1.2061,-1.2178,1.3088,0,0,0,1
2019-01-01 07:08:41+05:30,291.0,1,0.1275,20.24,0.254,1,-1.1851,-1.1517,-0.1172,-0.2553,0.1445,-0.6863,0.0855,-1.3875,-0.658,0.0,-0.9559,1.5893,-1.2061,-1.2178,1.3088,0,0,0,1
2019-01-01 07:08:42+05:30,292.0,1,0.1275,20.26,0.254,1,-1.1851,-1.1517,-0.0968,-0.1865,0.1445,-0.6863,0.7385,-0.8606,-0.658,0.0,-0.9559,1.5893,-1.2061,-1.2178,1.3088,0,0,0,1
2019-01-01 07:08:43+05:30,293.0,1,0.1275,20.28,0.254,1,-1.1851,-1.1517,-0.283,-0.1466,0.1445,-0.6934,-0.8581,-1.0121,-0.658,0.0,-0.9559,1.5893,-1.2061,-1.2178,1.3088,0,0,0,1
2019-01-01 07:08:44+05:30,294.0,1,0.1275,20.31,0.254,1,-1.1851,-1.1517,-0.4207,-0.1829,0.1445,-0.6863,-1.4441,-0.8606,-0.658,0.0,-0.9559,1.5893,-1.2061,-1.2178,1.3088,0,0,0,1
2019-01-01 07:08:45+05:30,295.0,1,0.1275,20.33,0.255,1,-1.1851,-1.1517,-0.2957,-0.2553,0.1445,-0.6863,-0.7911,-1.3875,-0.658,0.0,-0.9559,1.5893,-1.2061,-1.2178,1.3088,0,0,0,1
2019-01-01 07:08:46+05:30,296.0,1,0.1275,20.35,0.255,1,-1.1851,-1.1517,-0.0688,-0.2915,0.1445,-0.6721,0.6105,-1.2196,-0.658,0.0,-0.9559,1.5893,-1.2061,-1.2178,1.3088,0,0,0,1
2019-01-01 07:08:47+05:30,297.0,1,0.1275,20.37,0.255,1,-1.1851,-1.1517,0.0179,-0.2553,0.1445,-0.665,0.9372,-1.0658,-0.658,0.0,-0.9559,1.5893,-1.2061,-1.2178,1.3088,0,0,0,1
2019-01-01 07:08:48+05:30,298.0,1,0.1275,20.39,0.256,1,-1.1851,-1.1517,-0.028,-0.1829,0.1445,-0.6863,0.7385,-0.8606,-0.658,0.0,-0.9559,1.5893,-1.2061,-1.2178,1.3088,0,0,0,1
2019-01-01 07:08:49+05:30,299.0,1,0.1275,20.42,0.256,1,-1.1851,-1.1517,-0.0841,-0.1466,0.1445,-0.6863,0.7385,-0.8606,-0.658,0.0,-0.9559,1.5893,-1.2061,-1.2178,1.3088,0,0,0,1
2019-01-01 07:08:50+05:30,300.0,1,0.1275,20.44,0.256,1,-1.1851,-1.1517,-0.1325,-0.1865,0.1445,-0.6934,0.1524,-1.0121,-0.658,0.0,-0.9559,1.5893,-1.2061,-1.2178,1.3088,0,0,0,1
2019-01-01 07:08:51+05:30,301.0,1,0.1275,20.46,0.256,1,-1.1851,-1.1517,-0.1733,-0.2553,0.1445,-0.6863,0.0855,-1.3875,-0.658,0.0,-0.9559,1.5893,-1.2061,-1.2178,1.3088,0,0,0,1
2019-01-01 07:08:52+05:30,302.0,1,0.1275,20.48,0.257,1,-1.1851,-1.1517,-0.1478,-0.2807,0.1445,-0.6863,0.0855,-1.3875,-0.658,0.0,-0.9559,1.5893,-1.2061,-1.2178,1.3088,0,0,0,1
2019-01-01 07:08:53+05:30,303.0,1,0.1275,20.51,0.257,1,-1.1851,-1.1517,-0.0484,-0.2734,0.1445,-0.6721,0.6105,-1.2196,-0.658,0.0,-0.9559,1.5893,-1.2061,-1.2178,1.3088,0,0,0,1
2019-01-01 07:08:54+05:30,304.0,1,0.1275,20.53,0.257,1,-1.1851,-1.1517,0.0103,-0.2698,0.1445,-0.665,0.9372,-1.0658,-0.658,0.0,-0.9559,1.5893,-1.2061,-1.2178,1.3088,0,0,0,1
2019-01-01 07:08:55+05:30,305.0,1,0.1275,20.55,0.258,1,-1.1851,-1.1517,-0.0509,-0.2734,0.1445,-0.6721,0.6105,-1.2196,-0.658,0.0,-0.9559,1.5893,-1.2061,-1.2178,1.3088,0,0,0,1
2019-01-01 07:08:56+05:30,306.0,1,0.1275,20.57,0.258,1,-1.1851,-1.1517,-0.1453,-0.2734,0.1445,-0.6863,0.0855,-1.3875,-0.658,0.0,-0.9559,1.5854,-1.2061,-1.2178,1.3088,0,0,0,1
2019-01-01 07:08:57+05:30,307.0,1,0.1275,20.59,0.258,1,-1.1851,-1.1517,-0.1657,-0.2734,0.1445,-0.6863,0.0855,-1.3875,-0.658,0.0,-0.9559,1.5854,-1.2061,-1.2178,1.3088,0,0,0,1
2019-01-01 07:08:58+05:30,308.0,1,0.1275,20.62,0.258,1,-1.1851,-1.1517,-0.1453,-0.2734,0.1445,-0.6863,0.0855,-1.3875,-0.658,0.0,-0.9559,1.5854,-1.2061,-1.2178,1.3088,0,0,0,1
2019-01-01 07:08:59+05:30,309.0,1,0.1275,20.64,0.259,1,-1.1851,-1.1517,-0.1682,-0.2734,0.1445,-0.6863,0.0855,-1.3875,-0.658,0.0,-0.9559,1.5854,-1.2061,-1.2178,1.3088,0,0,0,1
2019-01-01 07:09:00+05:30,310.0,1,0.1275,20.66,0.259,1,-1.1851,-1.1517,-0.2167,-0.2734,0.1445,-0.6863,-0.3528,-1.434,-0.658,0.0,-0.9559,1.5854,-1.2061,-1.2178,1.3088,0,0,0,1
2019-01-01 07:09:01+05:30,311.0,1,0.1275,20.68,0.259,1,-1.1851,-1.1517,-0.2396,-0.2734,0.1445,-0.6863,-0.3528,-1.434,-0.658,0.0,-0.9559,1.5854,-1.2061,-1.2178,1.3088,0,0,0,1
2019-01-01 07:09:02+05:30,312.0,1,0.1275,20.71,0.259,1,-1.1851,-1.1517,-0.2371,-0.2734,0.1445,-0.6863,-0.3528,-1.434,-0.658,0.0,-0.9559,1.5854,-1.2061,-1.2178,1.3081,0,0,0,1
2019-01-01 07:09:03+05:30,313.0,1,0.1275,20.73,0.26,1,-1.1851,-1.1517,-0.2167,-0.2734,0.1445,-0.6863,-0.3528,-1.434,-0.658,0.0,-0.9559,1.5854,-1.2061,-1.2178,1.3081,0,0,0,1
2019-01-01 07:09:04+05:30,314.0,1,0.1275,20.75,0.26,1,-1.1851,-1.1517,-0.1708,-0.2734,0.1445,-0.6863,0.0855,-1.3875,-0.658,0.0,-0.9559,1.5854,-1.2061,-1.2178,1.3081,0,0,0,1
2019-01-01 07:09:05+05:30,315.0,1,0.1275,20.77,0.26,1,-1.1851,-1.1517,-0.1402,-0.2734,0.1445,-0.6863,0.0855,-1.3875,-0.658,0.0,-0.9559,1.5854,-1.2061,-1.2178,1.3081,0,0,0,1
2019-01-01 07:09:06+05:30,316.0,1,0.1275,20.79,0.261,1,-1.1851,-1.1517,-0.1708,-0.2734,0.1445,-0.6863,0.0855,-1.3875,-0.658,0.0,-0.9559,1.5854,-1.2061,-1.2178,1.3081,0,0,0,1
2019-01-01 07:09:07+05:30,317.0,1,0.1275,20.82,0.261,1,-1.1851,-1.1517,-0.2243,-0.2734,0.1445,-0.6863,-0.3528,-1.434,-0.658,0.0,-0.9559,1.5854,-1.2061,-1.2178,1.3081,0,0,0,1
2019-01-01 07:09:08+05:30,318.0,1,0.1275,20.84,0.261,1,-1.1851,-1.1517,-0.2269,-0.2734,0.1445,-0.6863,-0.3528,-1.434,-0.658,0.0,-0.9559,1.5854,-1.2061,-1.2178,1.3081,0,0,0,1
2019-01-01 07:09:09+05:30,319.0,1,0.1275,20.86,0.261,1,-1.1851,-1.1517,-0.1708,-0.2734,0.1445,-0.6863,0.0855,-1.3875,-0.658,0.0,-0.9559,1.5854,-1.2061,-1.2178,1.3081,0,0,0,1
2019-01-01 07:09:10+05:30,320.0,1,0.1275,20.88,0.262,1,-1.1851,-1.1517,-0.1376,-0.2734,0.1445,-0.6863,0.0855,-1.3875,-0.658,0.0,-0.9559,1.5854,-1.2061,-1.2178,1.3081,0,0,0,1
2019-01-01 07:09:11+05:30,321.0,1,0.1275,20.91,0.262,1,-1.1851,-1.1517,-0.1708,-0.2734,0.1445,-0.6863,0.0855,-1.3875,-0.658,0.0,-0.9559,1.5854,-1.2061,-1.2178,1.3081,0,0,0,1
2019-01-01 07:09:12+05:30,322.0,1,0.1275,20.93,0.262,1,-1.1851,-1.1517,-0.2243,-0.2734,0.1445,-0.6863,-0.3528,-1.434,-0.658,0.0,-0.9559,1.5854,-1.2061,-1.2178,1.3081,0,0,0,1
2019-01-01 07:09:13+05:30,323.0,1,0.1275,20.95,0.263,1,-1.1851,-1.1517,-0.2269,-0.2734,0.1445,-0.6863,-0.3528,-1.434,-0.658,0.0,-0.9559,1.5854,-1.2061,-1.2178,1.3081,0,0,0,1
2019-01-01 07:09:14+05:30,324.0,1,0.1275,20.97,0.263,1,-1.1851,-1.1517,-0.1708,-0.2734,0.1445,-0.6863,0.0855,-1.3875,-0.658,0.0,-0.9559,1.5854,-1.2061,-1.2178,1.3081,0,0,0,1
2019-01-01 07:09:15+05:30,325.0,1,0.1275,20.99,0.263,1,-1.1851,-1.1517,-0.1376,-0.2734,0.1445,-0.6863,0.0855,-1.3875,-0.658,0.0,-0.9559,1.5854,-1.2061,-1.2178,1.3081,0,0,0,1
2019-01-01 07:09:16+05:30,326.0,1,0.1275,21.02,0.263,1,-1.1851,-1.1517,-0.1784,-0.2734,0.1445,-0.6863,0.0855,-1.3875,-0.658,0.0,-0.9559,1.5854,-1.2061,-1.2178,1.3081,0,0,0,1
2019-01-01 07:09:17+05:30,327.0,1,0.1275,21.04,0.264,1,-1.1851,-1.1517,-0.2167,-0.2734,0.1445,-0.6863,-0.3528,-1.434,-0.658,0.0,-0.9559,1.5854,-1.2061,-1.2178,1.3081,0,0,0,1
2019-01-01 07:09:18+05:30,328.0,1,0.1275,21.06,0.264,1,-1.1851,-1.1517,-0.1555,-0.2734,0.1445,-0.6863,0.0855,-1.3875,-0.658,0.0,-0.9559,1.5854,-1.2061,-1.2178,1.3081,0,0,0,1
2019-01-01 07:09:19+05:30,329.0,1,0.1275,21.08,0.264,1,-1.1851,-1.1517,-0.056,-0.2734,0.1445,-0.6721,0.6105,-1.2196,-0.658,0.0,-0.9559,1.5854,-1.2061,-1.2178,1.3081,0,0,0,1
2019-01-01 07:09:20+05:30,330.0,1,0.1275,21.11,0.264,1,-1.1851,-1.1517,-0.0611,-0.2734,0.1445,-0.6721,0.6105,-1.2196,-0.658,0.0,-0.9559,1.5854,-1.2061,-1.2178,1.3081,0,0,0,1
2019-01-01 07:09:21+05:30,331.0,1,0.1275,21.13,0.265,1,-1.1851,-1.1517,-0.1478,-0.2734,0.1445,-0.6863,0.0855,-1.3875,-0.658,0.0,-0.9559,1.5854,-1.2061,-1.2178,1.3081,0,0,0,1
2019-01-01 07:09:22+05:30,332.0,1,0.1275,21.15,0.265,1,-1.1851,-1.1517,-0.1529,-0.2734,0.1445,-0.6863,0.0855,-1.3875,-0.658,0.0,-0.9559,1.5854,-1.2061,-1.2178,1.3081,0,0,0,1
2019-01-01 07:09:23+05:30,333.0,1,0.1275,21.17,0.265,1,-1.1851,-1.1517,-0.0586,-0.2734,0.1445,-0.6721,0.6105,-1.2196,-0.658,0.0,-0.9559,1.5854,-1.2061,-1.2178,1.3081,0,0,0,1
2019-01-01 07:09:24+05:30,334.0,1,0.1275,21.19,0.266,1,-1.1851,-1.1517,0.0205,-0.2734,0.1445,-0.665,0.9372,-1.0658,-0.658,0.0,-0.9559,1.5854,-1.2061,-1.2178,1.3081,0,0,0,1
2019-01-01 07:09:25+05:30,335.0,1,0.1275,21.22,0.266,1,-1.1851,-1.1517,0.0332,-0.2734,0.1445,-0.665,0.9372,-1.0658,-0.658,0.0,-0.9559,1.5854,-1.2061,-1.2178,1.3081,0,0,0,1
2019-01-01 07:09:26+05:30,336.0,1,0.1275,21.24,0.266,1,-1.1851,-1.1517,0.0103,-0.2734,0.1445,-0.665,0.9372,-1.0658,-0.658,0.0,-0.9559,1.5854,-1.2061,-1.2178,1.3081,0,0,0,1
2019-01-01 07:09:27+05:30,337.0,1,0.1275,21.26,0.266,1,-1.1851,-1.1517,-0.0331,-0.2734,0.1445,-0.6721,0.6105,-1.2196,-0.658,0.0,-0.9559,1.5854,-1.2061,-1.2178,1.3081,0,0,0,1
2019-01-01 07:09:28+05:30,338.0,1,0.1275,21.28,0.267,1,-1.1851,-1.1517,-0.0866,-0.2734,0.1445,-0.6721,0.6105,-1.2196,-0.658,0.0,-0.9559,1.5854,-1.2061,-1.2178,1.3081,0,0,0,1
2019-01-01 07:09:29+05:30,339.0,1,0.1275,21.31,0.267,1,-1.1851,-1.1517,-0.1096,-0.2698,0.1445,-0.6863,0.0855,-1.3875,-0.658,0.0,-0.9559,1.5854,-1.2061,-1.2178,1.3081,0,0,0,1
2019-01-01 07:09:30+05:30,340.0,1,0.1275,21.33,0.267,1,-1.1851,-1.1517,-0.1019,-0.2734,0.1445,-0.6721,0.6105,-1.2196,-0.658,0.0,-0.9559,1.5854,-1.2061,-1.2178,1.3081,0,0,0,1
2019-01-01 07:09:31+05:30,341.0,1,0.1275,21.35,0.268,1,-1.1851,-1.1517,-0.1198,-0.2843,0.1445,-0.6863,0.0855,-1.3875,-0.658,0.0,-0.9559,1.5854,-1.2061,-1.2178,1.3081,0,0,0,1
2019-01-01 07:09:32+05:30,342.0,1,0.1275,21.37,0.268,1,-1.1851,-1.1517,-0.1733,-0.2553,0.1445,-0.6863,0.0855,-1.3875,-0.658,0.0,-0.9559,1.5854,-1.2061,-1.2178,1.3074,0,0,0,1
2019-01-01 07:09:33+05:30,343.0,1,0.1275,21.4,0.268,1,-1.1851,-1.1517,-0.2269,-0.1829,0.1445,-0.7004,-0.3528,-1.0556,-0.658,0.0,-0.9559,1.5854,-1.2061,-1.2178,1.3074,0,0,0,1
2019-01-01 07:09:34+05:30,344.0,1,0.1275,21.42,0.268,1,-1.1851,-1.1517,-0.232,-0.1466,0.1445,-0.7004,-0.3528,-1.0556,-0.658,0.0,-0.9559,1.5854,-1.2061,-1.2178,1.3074,0,0,0,1
2019-01-01 07:09:35+05:30,345.0,1,0.1275,21.44,0.269,1,-1.1851,-1.1517,-0.1555,-0.1937,0.1445,-0.6934,0.1524,-1.0121,-0.658,0.0,-0.9559,1.5854,-1.2061,-1.2178,1.3074,0,0,0,1
2019-01-01 07:09:36+05:30,346.0,1,0.1275,21.46,0.269,1,-1.1851,-1.1517,-0.0458,-0.2372,0.1445,-0.6721,0.6105,-1.2196,-0.658,0.0,-0.9559,1.5854,-1.2061,-1.2178,1.3074,0,0,0,1
2019-01-01 07:09:37+05:30,347.0,1,0.1275,21.48,0.269,1,-1.1851,-1.1517,0.0052,-0.1937,0.1445,-0.6721,1.0861,-0.7283,-0.658,0.0,-0.9559,1.5854,-1.2061,-1.2178,1.3074,0,0,0,1
2019-01-01 07:09:38+05:30,348.0,1,0.1275,21.51,0.269,1,-1.1851,-1.1517,-0.0254,-0.1466,0.1445,-0.6863,0.7385,-0.8606,-0.658,0.0,-0.9559,1.5854,-1.2061,-1.2178,1.3074,0,0,0,1
2019-01-01 07:09:39+05:30,349.0,1,0.1275,21.53,0.27,1,-1.1851,-1.1517,-0.0815,-0.1829,0.1445,-0.6863,0.7385,-0.8606,-0.658,0.0,-0.9559,1.5854,-1.2061,-1.2178,1.3074,0,0,0,1
2019-01-01 07:09:40+05:30,350.0,1,0.1275,21.55,0.27,1,-1.1851,-1.1517,-0.13,-0.2553,0.1445,-0.6863,0.0855,-1.3875,-0.658,0.0,-0.9559,1.5854,-1.2061,-1.2178,1.3074,0,0,0,1
2019-01-01 07:09:41+05:30,351.0,1,0.1275,21.57,0.27,1,-1.1851,-1.1517,-0.1759,-0.2843,0.1445,-0.6863,0.0855,-1.3875,-0.658,0.0,-0.9559,1.5854,-1.2061,-1.2178,1.3074,0,0,0,1
2019-01-01 07:09:42+05:30,352.0,1,0.1275,21.6,0.271,1,-1.1851,-1.1517,-0.2192,-0.2734,0.1445,-0.6863,-0.3528,-1.434,-0.658,0.0,-0.9559,1.5854,-1.2061,-1.2178,1.3074,0,0,0,1
2019-01-01 07:09:43+05:30,353.0,1,0.1275,21.62,0.271,1,-1.1851,-1.1517,-0.2345,-0.2698,0.1445,-0.6863,-0.3528,-1.434,-0.658,0.0,-0.9559,1.5854,-1.2061,-1.2178,1.3074,0,0,0,1
2019-01-01 07:09:44+05:30,354.0,1,0.1275,21.64,0.271,1,-1.1851,-1.1517,-0.232,-0.2734,0.1445,-0.6863,-0.3528,-1.434,-0.658,0.0,-0.9559,1.5854,-1.2061,-1.2178,1.3074,0,0,0,1
2019-01-01 07:09:45+05:30,355.0,1,0.1275,21.66,0.271,1,-1.1851,-1.1517,-0.2345,-0.2734,0.1445,-0.6863,-0.3528,-1.434,-0.658,0.0,-0.9559,1.5854,-1.2061,-1.2178,1.3074,0,0,0,1
2019-01-01 07:09:46+05:30,356.0,1,0.1275,21.68,0.272,1,-1.1851,-1.1517,-0.2269,-0.2734,0.1445,-0.6863,-0.3528,-1.434,-0.658,0.0,-0.9559,1.5854,-1.2061,-1.2178,1.3074,0,0,0,1
2019-01-01 07:09:47+05:30,357.0,1,0.1275,21.71,0.272,1,-1.1851,-1.1517,-0.158,-0.2734,0.1445,-0.6863,0.0855,-1.3875,-0.658,0.0,-0.9559,1.5854,-1.2061,-1.2178,1.3074,0,0,0,1
2019-01-01 07:09:48+05:30,358.0,1,0.1275,21.73,0.272,1,-1.1851,-1.1517,-0.0535,-0.2734,0.1445,-0.6721,0.6105,-1.2196,-0.658,0.0,-0.9559,1.5854,-1.2061,-1.2178,1.3074,0,0,0,1
2019-01-01 07:09:49+05:30,359.0,1,0.1275,21.75,0.273,1,-1.1851,-1.1517,0.023,-0.2734,0.1445,-0.665,0.9372,-1.0658,-0.658,0.0,-0.9559,1.5854,-1.2061,-1.2178,1.3074,0,0,0,1
2019-01-01 07:09:50+05:30,360.0,1,0.1275,21.77,0.273,1,-1.1851,-1.1517,0.0205,-0.2734,0.1445,-0.665,0.9372,-1.0658,-0.658,0.0,-0.9559,1.5854,-1.2061,-1.2178,1.3074,0,0,0,1
2019-01-01 07:09:51+05:30,361.0,1,0.1275,21.8,0.273,1,-1.1851,-1.1517,-0.0535,-0.2734,0.1445,-0.6721,0.6105,-1.2196,-0.658,0.0,-0.9559,1.5854,-1.2061,-1.2178,1.3074,0,0,0,1
2019-01-01 07:09:52+05:30,362.0,1,0.1275,21.82,0.273,1,-1.1851,-1.1517,-0.1555,-0.2734,0.1445,-0.6863,0.0855,-1.3875,-0.658,0.0,-0.9559,1.5854,-1.2061,-1.2178,1.3074,0,0,0,1
2019-01-01 07:09:53+05:30,363.0,1,0.1275,21.84,0.274,1,-1.1851,-1.1517,-0.232,-0.2734,0.1445,-0.6863,-0.3528,-1.434,-0.658,0.0,-0.9559,1.5854,-1.2061,-1.2178,1.3074,0,0,0,1
2019-01-01 07:09:54+05:30,364.0,1,0.1275,21.86,0.274,1,-1.1851,-1.1517,-0.2345,-0.2734,0.1445,-0.6863,-0.3528,-1.434,-0.658,0.0,-0.9559,1.5854,-1.2061,-1.2178,1.3074,0,0,0,1
2019-01-01 07:09:55+05:30,365.0,1,0.1275,21.88,0.274,1,-1.1851,-1.1517,-0.1478,-0.2734,0.1445,-0.6863,0.0855,-1.3875,-0.658,0.0,-0.9559,1.5854,-1.2061,-1.2178,1.3074,0,0,0,1
2019-01-01 07:09:56+05:30,366.0,1,0.1275,21.91,0.274,1,-1.1851,-1.1517,-0.056,-0.2734,0.1445,-0.6721,0.6105,-1.2196,-0.658,0.0,-0.9559,1.5854,-1.2061,-1.2178,1.3074,0,0,0,1
2019-01-01 07:09:57+05:30,367.0,1,0.1275,21.93,0.275,1,-1.1851,-1.1517,-0.0637,-0.2734,0.1445,-0.6721,0.6105,-1.2196,-0.658,0.0,-0.9559,1.5854,-1.2061,-1.2178,1.3074,0,0,0,1
2019-01-01 07:09:58+05:30,368.0,1,0.1275,21.95,0.275,1,-1.1851,-1.1517,-0.1376,-0.2734,0.1445,-0.6863,0.0855,-1.3875,-0.658,0.0,-0.9559,1.5854,-1.2061,-1.2178,1.3074,0,0,0,1
2019-01-01 07:09:59+05:30,369.0,1,0.1275,21.97,0.275,1,-1.1851,-1.1517,-0.1657,-0.2734,0.1445,-0.6863,0.0855,-1.3875,-0.658,0.0,-0.9559,1.5854,-1.2061,-1.2178,1.3074,0,0,0,1
2019-01-01 07:10:00+05:30,370.0,1,0.1275,22.0,0.276,1,-1.1851,-1.1517,-0.1555,-0.2734,0.1445,-0.6863,0.0855,-1.3875,-0.658,0.0,-0.9559,1.5854,-1.2061,-1.2178,1.3074,0,0,0,1
2019-01-01 07:10:01+05:30,371.0,1,0.1275,22.02,0.276,1,-1.1851,-1.1517,-0.1529,-0.2734,0.1445,-0.6863,0.0855,-1.3875,-0.658,0.0,-0.9559,1.5854,-1.2061,-1.2178,1.3074,0,0,0,1
2019-01-01 07:10:02+05:30,372.0,1,0.1275,22.04,0.276,1,-1.1851,-1.1517,-0.158,-0.2734,0.1445,-0.6863,0.0855,-1.3875,-0.658,0.0,-0.9559,1.5854,-1.2061,-1.2178,1.3074,0,0,0,1
2019-01-01 07:10:03+05:30,373.0,1,0.1275,22.06,0.276,1,-1.1851,-1.1517,-0.1529,-0.2734,0.1445,-0.6863,0.0855,-1.3875,-0.658,0.0,-0.9559,1.5854,-1.2061,-1.2178,1.3067,0,0,0,1
2019-01-01 07:10:04+05:30,374.0,1,0.1275,22.08,0.277,1,-1.1851,-1.1517,-0.158,-0.2734,0.1445,-0.6863,0.0855,-1.3875,-0.658,0.0,-0.9559,1.5854,-1.2061,-1.2178,1.3067,0,0,0,1
2019-01-01 07:10:05+05:30,375.0,1,0.1275,22.11,0.277,1,-1.1851,-1.1517,-0.1631,-0.2734,0.1445,-0.6863,0.0855,-1.3875,-0.658,0.0,-0.9559,1.5854,-1.2061,-1.2178,1.3067,0,0,0,1
2019-01-01 07:10:06+05:30,376.0,1,0.1275,22.13,0.277,1,-1.1851,-1.1517,-0.1274,-0.2734,0.1445,-0.6863,0.0855,-1.3875,-0.658,0.0,-0.9559,1.5854,-1.2061,-1.2178,1.3067,0,0,0,1
2019-01-01 07:10:07+05:30,377.0,1,0.1275,22.15,0.278,1,-1.1851,-1.1517,-0.0943,-0.2734,0.1445,-0.6721,0.6105,-1.2196,-0.658,0.0,-0.9559,1.5854,-1.2061,-1.2178,1.3067,0,0,0,1
2019-01-01 07:10:08+05:30,378.0,1,0.1275,22.17,0.278,1,-1.1851,-1.1517,-0.1249,-0.2734,0.1445,-0.6863,0.0855,-1.3875,-0.658,0.0,-0.9559,1.5854,-1.2061,-1.2178,1.3067,0,0,0,1
2019-01-01 07:10:09+05:30,379.0,1,0.1275,22.2,0.278,1,-1.1851,-1.1517,-0.1657,-0.2734,0.1445,-0.6863,0.0855,-1.3875,-0.658,0.0,-0.9559,1.5854,-1.2061,-1.2178,1.3067,0,0,0,1
2019-01-01 07:10:10+05:30,380.0,1,0.1275,22.22,0.278,1,-1.1851,-1.1517,-0.158,-0.2734,0.1445,-0.6863,0.0855,-1.3875,-0.658,0.0,-0.9559,1.5854,-1.2061,-1.2178,1.3067,0,0,0,1
2019-01-01 07:10:11+05:30,381.0,1,0.1275,22.24,0.279,1,-1.1851,-1.1517,-0.1453,-0.2734,0.1445,-0.6863,0.0855,-1.3875,-0.658,0.0,-0.9559,1.5854,-1.2061,-1.2178,1.3067,0,0,0,1
2019-01-01 07:10:12+05:30,382.0,1,0.1275,22.26,0.279,1,-1.1851,-1.1517,-0.1708,-0.2734,0.1445,-0.6863,0.0855,-1.3875,-0.658,0.0,-0.9559,1.5854,-1.2061,-1.2178,1.3067,0,0,0,1
2019-01-01 07:10:13+05:30,383.0,1,0.1275,22.29,0.279,1,-1.1851,-1.1517,-0.2141,-0.2734,0.1445,-0.6863,-0.3528,-1.434,-0.658,0.0,-0.9559,1.5854,-1.2061,-1.2178,1.3067,0,0,0,1
2019-01-01 07:10:14+05:30,384.0,1,0.1275,22.31,0.279,1,-1.1851,-1.1517,-0.2447,-0.2734,0.1445,-0.6863,-0.3528,-1.434,-0.658,0.0,-0.9559,1.5854,-1.2061,-1.2178,1.3067,0,0,0,1
2019-01-01 07:10:15+05:30,385.0,1,0.1275,22.33,0.28,1,-1.1851,-1.1517,-0.2294,-0.2734,0.1445,-0.6863,-0.3528,-1.434,-0.658,0.0,-0.9559,1.5854,-1.2061,-1.2178,1.3067,0,0,0,1
2019-01-01 07:10:16+05:30,386.0,1,0.1275,22.35,0.28,1,-1.1851,-1.1517,-0.1504,-0.2734,0.1445,-0.6863,0.0855,-1.3875,-0.658,0.0,-0.9559,1.5854,-1.2061,-1.2178,1.3067,0,0,0,1
2019-01-01 07:10:17+05:30,387.0,1,0.1275,22.37,0.28,1,-1.1851,-1.1517,-0.056,-0.2734,0.1445,-0.6721,0.6105,-1.2196,-0.658,0.0,-0.9559,1.5854,-1.2061,-1.2178,1.3067,0,0,0,1
2019-01-01 07:10:18+05:30,388.0,1,0.1275,22.4,0.281,1,-1.1851,-1.1517,-0.0586,-0.2734,0.1445,-0.6721,0.6105,-1.2196,-0.658,0.0,-0.9559,1.5854,-1.2061,-1.2178,1.3067,0,0,0,1
2019-01-01 07:10:19+05:30,389.0,1,0.1275,22.42,0.281,1,-1.1851,-1.1517,-0.1529,-0.2734,0.1445,-0.6863,0.0855,-1.3875,-0.658,0.0,-0.9559,1.5854,-1.2061,-1.2178,1.3067,0,0,0,1
2019-01-01 07:10:20+05:30,390.0,1,0.1275,22.44,0.281,1,-1.1851,-1.1517,-0.2167,-0.2734,0.1445,-0.6863,-0.3528,-1.434,-0.658,0.0,-0.9559,1.5854,-1.2061,-1.2178,1.3067,0,0,0,1
2019-01-01 07:10:21+05:30,391.0,1,0.1275,22.46,0.281,1,-1.1851,-1.1517,-0.1861,-0.2734,0.1445,-0.6863,0.0855,-1.3875,-0.658,0.0,-0.9559,1.5854,-1.2061,-1.2178,1.3067,0,0,0,1
2019-01-01 07:10:22+05:30,392.0,1,0.1275,22.49,0.282,1,-1.1851,-1.1517,-0.1172,-0.2734,0.1445,-0.6863,0.0855,-1.3875,-0.658,0.0,-0.9559,1.5854,-1.2061,-1.2178,1.3067,0,0,0,1
2019-01-01 07:10:23+05:30,393.0,1,0.1275,22.51,0.282,1,-1.1851,-1.1517,-0.0892,-0.2734,0.1445,-0.6721,0.6105,-1.2196,-0.658,0.0,-0.9559,1.5854,-1.2061,-1.2178,1.3067,0,0,0,1
2019-01-01 07:10:24+05:30,394.0,1,0.1275,22.53,0.282,1,-1.1851,-1.1517,-0.1274,-0.2734,0.1445,-0.6863,0.0855,-1.3875,-0.658,0.0,-0.9559,1.5854,-1.2061,-1.2178,1.3067,0,0,0,1
2019-01-01 07:10:25+05:30,395.0,1,0.1275,22.55,0.283,1,-1.1851,-1.1517,-0.1733,-0.2734,0.1445,-0.6863,0.0855,-1.3875,-0.658,0.0,-0.9559,1.5854,-1.2061,-1.2178,1.3067,0,0,0,1
2019-01-01 07:10:26+05:30,396.0,1,0.1275,22.57,0.283,1,-1.1851,-1.1517,-0.1478,-0.2734,0.1445,-0.6863,0.0855,-1.3875,-0.658,0.0,-0.9559,1.5854,-1.2061,-1.2178,1.3067,0,0,0,1
2019-01-01 07:10:27+05:30,397.0,1,0.1275,22.6,0.283,1,-1.1851,-1.1517,-0.0484,-0.2734,0.1445,-0.6721,0.6105,-1.2196,-0.658,0.0,-0.9559,1.5854,-1.2061,-1.2178,1.3067,0,0,0,1
2019-01-01 07:10:28+05:30,398.0,1,0.1275,22.62,0.283,1,-1.1851,-1.1517,0.0128,-0.2734,0.1445,-0.665,0.9372,-1.0658,-0.658,0.0,-0.9559,1.5854,-1.2061,-1.2178,1.3067,0,0,0,1
2019-01-01 07:10:29+05:30,399.0,1,0.1275,22.64,0.284,1,-1.1851,-1.1517,-0.0484,-0.2734,0.1445,-0.6721,0.6105,-1.2196,-0.658,0.0,-0.9559,1.5854,-1.2061,-1.2178,1.3067,0,0,0,1
2019-01-01 07:10:30+05:30,400.0,1,0.1275,22.66,0.284,1,-1.1851,-1.1517,-0.158,-0.2698,0.1445,-0.6863,0.0855,-1.3875,-0.658,0.0,-0.9559,1.5854,-1.2061,-1.2178,1.3067,0,0,0,1
2019-01-01 07:10:31+05:30,401.0,1,0.1275,22.69,0.284,1,-1.1851,-1.1517,-0.1555,-0.2734,0.1445,-0.6863,0.0855,-1.3875,-0.658,0.0,-0.9559,1.5854,-1.2061,-1.2178,1.3067,0,0,0,1
2019-01-01 07:10:32+05:30,402.0,1,0.1275,22.71,0.284,1,-1.1851,-1.1517,-0.0407,-0.2843,0.1445,-0.6721,0.6105,-1.2196,-0.658,0.0,-0.9559,1.5854,-1.2061,-1.2178,1.3067,0,0,0,1
2019-01-01 07:10:33+05:30,403.0,1,0.1275,22.73,0.285,1,-1.1851,-1.1517,-0.005,-0.2553,0.1445,-0.665,0.9372,-1.0658,-0.658,0.0,-0.9559,1.5854,-1.2061,-1.2178,1.3067,0,0,0,1
2019-01-01 07:10:34+05:30,404.0,1,0.1275,22.75,0.285,1,-1.1851,-1.1517,-0.1274,-0.1829,0.1445,-0.6934,0.1524,-1.0121,-0.658,0.0,-0.9559,1.5854,-1.2061,-1.2178,1.306,0,0,0,1
2019-01-01 07:10:35+05:30,405.0,1,0.1275,22.77,0.285,1,-1.1851,-1.1517,-0.2524,-0.1466,0.1445,-0.7004,-0.3528,-1.0556,-0.658,0.0,-0.9559,1.5854,-1.2061,-1.2178,1.306,0,0,0,1
2019-01-01 07:10:36+05:30,406.0,1,0.1275,22.8,0.286,1,-1.1851,-1.1517,-0.2141,-0.1937,0.1445,-0.7004,-0.3528,-1.0556,-0.658,0.0,-0.9559,1.5854,-1.2061,-1.2178,1.306,0,0,0,1
2019-01-01 07:10:37+05:30,407.0,1,0.1275,22.82,0.286,1,-1.1851,-1.1517,-0.0688,-0.2372,0.1445,-0.6721,0.6105,-1.2196,-0.658,0.0,-0.9559,1.5854,-1.2061,-1.2178,1.306,0,0,0,1
2019-01-01 07:10:38+05:30,408.0,1,0.1275,22.84,0.286,1,-1.1851,-1.1517,0.0307,-0.1937,0.1445,-0.6721,1.0861,-0.7283,-0.658,0.0,-0.9559,1.5854,-1.2061,-1.2178,1.306,0,0,0,1
2019-01-01 07:10:39+05:30,409.0,1,0.1275,22.86,0.286,1,-1.1851,-1.1517,0.0179,-0.1466,0.1445,-0.6721,1.0861,-0.7283,-0.658,0.0,-0.9559,1.5854,-1.2061,-1.2178,1.306,0,0,0,1
2019-01-01 07:10:40+05:30,410.0,1,0.1275,22.89,0.287,1,-1.1851,-1.1517,-0.0433,-0.1829,0.1445,-0.6863,0.7385,-0.8606,-0.658,0.0,-0.9559,1.5854,-1.2061,-1.2178,1.306,0,0,0,1
2019-01-01 07:10:41+05:30,411.0,1,0.1275,22.91,0.287,1,-1.1851,-1.1517,-0.0688,-0.2553,0.1445,-0.6721,0.6105,-1.2196,-0.658,0.0,-0.9559,1.5854,-1.2061,-1.2178,1.306,0,0,0,1
2019-01-01 07:10:42+05:30,412.0,1,0.1275,22.93,0.287,1,-1.1851,-1.1517,-0.0305,-0.2843,0.1445,-0.6721,0.6105,-1.2196,-0.658,0.0,-0.9559,1.5854,-1.2061,-1.2178,1.306,0,0,0,1
2019-01-01 07:10:43+05:30,413.0,1,0.1275,22.95,0.288,1,-1.1851,-1.1517,0.0026,-0.2734,0.1445,-0.665,0.9372,-1.0658,-0.658,0.0,-0.9559,1.5854,-1.2061,-1.2178,1.306,0,0,0,1
2019-01-01 07:10:44+05:30,414.0,1,0.1275,22.97,0.288,1,-1.1851,-1.1517,-0.0458,-0.2698,0.1445,-0.6721,0.6105,-1.2196,-0.658,0.0,-0.9559,1.5854,-1.2061,-1.2178,1.306,0,0,0,1
2019-01-01 07:10:45+05:30,415.0,1,0.1275,23.0,0.288,1,-1.1851,-1.1517,-0.1529,-0.2734,0.1445,-0.6863,0.0855,-1.3875,-0.658,0.0,-0.9559,1.5854,-1.2061,-1.2178,1.306,0,0,0,1
2019-01-01 07:10:46+05:30,416.0,1,0.1275,23.02,0.288,1,-1.1851,-1.1517,-0.2345,-0.2734,0.1445,-0.6863,-0.3528,-1.434,-0.658,0.0,-0.9559,1.5816,-1.2061,-1.2178,1.306,0,0,0,1
2019-01-01 07:10:47+05:30,417.0,1,0.1275,23.04,0.289,1,-1.1851,-1.1517,-0.232,-0.2734,0.1445,-0.6863,-0.3528,-1.434,-0.658,0.0,-0.9559,1.5816,-1.2061,-1.2178,1.306,0,0,0,1
2019-01-01 07:10:48+05:30,418.0,1,0.1275,23.06,0.289,1,-1.1851,-1.1517,-0.1504,-0.2734,0.1445,-0.6863,0.0855,-1.3875,-0.658,0.0,-0.9559,1.5816,-1.2061,-1.2178,1.306,0,0,0,1
2019-01-01 07:10:49+05:30,419.0,1,0.1275,23.09,0.289,1,-1.1851,-1.1517,-0.056,-0.2698,0.1445,-0.6721,0.6105,-1.2196,-0.658,0.0,-0.9559,1.5816,-1.2061,-1.2178,1.306,0,0,0,1
2019-01-01 07:10:50+05:30,420.0,1,0.1275,23.11,0.289,1,-1.1851,-1.1517,-0.056,-0.2734,0.1445,-0.6721,0.6105,-1.2196,-0.658,0.0,-0.9559,1.5816,-1.2061,-1.2178,1.306,0,0,0,1
2019-01-01 07:10:51+05:30,421.0,1,0.1275,23.13,0.29,1,-1.1851,-1.1517,-0.158,-0.2807,0.1445,-0.6863,0.0855,-1.3875,-0.658,0.0,-0.9559,1.5816,-1.2061,-1.2178,1.306,0,0,0,1
2019-01-01 07:10:52+05:30,422.0,1,0.1275,23.15,0.29,1,-1.1851,-1.1517,-0.2243,-0.2553,0.1445,-0.6863,-0.3528,-1.434,-0.658,0.0,-0.9559,1.5816,-1.2061,-1.2178,1.306,0,0,0,1
2019-01-01 07:10:53+05:30,423.0,1,0.1275,23.17,0.29,1,-1.1851,-1.1517,-0.1631,-0.1865,0.1445,-0.6934,0.1524,-1.0121,-0.658,0.0,-0.9559,1.5816,-1.2061,-1.2178,1.306,0,0,0,1
2019-01-01 07:10:54+05:30,424.0,1,0.1275,23.2,0.291,1,-1.1851,-1.1517,-0.0458,-0.1466,0.1445,-0.6863,0.7385,-0.8606,-0.658,0.0,-0.9559,1.5816,-1.2061,-1.2178,1.306,0,0,0,1
2019-01-01 07:10:55+05:30,425.0,1,0.1275,23.22,0.291,1,-1.1851,-1.1517,0.0052,-0.1865,0.1445,-0.6721,1.0861,-0.7283,-0.658,0.0,-0.9559,1.5816,-1.2061,-1.2178,1.306,0,0,0,1
2019-01-01 07:10:56+05:30,426.0,1,0.1275,23.24,0.291,1,-1.1851,-1.1517,-0.0254,-0.2553,0.1445,-0.6721,0.6105,-1.2196,-0.658,0.0,-0.9559,1.5816,-1.2061,-1.2178,1.306,0,0,0,1
2019-01-01 07:10:57+05:30,427.0,1,0.1275,23.26,0.291,1,-1.1851,-1.1517,-0.0841,-0.2807,0.1445,-0.6721,0.6105,-1.2196,-0.658,0.0,-0.9559,1.5816,-1.2061,-1.2178,1.306,0,0,0,1
2019-01-01 07:10:58+05:30,428.0,1,0.1275,23.29,0.292,1,-1.1851,-1.1517,-0.1325,-0.2734,0.1445,-0.6863,0.0855,-1.3875,-0.658,0.0,-0.9559,1.5816,-1.2061,-1.2178,1.306,0,0,0,1
2019-01-01 07:10:59+05:30,429.0,1,0.1275,23.31,0.292,1,-1.1851,-1.1517,-0.1657,-0.2698,0.1445,-0.6863,0.0855,-1.3875,-0.658,0.0,-0.9559,1.5816,-1.2061,-1.2178,1.306,0,0,0,1
2019-01-01 07:11:00+05:30,430.0,1,0.1275,23.33,0.292,1,-1.1851,-1.1517,-0.1657,-0.2734,0.1445,-0.6863,0.0855,-1.3875,-0.658,0.0,-0.9559,1.5816,-1.2061,-1.2178,1.306,0,0,0,1
2019-01-01 07:11:01+05:30,431.0,1,0.1275,23.35,0.293,1,-1.1851,-1.1517,-0.1274,-0.2734,0.1445,-0.6863,0.0855,-1.3875,-0.658,0.0,-0.9559,1.5816,-1.2061,-1.2178,1.306,0,0,0,1
2019-01-01 07:11:02+05:30,432.0,1,0.1275,23.38,0.293,1,-1.1851,-1.1517,-0.0917,-0.2734,0.1445,-0.6721,0.6105,-1.2196,-0.658,0.0,-0.9559,1.5816,-1.2061,-1.2178,1.306,0,0,0,1
2019-01-01 07:11:03+05:30,433.0,1,0.1275,23.4,0.293,1,-1.1851,-1.1517,-0.1172,-0.2734,0.1445,-0.6863,0.0855,-1.3875,-0.658,0.0,-0.9559,1.5816,-1.2061,-1.2178,1.306,0,0,0,1
2019-01-01 07:11:04+05:30,434.0,1,0.1275,23.42,0.293,1,-1.1851,-1.1517,-0.1861,-0.2734,0.1445,-0.6863,0.0855,-1.3875,-0.658,0.0,-0.9559,1.5816,-1.2061,-1.2178,1.3053,0,0,0,1
2019-01-01 07:11:05+05:30,435.0,1,0.1275,23.44,0.294,1,-1.1851,-1.1517,-0.2167,-0.2734,0.1445,-0.6863,-0.3528,-1.434,-0.658,0.0,-0.9559,1.5816,-1.2061,-1.2178,1.3053,0,0,0,1
2019-01-01 07:11:06+05:30,436.0,1,0.1275,23.46,0.294,1,-1.1851,-1.1517,-0.1529,-0.2734,0.1445,-0.6863,0.0855,-1.3875,-0.658,0.0,-0.9559,1.5816,-1.2061,-1.2178,1.3053,0,0,0,1
2019-01-01 07:11:07+05:30,437.0,1,0.1275,23.49,0.294,1,-1.1851,-1.1517,-0.0662,-0.2734,0.1445,-0.6721,0.6105,-1.2196,-0.658,0.0,-0.9559,1.5816,-1.2061,-1.2178,1.3053,0,0,0,1
2019-01-01 07:11:08+05:30,438.0,1,0.1275,23.51,0.294,1,-1.1851,-1.1517,-0.0458,-0.2734,0.1445,-0.6721,0.6105,-1.2196,-0.658,0.0,-0.9559,1.5816,-1.2061,-1.2178,1.3053,0,0,0,1
2019-01-01 07:11:09+05:30,439.0,1,0.1275,23.53,0.295,1,-1.1851,-1.1517,-0.056,-0.2734,0.1445,-0.6721,0.6105,-1.2196,-0.658,0.0,-0.9559,1.5816,-1.2061,-1.2178,1.3053,0,0,0,1
2019-01-01 07:11:10+05:30,440.0,1,0.1275,23.55,0.295,1,-1.1851,-1.1517,-0.0458,-0.2734,0.1445,-0.6721,0.6105,-1.2196,-0.658,0.0,-0.9559,1.5816,-1.2061,-1.2178,1.3053,0,0,0,1
2019-01-01 07:11:11+05:30,441.0,1,0.1275,23.58,0.295,1,-1.1851,-1.1517,-0.0662,-0.2734,0.1445,-0.6721,0.6105,-1.2196,-0.658,0.0,-0.9559,1.5816,-1.2061,-1.2178,1.3053,0,0,0,1
2019-01-01 07:11:12+05:30,442.0,1,0.1275,23.6,0.296,1,-1.1851,-1.1517,-0.1504,-0.2734,0.1445,-0.6863,0.0855,-1.3875,-0.658,0.0,-0.9559,1.5816,-1.2061,-1.2178,1.3053,0,0,0,1
2019-01-01 07:11:13+05:30,443.0,1,0.1275,23.62,0.296,1,-1.1851,-1.1517,-0.2269,-0.2734,0.1445,-0.6863,-0.3528,-1.434,-0.658,0.0,-0.9559,1.5816,-1.2061,-1.2178,1.3053,0,0,0,1
2019-01-01 07:11:14+05:30,444.0,1,0.1275,23.64,0.296,1,-1.1851,-1.1517,-0.2396,-0.2734,0.1445,-0.6863,-0.3528,-1.434,-0.658,0.0,-0.9559,1.5816,-1.2061,-1.2178,1.3053,0,0,0,1
2019-01-01 07:11:15+05:30,445.0,1,0.1275,23.66,0.296,1,-1.1851,-1.1517,-0.2294,-0.2734,0.1445,-0.6863,-0.3528,-1.434,-0.658,0.0,-0.9559,1.5816,-1.2061,-1.2178,1.3053,0,0,0,1
2019-01-01 07:11:16+05:30,446.0,1,0.1275,23.69,0.297,1,-1.1851,-1.1517,-0.232,-0.2734,0.1445,-0.6863,-0.3528,-1.434,-0.658,0.0,-0.9559,1.5816,-1.2061,-1.2178,1.3053,0,0,0,1
2019-01-01 07:11:17+05:30,447.0,1,0.1275,23.71,0.297,1,-1.1851,-1.1517,-0.232,-0.2734,0.1445,-0.6863,-0.3528,-1.434,-0.658,0.0,-0.9559,1.5816,-1.2061,-1.2178,1.3053,0,0,0,1
2019-01-01 07:11:18+05:30,448.0,1,0.1275,23.73,0.297,1,-1.1851,-1.1517,-0.2294,-0.2734,0.1445,-0.6863,-0.3528,-1.434,-0.658,0.0,-0.9559,1.5816,-1.2061,-1.2178,1.3053,0,0,0,1
2019-01-01 07:11:19+05:30,449.0,1,0.1275,23.75,0.298,1,-1.1851,-1.1517,-0.2396,-0.2734,0.1445,-0.6863,-0.3528,-1.434,-0.658,0.0,-0.9559,1.5816,-1.2061,-1.2178,1.3053,0,0,0,1
2019-01-01 07:11:20+05:30,450.0,1,0.1275,23.78,0.298,1,-1.1851,-1.1517,-0.2243,-0.2734,0.1445,-0.6863,-0.3528,-1.434,-0.658,0.0,-0.9559,1.5816,-1.2061,-1.2178,1.3053,0,0,0,1
2019-01-01 07:11:21+05:30,451.0,1,0.1275,23.8,0.298,1,-1.1851,-1.1517,-0.1529,-0.2734,0.1445,-0.6863,0.0855,-1.3875,-0.658,0.0,-0.9559,1.5816,-1.2061,-1.2178,1.3053,0,0,0,1
2019-01-01 07:11:22+05:30,452.0,1,0.1275,23.82,0.298,1,-1.1851,-1.1517,-0.0662,-0.2734,0.1445,-0.6721,0.6105,-1.2196,-0.658,0.0,-0.9559,1.5816,-1.2061,-1.2178,1.3053,0,0,0,1
2019-01-01 07:11:23+05:30,453.0,1,0.1275,23.84,0.299,1,-1.1851,-1.1517,-0.0331,-0.2734,0.1445,-0.6721,0.6105,-1.2196,-0.658,0.0,-0.9559,1.5816,-1.2061,-1.2178,1.3053,0,0,0,1
2019-01-01 07:11:24+05:30,454.0,1,0.1275,23.86,0.299,1,-1.1851,-1.1517,-0.0764,-0.277,0.1439,-0.6721,0.6105,-1.2196,-0.658,0.0,-0.9559,1.5816,-1.2061,-1.2178,1.3053,0,0,0,1
2019-01-01 07:11:25+05:30,455.0,1,0.1275,23.89,0.299,1,-1.1851,-1.1517,-0.1376,-0.2734,0.1451,-0.6863,0.0855,-1.3875,-0.658,0.0,-0.9559,1.5816,-1.2061,-1.2178,1.3053,0,0,0,1
2019-01-01 07:11:26+05:30,456.0,1,0.1275,23.91,0.299,1,-1.1851,-1.1517,-0.1606,-0.2698,0.1445,-0.6863,0.0855,-1.3875,-0.658,0.0,-0.9559,1.5816,-1.2061,-1.2178,1.3053,0,0,0,1
2019-01-01 07:11:27+05:30,457.0,1,0.1275,23.93,0.3,1,-1.1851,-1.1517,-0.1555,-0.2843,0.1421,-0.6863,0.0855,-1.3875,-0.658,0.0,-0.9559,1.5816,-1.2061,-1.2178,1.3053,0,0,0,1
2019-01-01 07:11:28+05:30,458.0,1,0.1275,23.95,0.3,1,-1.1851,-1.1517,-0.158,-0.2698,0.1481,-0.6863,0.0855,-1.3875,-0.631,0.0,-0.9559,1.5816,-1.2061,-1.2178,1.3053,0,0,0,1
2019-01-01 07:11:29+05:30,459.0,1,0.1275,23.98,0.3,1,-1.1851,-1.1517,-0.1427,-0.1539,0.1618,-0.7146,0.264,-1.3429,-0.6025,0.0,-0.9559,1.5816,-1.2061,-1.2178,1.3053,0,0,0,1
2019-01-01 07:11:30+05:30,460.0,1,0.1275,24.0,0.301,1,-1.1851,-1.1517,-0.0688,-0.0344,0.1826,-0.7288,1.7976,-0.5457,-0.5438,0.0,-0.9559,1.5816,-1.2061,-1.2178,1.3053,0,0,0,1
2019-01-01 07:11:31+05:30,461.0,1,0.1275,24.02,0.301,1,-1.1851,-1.1517,0.0307,-0.0235,0.2476,-0.6934,1.5756,-0.255,-0.4154,0.0,-0.9559,1.5816,-1.2061,-1.2178,1.3053,0,0,0,1
2019-01-01 07:11:32+05:30,462.0,1,0.1275,24.04,0.301,1,-1.1851,-1.136,0.0358,-0.0126,0.3727,-0.58,0.3866,0.0421,-0.3725,0.1255,-0.9559,1.5816,-1.2061,-1.2178,1.3053,0,0,0,1
2019-01-01 07:11:33+05:30,463.0,2,0.1278,24.13,0.302,0,-1.1512,-1.1088,-0.1019,0.1105,0.4508,-0.4736,-0.0144,0.267,-0.5121,0.3765,-0.9559,1.5586,-1.1065,-1.1096,1.3046,1,0,0,0
2019-01-01 07:11:34+05:30,464.0,2,0.1286,24.28,0.304,0,-1.0832,-1.0379,-0.2371,0.154,0.3638,-0.5941,-0.5833,0.5051,-0.2267,0.6275,0.4523,1.5394,-1.0293,-1.0261,1.3046,1,0,0,0
2019-01-01 07:11:35+05:30,465.0,2,0.1303,24.5,0.307,0,-0.9814,-0.9491,-0.2192,-0.1177,0.1534,-0.6934,0.1524,-1.0121,-0.103,0.753,0.2982,1.5125,-0.9103,-0.8972,1.3046,1,0,0,0
2019-01-01 07:11:36+05:30,466.0,2,0.1328,24.79,0.31,0,-0.8795,-0.8508,-0.1835,-0.5741,-0.0486,-0.4595,-0.3528,-0.5483,-0.3186,0.753,0.2861,1.4895,-0.8227,-0.8027,1.3039,1,0,0,0
2019-01-01 07:11:37+05:30,467.0,2,0.1361,25.13,0.315,0,-0.7776,-0.7653,-0.2728,-0.929,-0.1278,-0.3744,-0.3528,-0.9033,-0.5771,0.6275,0.2402,1.4703,-0.7383,-0.7121,1.3039,1,0,0,0
2019-01-01 07:11:38+05:30,468.0,2,0.14,25.5,0.319,0,-0.7096,-0.693,-0.2983,-1.0884,0.0265,-0.4311,-0.4783,-1.1236,0.0968,0.3765,0.2613,1.4588,-0.6971,-0.6677,1.3032,1,0,0,0
2019-01-01 07:11:39+05:30,469.0,2,0.1442,25.89,0.324,0,-0.6757,-0.6556,-0.0127,-1.0196,0.3596,-0.4311,-0.0587,-1.2915,0.1127,0.251,0.2728,1.4511,-0.6696,-0.6378,1.3032,1,0,0,0
2019-01-01 07:11:40+05:30,470.0,2,0.1486,26.33,0.33,0,-0.6417,-0.6293,0.3877,-0.6936,0.564,-0.3602,0.6214,-0.4659,-0.539,0.251,0.2565,1.4319,-0.592,-0.5547,1.3025,1,0,0,0
2019-01-01 07:11:41+05:30,471.0,2,0.1533,26.79,0.336,0,-0.6077,-0.6057,0.5075,-0.2408,0.4335,-0.3744,0.6679,-0.1103,-0.0443,0.251,0.2371,1.4242,-0.5638,-0.5243,1.3025,1,0,0,0
2019-01-01 07:11:42+05:30,472.0,2,0.1583,27.26,0.341,0,-0.5738,-0.5874,0.3265,0.0707,0.1654,-0.58,1.6056,0.267,-0.03,0.1255,0.2087,1.4204,-0.5427,-0.5015,1.3017,0,1,0,0
2019-01-01 07:11:43+05:30,473.0,2,0.1633,27.71,0.347,0,-0.5738,-0.5658,0.0613,0.0997,0.0545,-0.6296,0.6192,0.267,-0.631,0.1255,0.2529,1.4281,-0.5797,-0.5415,1.301,0,1,0,0
2019-01-01 07:11:44+05:30,474.0,2,0.1686,28.17,0.353,0,-0.5398,-0.5543,-0.1249,-0.0344,0.1004,-0.6508,0.4546,-0.0834,-0.6025,0.1255,0.2118,1.4242,-0.5657,-0.5265,1.3003,0,1,0,0
2019-01-01 07:11:45+05:30,475.0,2,0.1739,28.62,0.359,0,-0.5398,-0.5543,-0.0713,-0.143,0.1409,-0.6792,0.0675,-0.7793,-0.6025,-0.1255,0.2118,1.4281,-0.582,-0.5437,1.3003,0,1,0,0
2019-01-01 07:11:46+05:30,476.0,2,0.1789,29.07,0.364,0,-0.5738,-0.5651,0.2347,-0.1865,0.132,-0.6225,1.791,-0.39,-0.6025,-0.1255,0.2547,1.4242,-0.5703,-0.5314,1.2996,0,1,0,0
2019-01-01 07:11:47+05:30,477.0,2,0.1839,29.54,0.37,0,-0.5738,-0.5743,0.4387,-0.2662,0.1129,-0.5516,1.6173,-0.3907,-0.6025,0.0,0.2353,1.4165,-0.5521,-0.512,1.2989,0,1,0,0
2019-01-01 07:11:48+05:30,478.0,2,0.1889,30.0,0.376,0,-0.5738,-0.5739,0.2602,-0.3821,0.1147,-0.6083,1.2115,-0.9154,-0.6025,0.0,0.2365,1.4242,-0.5735,-0.5349,1.2989,0,1,0,0
2019-01-01 07:11:49+05:30,479.0,2,0.1939,30.44,0.381,0,-0.5738,-0.5651,-0.1351,-0.3893,0.1564,-0.6579,0.4927,-1.502,-0.5501,0.1255,0.2547,1.4281,-0.593,-0.5555,1.2982,0,1,0,0
2019-01-01 07:11:50+05:30,480.0,2,0.1992,30.89,0.387,0,-0.5398,-0.5519,-0.3875,-0.2408,0.2011,-0.6863,-1.9991,-1.434,-0.5771,0.1255,0.2166,1.4204,-0.5764,-0.538,1.2975,0,1,0,0
2019-01-01 07:11:51+05:30,481.0,2,0.2044,31.34,0.393,0,-0.5398,-0.5387,-0.334,-0.0814,0.1761,-0.7572,-0.3528,-1.434,-0.5137,0.1255,0.2426,1.4204,-0.5774,-0.5393,1.2975,0,1,0,0
2019-01-01 07:11:52+05:30,482.0,2,0.21,31.81,0.399,0,-0.5059,-0.527,-0.0713,-0.0814,0.1153,-0.6508,-0.0137,-0.5672,-0.547,0.1255,0.2045,1.4127,-0.5421,-0.501,1.2968,0,1,0,0
2019-01-01 07:11:53+05:30,483.0,2,0.2156,32.31,0.405,0,-0.5059,-0.5239,0.1531,-0.2408,0.1368,-0.6367,1.6345,-0.4716,-0.5232,0.0,0.2099,1.405,-0.5112,-0.468,1.2961,0,1,0,0
2019-01-01 07:11:54+05:30,484.0,2,0.2211,32.8,0.411,0,-0.5059,-0.5229,0.1123,-0.3531,0.2184,-0.6579,1.2935,-1.434,-0.4756,0.0,0.2118,1.405,-0.5174,-0.4746,1.2961,0,1,0,0
2019-01-01 07:11:55+05:30,485.0,2,0.2267,33.28,0.417,0,-0.5059,-0.5117,-0.1631,-0.2227,0.253,-0.665,0.0266,-1.1259,-0.539,0.1255,0.2323,1.4089,-0.5323,-0.4905,1.2954,0,1,0,0
2019-01-01 07:11:56+05:30,486.0,2,0.2325,33.79,0.423,0,-0.4719,-0.4884,-0.3773,-0.0271,0.2893,-0.6792,-1.3882,0.267,-0.566,0.251,0.2172,1.3974,-0.497,-0.4526,1.2947,1,0,0,0
2019-01-01 07:11:57+05:30,487.0,2,0.2386,34.31,0.43,0,-0.4379,-0.4556,-0.3008,-0.1213,0.2929,-0.7146,-0.3528,-2.5036,-0.4154,0.1255,0.219,1.3897,-0.4665,-0.4201,1.294,0,1,0,0
2019-01-01 07:11:58+05:30,488.0,2,0.2447,34.84,0.437,0,-0.4379,-0.4361,0.0434,-0.3748,-0.0444,-0.6437,0.4096,-0.5207,0.7787,0.0,0.2522,1.3897,-0.4681,-0.4219,1.294,0,1,0,0
2019-01-01 07:11:59+05:30,489.0,2,0.2508,35.4,0.444,0,-0.4379,-0.4434,0.3545,-0.3495,-0.6266,0.3911,-0.0111,0.0062,0.6233,-0.1255,0.2402,1.3782,-0.4223,-0.3731,1.2933,0,1,0,0
2019-01-01 07:12:00+05:30,490.0,2,0.2567,35.91,0.45,0,-0.4719,-0.4671,0.2857,-0.1104,-0.7827,0.2848,-0.1165,0.3101,-0.3694,-0.1255,0.2547,1.3897,-0.4807,-0.4355,1.2926,0,1,0,0
2019-01-01 07:12:01+05:30,491.0,2,0.2625,36.41,0.456,0,-0.4719,-0.4833,-0.1274,-0.1249,-0.4467,0.1218,-0.2379,0.0462,-0.0919,-0.1255,0.2263,1.3974,-0.5067,-0.4632,1.2919,0,1,0,0
2019-01-01 07:12:02+05:30,492.0,2,0.2681,36.87,0.462,0,-0.5059,-0.5083,-0.4258,-0.3712,-0.4198,-0.2114,-0.6126,0.0795,0.3014,-0.251,0.239,1.4089,-0.5573,-0.5177,1.2919,0,0,1,0
2019-01-01 07:12:03+05:30,493.0,2,0.2733,37.32,0.468,0,-0.5398,-0.5327,-0.3289,-0.364,-0.8817,0.6392,-0.3843,0.0833,0.4267,-0.1255,0.2541,1.4165,-0.5897,-0.5525,1.2912,0,1,0,0
2019-01-01 07:12:04+05:30,494.0,2,0.2786,37.77,0.473,0,-0.5398,-0.5422,-0.0739,-0.009,-0.9901,0.6108,-0.2782,0.267,0.1793,0.0,0.2353,1.4089,-0.5716,-0.5331,1.2905,0,1,0,0
2019-01-01 07:12:05+05:30,495.0,2,0.2839,38.23,0.479,0,-0.5398,-0.5476,-0.0127,0.2192,-0.4252,-0.0271,-0.216,0.3274,0.8485,-0.1255,0.225,1.4089,-0.5716,-0.5331,1.2905,0,1,0,0
2019-01-01 07:12:06+05:30,496.0,2,0.2889,38.66,0.485,0,-0.5738,-0.566,-0.1198,0.0127,0.1076,-0.7146,1.2053,-0.3703,0.2316,-0.1255,0.2529,1.4165,-0.604,-0.5679,1.2898,0,1,0,0
2019-01-01 07:12:07+05:30,497.0,2,0.2939,39.08,0.49,0,-0.5738,-0.5829,-0.1325,-0.3531,0.1862,-0.6721,-0.3528,-1.1531,-0.6025,-0.1255,0.2178,1.4204,-0.6222,-0.5872,1.2891,0,1,0,0
2019-01-01 07:12:08+05:30,498.0,2,0.2986,39.5,0.495,0,-0.6077,-0.5921,-0.0152,-0.4038,0.1457,-0.6225,0.9372,-1.5863,-0.5295,-0.1255,0.2668,1.4204,-0.6209,-0.5859,1.2891,0,1,0,0
2019-01-01 07:12:09+05:30,499.0,2,0.3033,39.91,0.5,0,-0.6077,-0.594,0.0511,-0.143,0.2101,-0.7288,1.7976,-0.5457,-0.566,0.0,0.2625,1.4204,-0.6365,-0.603,1.2884,0,1,0,0
2019-01-01 07:12:10+05:30,500.0,2,0.3081,40.33,0.506,0,-0.6077,-0.5942,0.0128,0.0671,0.2291,-0.6863,2.2787,-0.2119,-0.539,0.0,0.2619,1.4165,-0.6209,-0.5859,1.2884,0,1,0,0
2019-01-01 07:12:11+05:30,501.0,2,0.3128,40.74,0.511,0,-0.6077,-0.5992,0.0154,0.0417,0.1493,-0.7004,0.9273,0.267,-0.4756,0.0,0.251,1.4204,-0.6365,-0.603,1.2877,0,1,0,0
2019-01-01 07:12:12+05:30,502.0,2,0.3175,41.18,0.516,0,-0.6077,-0.607,0.2245,-0.1285,0.0784,-0.58,1.2331,-0.2584,-0.5501,0.0,0.2341,1.4127,-0.6027,-0.5665,1.287,0,1,0,0
2019-01-01 07:12:13+05:30,503.0,2,0.3222,41.63,0.522,0,-0.6077,-0.6155,0.6503,-0.3133,0.0694,-0.4949,1.5778,-0.2607,-0.6104,-0.1255,0.2154,1.405,-0.569,-0.5305,1.287,0,1,0,0
2019-01-01 07:12:14+05:30,504.0,2,0.3267,42.1,0.528,0,-0.6417,-0.6253,1.0277,-0.3459,0.1046,-0.4028,2.0921,-0.2558,-0.5295,0.0,0.2661,1.4012,-0.5573,-0.5177,1.2863,0,1,0,0
2019-01-01 07:12:15+05:30,505.0,2,0.3314,42.59,0.534,0,-0.6077,-0.6156,1.0303,-0.1611,0.1594,-0.424,2.5301,-0.0313,-0.5232,0.1255,0.2154,1.3897,-0.5155,-0.4729,1.2856,0,1,0,0
2019-01-01 07:12:16+05:30,506.0,2,0.3361,43.06,0.54,0,-0.6077,-0.6065,0.7115,0.0381,0.2059,-0.5232,2.9398,0.267,-0.5771,0.0,0.2353,1.3974,-0.5489,-0.5089,1.2849,0,1,0,0
2019-01-01 07:12:17+05:30,507.0,2,0.3408,43.51,0.546,0,-0.6077,-0.5964,0.4004,0.0671,0.222,-0.6225,2.5575,-0.0116,-0.631,0.1255,0.2571,1.405,-0.5842,-0.5468,1.2849,0,1,0,0
2019-01-01 07:12:18+05:30,508.0,2,0.3458,43.97,0.551,0,-0.5738,-0.5849,0.1327,-0.0199,0.2023,-0.665,2.9398,0.267,-0.5771,0.1255,0.2136,1.3974,-0.567,-0.5283,1.2842,0,1,0,0
2019-01-01 07:12:19+05:30,509.0,2,0.3508,44.39,0.557,0,-0.5738,-0.574,-0.2549,-0.1394,0.1665,-0.6934,-0.8581,-1.7254,-0.5945,0.0,0.2359,1.4127,-0.6219,-0.5872,1.2842,0,1,0,0
2019-01-01 07:12:20+05:30,510.0,2,0.3558,44.81,0.562,0,-0.5738,-0.5841,-0.6043,-0.3133,0.1552,-0.6721,-2.2812,-0.692,-0.6215,-0.1255,0.2154,1.4089,-0.6222,-0.5876,1.2835,0,1,0,0
2019-01-01 07:12:21+05:30,511.0,2,0.3606,45.2,0.567,0,-0.6077,-0.5933,-0.6196,-0.5089,0.1957,-0.6012,-1.818,-1.5927,-0.5438,-0.1255,0.2643,1.4165,-0.6546,-0.6224,1.2828,0,1,0,0
2019-01-01 07:12:22+05:30,512.0,2,0.3653,45.6,0.572,0,-0.6077,-0.6017,-0.4411,-0.6067,0.2398,-0.6437,-1.1152,-1.993,-0.5771,0.0,0.2456,1.4165,-0.6546,-0.6224,1.2828,0,1,0,0
2019-01-01 07:12:23+05:30,513.0,2,0.37,46.0,0.577,0,-0.6077,-0.6074,-0.4258,-0.5922,0.2023,-0.6367,-1.0585,-2.4057,-0.436,0.0,0.2335,1.4165,-0.6546,-0.6224,1.2821,0,1,0,0
2019-01-01 07:12:24+05:30,514.0,2,0.3747,46.4,0.582,0,-0.6077,-0.6121,-0.5227,-0.44,0.0885,-0.5941,-1.3988,-0.8137,-0.4154,0.0,0.2232,1.4165,-0.6546,-0.6224,1.2821,0,1,0,0
2019-01-01 07:12:25+05:30,515.0,2,0.3794,46.8,0.587,0,-0.6077,-0.6165,-0.4309,-0.067,0.0229,-0.5587,-0.8211,-0.2168,-0.566,0.0,0.2136,1.4165,-0.6546,-0.6224,1.2814,0,1,0,0
2019-01-01 07:12:26+05:30,516.0,2,0.3842,47.2,0.592,0,-0.6077,-0.6183,-0.1733,0.2409,0.0879,-0.6367,-0.0579,0.9885,-0.4154,0.0,0.2093,1.4127,-0.641,-0.6079,1.2807,0,1,0,0
2019-01-01 07:12:27+05:30,517.0,2,0.3889,47.62,0.597,0,-0.6077,-0.6047,-0.0076,0.0453,0.2059,-0.7288,2.091,-0.6099,-0.436,0.0,0.239,1.405,-0.6232,-0.589,1.2807,0,1,0,0
2019-01-01 07:12:28+05:30,518.0,2,0.3936,48.05,0.603,0,-0.6077,-0.5917,-0.0458,-0.4292,0.2351,-0.6579,0.8951,-1.502,-0.547,0.1255,0.2674,1.405,-0.6157,-0.5806,1.28,0,1,0,0
2019-01-01 07:12:29+05:30,519.0,2,0.3986,48.48,0.608,0,-0.5738,-0.579,-0.1606,-0.4799,0.1743,-0.6579,-0.3528,-2.289,-0.5295,0.1255,0.2257,1.4012,-0.6092,-0.574,1.2793,0,1,0,0
2019-01-01 07:12:30+05:30,520.0,2,0.4036,48.91,0.613,0,-0.5738,-0.5657,-0.2116,-0.0126,0.157,-0.7288,0.4338,-0.5457,-0.5295,0.1255,0.2535,1.4012,-0.6021,-0.5661,1.2793,0,1,0,0
2019-01-01 07:12:31+05:30,521.0,2,0.4089,49.36,0.619,0,-0.5398,-0.5543,-0.2651,0.3532,0.247,-0.6934,-0.8581,2.2593,-0.3868,0.1255,0.2118,1.3935,-0.5852,-0.5481,1.2786,0,1,0,0
2019-01-01 07:12:32+05:30,522.0,2,0.4142,49.8,0.625,0,-0.5398,-0.5569,-0.4564,0.3387,0.3674,-0.587,-0.8815,0.4991,-0.3725,-0.1255,0.2069,1.3935,-0.5897,-0.5529,1.2786,0,1,0,0
2019-01-01 07:12:33+05:30,523.0,2,0.4192,50.22,0.63,0,-0.5738,-0.5599,-0.6986,0.2228,0.4508,-0.4453,-1.255,0.5845,-0.3963,-0.1255,0.2649,1.4012,-0.6222,-0.5876,1.2779,0,1,0,0
2019-01-01 07:12:34+05:30,524.0,2,0.4242,50.64,0.635,0,-0.5738,-0.5618,-0.7649,0.1794,0.5706,-0.339,-1.0271,0.267,-0.1934,0.0,0.2613,1.4012,-0.6222,-0.5876,1.2772,0,1,0,0
2019-01-01 07:12:35+05:30,525.0,2,0.4292,51.06,0.64,0,-0.5738,-0.563,-0.5839,0.2373,0.8018,-0.0696,-0.6232,0.417,-0.0237,0.0,0.2589,1.4012,-0.6222,-0.5876,1.2772,0,1,0,0
2019-01-01 07:12:36+05:30,526.0,2,0.4342,51.48,0.646,0,-0.5738,-0.5653,-0.3875,0.4764,1.0348,0.2139,-0.5021,0.3751,-0.1727,0.0,0.2541,1.4012,-0.6222,-0.5876,1.2765,0,1,0,0
2019-01-01 07:12:37+05:30,527.0,2,0.4392,51.9,0.651,0,-0.5738,-0.5719,-0.4258,0.6937,1.1504,0.3557,-0.3528,0.5365,-0.317,0.0,0.2402,1.4012,-0.6222,-0.5876,1.2758,0,1,0,0
2019-01-01 07:12:38+05:30,528.0,2,0.4442,52.32,0.656,0,-0.5738,-0.5761,-0.436,0.5126,1.2881,0.5187,-0.5467,0.3845,-0.2362,0.0,0.2317,1.3974,-0.6222,-0.5881,1.2758,0,1,0,0
2019-01-01 07:12:39+05:30,529.0,2,0.4492,52.77,0.662,0,-0.5738,-0.577,0.0103,0.0743,1.5312,0.7313,-0.186,0.267,-0.3012,0.0,0.2299,1.3858,-0.5781,-0.5406,1.2751,0,1,0,0
2019-01-01 07:12:40+05:30,530.0,2,0.4542,53.24,0.668,0,-0.5738,-0.5782,0.6809,-0.1648,1.4651,0.8376,-0.0777,0.2008,0.747,0.0,0.2275,1.3782,-0.5443,-0.5045,1.2744,0,1,0,0
2019-01-01 07:12:41+05:30,531.0,2,0.4592,53.75,0.674,0,-0.5738,-0.5793,0.913,-0.23,0.6844,-0.1901,0.98,0.0092,1.8554,0.0,0.225,1.3666,-0.4885,-0.4443,1.2744,0,1,0,0
2019-01-01 07:12:42+05:30,532.0,2,0.4642,54.23,0.68,0,-0.5738,-0.5703,0.6223,-0.4111,-0.4061,-0.1121,0.3178,0.0394,1.5446,0.0,0.2438,1.3743,-0.5369,-0.4966,1.2737,0,1,0,0
2019-01-01 07:12:43+05:30,533.0,2,0.4692,54.7,0.686,0,-0.5738,-0.5643,0.3163,-0.5342,-0.9693,0.7242,-0.1256,0.0322,0.3062,0.1255,0.2559,1.3782,-0.5518,-0.5125,1.273,0,1,0,0
2019-01-01 07:12:44+05:30,534.0,2,0.4744,55.18,0.692,0,-0.5398,-0.5489,0.2321,-0.364,-0.8328,0.4053,-0.1403,0.1766,-0.0459,0.251,0.2226,1.3705,-0.5262,-0.4852,1.273,1,0,0,0
2019-01-01 07:12:45+05:30,535.0,2,0.48,55.7,0.699,0,-0.5059,-0.5253,0.1454,-0.2191,-0.6052,0.1714,-0.0876,0.0576,-0.3725,0.1255,0.2075,1.3628,-0.4882,-0.4443,1.2723,0,1,0,0
2019-01-01 07:12:46+05:30,536.0,2,0.4856,56.19,0.705,0,-0.5059,-0.499,0.0077,-0.3459,-0.71,0.3486,-0.2614,0.1725,-0.2615,0.1255,0.2565,1.3666,-0.5187,-0.4768,1.2716,0,1,0,0
2019-01-01 07:12:47+05:30,537.0,2,0.4914,56.7,0.711,0,-0.4719,-0.4842,-0.0127,-0.5161,-0.9174,0.5258,-0.2394,-0.0033,-0.4471,0.1255,0.2244,1.359,-0.4843,-0.4403,1.2709,0,1,0,0
2019-01-01 07:12:48+05:30,538.0,2,0.4972,57.2,0.718,0,-0.4719,-0.4695,-0.0178,-0.6139,-0.8674,0.5187,-0.2727,0.1135,-0.1458,0.0,0.2504,1.3628,-0.5002,-0.457,1.2709,0,1,0,0
2019-01-01 07:12:49+05:30,539.0,2,0.5031,57.7,0.724,0,-0.4719,-0.4715,-0.1478,-0.7226,-0.5545,0.1359,-0.2398,-0.1859,0.238,0.0,0.2468,1.3628,-0.5067,-0.4641,1.2702,0,1,0,0
2019-01-01 07:12:50+05:30,540.0,2,0.5089,58.19,0.73,0,-0.4719,-0.4836,-0.1453,-0.7117,-0.2297,-0.2681,-0.4392,-0.3352,-0.0237,-0.1255,0.2257,1.3666,-0.5249,-0.4839,1.2695,0,1,0,0
2019-01-01 07:12:51+05:30,541.0,2,0.5144,58.69,0.736,0,-0.5059,-0.4986,0.176,-0.5052,-0.0712,-0.3744,0.508,-0.382,-0.3947,-0.1255,0.2571,1.359,-0.4976,-0.4544,1.2688,0,1,0,0
2019-01-01 07:12:52+05:30,542.0,2,0.52,59.19,0.743,0,-0.5059,-0.5102,0.505,-0.3748,-0.0384,-0.4665,0.759,-0.3609,-0.5501,0.0,0.2353,1.359,-0.4976,-0.4544,1.2688,0,1,0,0
2019-01-01 07:12:53+05:30,543.0,2,0.5256,59.71,0.749,0,-0.5059,-0.5256,0.4412,-0.4328,-0.0128,-0.4169,0.9459,-0.2838,-0.5137,-0.1255,0.2069,1.3551,-0.4794,-0.4351,1.2681,0,1,0,0
2019-01-01 07:12:54+05:30,544.0,2,0.5308,60.17,0.755,0,-0.5398,-0.5382,0.0281,-0.4328,0.0462,-0.5729,0.3522,-1.0231,-0.4867,-0.1255,0.2432,1.3743,-0.5638,-0.5256,1.2674,0,1,0,0
2019-01-01 07:12:55+05:30,545.0,2,0.5361,60.61,0.76,0,-0.5398,-0.5524,-0.334,-0.2589,0.104,-0.6296,-1.0216,-0.424,-0.5501,-0.1255,0.2154,1.3782,-0.5897,-0.5533,1.2674,0,1,0,0
2019-01-01 07:12:56+05:30,546.0,2,0.5411,61.03,0.766,0,-0.5738,-0.5805,-0.4105,-0.1032,0.1266,-0.6934,-0.8581,-1.0121,-0.5771,-0.251,0.2226,1.3858,-0.6222,-0.5881,1.2667,0,0,1,0
2019-01-01 07:12:57+05:30,547.0,2,0.5458,61.43,0.771,0,-0.6077,-0.6083,-0.2524,-0.067,0.1195,-0.6579,-0.7135,-0.1057,-0.6025,-0.251,0.2311,1.3935,-0.6546,-0.6228,1.266,0,0,1,0
2019-01-01 07:12:58+05:30,548.0,2,0.5503,61.82,0.776,0,-0.6417,-0.6411,0.0281,-0.0778,0.1117,-0.6579,0.8951,-0.6065,-0.6215,-0.3765,0.2293,1.3935,-0.6611,-0.6299,1.266,0,0,1,0
2019-01-01 07:12:59+05:30,549.0,2,0.5542,62.18,0.78,0,-0.7096,-0.6843,0.0893,-0.0742,0.1177,-0.6367,1.0158,0.267,-0.6215,-0.3765,0.2843,1.405,-0.7182,-0.6914,1.2653,0,0,1,0
2019-01-01 07:13:00+05:30,550.0,2,0.5578,62.49,0.784,0,-0.7436,-0.7155,-0.4436,0.0634,0.1141,-0.6721,-1.281,-0.692,-0.5787,0.0,0.2903,1.4204,-0.7844,-0.7627,1.2653,0,1,0,0
2019-01-01 07:13:01+05:30,551.0,2,0.5617,62.82,0.788,0,-0.7096,-0.7147,-1.2061,0.3242,0.0742,-0.4453,-2.422,0.8615,-0.4994,0.0,0.2033,1.4127,-0.752,-0.7275,1.2646,0,1,0,0
2019-01-01 07:13:02+05:30,552.0,2,0.5653,63.13,0.792,0,-0.7436,-0.7208,-1.3412,0.4039,0.0068,-0.4028,-2.2691,0.3868,-0.4994,-0.1255,0.2752,1.4204,-0.7844,-0.7627,1.2646,0,1,0,0
2019-01-01 07:13:03+05:30,553.0,2,0.5689,63.44,0.796,0,-0.7436,-0.7264,-0.742,0.1504,-0.0575,-0.4453,-1.255,0.5845,-0.4994,0.0,0.2589,1.4204,-0.7828,-0.7609,1.2639,0,1,0,0
2019-01-01 07:13:04+05:30,554.0,2,0.5725,63.77,0.8,0,-0.7436,-0.7176,-0.1555,-0.201,-0.1016,-0.3957,-0.2376,-0.2531,-0.5438,0.251,0.2843,1.4127,-0.7536,-0.7292,1.2639,1,0,0,0
2019-01-01 07:13:05+05:30,555.0,2,0.5767,64.15,0.805,0,-0.6757,-0.6803,-0.0203,-0.4147,-0.1457,-0.3673,0.0057,-0.1035,-0.5168,0.251,0.2111,1.3935,-0.6767,-0.647,1.2632,1,0,0,0
2019-01-01 07:13:06+05:30,556.0,2,0.5808,64.52,0.81,0,-0.6757,-0.684,0.0205,-0.4654,-0.2071,-0.2752,-0.1498,-0.2467,-0.4978,0.0,0.2021,1.3974,-0.6997,-0.6716,1.2632,0,1,0,0
2019-01-01 07:13:07+05:30,557.0,2,0.585,64.93,0.815,0,-0.6757,-0.6768,0.1862,-0.3604,-0.2601,-0.2185,0.0964,-0.0868,-0.5232,0.251,0.2202,1.382,-0.6394,-0.607,1.2624,1,0,0,0
2019-01-01 07:13:08+05:30,558.0,2,0.5897,65.39,0.821,0,-0.6077,-0.6115,0.176,-0.2336,-0.2995,-0.1476,0.1195,0.0976,-0.5295,0.3765,0.2244,1.3628,-0.5589,-0.5204,1.2617,1,0,0,0
2019-01-01 07:13:09+05:30,559.0,2,0.5947,65.82,0.826,0,-0.5738,-0.5889,0.0103,-0.2952,-0.3722,-0.1192,-0.2859,-0.0335,-0.4946,0.0,0.2051,1.3743,-0.6112,-0.5767,1.2617,0,1,0,0
2019-01-01 07:13:10+05:30,560.0,2,0.5994,66.26,0.831,0,-0.6077,-0.6047,0.0664,-0.3857,-0.4276,-0.0129,-0.0239,0.0678,-0.5295,0.1255,0.239,1.3705,-0.5914,-0.5551,1.261,0,1,0,0
2019-01-01 07:13:11+05:30,561.0,2,0.6047,66.76,0.838,0,-0.5398,-0.5506,0.2755,-0.1358,-0.3251,-0.1121,0.024,0.0387,-0.1601,0.251,0.219,1.3513,-0.5116,-0.4698,1.2603,1,0,0,0
2019-01-01 07:13:12+05:30,562.0,2,0.61,67.23,0.844,0,-0.5398,-0.5366,0.2551,0.346,-0.1171,-0.4169,0.474,0.6858,-0.2171,-0.1255,0.2462,1.3551,-0.5378,-0.4979,1.2603,0,1,0,0
2019-01-01 07:13:13+05:30,563.0,2,0.615,67.67,0.849,0,-0.5738,-0.5741,0.0001,0.4764,-0.0122,-0.4665,0.114,0.7493,-0.4899,-0.1255,0.2359,1.3666,-0.5962,-0.5608,1.2596,0,1,0,0
2019-01-01 07:13:14+05:30,564.0,2,0.62,68.09,0.854,0,-0.5738,-0.5756,-0.1682,0.125,-0.0045,-0.5941,-0.3528,0.267,-0.5121,0.0,0.2329,1.3743,-0.6222,-0.5885,1.2589,0,1,0,0
2019-01-01 07:13:15+05:30,565.0,2,0.625,68.52,0.86,0,-0.5738,-0.5841,-0.1172,-0.23,0.1058,-0.58,0.1627,-0.2656,-0.1632,-0.502,0.2154,1.3705,-0.604,-0.5687,1.2589,0,0,1,0
2019-01-01 07:14:24+05:30,570.0,2,0.6444,70.24,0.881,0,-0.7096,-0.6871,-0.0178,-0.277,0.3108,-0.5658,0.1283,-0.6776,-0.149,-0.502,0.2764,1.3974,-0.7338,-0.7081,1.2568,0,0,1,0
2019-01-01 07:14:25+05:30,571.0,2,0.6483,70.59,0.886,0,-0.7096,-0.6862,0.0103,-0.1648,0.4031,-0.5587,0.3185,0.0621,-0.6025,0.0,0.2788,1.3974,-0.726,-0.6998,1.2568,0,1,0,0
2019-01-01 07:14:26+05:30,572.0,2,0.6522,70.94,0.89,0,-0.7096,-0.6871,0.0281,-0.1032,0.3471,-0.5941,0.4425,-0.5548,-0.5232,0.0,0.2764,1.3974,-0.726,-0.6998,1.2561,0,1,0,0
2019-01-01 07:14:27+05:30,573.0,2,0.6561,71.3,0.895,0,-0.7096,-0.6927,0.0842,-0.0923,0.2738,-0.6579,1.2935,0.267,-0.4994,0.0,0.2619,1.3935,-0.7182,-0.6914,1.2561,0,1,0,0
2019-01-01 07:14:28+05:30,574.0,2,0.66,71.65,0.899,0,-0.7096,-0.7009,0.074,-0.0851,0.2214,-0.6863,1.2485,-1.3875,-0.4994,0.0,0.2402,1.3935,-0.726,-0.6998,1.2554,0,1,0,0
2019-01-01 07:14:29+05:30,575.0,2,0.6639,71.99,0.903,0,-0.7096,-0.7153,-0.1453,-0.1032,0.1665,-0.7146,1.2935,0.267,-0.5501,-0.1255,0.2021,1.3974,-0.7338,-0.7081,1.2554,0,1,0,0
2019-01-01 07:14:30+05:30,576.0,2,0.6675,72.3,0.907,0,-0.7436,-0.7176,-0.4615,-0.1865,0.1409,-0.6367,-1.7577,-1.1845,-0.631,0.0,0.2843,1.4089,-0.7834,-0.7618,1.2547,0,1,0,0
2019-01-01 07:14:31+05:30,577.0,2,0.6714,72.63,0.912,0,-0.7096,-0.7134,-0.566,-0.2263,0.1654,-0.6934,-2.2812,-0.255,-0.5771,0.1255,0.2069,1.3974,-0.749,-0.7248,1.2547,0,1,0,0
2019-01-01 07:14:32+05:30,578.0,2,0.6753,72.97,0.916,0,-0.7096,-0.7118,-0.4258,0.0308,0.2029,-0.7004,-2.3653,-1.0556,-0.5771,0.0,0.2111,1.3974,-0.7484,-0.724,1.254,0,1,0,0
2019-01-01 07:14:33+05:30,579.0,2,0.6792,73.31,0.92,0,-0.7096,-0.7064,-0.2855,0.5633,0.2172,-0.665,-0.3528,3.2905,-0.631,0.0,0.2257,1.3974,-0.7425,-0.7178,1.254,0,1,0,0
2019-01-01 07:14:34+05:30,580.0,2,0.6831,73.64,0.924,0,-0.7096,-0.6928,-0.1988,0.8857,0.2166,-0.6437,-0.3528,3.6688,-0.631,0.0,0.2613,1.3974,-0.7464,-0.7218,1.2533,0,1,0,0
2019-01-01 07:14:35+05:30,581.0,2,0.6869,73.99,0.929,0,-0.7096,-0.6955,0.0179,0.6684,0.2065,-0.6437,0.7476,2.4759,-0.5771,0.0,0.2547,1.3897,-0.7228,-0.6967,1.2533,0,1,0,0
2019-01-01 07:14:36+05:30,582.0,2,0.6908,74.37,0.933,0,-0.7096,-0.6866,0.3494,0.2047,0.1749,-0.6154,2.2696,0.5357,-0.5501,0.1255,0.2782,1.382,-0.6848,-0.6558,1.2526,0,1,0,0
2019-01-01 07:14:37+05:30,583.0,2,0.695,74.78,0.938,0,-0.6757,-0.6807,0.4718,-0.1249,0.1338,-0.5729,2.0497,-0.2494,-0.5501,0.1255,0.2105,1.3705,-0.6384,-0.6061,1.2526,0,1,0,0
2019-01-01 07:14:38+05:30,584.0,2,0.6992,75.18,0.943,0,-0.6757,-0.6647,0.2296,-0.3459,0.0986,-0.5729,1.1768,-0.469,-0.566,0.1255,0.2498,1.3705,-0.653,-0.6215,1.2519,0,1,0,0
2019-01-01 07:14:39+05:30,585.0,2,0.7036,75.57,0.948,0,-0.6417,-0.6514,-0.0739,-0.5668,0.0712,-0.587,-0.1315,-1.4219,-0.631,0.1255,0.2057,1.3743,-0.6676,-0.6373,1.2512,0,1,0,0
2019-01-01 07:14:40+05:30,586.0,2,0.7081,75.95,0.953,0,-0.6417,-0.6412,-0.1325,-0.5849,0.0927,-0.6083,0.241,-1.3493,-0.631,-0.1255,0.2293,1.3743,-0.6689,-0.6387,1.2512,0,1,0,0
2019-01-01 07:14:41+05:30,587.0,2,0.7122,76.32,0.958,0,-0.6757,-0.6583,-0.005,-0.2952,0.1713,-0.6225,0.3097,-1.0658,-0.2917,-0.1255,0.2655,1.382,-0.7013,-0.6734,1.2505,0,1,0,0
2019-01-01 07:14:42+05:30,588.0,2,0.7164,76.7,0.963,0,-0.6757,-0.6778,0.0868,-0.0344,0.1904,-0.6012,0.7257,0.267,0.0572,-0.1255,0.2172,1.3782,-0.6858,-0.6567,1.2505,0,1,0,0
2019-01-01 07:14:43+05:30,589.0,2,0.7203,77.05,0.967,0,-0.7096,-0.7087,0.0613,-0.1285,0.0444,-0.2964,0.0445,-0.0483,0.0683,-0.251,0.2196,1.3858,-0.7182,-0.6919,1.2498,0,0,1,0
2019-01-01 07:14:44+05:30,590.0,2,0.7239,77.37,0.971,0,-0.7436,-0.7339,-0.056,-0.4292,-0.1558,-0.6934,0.1524,-1.7254,0.1619,-0.251,0.2377,1.3974,-0.7766,-0.7543,1.2498,0,0,1,0
2019-01-01 07:14:45+05:30,591.0,2,0.7272,77.67,0.975,0,-0.7776,-0.7489,-0.2116,-0.5813,-0.1004,0.0154,-0.2226,-0.1787,0.7961,-0.1255,0.2909,1.4012,-0.7987,-0.778,1.2491,0,1,0,0
2019-01-01 07:14:46+05:30,592.0,2,0.7306,77.96,0.978,0,-0.7776,-0.7497,-0.2932,-0.5197,0.3292,-0.2539,-0.6338,-0.1114,0.9531,0.1255,0.2879,1.405,-0.811,-0.7917,1.2491,0,1,0,0
2019-01-01 07:14:47+05:30,593.0,2,0.7342,78.3,0.983,0,-0.7436,-0.7368,-0.1708,-0.44,0.7762,-0.3531,-0.0093,-0.342,-0.0998,0.251,0.2293,1.3858,-0.7315,-0.7059,1.2484,1,0,0,0
2019-01-01 07:14:48+05:30,594.0,2,0.7381,78.68,0.988,0,-0.7096,-0.6954,0.1174,-0.3241,0.8131,0.1076,-0.2357,0.0942,0.0842,0.3765,0.2547,1.3743,-0.6822,-0.6532,1.2484,1,0,0,0
2019-01-01 07:14:49+05:30,595.0,2,0.7425,79.14,0.993,0,-0.6417,-0.6336,0.3214,-0.0018,0.4568,-0.4736,1.0209,0.1203,0.525,0.502,0.2468,1.3436,-0.5609,-0.523,1.2477,1,0,0,0
2019-01-01 07:14:50+05:30,596.0,2,0.7475,79.61,0.999,0,-0.5738,-0.5827,0.1352,0.2518,0.0927,-0.6083,0.5003,0.5248,-0.0919,0.3765,0.2184,1.3398,-0.5537,-0.5155,1.247,1,0,0,0
2019-01-01 07:14:51+05:30,597.0,2,0.7528,80.07,1.005,0,-0.5398,-0.5484,-0.4207,-0.067,-0.0182,-0.5729,-0.5617,0.267,-0.5771,0.1255,0.2232,1.3436,-0.5648,-0.5274,1.247,0,1,0,0
2019-01-01 07:14:52+05:30,598.0,2,0.7581,80.51,1.011,0,-0.5398,-0.5323,-0.8261,-0.6972,0.0331,-0.4311,-1.536,-0.9554,-0.5232,0.0,0.2547,1.3475,-0.5897,-0.5542,1.2463,0,1,0,0
2019-01-01 07:14:53+05:30,599.0,2,0.7633,80.95,1.016,0,-0.5398,-0.5553,-0.691,-0.795,0.0962,-0.5658,-1.5576,-1.2359,-0.4709,-0.251,0.2099,1.3475,-0.5897,-0.5542,1.2456,0,0,1,0
2019-01-01 07:14:54+05:30,600.0,2,0.7681,81.35,1.021,0,-0.6077,-0.6117,-0.3569,-0.2408,0.1445,-0.665,-0.7322,-1.6694,-0.5771,-0.502,0.2238,1.3628,-0.6546,-0.6237,1.2456,0,0,1,0
2019-01-01 07:14:55+05:30,601.0,2,0.7722,81.7,1.026,0,-0.6757,-0.6547,-0.3314,0.2083,0.1624,-0.7004,-1.6428,1.5997,-0.631,-0.251,0.2746,1.3782,-0.7195,-0.6932,1.2449,0,0,1,0
2019-01-01 07:14:56+05:30,602.0,2,0.7764,82.05,1.03,0,-0.6757,-0.6794,-0.5176,0.1576,0.1427,-0.7004,-1.6329,0.267,-0.6104,-0.1255,0.2136,1.3782,-0.7195,-0.6932,1.2449,0,1,0,0
2019-01-01 07:14:57+05:30,603.0,2,0.7803,82.39,1.034,0,-0.7096,-0.6921,-0.5201,0.0019,0.1308,-0.6296,-2.2508,-0.0347,-0.631,0.0,0.2631,1.382,-0.752,-0.7284,1.2442,0,1,0,0
2019-01-01 07:14:58+05:30,604.0,2,0.7844,82.75,1.039,0,-0.6757,-0.6811,-0.311,0.0236,0.1445,-0.7146,0.2581,0.267,-0.6104,0.1255,0.2093,1.3705,-0.6981,-0.6703,1.2442,0,1,0,0
2019-01-01 07:14:59+05:30,605.0,2,0.7886,83.12,1.043,0,-0.6757,-0.6647,-0.1172,0.0308,0.154,-0.7288,-0.3528,-0.6099,-0.631,0.0,0.2498,1.3705,-0.7075,-0.6804,1.2435,0,1,0,0
2019-01-01 07:15:00+05:30,606.0,2,0.7928,83.49,1.048,0,-0.6757,-0.6572,-0.0229,-0.0416,0.157,-0.6863,1.2485,-0.1859,-0.6025,0.0,0.2686,1.3666,-0.6887,-0.6602,1.2435,0,1,0,0
2019-01-01 07:15:01+05:30,607.0,2,0.7969,83.87,1.053,0,-0.6757,-0.6549,0.0077,-0.0126,0.1779,-0.7075,2.0987,-0.3389,-0.5771,0.1255,0.274,1.3666,-0.6871,-0.6584,1.2428,0,1,0,0
2019-01-01 07:15:02+05:30,608.0,2,0.8014,84.26,1.058,0,-0.6417,-0.6445,-0.0101,0.1033,0.2041,-0.7359,2.9398,0.267,-0.631,0.1255,0.2214,1.359,-0.6621,-0.6316,1.2428,0,1,0,0
2019-01-01 07:15:03+05:30,609.0,2,0.8058,84.65,1.063,0,-0.6417,-0.6411,-0.0892,0.0598,0.2106,-0.7359,2.9398,0.267,-0.631,0.0,0.2293,1.359,-0.6614,-0.6312,1.2421,0,1,0,0
2019-01-01 07:15:04+05:30,610.0,2,0.8103,85.04,1.067,0,-0.6417,-0.6297,-0.2269,-0.1575,0.2089,-0.7288,-0.3528,-2.258,-0.6104,0.1255,0.2559,1.3628,-0.6731,-0.6435,1.2414,0,1,0,0
2019-01-01 07:15:05+05:30,611.0,2,0.815,85.44,1.073,0,-0.6077,-0.6129,-0.2932,-0.2444,0.2065,-0.7075,-0.9393,-2.2659,-0.6104,0.1255,0.2214,1.3513,-0.6378,-0.6057,1.2414,0,1,0,0
2019-01-01 07:15:06+05:30,612.0,2,0.8197,85.86,1.078,0,-0.6077,-0.5962,-0.1606,-0.0633,0.1809,-0.7572,1.2935,-1.434,-0.5501,0.1255,0.2577,1.3513,-0.6342,-0.6017,1.2407,0,1,0,0
2019-01-01 07:15:07+05:30,613.0,2,0.8247,86.3,1.083,0,-0.5738,-0.5875,0.0179,0.1214,0.1415,-0.6721,1.0217,0.267,-0.5501,0.1255,0.2081,1.3398,-0.593,-0.5577,1.2407,0,1,0,0
2019-01-01 07:15:08+05:30,614.0,2,0.8297,86.73,1.089,0,-0.5738,-0.5898,0.0205,0.0634,0.1433,-0.6863,1.2935,0.267,-0.5771,-0.1255,0.2033,1.3398,-0.5962,-0.5613,1.24,0,1,0,0
2019-01-01 07:15:09+05:30,615.0,2,0.8344,87.14,1.094,0,-0.6077,-0.6005,-0.056,-0.1539,0.1814,-0.7146,1.2053,-1.3429,-0.5945,-0.1255,0.2486,1.3475,-0.6365,-0.6044,1.2393,0,1,0,0
2019-01-01 07:15:10+05:30,616.0,2,0.8392,87.55,1.099,0,-0.6077,-0.6136,-0.0254,-0.2662,0.1868,-0.6934,0.8852,-1.7254,-0.5945,-0.1255,0.2196,1.3475,-0.6365,-0.6044,1.2393,0,1,0,0
2019-01-01 07:15:11+05:30,617.0,2,0.8436,87.94,1.104,0,-0.6417,-0.6326,-0.0178,-0.1901,0.1481,-0.6721,1.0861,-0.7283,-0.5771,-0.251,0.2492,1.3551,-0.6611,-0.6307,1.2386,0,0,1,0
2019-01-01 07:15:12+05:30,618.0,2,0.8478,88.3,1.109,0,-0.6757,-0.6608,-0.209,-0.1177,0.123,-0.6792,-0.3528,-0.8027,-0.631,-0.251,0.2595,1.3666,-0.7195,-0.6936,1.2386,0,0,1,0
2019-01-01 07:15:13+05:30,619.0,2,0.8517,88.63,1.113,0,-0.7096,-0.6929,-0.4207,-0.2408,0.1302,-0.6721,-1.281,-0.692,-0.631,-0.251,0.2613,1.3743,-0.752,-0.7284,1.2379,0,0,1,0
2019-01-01 07:15:14+05:30,620.0,2,0.8553,88.94,1.117,0,-0.7436,-0.7178,-0.385,-0.44,0.1397,-0.6367,-1.0677,-1.7862,-0.631,-0.1255,0.2837,1.382,-0.7844,-0.7631,1.2379,0,1,0,0
2019-01-01 07:15:15+05:30,621.0,2,0.8589,89.25,1.121,0,-0.7436,-0.735,-0.1963,-0.4473,0.1314,-0.6508,-0.0137,-1.406,-0.631,0.0,0.2347,1.3782,-0.7766,-0.7547,1.2372,0,1,0,0
2019-01-01 07:15:16+05:30,622.0,2,0.8625,89.57,1.124,0,-0.7436,-0.7427,-0.1172,-0.2408,0.1213,-0.665,0.0266,-1.1259,-0.658,0.0,0.2124,1.3782,-0.7766,-0.7547,1.2372,0,1,0,0
2019-01-01 07:15:17+05:30,623.0,2,0.8661,89.89,1.129,0,-0.7436,-0.7367,-0.1835,-0.0235,0.1326,-0.6863,0.1107,-0.2119,-0.6025,0.0,0.2299,1.3743,-0.7656,-0.7429,1.2365,0,1,0,0
2019-01-01 07:15:18+05:30,624.0,2,0.8697,90.21,1.133,0,-0.7436,-0.7203,-0.2192,0.0634,0.1582,-0.7359,-0.3528,0.267,-0.6025,0.1255,0.2764,1.3743,-0.7691,-0.7468,1.2365,0,1,0,0
2019-01-01 07:15:19+05:30,625.0,2,0.8736,90.55,1.137,0,-0.7096,-0.7058,-0.1453,0.0308,0.1648,-0.7288,0.4338,-0.5457,-0.631,0.1255,0.2269,1.3666,-0.7325,-0.7073,1.2358,0,1,0,0
2019-01-01 07:15:20+05:30,626.0,2,0.8775,90.9,1.141,0,-0.7096,-0.6972,-0.0815,-0.0778,0.1427,-0.6934,0.8852,-0.255,-0.6104,0.0,0.2498,1.3628,-0.7276,-0.7024,1.2358,0,1,0,0
2019-01-01 07:15:21+05:30,627.0,2,0.8814,91.24,1.146,0,-0.7096,-0.6933,-0.1325,-0.23,0.1278,-0.665,0.0266,-1.1259,-0.631,0.0,0.2601,1.3666,-0.7419,-0.7178,1.2351,0,1,0,0
2019-01-01 07:15:22+05:30,628.0,2,0.8853,91.57,1.15,0,-0.7096,-0.6927,-0.2422,-0.3966,0.1475,-0.6721,-0.3528,-1.7148,-0.5771,0.0,0.2619,1.3705,-0.752,-0.7284,1.2351,0,1,0,0
2019-01-01 07:15:23+05:30,629.0,2,0.8892,91.9,1.154,0,-0.7096,-0.6957,-0.3034,-0.5487,0.1797,-0.6579,-0.7135,-2.6053,-0.5945,0.0,0.2541,1.3705,-0.752,-0.7284,1.2344,0,1,0,0
2019-01-01 07:15:24+05:30,630.0,2,0.8931,92.23,1.158,0,-0.7096,-0.7014,-0.2549,-0.5922,0.1928,-0.6437,-0.3528,-2.8125,-0.658,0.0,0.2383,1.3666,-0.752,-0.7284,1.2344,0,1,0,0
2019-01-01 07:15:25+05:30,631.0,2,0.8969,92.57,1.162,0,-0.7096,-0.7074,-0.0968,-0.4219,0.182,-0.6863,0.1107,-2.4519,-0.6215,0.0,0.2226,1.3666,-0.7442,-0.72,1.2337,0,1,0,0
2019-01-01 07:15:26+05:30,632.0,2,0.9008,92.93,1.167,0,-0.7096,-0.7098,0.0154,-0.1285,0.1636,-0.6721,1.5756,-0.692,-0.6025,0.0,0.2166,1.359,-0.7182,-0.6923,1.2337,0,1,0,0
2019-01-01 07:15:27+05:30,633.0,2,0.9047,93.26,1.171,0,-0.7096,-0.7073,-0.0688,0.0562,0.1463,-0.7146,0.2581,0.267,-0.631,0.0,0.2232,1.3628,-0.7429,-0.7187,1.233,0,1,0,0
2019-01-01 07:15:28+05:30,634.0,2,0.9086,93.6,1.175,0,-0.7096,-0.707,-0.232,0.0055,0.1385,-0.7075,0.2336,-0.3389,-0.631,0.0,0.2238,1.3628,-0.7432,-0.7191,1.233,0,1,0,0
2019-01-01 07:15:29+05:30,635.0,2,0.9125,93.93,1.179,0,-0.7096,-0.7051,-0.2371,-0.1829,0.1373,-0.6792,-0.7732,-0.7793,-0.631,0.0,0.2287,1.3666,-0.7507,-0.727,1.2323,0,1,0,0
2019-01-01 07:15:30+05:30,636.0,2,0.9164,94.28,1.184,0,-0.7096,-0.7043,-0.0382,-0.2698,0.1302,-0.665,0.9372,-1.0658,-0.6025,0.0,0.2311,1.359,-0.726,-0.7007,1.2323,0,1,0,0
2019-01-01 07:15:31+05:30,637.0,2,0.9203,94.64,1.188,0,-0.7096,-0.7073,0.1556,-0.143,0.1177,-0.6225,0.9372,-0.4176,-0.6025,0.0,0.2232,1.3551,-0.7182,-0.6923,1.2316,0,1,0,0
2019-01-01 07:15:32+05:30,638.0,2,0.9242,95.0,1.193,0,-0.7096,-0.7119,0.1403,0.049,0.1159,-0.6367,1.5712,0.267,-0.6215,0.0,0.2111,1.3551,-0.7078,-0.6813,1.2316,0,1,0,0
2019-01-01 07:15:33+05:30,639.0,2,0.9281,95.34,1.197,0,-0.7096,-0.7121,-0.005,0.1286,0.132,-0.6792,0.6825,0.267,-0.631,0.0,0.2099,1.359,-0.7325,-0.7077,1.2309,0,1,0,0
2019-01-01 07:15:34+05:30,640.0,2,0.9319,95.69,1.201,0,-0.7096,-0.7095,-0.0662,0.154,0.1457,-0.6934,0.8852,0.789,-0.631,0.0,0.2172,1.359,-0.7302,-0.7051,1.2309,0,1,0,0
2019-01-01 07:15:35+05:30,641.0,2,0.9358,96.03,1.206,0,-0.7096,-0.7052,-0.0739,0.2554,0.1219,-0.6792,0.6598,0.7013,-0.5137,0.0,0.2287,1.3551,-0.7299,-0.7051,1.2302,0,1,0,0
2019-01-01 07:15:36+05:30,642.0,2,0.9397,96.37,1.21,0,-0.7096,-0.7013,-0.1937,0.2916,0.0468,-0.587,-0.3528,0.8162,-0.4439,0.0,0.239,1.3628,-0.75,-0.7266,1.2302,0,1,0,0
2019-01-01 07:15:37+05:30,643.0,2,0.9436,96.7,1.214,0,-0.7096,-0.7011,-0.3697,0.096,-0.0361,-0.502,-0.5098,0.267,-0.4978,0.0,0.2396,1.3628,-0.752,-0.7284,1.2295,0,1,0,0
2019-01-01 07:15:38+05:30,644.0,2,0.9475,97.03,1.218,0,-0.7096,-0.7031,-0.3952,-0.143,-0.0736,-0.4382,-0.7874,-0.0464,-0.6025,0.0,0.2341,1.359,-0.752,-0.7288,1.2295,0,1,0,0
2019-01-01 07:15:39+05:30,645.0,2,0.9514,97.37,1.223,0,-0.7096,-0.7092,-0.2575,-0.1684,-0.0575,-0.4736,-0.2087,-0.0815,-0.6025,0.0,0.2178,1.359,-0.7442,-0.72,1.2288,0,1,0,0
2019-01-01 07:15:40+05:30,646.0,2,0.9553,97.7,1.227,0,-0.7096,-0.7126,-0.0688,-0.0525,-0.0235,-0.502,-0.1962,0.1052,-0.5771,0.0,0.2087,1.359,-0.7442,-0.72,1.2288,0,1,0,0
2019-01-01 07:15:41+05:30,647.0,2,0.9592,98.07,1.231,0,-0.7096,-0.7121,0.2041,0.0381,-0.0051,-0.5091,0.7853,0.0988,-0.5771,0.0,0.2105,1.3475,-0.7,-0.673,1.2281,0,1,0,0
2019-01-01 07:15:42+05:30,648.0,2,0.9631,98.45,1.236,0,-0.7096,-0.7131,0.5509,0.1214,0.0253,-0.502,1.1782,0.4276,-0.6104,0.0,0.2075,1.3436,-0.6819,-0.6532,1.2281,0,1,0,0
2019-01-01 07:15:43+05:30,649.0,2,0.9669,98.85,1.241,0,-0.7096,-0.7137,0.7447,0.1938,0.07,-0.424,1.7647,0.267,-0.6104,0.0,0.2063,1.3321,-0.64,-0.6088,1.2274,0,1,0,0
2019-01-01 07:15:44+05:30,650.0,2,0.9708,99.24,1.246,0,-0.7096,-0.7123,0.6529,0.0743,-0.0355,-0.4665,1.1896,0.4125,0.1032,0.0,0.2099,1.3398,-0.6734,-0.6444,1.2267,0,1,0,0
2019-01-01 07:15:45+05:30,651.0,2,0.9747,99.7,1.252,0,-0.7096,-0.7123,0.4438,-0.2734,-0.4323,0.0509,0.1879,0.0273,0.563,0.8785,0.2099,1.3129,-0.5654,-0.5287,1.2267,1,0,0,0
2019-01-01 07:16:13+05:30,656.0,2,1.0039,102.68,1.29,0,-0.4719,-0.4945,0.3239,-0.603,-0.9419,0.5541,-0.1304,0.0716,0.4298,0.8785,0.2063,1.263,-0.3594,-0.3084,1.2231,1,0,0,0
2019-01-01 07:16:14+05:30,657.0,2,1.0097,103.21,1.296,0,-0.4719,-0.4844,0.3545,-0.6972,-1.2482,1.0007,-0.1615,0.0693,-0.1109,0.0,0.2244,1.286,-0.4551,-0.4109,1.2231,0,1,0,0
2019-01-01 07:16:15+05:30,658.0,2,1.0156,103.74,1.303,0,-0.4719,-0.4744,0.4361,-0.6429,-1.2774,0.9511,-0.1216,0.0901,-0.5232,0.0,0.242,1.2822,-0.4548,-0.4104,1.2224,0,1,0,0
2019-01-01 07:16:16+05:30,659.0,2,1.0214,104.28,1.31,0,-0.4719,-0.4903,0.4667,-0.5741,-1.1719,0.8802,-0.1117,0.1101,-0.363,-0.1255,0.2142,1.2822,-0.4548,-0.4104,1.2217,0,1,0,0
2019-01-01 07:16:17+05:30,660.0,2,1.0269,104.79,1.316,0,-0.5059,-0.5129,0.4693,-0.4292,-1.0146,0.6959,-0.0817,0.0908,-0.011,-0.251,0.2305,1.2899,-0.4872,-0.4452,1.221,0,0,1,0
2019-01-01 07:16:18+05:30,661.0,2,1.0322,105.27,1.322,0,-0.5398,-0.5416,0.4336,-0.1394,-0.7482,0.3131,0.0134,0.225,0.1666,-0.251,0.2365,1.2976,-0.5197,-0.4799,1.2203,0,0,1,0
2019-01-01 07:16:19+05:30,662.0,2,1.0372,105.72,1.328,0,-0.5738,-0.5683,0.2321,0.1033,-0.3692,-0.0484,-0.01,0.2046,0.0651,-0.1255,0.248,1.3091,-0.5781,-0.5424,1.2203,0,1,0,0
2019-01-01 07:16:20+05:30,663.0,2,1.0422,106.16,1.333,0,-0.5738,-0.5771,-0.0407,-0.0018,-0.1231,-0.339,-0.0177,0.267,-0.0395,0.0,0.2299,1.3129,-0.5962,-0.5617,1.2196,0,1,0,0
2019-01-01 07:16:21+05:30,664.0,2,1.0472,106.59,1.339,0,-0.5738,-0.57,-0.056,-0.3821,-0.1815,-0.587,-0.1304,-0.7653,0.5186,0.1255,0.2444,1.3129,-0.605,-0.5714,1.2189,0,1,0,0
2019-01-01 07:16:22+05:30,665.0,2,1.0525,107.07,1.345,0,-0.5398,-0.5584,0.1862,-0.5234,-0.3114,0.4195,-0.1062,0.0122,1.0086,0.1255,0.2039,1.2976,-0.5294,-0.4905,1.2189,0,1,0,0
2019-01-01 07:16:23+05:30,666.0,2,1.0578,107.55,1.351,0,-0.5398,-0.5529,0.2602,-0.201,-0.272,-0.4949,0.5475,0.1078,1.2909,0.0,0.2148,1.2976,-0.5388,-0.5006,1.2182,0,1,0,0
2019-01-01 07:16:24+05:30,667.0,2,1.0631,108.01,1.357,0,-0.5398,-0.545,-0.0229,0.1866,-0.079,0.5116,-0.2383,0.2314,1.8713,0.0,0.2299,1.3014,-0.5531,-0.5155,1.2175,0,1,0,0
2019-01-01 07:16:25+05:30,668.0,2,1.0683,108.46,1.362,0,-0.5398,-0.5314,-0.362,0.2373,0.1624,0.1218,-0.4681,0.4371,1.8792,0.1255,0.2565,1.3052,-0.5797,-0.5441,1.2175,0,1,0,0
2019-01-01 07:16:26+05:30,669.0,2,1.0739,108.93,1.368,0,-0.5059,-0.5248,-0.5099,0.0164,0.3024,-0.0909,-0.5676,0.1116,1.2069,0.1255,0.2081,1.2976,-0.5492,-0.5116,1.2168,0,1,0,0
2019-01-01 07:16:27+05:30,670.0,2,1.0794,109.4,1.374,0,-0.5059,-0.5153,-0.515,-0.2626,0.1969,-0.2326,-0.6224,0.0723,0.904,0.0,0.2257,1.2976,-0.5485,-0.5107,1.2161,0,1,0,0
2019-01-01 07:16:28+05:30,671.0,2,1.085,109.86,1.38,0,-0.5059,-0.507,-0.4207,-0.6175,-0.1153,-0.1263,-0.5793,-0.2036,0.8279,0.0,0.2414,1.2976,-0.5573,-0.5204,1.2161,0,1,0,0
2019-01-01 07:16:29+05:30,672.0,2,1.0906,110.32,1.386,0,-0.5059,-0.5191,-0.2855,-1.0015,-0.2935,-0.183,-0.3528,-0.5102,-0.3012,-0.1255,0.219,1.2976,-0.5573,-0.5204,1.2154,0,1,0,0
2019-01-01 07:16:30+05:30,673.0,2,1.0958,110.76,1.391,0,-0.5398,-0.5553,-0.2396,-1.0739,-0.1296,-0.3815,-0.3528,-1.0586,-0.2045,-0.251,0.2099,1.3052,-0.5897,-0.5551,1.2147,0,0,1,0
2019-01-01 07:16:31+05:30,674.0,2,1.1008,111.18,1.397,0,-0.5738,-0.5789,-0.2396,-0.7914,0.1034,-0.5516,-0.5456,-1.4249,-0.3091,-0.251,0.2257,1.3129,-0.6222,-0.5898,1.2147,0,0,1,0
2019-01-01 07:16:32+05:30,675.0,2,1.1056,111.59,1.402,0,-0.6077,-0.6042,-0.1555,-0.4908,0.1803,-0.6508,0.4546,-2.2228,-0.4756,-0.251,0.2402,1.3129,-0.6365,-0.6052,1.214,0,0,1,0
2019-01-01 07:16:33+05:30,676.0,2,1.11,111.97,1.407,0,-0.6417,-0.6237,-0.0407,-0.3133,0.1856,-0.7075,0.2336,-2.2659,-0.658,-0.1255,0.2698,1.3244,-0.6793,-0.651,1.214,0,1,0,0
2019-01-01 07:16:34+05:30,677.0,2,1.1144,113.36,1.424,0,-0.6417,-0.6345,-0.0203,-0.114,0.1797,-0.6792,1.8291,-0.7793,-0.5945,-0.1255,0.2444,0.9675,0.8212,0.9382,1.2119,0,1,0,0
2019-01-01 07:16:35+05:30,678.0,2,1.1186,114.7,1.441,0,-0.6757,2.3347,-0.0509,0.0562,0.1558,-0.7146,0.2581,0.267,-0.5945,-0.251,7.6773,0.979,0.7559,0.8696,1.2105,0,0,1,0
2019-01-01 07:16:36+05:30,679.0,2,1.1225,115.05,1.446,0,-0.7096,2.3098,-0.0331,-0.0307,0.1362,-0.6863,1.2485,-0.1859,-0.631,-0.1255,8.2279,1.3283,-0.726,-0.7011,1.2105,0,1,0,0
2019-01-01 07:16:37+05:30,680.0,2,1.1264,115.39,1.45,0,-0.7096,2.2761,0.0205,-0.2444,0.1278,-0.6508,0.7948,-0.9188,-0.631,-0.1255,8.1384,1.3283,-0.726,-0.7011,1.2098,0,1,0,0
2019-01-01 07:16:38+05:30,681.0,2,1.13,115.72,1.454,0,-0.7436,2.2425,0.0689,-0.277,0.1296,-0.6508,0.7948,-0.9188,-0.631,-0.251,8.7416,1.3359,-0.7584,-0.7358,1.2098,0,0,1,0
2019-01-01 07:16:39+05:30,682.0,2,1.1333,116.04,1.458,0,-0.7776,2.2141,0.1429,-0.1829,0.1409,-0.6367,1.6345,-0.4716,-0.631,-0.251,9.462,1.3398,-0.7727,-0.7512,1.2091,0,0,1,0
2019-01-01 07:16:40+05:30,683.0,2,1.1364,116.33,1.462,0,-0.8115,-0.7847,0.2423,-0.1648,0.1469,-0.6367,1.6345,-0.4716,-0.658,-0.1255,0.2837,1.3475,-0.8052,-0.786,1.2091,0,1,0,0
2019-01-01 07:16:41+05:30,684.0,2,1.1394,116.63,1.466,0,-0.8115,-0.7942,0.2831,-0.1394,0.1415,-0.6225,1.791,-0.39,-0.658,0.0,0.251,1.3436,-0.7974,-0.7776,1.2091,0,1,0,0
2019-01-01 07:16:42+05:30,685.0,2,1.1425,116.93,1.469,0,-0.8115,-0.7922,0.148,-0.038,0.1493,-0.6437,1.7852,-0.06,-0.5945,0.0,0.2577,1.3436,-0.8016,-0.7824,1.2084,0,1,0,0
2019-01-01 07:16:43+05:30,686.0,2,1.1456,117.2,1.473,0,-0.8115,-0.7871,-0.1555,-0.0307,0.1809,-0.7572,-0.3528,-1.434,-0.5771,0.0,0.2752,1.3551,-0.8431,-0.8269,1.2084,0,1,0,0
2019-01-01 07:16:44+05:30,687.0,2,1.1486,117.47,1.476,0,-0.8115,-0.7802,-0.4742,-0.1503,0.2095,-0.7146,-1.9991,-1.434,-0.631,0.1255,0.2988,1.3513,-0.8418,-0.8255,1.2077,0,1,0,0
2019-01-01 07:16:45+05:30,688.0,2,1.1519,117.76,1.48,0,-0.7776,-0.7724,-0.64,-0.1648,0.1999,-0.6579,-2.8267,-0.579,-0.5945,0.1255,0.2178,1.3436,-0.8113,-0.793,1.2077,0,1,0,0
2019-01-01 07:16:46+05:30,689.0,2,1.1553,118.05,1.484,0,-0.7776,-0.7689,-0.5405,-0.0307,0.1618,-0.6792,-2.5347,-0.1673,-0.5549,0.0,0.2287,1.3436,-0.8123,-0.7939,1.207,0,1,0,0
2019-01-01 07:16:47+05:30,690.0,2,1.1586,118.35,1.487,0,-0.7776,-0.7631,-0.2218,-0.0018,0.1344,-0.6863,0.1107,-0.2119,-0.6104,0.0,0.2468,1.3436,-0.8009,-0.7816,1.207,0,1,0,0
2019-01-01 07:16:48+05:30,691.0,2,1.1619,118.66,1.491,0,-0.7776,-0.7526,0.0562,-0.2082,0.1326,-0.6863,0.7385,-0.8606,-0.631,0.1255,0.2794,1.3398,-0.786,-0.7657,1.207,0,1,0,0
2019-01-01 07:16:49+05:30,692.0,2,1.1656,119.01,1.496,0,-0.7436,-0.7376,0.0562,-0.4545,0.1391,-0.5941,1.0542,-1.1868,-0.6104,0.1255,0.2275,1.3244,-0.725,-0.7002,1.2063,0,1,0,0
2019-01-01 07:16:50+05:30,693.0,2,1.1692,119.33,1.5,0,-0.7436,-0.7221,-0.1555,-0.603,0.1505,-0.6508,-0.692,-2.2228,-0.6025,0.1255,0.2716,1.3321,-0.7679,-0.7459,1.2063,0,1,0,0
2019-01-01 07:16:51+05:30,694.0,2,1.1731,119.67,1.504,0,-0.7096,-0.7041,-0.2855,-0.6864,0.1743,-0.6154,-0.0927,-2.4424,-0.5945,0.1255,0.2317,1.3244,-0.7276,-0.7029,1.2056,0,1,0,0
2019-01-01 07:16:52+05:30,695.0,2,1.1769,120.01,1.508,0,-0.7096,-0.6891,-0.2065,-0.6791,0.1946,-0.6437,-0.6649,-2.8125,-0.6025,0.1255,0.2716,1.3244,-0.739,-0.7152,1.2056,0,1,0,0
2019-01-01 07:16:53+05:30,696.0,2,1.1811,120.39,1.513,0,-0.6757,-0.6783,-0.0611,-0.4871,0.1916,-0.6437,0.7476,-1.942,-0.631,0.1255,0.216,1.3129,-0.6897,-0.6624,1.2049,0,1,0,0
2019-01-01 07:16:54+05:30,697.0,2,1.1853,120.74,1.517,0,-0.6757,-0.6812,-0.0739,-0.277,0.1826,-0.7075,0.2336,-2.2659,-0.658,-0.1255,0.2093,1.3168,-0.7117,-0.6861,1.2042,0,1,0,0
2019-01-01 07:16:55+05:30,698.0,2,1.1892,121.07,1.522,0,-0.7096,-0.6874,-0.3212,-0.3205,0.1934,-0.7146,-0.3528,-2.5036,-0.631,-0.1255,0.2758,1.3244,-0.752,-0.7292,1.2042,0,1,0,0
2019-01-01 07:16:56+05:30,699.0,2,1.1931,121.41,1.526,0,-0.7096,-0.6953,-0.5839,-0.4582,0.1946,-0.6154,-1.9991,-1.434,-0.5501,0.0,0.2547,1.3244,-0.752,-0.7292,1.2035,0,1,0,0
2019-01-01 07:16:57+05:30,700.0,2,1.1969,121.74,1.53,0,-0.7096,-0.7038,-0.5456,-0.3133,0.1368,-0.6508,-1.5005,-0.9188,-0.4439,0.0,0.2323,1.3244,-0.752,-0.7292,1.2035,0,1,0,0
2019-01-01 07:16:58+05:30,701.0,2,1.2008,122.07,1.534,0,-0.7096,-0.7075,-0.2549,0.0019,0.0307,-0.5941,-0.5833,0.0288,-0.3868,0.0,0.2226,1.3244,-0.751,-0.7279,1.2035,0,1,0,0
2019-01-01 07:16:59+05:30,702.0,2,1.2047,122.42,1.539,0,-0.7096,-0.702,-0.1121,0.0562,-0.0599,-0.4453,-0.0429,0.267,-0.4756,0.0,0.2371,1.3168,-0.7279,-0.7033,1.2028,0,1,0,0
2019-01-01 07:17:00+05:30,703.0,2,1.2086,122.75,1.543,0,-0.7096,-0.6958,-0.2651,-0.1394,-0.0933,-0.4453,-0.4849,-0.0524,-0.631,0.0,0.2535,1.3206,-0.7461,-0.7231,1.2028,0,1,0,0
2019-01-01 07:17:01+05:30,704.0,2,1.2125,123.08,1.547,0,-0.7096,-0.6899,-0.4283,-0.172,-0.0802,-0.424,-0.6415,-0.0313,-0.6025,0.0,0.2692,1.3206,-0.7461,-0.7231,1.2021,0,1,0,0
2019-01-01 07:17:02+05:30,705.0,2,1.2164,123.42,1.551,0,-0.7096,-0.6844,-0.3952,0.0019,-0.0581,-0.4736,-0.6901,0.118,-0.5945,0.0,0.2837,1.3206,-0.749,-0.7262,1.2021,0,1,0,0
2019-01-01 07:17:03+05:30,706.0,2,1.2203,123.75,1.555,0,-0.7096,-0.6843,-0.2626,0.0345,-0.0563,-0.4807,-0.3528,0.267,-0.6215,0.0,0.2843,1.3206,-0.752,-0.7292,1.2014,0,1,0,0
2019-01-01 07:17:04+05:30,707.0,2,1.2242,124.08,1.559,0,-0.7096,-0.6882,-0.1912,-0.1177,-0.0653,-0.4453,-0.3528,-0.0532,-0.6215,0.0,0.274,1.3206,-0.752,-0.7292,1.2014,0,1,0,0
2019-01-01 07:17:05+05:30,708.0,2,1.2281,124.42,1.564,0,-0.7096,-0.6859,-0.1937,-0.1575,-0.0623,-0.4736,-0.2087,-0.0815,-0.6215,0.1255,0.28,1.3168,-0.7393,-0.7156,1.2007,0,1,0,0
2019-01-01 07:17:06+05:30,709.0,2,1.2322,124.78,1.568,0,-0.6757,-0.6782,-0.209,-0.0706,-0.0474,-0.4807,-0.3528,0.1162,-0.6025,0.1255,0.2166,1.3091,-0.7114,-0.6857,1.2,0,1,0,0
2019-01-01 07:17:07+05:30,710.0,2,1.2364,125.14,1.573,0,-0.6757,-0.6697,-0.1631,-0.1177,-0.0164,-0.5162,-0.186,-0.1367,-0.5295,0.0,0.2377,1.3091,-0.7046,-0.6787,1.2,0,1,0,0
2019-01-01 07:17:08+05:30,711.0,2,1.2406,125.51,1.577,0,-0.6757,-0.6636,-0.0535,-0.2988,0.0414,-0.5729,0.1469,-0.4784,-0.5232,0.0,0.2529,1.3052,-0.6949,-0.6681,1.1993,0,1,0,0
2019-01-01 07:17:09+05:30,712.0,2,1.2447,125.88,1.582,0,-0.6757,-0.6567,0.0256,-0.3748,0.0891,-0.6012,0.4791,-0.8734,-0.5945,0.1255,0.2698,1.3014,-0.6867,-0.6593,1.1993,0,1,0,0
2019-01-01 07:17:10+05:30,713.0,2,1.2492,126.28,1.587,0,-0.6417,-0.6501,0.0103,-0.1648,0.039,-0.5729,0.3686,-0.2494,-0.3186,0.1255,0.2087,1.2937,-0.6546,-0.625,1.1986,0,1,0,0
2019-01-01 07:17:11+05:30,714.0,2,1.2536,126.67,1.592,0,-0.6417,-0.6434,-0.028,0.2083,-0.1523,-0.3602,-0.1095,0.3743,-0.0538,0.0,0.2238,1.2976,-0.6627,-0.6338,1.1986,0,1,0,0
2019-01-01 07:17:12+05:30,715.0,2,1.2581,127.07,1.597,0,-0.6417,-0.6376,-0.0076,0.3387,-0.4103,-0.0484,-0.1505,0.4133,-0.0459,0.0,0.2377,1.2937,-0.6517,-0.6219,1.1979,0,1,0,0
2019-01-01 07:17:13+05:30,716.0,2,1.2625,127.47,1.602,0,-0.6417,-0.6247,0.0562,0.1323,-0.6087,0.1856,-0.2003,0.3142,-0.2726,0.1255,0.2674,1.2899,-0.6462,-0.6162,1.1979,0,1,0,0
2019-01-01 07:17:14+05:30,717.0,2,1.2672,127.9,1.608,0,-0.6077,-0.6076,0.0638,-0.0162,-0.694,0.2848,-0.1717,0.1664,-0.539,0.1255,0.2329,1.2822,-0.6066,-0.5736,1.1972,0,1,0,0
2019-01-01 07:17:15+05:30,718.0,2,1.2719,128.31,1.613,0,-0.6077,-0.5958,-0.1147,0.0236,-0.688,0.2777,-0.3107,0.3104,-0.539,0.1255,0.2583,1.286,-0.6365,-0.6057,1.1965,0,1,0,0
2019-01-01 07:17:16+05:30,719.0,2,1.2769,128.74,1.618,0,-0.5738,-0.5868,-0.4589,-0.114,-0.6165,0.1926,-0.4596,0.1094,-0.4439,0.1255,0.2099,1.2822,-0.6115,-0.5789,1.1965,0,1,0,0
2019-01-01 07:17:17+05:30,720.0,2,1.2819,129.16,1.624,0,-0.5738,-0.5744,-0.6349,-0.44,-0.5116,0.1005,-0.6396,0.0931,-0.3614,0.0,0.2353,1.2784,-0.6108,-0.5784,1.1958,0,1,0,0
2019-01-01 07:17:18+05:30,721.0,2,1.2869,129.59,1.629,0,-0.5738,-0.5639,-0.3008,-0.4545,-0.4252,-0.0625,-0.4146,-0.1601,-0.4328,0.1255,0.2571,1.2784,-0.6121,-0.5797,1.1951,0,1,0,0
2019-01-01 07:17:19+05:30,722.0,2,1.2922,130.08,1.635,0,-0.5398,-0.5542,0.3341,-0.143,-0.3358,-0.0767,0.1349,0.202,-0.3044,0.1255,0.2118,1.2553,-0.521,-0.4821,1.1951,0,1,0,0
2019-01-01 07:17:20+05:30,723.0,2,1.2975,130.57,1.641,0,-0.5398,-0.5458,0.6248,-0.0199,-0.1821,-0.2964,0.7001,0.1721,-0.1997,-0.502,0.2287,1.2515,-0.5041,-0.4641,1.1944,0,0,1,0
2019-01-01 07:17:37+05:30,728.0,2,1.3183,132.54,1.666,0,-0.6757,-0.679,0.3265,-0.1829,-0.014,-0.4524,0.7136,-0.1953,-0.3408,-0.502,0.2148,1.2899,-0.6598,-0.6307,1.1923,0,0,1,0
2019-01-01 07:17:38+05:30,729.0,2,1.3225,132.9,1.671,0,-0.6757,-0.6752,-0.1121,-0.277,0.0658,-0.6367,-0.0579,-0.4546,-0.4756,0.0,0.2238,1.2976,-0.7043,-0.6782,1.1916,0,1,0,0
2019-01-01 07:17:39+05:30,730.0,2,1.3267,133.27,1.675,0,-0.6757,-0.6642,-0.1988,-0.2662,0.0944,-0.6154,-0.0905,-0.9702,-0.566,0.1255,0.251,1.2976,-0.6987,-0.6725,1.1916,0,1,0,0
2019-01-01 07:17:40+05:30,731.0,2,1.3311,133.67,1.68,0,-0.6417,-0.6493,-0.005,-0.306,0.157,-0.6863,0.7385,-0.8606,-0.4756,0.1255,0.2105,1.286,-0.6524,-0.6228,1.1909,0,1,0,0
2019-01-01 07:17:41+05:30,732.0,2,1.3356,134.08,1.686,0,-0.6417,-0.6307,0.046,-0.3531,0.1969,-0.6296,1.0001,-1.694,-0.5232,0.1255,0.2535,1.2784,-0.6319,-0.6008,1.1909,0,1,0,0
2019-01-01 07:17:42+05:30,733.0,2,1.3403,134.49,1.691,0,-0.6077,-0.6063,-0.1249,-0.3386,0.1403,-0.6792,0.0675,-0.7793,-0.4709,0.251,0.2359,1.2784,-0.6251,-0.5938,1.1902,1,0,0,0
2019-01-01 07:17:43+05:30,734.0,2,1.3453,134.93,1.696,0,-0.5738,-0.5872,-0.158,-0.2553,0.0885,-0.6154,-0.0905,-0.9702,-0.5945,0.1255,0.2087,1.2707,-0.5975,-0.5643,1.1895,0,1,0,0
2019-01-01 07:17:44+05:30,735.0,2,1.3503,135.38,1.702,0,-0.5738,-0.5726,0.0383,-0.0814,0.1225,-0.665,0.9953,-0.125,-0.5771,0.0,0.239,1.2669,-0.5829,-0.5485,1.1895,0,1,0,0
2019-01-01 07:17:45+05:30,736.0,2,1.3553,135.82,1.708,0,-0.5738,-0.5606,0.0638,0.0997,0.1421,-0.6721,1.5653,0.267,-0.5501,0.1255,0.2637,1.263,-0.5774,-0.5428,1.1888,0,1,0,0
2019-01-01 07:17:46+05:30,737.0,2,1.3606,136.27,1.713,0,-0.5398,-0.5504,-0.2294,0.1033,0.0676,-0.6225,-0.3528,0.267,-0.4439,0.1255,0.2196,1.263,-0.5803,-0.5459,1.1881,0,1,0,0
2019-01-01 07:17:47+05:30,738.0,2,1.3658,136.72,1.719,0,-0.5398,-0.5419,-0.4283,-0.0561,-0.0098,-0.5162,-0.9045,0.0976,-0.547,0.0,0.2359,1.263,-0.5803,-0.5459,1.1881,0,1,0,0
2019-01-01 07:17:48+05:30,739.0,2,1.3711,137.16,1.724,0,-0.5398,-0.5313,-0.3161,-0.2155,0.014,-0.5587,-0.3528,-0.4297,-0.5232,0.1255,0.2571,1.263,-0.5784,-0.5437,1.1874,0,1,0,0
2019-01-01 07:17:49+05:30,740.0,2,1.3767,137.64,1.73,0,-0.5059,-0.519,-0.1555,-0.3314,0.1004,-0.6296,-0.3528,-0.7373,-0.5232,0.1255,0.219,1.2515,-0.5434,-0.5063,1.1867,0,1,0,0
2019-01-01 07:17:50+05:30,741.0,2,1.3822,138.13,1.737,0,-0.5059,-0.5035,-0.0688,-0.3676,0.1076,-0.6367,0.6913,-1.1845,-0.3186,0.1255,0.248,1.2438,-0.5151,-0.4764,1.1867,0,1,0,0
2019-01-01 07:17:51+05:30,742.0,2,1.3881,138.63,1.743,0,-0.4719,-0.4865,-0.0127,-0.23,-0.0897,-0.4028,-0.2365,-0.1363,0.1397,0.1255,0.2208,1.24,-0.5034,-0.4641,1.186,0,1,0,0
2019-01-01 07:17:52+05:30,743.0,2,1.3939,139.13,1.749,0,-0.4719,-0.4761,-0.1402,-0.0887,-0.4943,0.0154,-0.1677,0.2099,0.5139,0.0,0.239,1.24,-0.4931,-0.4526,1.1853,0,1,0,0
2019-01-01 07:17:53+05:30,744.0,2,1.3997,139.62,1.755,0,-0.4719,-0.4749,-0.3824,-0.3169,-0.9591,0.6392,-0.4575,0.1267,0.3712,0.0,0.2414,1.2438,-0.5249,-0.4869,1.1845,0,1,0,0
2019-01-01 07:17:54+05:30,745.0,2,1.4056,140.1,1.762,0,-0.4719,-0.4806,-0.1835,-0.8168,-1.2619,0.9227,-0.3268,0.0602,-0.1727,0.0,0.2311,1.2438,-0.5171,-0.4786,1.1845,0,1,0,0
2019-01-01 07:17:55+05:30,746.0,2,1.4114,140.64,1.768,0,-0.4719,-0.4934,0.4973,-1.0124,-1.2988,1.0786,-0.1377,-0.0052,-0.4598,0.0,0.2081,1.2285,-0.4548,-0.4118,1.1838,0,1,0,0
2019-01-01 07:17:56+05:30,747.0,2,1.4172,141.21,1.776,0,-0.4719,-0.4961,0.8594,-0.6103,-1.2505,0.9298,0.0566,0.115,-0.39,0.1255,0.2039,1.2093,-0.3867,-0.3396,1.1831,0,1,0,0
2019-01-01 07:17:57+05:30,748.0,2,1.4233,141.81,1.783,0,-0.4379,-0.4609,0.5764,0.0308,-1.3822,1.1353,-0.1439,0.2432,-0.0538,0.502,0.2105,1.2016,-0.3552,-0.3058,1.1824,1,0,0,0
2019-01-01 07:17:58+05:30,749.0,2,1.4303,142.5,1.792,0,-0.336,-0.3613,0.2755,0.3315,-1.679,1.4401,-0.1992,0.3154,0.0794,0.8785,0.2184,1.1671,-0.2141,-0.1558,1.1817,1,0,0,0
2019-01-01 07:17:59+05:30,750.0,2,1.4383,143.3,1.802,0,-0.2002,-0.2177,0.4922,0.0526,-1.9198,1.7945,-0.1973,0.267,-0.214,1.1295,0.2402,1.1287,-0.0596,0.0077,1.181,1,0,0,0
2019-01-01 07:18:00+05:30,751.0,2,1.4478,144.23,1.814,0,-0.0304,-0.0891,0.9844,-0.4726,-2.0038,1.7874,-0.081,0.1657,-0.631,1.004,0.2051,1.0826,0.1324,0.2109,1.1803,1,0,0,0
2019-01-01 07:18:01+05:30,752.0,2,1.4581,145.22,1.826,0,0.0715,0.0104,1.2113,-0.7842,-1.89,1.83,-0.01,0.1317,0.2078,0.6275,0.2105,1.0557,0.2385,0.323,1.1789,1,0,0,0
2019-01-01 07:18:02+05:30,753.0,2,1.4689,146.18,1.839,0,0.1395,0.0883,0.9385,-0.8566,-1.4591,1.1353,-0.0426,0.0511,0.8168,0.251,0.225,1.0673,0.1898,0.2716,1.1782,1,0,0,0
2019-01-01 07:18:03+05:30,754.0,2,1.4797,147.11,1.85,0,0.1395,0.0643,0.3367,-0.9399,-0.7637,0.5045,-0.0049,-0.0562,1.0958,-0.502,0.2021,1.0749,0.137,0.2153,1.1768,0,0,1,0
2019-01-01 07:18:04+05:30,755.0,2,1.4894,147.9,1.86,0,0.0036,-0.0493,-0.2014,-1.045,-0.1672,-0.3744,-0.6071,-1.0477,0.6059,-1.1295,0.2142,1.1248,-0.0707,-0.0041,1.1761,0,0,1,0
2019-01-01 07:18:05+05:30,756.0,2,1.4978,148.58,1.869,0,-0.1662,-0.1862,-0.4079,-0.9472,0.0712,-0.4878,-0.3528,-1.251,-0.4043,-1.1295,0.2396,1.1632,-0.2329,-0.1761,1.1754,0,0,1,0
2019-01-01 07:18:06+05:30,757.0,2,1.505,149.17,1.877,0,-0.3021,-0.3299,-0.3569,-0.5741,0.1034,-0.5941,-1.1504,-1.5462,-0.4629,-1.1295,0.2178,1.1901,-0.3627,-0.3141,1.1747,0,0,1,0
2019-01-01 07:18:07+05:30,758.0,2,1.5108,149.66,1.883,0,-0.4719,-0.4947,-0.26,-0.0887,0.1457,-0.7217,0.3551,-0.4644,-0.5628,-1.2551,0.2063,1.2285,-0.5171,-0.4786,1.1747,0,0,1,0
2019-01-01 07:18:08+05:30,759.0,2,1.5153,150.04,1.887,0,-0.6417,-0.6243,-0.2014,0.2699,0.1952,-0.7501,-1.6428,1.5997,-0.5708,-0.8785,0.2686,1.2669,-0.6871,-0.6606,1.174,0,0,1,0
2019-01-01 07:18:09+05:30,760.0,2,1.5192,150.38,1.892,0,-0.7096,-0.7057,-0.1784,0.288,0.2172,-0.7146,1.2053,1.8768,-0.5787,-0.3765,0.2275,1.2784,-0.7338,-0.7103,1.1733,0,0,1,0
2019-01-01 07:18:10+05:30,761.0,2,1.5228,150.69,1.896,0,-0.7436,-0.7421,-0.158,-0.009,0.2518,-0.7288,-1.1394,-0.5457,-0.5168,-0.251,0.2142,1.2899,-0.7844,-0.7649,1.1733,0,0,1,0
2019-01-01 07:18:11+05:30,762.0,2,1.5261,150.99,1.899,0,-0.7776,-0.7515,-0.1453,-0.2517,0.3137,-0.6154,0.5285,-0.6436,-0.4978,-0.1255,0.2825,1.2899,-0.7909,-0.7715,1.1733,0,1,0,0
2019-01-01 07:18:12+05:30,763.0,2,1.5294,151.28,1.903,0,-0.7776,-0.7592,-0.2294,-0.1792,0.3745,-0.58,-0.8683,-0.2656,-0.5549,0.0,0.2589,1.2976,-0.8168,-0.7996,1.1726,0,1,0,0
2019-01-01 07:18:13+05:30,764.0,2,1.5328,151.57,1.907,0,-0.7776,-0.7539,-0.4258,-0.0271,0.3972,-0.5516,-0.3528,0.0708,-0.6025,0.0,0.2752,1.2937,-0.8113,-0.7934,1.1726,0,1,0,0
2019-01-01 07:18:14+05:30,765.0,2,1.5361,151.86,1.91,0,-0.7776,-0.7482,-0.5558,-0.1575,0.3596,-0.5445,-1.6567,-0.1779,-0.4946,0.1255,0.2927,1.2937,-0.8116,-0.7939,1.1719,0,1,0,0
2019-01-01 07:18:15+05:30,766.0,2,1.5397,152.17,1.914,0,-0.7436,-0.7435,-0.4513,-0.5306,0.2929,-0.6296,-0.6448,-1.694,-0.5295,0.1255,0.2105,1.286,-0.7808,-0.7609,1.1719,0,1,0,0
2019-01-01 07:18:16+05:30,767.0,2,1.5433,152.49,1.918,0,-0.7436,-0.7408,-0.2192,-0.7588,0.2679,-0.5941,-0.5899,-1.9964,-0.6215,0.0,0.2178,1.2822,-0.7721,-0.7517,1.1712,0,1,0,0
2019-01-01 07:18:17+05:30,768.0,2,1.5469,152.82,1.923,0,-0.7436,-0.7186,-0.0968,-0.5922,0.3209,-0.5941,0.1934,-1.525,-0.3995,0.1255,0.2813,1.2745,-0.7406,-0.7178,1.1712,0,1,0,0
2019-01-01 07:18:18+05:30,769.0,2,1.5508,153.18,1.927,0,-0.7096,-0.6896,-0.1478,-0.2227,0.4442,-0.4736,-0.2087,-0.0815,-0.214,0.3765,0.2698,1.2669,-0.7085,-0.6835,1.1705,1,0,0,0
2019-01-01 07:18:19+05:30,770.0,2,1.5553,153.59,1.932,0,-0.6417,-0.6468,-0.2218,0.0236,0.6439,-0.2681,-0.3528,0.1781,-0.1014,0.502,0.216,1.2477,-0.6365,-0.6066,1.1705,1,0,0,0
2019-01-01 07:18:20+05:30,771.0,2,1.5603,154.06,1.938,0,-0.5738,-0.5883,-0.1555,0.154,0.8995,0.0154,-0.2972,0.3244,0.0572,0.502,0.2063,1.2285,-0.5518,-0.516,1.1698,1,0,0,0
2019-01-01 07:18:21+05:30,772.0,2,1.5658,154.59,1.945,0,-0.5059,-0.521,0.0511,0.288,1.1266,0.3769,-0.186,0.3067,-0.1252,0.502,0.2154,1.2054,-0.4587,-0.4166,1.1691,1,0,0,0
2019-01-01 07:18:22+05:30,773.0,2,1.5719,155.15,1.952,0,-0.4379,-0.4582,0.0817,0.3134,1.3119,0.4691,-0.2701,0.3891,-0.0982,0.502,0.2148,1.1939,-0.4126,-0.3678,1.1684,1,0,0,0
2019-01-01 07:18:23+05:30,774.0,2,1.5786,155.74,1.959,0,-0.37,-0.3974,-0.5176,0.2228,1.5401,0.8447,-0.3803,0.267,0.0588,0.502,0.2111,1.1824,-0.3669,-0.319,1.1677,1,0,0,0
2019-01-01 07:18:24+05:30,775.0,2,1.5858,156.37,1.967,0,-0.3021,-0.3365,-1.6396,0.259,1.8053,1.1566,-0.8383,0.3222,-0.1252,0.502,0.2087,1.1671,-0.3017,-0.2495,1.1677,1,0,0,0
2019-01-01 07:18:25+05:30,776.0,2,1.5936,157.05,1.976,0,-0.2341,-0.2749,-2.4097,0.3931,1.9823,1.3976,-0.9042,0.3161,-0.3836,0.502,0.2069,1.1479,-0.2365,-0.1805,1.167,1,0,0,0
2019-01-01 07:18:26+05:30,777.0,2,1.6019,157.76,1.985,0,-0.1662,-0.2131,-2.1802,0.4039,1.9531,1.3976,-0.9042,0.3373,-0.1632,0.3765,0.2063,1.1364,-0.1832,-0.1242,1.1656,1,0,0,0
2019-01-01 07:18:27+05:30,778.0,2,1.6106,158.48,1.994,0,-0.1322,-0.1756,-1.2316,0.4764,1.682,0.9581,-0.6693,0.355,0.2459,0.1255,0.2136,1.1325,-0.1725,-0.1127,1.1649,0,1,0,0
2019-01-01 07:18:28+05:30,779.0,2,1.6192,159.19,2.003,0,-0.1322,-0.1572,-0.2932,0.94,1.2559,0.5187,-0.3868,0.5376,0.4235,0.0,0.2353,1.1364,-0.191,-0.1325,1.1642,0,1,0,0
2019-01-01 07:18:29+05:30,780.0,2,1.6278,159.91,2.012,0,-0.1322,-0.1569,0.125,1.5196,0.8846,0.0296,-0.1154,1.0365,0.0873,0.0,0.2359,1.1287,-0.1667,-0.1066,1.1635,0,1,0,0
2019-01-01 07:18:30+05:30,781.0,2,1.6364,160.63,2.021,0,-0.1322,-0.1774,-0.0433,1.6029,0.744,-0.0271,-0.156,1.1666,-0.5771,-0.1255,0.2111,1.1287,-0.1745,-0.1149,1.1628,0,1,0,0
2019-01-01 07:18:31+05:30,782.0,2,1.6447,161.31,2.03,0,-0.1662,-0.2126,-0.464,1.1682,0.834,-0.0484,-0.6144,0.8336,-0.2504,-0.251,0.2069,1.1402,-0.2329,-0.1769,1.1621,0,0,1,0
2019-01-01 07:18:32+05:30,783.0,2,1.6528,161.97,2.038,0,-0.2002,-0.2359,-0.691,0.6901,1.0175,0.2423,-0.5409,0.5667,-0.2441,-0.251,0.2172,1.1479,-0.2653,-0.2117,1.1614,0,0,1,0
2019-01-01 07:18:33+05:30,784.0,2,1.6606,162.6,2.046,0,-0.2341,-0.2583,-0.4997,0.4655,1.129,0.2635,-0.5939,0.3694,-0.6215,-0.251,0.2293,1.1555,-0.2978,-0.246,1.1607,0,0,1,0
2019-01-01 07:18:34+05:30,785.0,2,1.6681,163.25,2.055,0,-0.2681,-0.2814,0.0638,0.4474,1.0271,0.2706,-0.0704,0.4563,-0.0443,-0.1255,0.2414,1.1479,-0.2783,-0.2253,1.16,0,1,0,0
2019-01-01 07:18:35+05:30,786.0,2,1.6756,163.92,2.063,0,-0.2681,-0.3047,0.7778,0.5416,0.7208,-0.1759,0.3939,0.5195,0.2205,-0.1255,0.2093,1.1402,-0.2523,-0.198,1.1593,0,1,0,0
2019-01-01 07:18:36+05:30,787.0,2,1.6828,164.62,2.072,0,-0.3021,-0.328,1.1654,0.7372,0.4031,-0.2468,1.7058,0.8457,-0.0459,-0.251,0.2208,1.1287,-0.1991,-0.1413,1.1586,0,0,1,0
2019-01-01 07:18:37+05:30,788.0,2,1.6897,165.26,2.08,0,-0.336,-0.3521,0.8314,0.9944,0.2357,-0.4736,1.7662,1.4682,-0.3313,-0.251,0.2317,1.1517,-0.2991,-0.2473,1.1579,0,0,1,0
2019-01-01 07:18:38+05:30,789.0,2,1.6964,165.84,2.087,0,-0.37,-0.3747,0.2092,1.1139,0.1916,-0.5303,0.8797,2.3954,-0.6104,-0.1255,0.2468,1.1671,-0.3756,-0.3291,1.1572,0,1,0,0
2019-01-01 07:18:39+05:30,790.0,2,1.7031,166.41,2.095,0,-0.37,-0.3918,0.1021,0.9545,0.1934,-0.6083,0.5003,2.7462,-0.6104,-0.1255,0.2202,1.1747,-0.4016,-0.3563,1.1572,0,1,0,0
2019-01-01 07:18:40+05:30,791.0,2,1.7094,166.98,2.102,0,-0.404,-0.4146,0.3979,0.6937,0.2208,-0.5587,1.7475,1.478,-0.5787,-0.251,0.2341,1.1709,-0.3899,-0.344,1.1565,0,0,1,0
2019-01-01 07:18:41+05:30,792.0,2,1.7156,167.53,2.109,0,-0.4379,-0.4371,0.3469,0.5778,0.247,-0.5941,1.7435,1.3404,-0.6215,-0.1255,0.2504,1.1786,-0.4327,-0.3898,1.1558,0,1,0,0
2019-01-01 07:18:42+05:30,793.0,2,1.7217,168.04,2.115,0,-0.4379,-0.4591,-0.0305,0.538,0.216,-0.6792,0.6598,2.5213,-0.4899,-0.1255,0.2136,1.1862,-0.4743,-0.4342,1.1551,0,1,0,0
2019-01-01 07:18:43+05:30,794.0,2,1.7275,168.54,2.122,0,-0.4719,-0.48,-0.0331,0.4474,0.1338,-0.6579,0.4927,1.5563,-0.4709,-0.251,0.2323,1.1939,-0.5067,-0.4685,1.1544,0,0,1,0
2019-01-01 07:18:44+05:30,795.0,2,1.7331,169.04,2.128,0,-0.5059,-0.5047,0.3341,0.375,0.0801,-0.5658,1.3795,0.7557,-0.5945,-0.1255,0.2456,1.1901,-0.4976,-0.4588,1.1544,0,1,0,0
2019-01-01 07:18:45+05:30,796.0,2,1.7386,169.54,2.134,0,-0.5059,-0.524,0.329,0.3098,0.0903,-0.5658,1.3795,0.7557,-0.5945,-0.1255,0.2099,1.1901,-0.4976,-0.4588,1.1537,0,1,0,0
2019-01-01 07:18:46+05:30,797.0,2,1.7439,169.98,2.14,0,-0.5398,-0.5433,-0.1963,0.0924,0.1195,-0.6934,-0.3528,0.267,-0.5945,-0.251,0.2335,1.2131,-0.5897,-0.5573,1.153,0,0,1,0
2019-01-01 07:18:47+05:30,798.0,2,1.7489,170.4,2.145,0,-0.5738,-0.5619,-0.5813,-0.1611,0.1314,-0.6437,-1.866,-0.5207,-0.631,-0.1255,0.2613,1.2208,-0.6222,-0.5916,1.153,0,1,0,0
2019-01-01 07:18:48+05:30,799.0,2,1.7539,170.82,2.15,0,-0.5738,-0.5814,-0.4615,-0.1503,0.1433,-0.6721,-1.7917,-0.7283,-0.6104,-0.1255,0.2208,1.217,-0.6222,-0.592,1.1523,0,1,0,0
2019-01-01 07:18:49+05:30,800.0,2,1.7586,171.22,2.155,0,-0.6077,-0.5999,-0.2014,0.0707,0.1648,-0.7288,0.4959,0.267,-0.6025,-0.1255,0.2498,1.2246,-0.6468,-0.618,1.1516,0,1,0,0
2019-01-01 07:18:50+05:30,801.0,2,1.7633,171.62,2.16,0,-0.6077,-0.617,-0.13,0.0997,0.1791,-0.7572,1.2935,0.267,-0.6215,-0.1255,0.2124,1.2246,-0.6468,-0.618,1.1516,0,1,0,0
2019-01-01 07:18:51+05:30,802.0,2,1.7678,172.0,2.165,0,-0.6417,-0.6329,-0.1376,-0.1865,0.1969,-0.7288,0.4338,-1.9548,-0.539,-0.1255,0.2486,1.2285,-0.6793,-0.6527,1.1509,0,1,0,0
2019-01-01 07:18:52+05:30,803.0,2,1.7722,172.39,2.17,0,-0.6417,-0.648,-0.1045,-0.4726,0.2512,-0.6367,0.362,-1.7862,-0.4978,-0.1255,0.2136,1.2285,-0.6689,-0.6417,1.1509,0,1,0,0
2019-01-01 07:18:53+05:30,804.0,2,1.7764,172.74,2.175,0,-0.6757,-0.6625,-0.0968,-0.4654,0.3209,-0.6296,-0.0609,-1.1308,-0.5549,-0.1255,0.2553,1.2361,-0.7117,-0.6875,1.1502,0,1,0,0
2019-01-01 07:18:54+05:30,805.0,2,1.7806,173.11,2.179,0,-0.6757,-0.6764,-0.1172,-0.172,0.3239,-0.6012,0.2175,-0.5865,-0.4693,-0.1255,0.2208,1.2323,-0.7013,-0.6765,1.1502,0,1,0,0
2019-01-01 07:18:55+05:30,806.0,2,1.7844,173.44,2.183,0,-0.7096,-0.69,-0.0815,0.1105,0.2184,-0.7572,1.2935,1.9679,-0.317,-0.1255,0.2686,1.2438,-0.7442,-0.7222,1.1495,0,1,0,0
2019-01-01 07:18:56+05:30,807.0,2,1.7883,173.79,2.188,0,-0.7096,-0.7041,-0.0484,0.125,0.0742,-0.6296,0.6192,0.267,-0.3947,-0.1255,0.2317,1.24,-0.726,-0.7029,1.1495,0,1,0,0
2019-01-01 07:18:57+05:30,808.0,2,1.7919,174.1,2.192,0,-0.7436,-0.7197,-0.1045,-0.0162,0.0134,-0.5516,-0.1637,0.0716,-0.5501,-0.1255,0.2782,1.2515,-0.7766,-0.7569,1.1488,0,1,0,0
2019-01-01 07:18:58+05:30,809.0,2,1.7956,174.42,2.196,0,-0.7436,-0.7353,-0.1861,-0.0416,0.0688,-0.6225,-0.0832,-0.0116,-0.4756,-0.1255,0.2335,1.2477,-0.7766,-0.7569,1.1488,0,1,0,0
2019-01-01 07:18:59+05:30,810.0,2,1.7989,174.7,2.199,0,-0.7776,-0.7522,-0.209,0.0127,0.1415,-0.7146,-0.3528,-0.3643,-0.5232,-0.1255,0.2807,1.2592,-0.8168,-0.8,1.1481,0,1,0,0
2019-01-01 07:19:00+05:30,811.0,2,1.8022,174.99,2.203,0,-0.7776,-0.7702,-0.2549,-0.067,0.1528,-0.7288,-0.3528,-0.6099,-0.631,-0.1255,0.225,1.2592,-0.8168,-0.8,1.1481,0,1,0,0
2019-01-01 07:19:01+05:30,812.0,2,1.8053,175.25,2.206,0,-0.8115,-0.7885,-0.4003,-0.2372,0.1677,-0.6721,-1.3161,-1.2196,-0.4598,-0.1255,0.2704,1.2669,-0.8493,-0.8348,1.1474,0,1,0,0
2019-01-01 07:19:02+05:30,813.0,2,1.8083,175.52,2.21,0,-0.8115,-0.8073,-0.5584,-0.277,0.2583,-0.6367,-1.7577,-0.8118,-0.39,-0.1255,0.2069,1.263,-0.8493,-0.8348,1.1474,0,1,0,0
2019-01-01 07:19:03+05:30,814.0,2,1.8111,175.76,2.213,0,-0.8455,-0.8258,-0.5737,-0.1865,0.3543,-0.5941,-1.3918,-0.294,-0.5771,-0.251,0.2547,1.2707,-0.8817,-0.8695,1.1474,0,0,1,0
2019-01-01 07:19:04+05:30,815.0,2,1.8136,175.98,2.216,0,-0.8795,-0.8486,-0.4054,-0.143,0.3257,-0.6296,-1.0216,-0.424,-0.3963,-0.251,0.2952,1.2784,-0.9142,-0.9043,1.1467,0,0,1,0
2019-01-01 07:19:05+05:30,816.0,2,1.8158,176.18,2.218,0,-0.9134,-0.8837,-0.1453,-0.172,0.1421,-0.7146,0.264,-1.3429,-0.0728,-0.251,0.2879,1.286,-0.9388,-0.9306,1.1467,0,0,1,0
2019-01-01 07:19:06+05:30,817.0,2,1.8178,176.38,2.221,0,-0.9474,-0.9188,0.0026,-0.1792,-0.079,-0.4028,0.035,-0.0124,-0.2171,-0.251,0.2794,1.286,-0.9531,-0.946,1.1467,0,0,1,0
2019-01-01 07:19:07+05:30,818.0,2,1.8194,176.54,2.223,0,-0.9814,-0.9514,-0.0433,-0.1249,-0.1713,-0.3744,-0.0986,0.0043,-0.6215,-0.251,0.2843,1.2976,-0.9933,-0.9891,1.1467,0,0,1,0
2019-01-01 07:19:08+05:30,819.0,2,1.8208,176.68,2.224,0,-1.0153,-0.9886,-0.1478,-0.0778,-0.0802,-0.4098,-0.2347,0.1449,-0.3091,-0.3765,0.2553,1.3052,-1.0361,-1.0353,1.146,0,0,1,0
2019-01-01 07:19:09+05:30,820.0,2,1.8217,176.77,2.226,0,-1.0832,-1.0384,-0.1657,-0.114,0.0843,-0.6508,-0.0137,-0.5672,-0.2742,-0.3765,0.4469,1.3206,-1.101,-1.1048,1.146,0,0,1,0
2019-01-01 07:19:10+05:30,821.0,2,1.8222,176.85,2.226,0,-1.1172,-1.0723,-0.1453,-0.1974,0.1642,-0.7146,0.264,-1.3429,-0.5771,-0.251,0.5176,1.3283,-1.1335,-1.1399,1.146,0,0,1,0
2019-01-01 07:19:11+05:30,822.0,2,1.8225,176.9,2.227,0,-1.1512,-1.1029,-0.1733,-0.2589,0.1481,-0.6863,0.0855,-1.3875,-0.631,-0.251,-0.9559,1.3359,-1.1659,-1.1747,1.146,0,0,1,0
2019-01-01 07:19:12+05:30,823.0,2,1.8225,176.92,2.227,1,-1.1851,-1.1314,-0.209,-0.2734,0.1439,-0.6863,-0.3528,-1.434,-0.658,-0.1255,-0.9559,1.3475,-1.2061,-1.2182,1.146,0,0,0,1
2019-01-01 07:19:13+05:30,824.0,2,1.8225,176.94,2.228,1,-1.1851,-1.1517,-0.1784,-0.2734,0.1534,-0.6863,0.0855,-1.3875,-0.658,0.0,-0.9559,1.3475,-1.2061,-1.2182,1.146,0,0,0,1
2019-01-01 07:19:14+05:30,825.0,2,1.8225,176.96,2.228,1,-1.1851,-1.1517,-0.1351,-0.2843,0.1195,-0.6863,0.0855,-1.3875,-0.658,0.0,-0.9559,1.3475,-1.2061,-1.2182,1.146,0,0,0,1
2019-01-01 07:19:15+05:30,826.0,2,1.8225,176.98,2.228,1,-1.1851,-1.1517,-0.1733,-0.2698,0.1481,-0.6863,0.0855,-1.3875,-0.658,0.0,-0.9559,1.3475,-1.2061,-1.2182,1.146,0,0,0,1
2019-01-01 07:19:16+05:30,827.0,2,1.8225,177.01,2.228,1,-1.1851,-1.1517,-0.2345,-0.2408,0.2249,-0.6863,-0.3528,-1.434,-0.658,0.0,-0.9559,1.3475,-1.2061,-1.2182,1.146,0,0,0,1
2019-01-01 07:19:17+05:30,828.0,2,1.8225,177.03,2.229,1,-1.1851,-1.1517,-0.1963,-0.3567,-0.0265,-0.6863,-0.3528,-1.434,0.8707,0.0,-0.9559,1.3475,-1.2061,-1.2182,1.146,0,0,0,1
2019-01-01 07:19:18+05:30,829.0,2,1.8225,177.05,2.229,1,-1.1851,-1.1517,-0.1121,-0.632,-0.6522,0.4832,-0.2705,-0.0127,0.8104,0.0,-0.9559,1.3475,-1.2061,-1.2182,1.146,0,0,0,1
2019-01-01 07:19:19+05:30,830.0,2,1.8225,177.07,2.229,1,-1.1851,-1.15,-0.1733,-0.7624,-0.9639,0.3769,-0.3528,0.0024,-0.4661,0.6275,-0.9559,1.3475,-1.2061,-1.2182,1.146,0,0,0,1
2019-01-01 07:19:20+05:30,831.0,2,1.8239,177.35,2.233,0,-1.0153,-0.9867,-0.3646,-0.5089,-0.4949,0.306,-0.3934,-0.0146,1.1292,1.6316,0.2698,1.2592,-0.8344,-0.8189,1.1452,1,0,0,0
2019-01-01 07:19:21+05:30,832.0,2,1.8275,177.85,2.239,0,-0.7436,-0.7295,-0.4436,-0.0054,0.2291,-0.5162,-0.906,0.267,1.0499,2.2591,0.2504,1.1786,-0.4983,-0.4601,1.1452,1,0,0,0
2019-01-01 07:19:22+05:30,833.0,2,1.8339,178.6,2.249,0,-0.404,-0.4127,-0.3161,0.451,0.4913,-0.5587,-0.5511,0.9606,-0.5945,2.7611,0.2371,1.0865,-0.119,-0.0573,1.1438,1,0,0,0
2019-01-01 07:19:23+05:30,834.0,2,1.8436,179.65,2.262,0,0.0036,-0.0454,-0.1682,0.5923,0.3602,-0.5587,-0.1545,0.9606,-0.4756,3.1376,0.2184,0.979,0.3238,0.4097,1.1431,1,0,0,0
2019-01-01 07:19:24+05:30,835.0,2,1.8569,180.96,2.279,0,0.4451,0.3631,-0.0509,0.2844,0.2607,-0.6579,0.5984,1.9841,-0.4598,2.7611,0.216,0.8869,0.7164,0.8212,1.1417,1,0,0,0
2019-01-01 07:19:25+05:30,836.0,2,1.8728,182.41,2.297,0,0.7508,0.6458,0.2372,-0.23,0.241,-0.6154,1.0817,-1.4627,-0.5771,2.0081,0.2154,0.8331,0.9318,1.0455,1.1403,1,0,0,0
2019-01-01 07:19:26+05:30,837.0,2,1.8906,184.01,2.318,0,0.9886,0.8644,0.482,-0.7878,0.2065,-0.5162,1.7687,-0.943,-0.5945,1.6316,0.2142,0.7756,1.154,1.2759,1.1382,1,0,0,0
2019-01-01 07:19:27+05:30,838.0,2,1.91,185.69,2.339,0,1.1924,1.0488,0.1939,-1.505,0.2148,-0.4665,0.2625,-2.4991,-0.566,1.3806,0.2118,0.7448,1.2701,1.396,1.1368,1,0,0,0
2019-01-01 07:19:28+05:30,839.0,2,1.9308,187.44,2.362,0,1.3622,1.2088,-0.2447,-1.6716,0.2553,-0.424,-0.0667,-2.6163,-0.5771,1.2551,0.213,0.7141,1.3934,1.5235,1.1347,1,0,0,0
2019-01-01 07:19:29+05:30,840.0,2,1.9531,189.27,2.385,0,1.532,1.3461,-0.0331,-0.277,0.2291,-0.6721,-1.281,-1.7254,-0.4867,0.6275,0.2039,0.6834,1.5177,1.6515,1.1326,1,0,0,0
2019-01-01 07:19:30+05:30,841.0,2,1.9753,191.16,2.41,0,1.532,1.4666,0.3341,1.6174,0.1832,-0.339,1.1025,2.1093,-0.5026,-0.1255,0.2595,0.6604,1.592,1.7275,1.1312,0,1,0,0
2019-01-01 07:19:31+05:30,842.0,2,1.9972,192.92,2.432,0,1.498,1.5445,-0.13,1.8818,0.2029,-0.4382,-0.7874,3.1185,-0.5026,-0.1255,0.3115,0.7026,1.4096,1.5393,1.1291,0,1,0,0
2019-01-01 07:19:32+05:30,843.0,2,2.0192,194.65,2.455,0,1.498,1.5725,-0.7573,0.8241,0.1886,-0.5941,-1.1482,2.4748,-0.4629,-0.1255,0.3248,0.7103,1.361,1.4888,1.127,0,1,0,0
2019-01-01 07:19:33+05:30,844.0,2,2.0408,196.36,2.477,0,1.4641,1.5528,-0.2167,0.5633,0.0492,-0.6367,-1.3969,1.0056,-0.3186,-0.1255,0.332,0.718,1.3243,1.4509,1.1256,0,1,0,0
2019-01-01 07:19:34+05:30,845.0,2,2.0625,198.16,2.5,0,1.4641,1.4911,0.9181,1.429,-0.0462,-0.183,1.0663,1.4217,-0.3551,0.0,0.3024,0.6796,1.4619,1.5921,1.1235,0,1,0,0
2019-01-01 07:19:35+05:30,846.0,2,2.0842,199.94,2.523,0,1.4641,1.3907,1.0022,1.8963,0.0891,-0.2823,1.1717,1.9683,-0.0459,-0.1255,0.2547,0.6834,1.4463,1.5763,1.1214,0,1,0,0
2019-01-01 07:19:36+05:30,847.0,2,2.1056,201.65,2.545,0,1.4301,1.2707,0.0613,1.103,0.3519,-0.5374,0.2534,1.5816,0.0873,-0.6275,0.2124,0.7103,1.3178,1.443,1.12,0,0,1,0
2019-01-01 07:19:37+05:30,848.0,2,2.1258,203.25,2.565,0,1.2942,1.1503,-0.5176,-0.6538,0.6659,-0.2326,-0.7018,0.0734,0.5186,-1.004,0.2154,0.7448,1.1621,1.2821,1.1179,0,0,1,0
2019-01-01 07:19:38+05:30,849.0,2,2.145,204.77,2.585,0,1.1584,1.01,-0.3034,-2.5156,1.2374,0.5896,-0.3203,-0.7419,1.0086,-1.1295,0.2075,0.7717,1.0401,1.1554,1.1165,0,0,1,0
2019-01-01 07:19:39+05:30,850.0,2,2.1628,206.19,2.603,0,0.9886,0.857,0.0485,-3.3306,1.9579,1.3267,-0.3316,-0.3215,0.5837,-1.2551,0.2099,0.8063,0.8779,0.9866,1.1151,0,0,1,0
2019-01-01 07:19:40+05:30,851.0,2,2.1792,207.53,2.62,0,0.8187,0.6949,0.2194,-2.7619,2.0276,1.6031,-0.1849,-0.3382,1.394,-1.2551,0.2063,0.8293,0.778,0.8824,1.1137,0,0,1,0
2019-01-01 07:19:41+05:30,852.0,2,2.1942,208.76,2.636,0,0.6489,0.5362,0.5203,-1.7549,0.8316,-0.1263,0.1012,-0.6186,3.3317,-1.3806,0.2051,0.8677,0.5976,0.6937,1.1123,0,0,1,0
2019-01-01 07:19:42+05:30,853.0,2,2.2075,209.93,2.651,0,0.4451,0.3697,1.1195,-1.0812,-1.0461,0.5967,0.3042,-0.2157,3.5125,-1.2551,0.2214,0.8869,0.5068,0.5987,1.1109,0,0,1,0
2019-01-01 07:19:43+05:30,854.0,2,2.2197,211.04,2.665,0,0.3093,0.2429,1.7035,-0.498,-2.2225,2.397,-0.0104,0.2186,1.4431,-0.753,0.2214,0.9099,0.4108,0.498,1.1095,0,0,1,0
2019-01-01 07:19:44+05:30,855.0,2,2.2314,212.12,2.679,0,0.2414,0.1653,1.9075,0.2228,-2.0032,1.6953,0.1491,0.267,0.9753,-0.3765,0.2087,0.9176,0.3718,0.4572,1.1088,0,0,1,0
2019-01-01 07:19:45+05:30,856.0,2,2.2428,213.17,2.692,0,0.2074,0.1373,1.6525,0.7879,-1.0771,0.9865,0.3028,0.4662,1.2513,-0.1255,0.2118,0.9252,0.3238,0.4066,1.1074,0,1,0,0
2019-01-01 07:19:46+05:30,857.0,2,2.2542,214.2,2.705,0,0.2074,0.1567,1.1246,0.9907,-0.4979,0.0225,0.6028,0.6502,0.506,0.3765,0.2293,0.9291,0.2992,0.3806,1.1066,1,0,0,0
2019-01-01 07:19:47+05:30,858.0,2,2.2664,215.3,2.719,0,0.3093,0.2287,0.6707,0.9618,-0.4651,0.1501,0.2431,0.764,-0.4471,0.753,0.2093,0.9061,0.3994,0.4857,1.1052,1,0,0,0
2019-01-01 07:19:48+05:30,859.0,2,2.2794,216.45,2.734,0,0.4112,0.3214,0.5101,0.9074,-0.5313,0.1218,0.144,0.5561,-0.631,0.6275,0.2081,0.883,0.4841,0.5746,1.1038,1,0,0,0
2019-01-01 07:19:49+05:30,860.0,2,2.2931,217.63,2.749,0,0.4791,0.4044,0.5458,0.7915,-0.5343,0.1005,0.103,0.6673,-0.3963,0.502,0.2238,0.8715,0.5172,0.6089,1.1031,1,0,0,0
2019-01-01 07:19:50+05:30,861.0,2,2.3072,218.83,2.764,0,0.547,0.4487,0.4795,0.2627,-0.6856,0.306,0.1012,0.3093,0.0001,0.251,0.2093,0.8638,0.5561,0.6498,1.1017,1,0,0,0
2019-01-01 07:19:51+05:30,862.0,2,2.3214,219.98,2.779,0,0.547,0.4488,0.2117,-0.6139,-0.9842,0.6534,-0.2186,0.0855,0.0223,-0.251,0.2099,0.8792,0.4821,0.5719,1.1003,0,0,1,0
2019-01-01 07:19:52+05:30,863.0,2,2.335,221.09,2.793,0,0.4791,0.3983,-0.0254,-1.092,-1.2106,0.9014,-0.2647,-0.0709,-0.2124,-0.502,0.219,0.8945,0.4095,0.4958,1.0989,0,0,1,0
2019-01-01 07:19:53+05:30,864.0,2,2.3481,222.15,2.807,0,0.4112,0.341,-0.0662,-0.9399,-1.3191,1.0503,-0.2961,0.0746,-0.3963,-0.3765,0.2238,0.9099,0.3368,0.4198,1.0982,0,0,1,0
2019-01-01 07:19:54+05:30,865.0,2,2.3608,223.18,2.82,0,0.3772,0.3074,0.0052,-0.882,-1.4228,1.1212,-0.2983,0.0009,-0.0998,-0.1255,0.222,0.9137,0.3044,0.3855,1.0968,0,1,0,0
2019-01-01 07:19:55+05:30,866.0,2,2.3736,224.23,2.833,0,0.3772,0.2918,0.1199,-1.3021,-1.6462,1.5181,-0.2431,0.0666,0.1603,0.0,0.2093,0.9061,0.3303,0.4127,1.0961,0,1,0,0
2019-01-01 07:19:56+05:30,867.0,2,2.3864,225.29,2.847,0,0.3772,0.2851,0.4055,-1.4688,-2.1027,1.8654,-0.224,-0.0407,0.7073,-0.1255,0.2045,0.9022,0.3459,0.429,1.0947,0,1,0,0
2019-01-01 07:19:57+05:30,868.0,2,2.3989,226.36,2.86,0,0.3433,0.2674,0.7625,-0.8421,-2.6229,2.7018,-0.1948,0.1921,0.3252,-0.3765,0.2154,0.8984,0.3498,0.433,1.0933,0,0,1,0
2019-01-01 07:19:58+05:30,869.0,2,2.4108,227.39,2.874,0,0.2753,0.1887,0.6376,-0.1177,-2.5973,2.4679,-0.1699,0.2057,0.8342,-0.753,0.2021,0.9099,0.2927,0.3727,1.0926,0,0,1,0
2019-01-01 07:19:59+05:30,870.0,2,2.4217,228.26,2.885,0,0.1395,0.0851,-0.2294,0.0381,-1.5801,1.433,-0.3996,0.3154,2.8735,-0.753,0.222,0.9636,0.0591,0.1274,1.0919,0,0,1,0
2019-01-01 07:20:00+05:30,871.0,2,2.4319,229.09,2.895,0,0.0715,0.0221,-1.2392,0.1938,0.0188,-0.5091,-2.4491,-0.1216,3.1779,-0.251,0.2226,0.979,-0.0058,0.0588,1.0905,0,0,1,0
2019-01-01 07:20:01+05:30,872.0,2,2.4422,229.93,2.906,0,0.0715,0.0092,-1.688,0.9618,1.235,0.5045,-1.0959,0.6627,1.3591,0.251,0.2093,0.9713,0.0182,0.0843,1.0898,1,0,0,0
2019-01-01 07:20:02+05:30,873.0,2,2.4531,230.87,2.918,0,0.1395,0.0699,-1.5707,1.8999,1.5032,0.8589,-0.7893,0.6707,0.062,0.753,0.2075,0.9368,0.1632,0.2368,1.0891,1,0,0,0
2019-01-01 07:20:03+05:30,874.0,2,2.465,231.94,2.932,0,0.2753,0.2179,-1.2596,2.2694,1.0408,0.3131,-0.9422,1.235,0.6899,1.2551,0.2269,0.8907,0.3507,0.4334,1.0877,1,0,0,0
2019-01-01 07:20:04+05:30,875.0,2,2.4786,233.14,2.947,0,0.4791,0.3944,-0.7547,1.7514,0.4568,-0.3106,-0.8921,1.5374,0.4045,1.3806,0.216,0.8408,0.5525,0.6445,1.0863,1,0,0,0
2019-01-01 07:20:05+05:30,876.0,2,2.4936,234.44,2.964,0,0.6489,0.557,0.0715,0.4981,0.2822,-0.6225,0.0083,3.2957,0.0588,1.2551,0.2196,0.7986,0.7131,0.8116,1.0849,1,0,0,0
2019-01-01 07:20:06+05:30,877.0,2,2.51,235.84,2.982,0,0.8187,0.7091,0.9002,-0.4799,0.657,-0.0058,0.7901,-0.2705,0.5393,-6.7773,0.2154,0.764,0.8559,0.9598,1.0835,0,0,1,0
2019-01-01 07:20:12+05:30,882.0,2,2.51,236.41,2.989,1,-1.1851,-1.1517,1.4867,-0.0742,1.1921,0.3415,0.3591,0.3078,0.2158,-5.8987,-0.9559,1.217,-1.0686,-1.0705,1.0828,0,0,0,1
2019-01-01 07:20:13+05:30,883.0,2,2.5133,237.14,2.998,0,-0.7776,-0.7738,2.0146,1.2407,1.2934,0.8235,0.6364,0.5255,0.2158,3.1376,0.2136,1.002,-0.1573,-0.1013,1.0821,1,0,0,0
2019-01-01 07:20:14+05:30,884.0,2,2.5203,238.12,3.011,0,-0.336,-0.3648,2.2237,1.9651,0.8173,0.143,0.9591,1.2384,0.8405,3.3886,0.213,0.9099,0.2239,0.2997,1.0814,1,0,0,0
2019-01-01 07:20:15+05:30,885.0,2,2.5311,239.46,3.028,0,0.1395,0.0669,1.6933,1.487,0.2375,-0.0129,2.2513,0.9341,0.3426,3.5141,0.2045,0.7794,0.7654,0.8652,1.08,1,0,0,0
2019-01-01 07:20:16+05:30,886.0,2,2.5458,240.98,3.047,0,0.615,0.5157,1.2725,0.1902,0.0146,-0.4665,1.0048,0.6072,-0.2806,3.6397,0.2124,0.7103,1.0408,1.151,1.0779,1,0,0,0
2019-01-01 07:20:17+05:30,887.0,2,2.5647,242.86,3.072,0,1.1244,0.9846,1.9738,-1.2949,0.0933,0.1005,2.188,-0.4387,-0.4043,2.3846,0.2111,0.576,1.5959,1.7231,1.0765,1,0,0,0
2019-01-01 07:20:18+05:30,888.0,2,2.5847,244.64,3.095,0,1.2603,1.1019,2.6138,-2.0157,0.1677,-0.0909,1.6407,-1.073,-0.5375,0.753,0.2069,0.6143,1.4359,1.5587,1.0744,1,0,0,0
2019-01-01 07:20:19+05:30,889.0,2,2.6053,246.48,3.118,0,1.3282,1.1826,1.4408,-1.3601,0.1499,0.0084,2.0779,-0.5835,-0.566,0.6275,0.216,0.5836,1.5388,1.6638,1.0723,1,0,0,0
2019-01-01 07:20:20+05:30,890.0,2,2.6267,248.2,3.141,0,1.4301,1.2559,-0.566,-0.0633,0.1225,-0.4169,-3.1124,0.267,-0.5945,0.6275,0.2057,0.6259,1.3581,1.4778,1.0709,1,0,0,0
2019-01-01 07:20:21+05:30,891.0,2,2.6486,249.96,3.163,0,1.498,1.3155,-1.1525,0.6502,0.0694,-0.6012,-1.1848,1.4073,-0.3725,0.3765,0.2039,0.6105,1.4015,1.5222,1.0688,1,0,0,0
2019-01-01 07:20:22+05:30,892.0,2,2.6708,251.7,3.186,0,1.532,1.3456,-0.515,0.5524,-0.0569,-0.3886,-1.4127,0.7769,-0.3551,0.0,0.2033,0.6105,1.3944,1.5147,1.0666,0,1,0,0
2019-01-01 07:20:23+05:30,893.0,2,2.6928,253.45,3.208,0,1.498,1.3259,-0.3008,0.1794,-0.1552,-0.3744,0.0108,0.3792,-0.5295,-0.251,0.2087,0.6105,1.3827,1.5024,1.0652,0,0,1,0
2019-01-01 07:20:24+05:30,894.0,2,2.7144,255.15,3.23,0,1.4641,1.2891,-0.6349,0.0598,-0.1415,-0.2964,-1.2016,0.267,-0.5295,-0.3765,0.2063,0.622,1.3243,1.4421,1.0631,0,0,1,0
2019-01-01 07:20:25+05:30,895.0,2,2.7356,256.81,3.251,0,1.3961,1.2287,-0.7343,0.538,-0.1123,-0.4311,-0.9067,0.7051,-0.5121,-0.502,0.2075,0.6335,1.2594,1.3749,1.061,0,0,1,0
2019-01-01 07:20:26+05:30,896.0,2,2.7561,258.43,3.272,0,1.3282,1.1754,-0.6859,1.353,-0.1463,-0.2468,-0.9129,1.3722,-0.5295,-0.3765,0.2124,0.6489,1.1946,1.308,1.0596,0,0,1,0
2019-01-01 07:20:27+05:30,897.0,2,2.7764,260.02,3.293,0,1.2942,1.1404,-0.8695,1.6934,-0.1255,-0.2681,-1.0556,1.6693,-0.4154,-9.2874,0.2105,0.6527,1.1621,1.2742,1.0582,0,0,1,0
2019-01-01 07:20:31+05:30,901.0,2,2.7764,260.11,3.294,1,-1.1851,-1.1517,-1.0123,1.3022,0.0277,-0.3815,-1.6128,1.6152,-0.233,-9.1619,-0.9559,1.2131,-1.2061,-1.2182,1.0575,0,0,0,1
2019-01-01 07:20:34+05:30,904.0,2,2.7764,260.18,3.295,1,-1.1851,-1.1517,-0.8414,0.7046,0.1749,-0.58,-2.3112,1.6455,-0.3551,0.0,-0.9559,1.2131,-1.2061,-1.2182,1.0575,0,0,0,1
2019-01-01 07:20:38+05:30,908.0,2,2.7764,260.26,3.296,1,-1.1851,-1.1517,-0.6094,0.2989,0.2184,-0.6721,-2.8479,1.091,-0.658,0.0,-0.9559,1.2131,-1.2061,-1.2182,1.0575,0,0,0,1
2019-01-01 07:20:42+05:30,912.0,2,2.7764,260.35,3.297,1,-1.1851,-1.1517,-0.4462,0.02,0.2148,-0.7359,-3.0619,-0.3359,-0.4471,0.0,-0.9559,1.2131,-1.2061,-1.2182,1.0575,0,0,0,1
2019-01-01 07:20:45+05:30,915.0,2,2.7764,260.42,3.298,1,-1.1851,-1.1517,-0.0892,-0.1104,0.0539,-0.6154,-0.175,-0.1949,0.4156,8.1578,-0.9559,1.2131,-1.2061,-1.2182,1.0575,0,0,0,1
2019-01-01 07:20:49+05:30,919.0,2,2.8486,268.85,3.407,0,1.0225,0.9015,0.4412,0.1794,-0.5497,0.143,0.1491,0.3002,1.4178,7.7813,0.2172,0.4608,1.9524,2.0841,1.0484,1,0,0,0
2019-01-01 07:20:50+05:30,920.0,2,2.8658,270.26,3.425,0,0.9206,0.7933,0.5789,0.7372,-1.4973,1.2346,-0.1538,0.3962,1.5367,-0.8785,0.2093,0.7141,0.8753,0.9769,1.047,0,0,1,0
2019-01-01 07:20:51+05:30,921.0,2,2.8819,271.56,3.442,0,0.7848,0.6607,0.0766,0.8531,-2.17,2.078,-0.2647,0.3902,0.387,-1.004,0.2045,0.7487,0.7196,0.8151,1.0456,0,0,1,0
2019-01-01 07:20:52+05:30,922.0,2,2.8969,272.76,3.457,0,0.6489,0.5508,-0.3365,0.4438,-2.1271,1.9788,-0.3905,0.3225,0.2586,-0.6275,0.2154,0.7871,0.5457,0.6339,1.0442,0,0,1,0
2019-01-01 07:20:53+05:30,923.0,2,2.9117,273.96,3.473,0,0.615,0.5039,0.2245,0.317,-1.5854,1.3267,-0.2328,0.2889,0.7692,-0.251,0.2045,0.7832,0.5574,0.6458,1.0428,0,0,1,0
2019-01-01 07:20:54+05:30,924.0,2,2.9261,275.22,3.489,0,0.581,0.4978,1.3286,0.5923,-1.0342,0.7739,0.2563,0.4344,0.3585,0.1255,0.222,0.7564,0.6593,0.7518,1.0421,0,1,0,0
2019-01-01 07:20:55+05:30,925.0,2,2.9411,276.58,3.506,0,0.6489,0.5339,1.6117,0.4329,-0.7881,0.5399,0.4872,0.3826,-0.2108,0.502,0.2033,0.7218,0.7946,0.892,1.04,1,0,0,0
2019-01-01 07:20:56+05:30,926.0,2,2.9567,277.93,3.524,0,0.7169,0.6171,0.6682,-0.2662,-0.8114,0.3415,0.0855,0.0897,-0.4629,0.753,0.2172,0.7218,0.7971,0.8947,1.0386,1,0,0,0
2019-01-01 07:20:57+05:30,927.0,2,2.9733,279.33,3.542,0,0.8527,0.7362,-0.5737,-0.7624,-0.5783,0.2777,-0.4929,-0.0233,1.1228,1.004,0.213,0.7026,0.8572,0.9567,1.0372,1,0,0,0
2019-01-01 07:20:58+05:30,928.0,2,2.9911,280.73,3.56,0,0.9886,0.8516,-1.3463,-0.8494,0.4139,-0.2752,-1.9494,-0.6576,2.523,-2.0081,0.2069,0.6988,0.8701,0.9703,1.0358,0,0,1,0
2019-01-01 07:21:17+05:30,933.0,2,3.0522,285.62,3.622,0,0.3093,0.2465,-1.7339,-0.7624,1.7243,1.0432,-0.7607,0.1245,1.8998,-2.7611,0.2244,0.8523,0.2213,0.294,1.0309,0,0,1,0
2019-01-01 07:21:18+05:30,934.0,2,3.0639,286.56,3.634,0,0.2414,0.1861,-1.762,-0.2952,2.3411,1.8158,-0.7381,0.1487,0.192,-0.1255,0.2275,0.8638,0.1564,0.2259,1.0295,0,1,0,0
2019-01-01 07:21:19+05:30,935.0,2,3.0758,287.54,3.647,0,0.2753,0.1965,-1.1882,0.7589,2.0395,1.4614,-0.5983,0.4726,0.5329,0.3765,0.2087,0.8446,0.2281,0.301,1.0288,1,0,0,0
2019-01-01 07:21:20+05:30,936.0,2,3.0883,288.6,3.66,0,0.3433,0.265,-0.385,1.7985,1.5509,0.7455,-0.3528,0.6,0.3062,0.753,0.2136,0.8139,0.3514,0.4299,1.0273,1,0,0,0
2019-01-01 07:21:21+05:30,937.0,2,3.1019,289.79,3.676,0,0.4791,0.3924,-0.0611,1.8673,1.3542,0.7313,-0.3821,0.9572,-0.2742,1.2551,0.2148,0.7679,0.5402,0.6269,1.0266,1,0,0,0
2019-01-01 07:21:22+05:30,938.0,2,3.1172,291.14,3.693,0,0.6829,0.5792,-0.3493,0.7625,1.1903,0.3982,-0.265,0.228,0.2316,1.6316,0.213,0.7065,0.7958,0.8925,1.0252,1,0,0,0
2019-01-01 07:21:23+05:30,939.0,2,3.1344,292.63,3.712,0,0.9206,0.7924,-0.9077,-0.5668,0.8209,-0.0696,-1.2019,0.4167,0.2808,1.6316,0.2087,0.6527,1.0015,1.1049,1.0231,1,0,0,0
2019-01-01 07:21:24+05:30,940.0,2,3.1533,294.23,3.733,0,1.1244,0.9728,-1.3055,-0.8675,0.4222,-0.2326,-1.0966,-1.3587,0.1619,1.3806,0.2045,0.6143,1.1657,1.2746,1.0217,1,0,0,0
2019-01-01 07:21:25+05:30,941.0,2,3.1736,295.92,3.755,0,1.2942,1.1252,-1.0607,-0.0199,0.2148,-0.4169,-2.7147,1.1212,-0.168,1.1295,0.2027,0.576,1.3062,1.4188,1.0196,1,0,0,0
2019-01-01 07:21:26+05:30,942.0,2,3.195,297.7,3.778,0,1.4301,1.2618,-0.1733,0.9038,0.2053,-0.6721,1.5756,1.2259,-0.5168,-4.3927,0.2081,0.5376,1.4538,1.5701,1.0182,0,0,1,0
2019-01-01 07:21:27+05:30,943.0,2,3.2056,298.59,3.789,0,0.1055,1.382,0.5254,1.3348,0.2315,-0.4382,0.6745,2.5976,-0.5787,-9.6639,1.5209,0.86,0.0863,0.1515,1.0168,0,0,1,0
2019-01-01 07:21:36+05:30,948.0,2,3.2056,298.7,3.79,1,-1.1851,-1.1517,0.3902,1.5486,0.1892,-0.4453,1.0718,2.1879,-0.5787,-2.5101,-0.9559,1.1671,-1.2061,-1.2182,1.0168,0,0,0,1
2019-01-01 07:21:37+05:30,949.0,2,3.2106,299.5,3.801,0,-0.5738,-0.566,-0.1631,1.3856,0.1552,-0.5445,-0.5387,3.1774,-0.6025,4.6437,0.2529,0.8907,-0.0467,0.0117,1.0161,1,0,0,0
2019-01-01 07:21:38+05:30,950.0,2,3.2208,300.69,3.816,0,0.0715,0.0032,-0.3595,0.3641,0.1654,-0.6437,-0.3528,2.5171,-0.6025,4.5182,0.2033,0.7487,0.5519,0.6379,1.0147,1,0,0,0
2019-01-01 07:21:39+05:30,951.0,2,3.2358,302.23,3.836,0,0.6489,0.5531,-0.1274,-0.8892,0.1612,-0.502,-0.3528,-2.9727,-0.3821,4.2672,0.2166,0.622,1.0794,1.1845,1.0133,1,0,0,0
2019-01-01 07:21:40+05:30,952.0,2,3.2556,304.12,3.86,0,1.2263,1.0742,-0.0356,-1.1283,0.3125,-0.5587,0.3116,-1.1909,-0.011,2.3846,0.2087,0.4877,1.6221,1.7416,1.0112,1,0,0,0
2019-01-01 07:21:41+05:30,953.0,2,3.2758,305.83,3.882,0,1.2942,1.5545,-0.3442,-0.5451,0.7887,-0.1901,-0.4278,-0.6092,0.5472,0.502,0.4209,0.5529,1.3341,1.4461,1.0091,1,0,0,0
2019-01-01 07:21:42+05:30,954.0,2,3.2967,307.46,3.903,0,1.3622,1.419,-0.5609,-0.4799,1.0682,0.4478,-0.5581,0.3044,0.5186,0.502,0.3169,0.576,1.227,1.3357,1.0077,1,0,0,0
2019-01-01 07:21:43+05:30,955.0,2,3.3181,309.14,3.925,0,1.4301,1.2519,-0.3136,-1.15,0.4901,-0.3673,-0.3528,-2.1143,1.4844,-9.4129,0.2033,0.5606,1.2919,1.4026,1.0056,0,0,1,0
2019-01-01 07:21:49+05:30,960.0,2,3.3181,309.25,3.926,1,-1.1851,-1.1517,-0.0254,-1.4253,-0.4717,-0.0696,-0.2072,-0.3197,0.8992,-8.1578,-0.9559,1.1517,-1.2061,-1.2182,1.0056,0,0,0,1
2019-01-01 07:21:50+05:30,961.0,2,3.3214,309.82,3.934,0,-0.7776,-0.7584,-0.0764,-0.7697,-0.6975,0.4195,-0.2668,-0.1552,0.1555,3.2631,0.2613,0.956,-0.3912,-0.352,1.0049,1,0,0,0
2019-01-01 07:21:51+05:30,962.0,2,3.3286,310.68,3.945,0,-0.3021,-0.3342,-0.1198,-0.0126,-0.2125,-0.3106,-0.2592,0.267,0.3284,3.3886,0.2118,0.8485,0.0558,0.1186,1.0042,1,0,0,0
2019-01-01 07:21:52+05:30,963.0,2,3.3394,311.83,3.959,0,0.1395,0.0654,0.1148,-0.2879,-0.2059,-0.3957,0.1473,-0.0093,0.9658,3.0121,0.2033,0.7487,0.4743,0.5561,1.0028,1,0,0,0
2019-01-01 07:21:53+05:30,964.0,2,3.3533,313.21,3.977,0,0.5131,0.431,0.4183,-1.4796,-1.0956,0.944,-0.0945,-0.1798,1.6683,2.7611,0.2196,0.6604,0.8387,0.9343,1.0014,1,0,0,0
2019-01-01 07:21:54+05:30,965.0,2,3.3703,314.67,3.996,0,0.8867,0.757,0.6248,-2.1135,-1.9037,1.6811,-0.19,-0.0641,0.3617,1.004,0.2063,0.6297,0.9616,1.0613,1.0,1,0,0,0
2019-01-01 07:21:55+05:30,966.0,2,3.3864,316.0,4.013,0,0.7848,0.6689,0.5177,-1.1754,-1.8661,1.7449,-0.1589,0.0054,-0.057,-0.753,0.2099,0.6719,0.7611,0.8533,0.9986,0,0,1,0
2019-01-01 07:21:56+05:30,967.0,2,3.4017,317.22,4.029,0,0.6829,0.5853,-0.1121,0.375,-1.48,1.2204,-0.3009,0.3664,-0.057,-0.502,0.2172,0.7103,0.5963,0.6823,0.9972,0,0,1,0
2019-01-01 07:21:57+05:30,968.0,2,3.4167,318.41,4.044,0,0.6489,0.536,-0.5533,0.8821,-1.6027,1.2984,-0.4739,0.4363,0.5805,-0.3765,0.2051,0.7218,0.5457,0.6295,0.9958,0,0,1,0
2019-01-01 07:21:58+05:30,969.0,2,3.4311,319.59,4.059,0,0.581,0.4997,0.1888,0.2699,-2.229,2.2127,-0.2687,0.267,0.6725,-0.251,0.2238,0.7257,0.525,0.608,0.9944,0,0,1,0
2019-01-01 07:21:59+05:30,970.0,2,3.4456,320.86,4.076,0,0.581,0.4816,1.5326,-0.4364,-2.5556,2.4466,-0.0159,0.2193,-0.038,-0.3765,0.2105,0.6873,0.6703,0.7588,0.9937,0,0,1,0
2019-01-01 07:22:00+05:30,971.0,2,3.4592,322.07,4.091,0,0.4791,0.3933,1.91,-0.9834,-1.9543,1.9221,0.0723,0.0799,2.0536,-0.753,0.2154,0.7065,0.5834,0.6682,0.9923,0,0,1,0
2019-01-01 07:22:01+05:30,972.0,2,3.4719,323.19,4.106,0,0.3772,0.3066,0.9869,-1.418,-0.5724,0.221,0.5633,-0.3049,3.1177,-0.502,0.2214,0.7372,0.4419,0.5209,0.9909,0,0,1,0
2019-01-01 07:22:02+05:30,973.0,2,3.4844,324.19,4.118,0,0.3433,0.2585,-0.0943,-1.121,0.8447,0.0013,-0.5983,-0.5294,2.1567,-0.1255,0.2081,0.7794,0.2537,0.3248,0.9894,0,1,0,0
2019-01-01 07:22:03+05:30,974.0,2,3.4969,325.23,4.132,0,0.3433,0.2717,-0.436,0.1214,1.5395,0.8235,-0.2328,0.3335,0.3521,0.251,0.219,0.7602,0.3264,0.4004,0.9887,1,0,0,0
2019-01-01 07:22:04+05:30,975.0,2,3.51,326.36,4.146,0,0.4112,0.3366,-0.1784,1.3167,1.3375,0.5825,-0.5376,0.6049,0.4917,1.004,0.2202,0.7333,0.4426,0.5214,0.9873,1,0,0,0
2019-01-01 07:22:05+05:30,976.0,2,3.5247,327.69,4.163,0,0.615,0.5206,0.1709,1.3566,0.7178,-0.0838,0.2914,1.0948,0.9515,1.5061,0.216,0.6527,0.7696,0.8608,0.9859,1,0,0,0
2019-01-01 07:22:06+05:30,977.0,2,3.5411,329.11,4.182,0,0.8187,0.6944,0.2984,0.2228,0.1814,-0.6508,1.2664,0.6174,0.4663,1.2551,0.2063,0.6182,0.9016,0.9971,0.9845,1,0,0,0
2019-01-01 07:22:07+05:30,978.0,2,3.5586,330.61,4.201,0,0.9546,0.8417,0.2168,-0.9399,-0.2065,-0.3602,0.3566,-0.7396,0.3173,1.004,0.2196,0.5913,1.0135,1.1128,0.9831,1,0,0,0
2019-01-01 07:22:08+05:30,979.0,2,3.5772,332.14,4.221,0,1.0905,0.9434,0.0256,-0.8675,-0.4592,0.1856,-0.1995,-0.2123,0.0049,0.6275,0.2057,0.576,1.0671,1.1678,0.981,1,0,0,0
2019-01-01 07:22:09+05:30,980.0,2,3.5961,333.64,4.24,0,1.1244,0.9896,-0.2422,0.2916,-0.4002,-0.1901,-0.3528,0.5266,-0.0173,0.1255,0.2136,0.5836,1.0265,1.126,0.9796,0,1,0,0
2019-01-01 07:22:10+05:30,981.0,2,3.615,335.12,4.259,0,1.1244,0.9964,-0.3875,1.0559,-0.0235,-0.3744,-0.6056,1.1469,0.3854,-0.1255,0.2172,0.5875,0.9999,1.0983,0.9782,0,1,0,0
2019-01-01 07:22:11+05:30,982.0,2,3.6336,336.59,4.278,0,1.0905,0.9515,-0.1886,0.4402,0.3894,-0.4665,-0.2595,0.902,0.3077,-0.251,0.2099,0.5913,0.9727,1.0697,0.9768,0,0,1,0
2019-01-01 07:22:12+05:30,983.0,2,3.6519,338.06,4.297,0,1.0565,0.906,0.1505,-0.9146,0.604,-0.2964,0.1081,-0.7112,-0.5026,-0.251,0.2021,0.5875,0.974,1.071,0.9747,0,0,1,0
2019-01-01 07:22:13+05:30,984.0,2,3.67,339.52,4.316,0,1.0225,0.8875,0.3163,-1.6499,0.5628,-0.2256,0.2362,-1.1062,-0.3186,0.0,0.2093,0.5875,0.9642,1.0609,0.9733,0,1,0,0
2019-01-01 07:22:14+05:30,985.0,2,3.6883,341.03,4.336,0,1.0565,0.9153,0.3545,-1.2913,0.3,-0.4169,0.6163,-1.6562,0.2031,0.3765,0.2075,0.5683,1.0388,1.1374,0.9719,1,0,0,0
2019-01-01 07:22:15+05:30,986.0,2,3.7072,342.6,4.356,0,1.1244,0.9764,0.3673,-0.4618,-0.0224,-0.4169,0.474,-0.1518,0.0493,0.6275,0.2063,0.5414,1.1345,1.2359,0.9705,1,0,0,0
2019-01-01 07:22:16+05:30,987.0,2,3.7269,344.26,4.377,0,1.2263,1.0812,0.301,0.0598,-0.1904,-0.3035,0.6075,-0.0536,-0.4978,0.753,0.2124,0.5069,1.2672,1.3718,0.9684,1,0,0,0
2019-01-01 07:22:17+05:30,988.0,2,3.7475,345.93,4.399,0,1.3282,1.1615,0.3749,-0.0959,-0.1773,-0.3035,-0.044,0.49,-0.5232,0.6275,0.2051,0.4992,1.289,1.3938,0.9663,1,0,0,0
2019-01-01 07:22:18+05:30,989.0,2,3.7686,347.73,4.422,0,1.3961,1.2184,0.9563,-0.6574,-0.1064,-0.1688,1.3462,-0.5763,-0.4629,0.3765,0.2021,0.4531,1.4765,1.5859,0.9649,1,0,0,0
2019-01-01 07:22:19+05:30,990.0,2,3.79,349.53,4.446,0,1.4301,1.2687,1.8208,-0.6755,-0.0373,-0.2397,1.6586,-0.0154,-0.4709,0.251,0.2118,0.4455,1.4979,1.6075,0.9628,1,0,0,0
2019-01-01 07:22:20+05:30,991.0,2,3.8117,351.43,4.47,0,1.4641,1.3036,2.0962,0.5126,0.0271,-0.0058,2.4185,0.3259,-0.4899,0.251,0.213,0.4109,1.6319,1.7442,0.9607,1,0,0,0
2019-01-01 07:22:21+05:30,992.0,2,3.8336,353.24,4.494,0,1.498,1.3287,1.2929,2.1317,0.0795,-0.2114,1.0334,2.0613,-0.5787,0.251,0.2105,0.4378,1.5141,1.6238,0.9586,1,0,0,0
2019-01-01 07:22:22+05:30,993.0,2,3.8558,355.02,4.517,0,1.532,1.3589,0.0307,2.6678,0.095,-0.2468,0.0072,3.0512,-0.5549,0.1255,0.2099,0.4493,1.4551,1.5631,0.9572,0,1,0,0
2019-01-01 07:22:23+05:30,994.0,2,3.8781,356.78,4.54,0,1.532,1.3933,-0.7216,2.0665,0.0372,-0.339,-0.9235,2.4196,-0.4978,0.0,0.2257,0.457,1.4158,1.5226,0.9551,0,1,0,0
2019-01-01 07:22:24+05:30,995.0,2,3.9003,358.52,4.562,0,1.532,1.4123,-0.6094,1.5956,-0.0516,-0.3886,-1.1182,1.8296,-0.4709,0.0,0.2347,0.457,1.3963,1.5024,0.953,0,1,0,0
2019-01-01 07:22:25+05:30,996.0,2,3.9225,360.29,4.585,0,1.532,1.4079,0.176,1.4906,-0.0486,-0.2468,0.2881,1.8118,-0.3725,0.0,0.2323,0.4416,1.4489,1.556,0.9516,0,1,0,0
2019-01-01 07:22:26+05:30,997.0,2,3.9447,362.11,4.609,0,1.532,1.391,1.1654,0.8966,0.0331,-0.4311,2.1584,0.5682,-0.3694,0.0,0.2244,0.4263,1.5112,1.6194,0.9494,0,1,0,0
2019-01-01 07:22:27+05:30,998.0,2,3.9669,363.98,4.633,0,1.532,1.3484,1.6933,-0.2952,0.0247,-0.1334,1.986,0.431,-0.4598,-0.3765,0.2051,0.4032,1.6046,1.7148,0.9473,0,0,1,0
2019-01-01 07:22:28+05:30,999.0,2,3.9883,365.74,4.656,0,1.4301,1.2575,1.2266,-1.1862,-0.0682,-0.2043,1.0272,-1.2612,-0.631,-0.8785,0.2063,0.4416,1.4217,1.5275,0.9452,0,0,1,0
2019-01-01 07:22:29+05:30,1000.0,2,4.0086,367.36,4.677,0,1.2942,1.148,0.1174,-1.1717,0.0247,-0.4453,0.6961,-0.6651,0.2031,-0.8785,0.2142,0.4877,1.2218,1.3225,0.9438,0,0,1,0
2019-01-01 07:22:30+05:30,1001.0,2,4.0281,368.89,4.697,0,1.1924,1.0387,-0.4462,-0.632,0.545,-0.3106,-0.9839,-0.7313,1.5763,-1.004,0.2063,0.5222,1.0648,1.1612,0.9417,0,0,1,0
2019-01-01 07:22:31+05:30,1002.0,2,4.0461,370.35,4.715,0,1.0225,0.8876,0.0791,-0.1974,1.5395,0.9227,-0.1527,0.2488,1.8586,-1.2551,0.2093,0.5453,0.9623,1.0552,0.9403,0,0,1,0
2019-01-01 07:22:32+05:30,1003.0,2,4.0628,371.71,4.733,0,0.8527,0.7212,0.7702,0.0055,2.6468,1.8654,-0.1845,0.2379,1.3797,-1.2551,0.2033,0.5798,0.8182,0.907,0.9389,0,0,1,0
2019-01-01 07:22:33+05:30,1004.0,2,4.0781,372.99,4.75,0,0.6829,0.5791,0.6274,0.2264,2.8816,2.7514,-0.1721,0.2885,1.8998,-1.1295,0.213,0.6067,0.6898,0.7738,0.9375,0,0,1,0
2019-01-01 07:22:34+05:30,1005.0,2,4.0922,374.13,4.764,0,0.547,0.4483,0.1301,0.4076,1.5086,0.4691,-0.2701,0.3524,4.2594,-1.004,0.2093,0.6604,0.4666,0.5425,0.9368,0,0,1,0
2019-01-01 07:22:35+05:30,1006.0,2,4.1053,375.21,4.778,0,0.4112,0.3345,0.3775,-0.0996,-0.7387,0.1076,0.1001,0.2156,4.3387,-0.8785,0.2184,0.6758,0.3887,0.4611,0.9354,0,0,1,0
2019-01-01 07:22:36+05:30,1007.0,2,4.1175,376.27,4.792,0,0.3093,0.2502,1.1093,-1.4615,-2.2976,2.4608,-0.1234,0.0632,2.255,-0.502,0.2275,0.6834,0.3511,0.422,0.934,0,0,1,0
2019-01-01 07:22:37+05:30,1008.0,2,4.1294,377.32,4.805,0,0.2753,0.2111,1.1501,-2.6242,-2.4942,2.3261,-0.0653,-0.1148,0.1492,-0.1255,0.2214,0.6834,0.3446,0.4154,0.9333,0,1,0,0
2019-01-01 07:22:38+05:30,1009.0,2,4.1414,378.32,4.818,0,0.2753,0.2098,0.505,-2.5409,-1.8453,1.7874,-0.2197,-0.1537,1.1196,0.1255,0.2202,0.7026,0.268,0.3358,0.9319,0,1,0,0
2019-01-01 07:22:39+05:30,1010.0,2,4.1536,379.36,4.832,0,0.3093,0.2504,0.1684,-1.5267,-1.0473,0.7313,-0.186,-0.2127,1.2972,0.502,0.2275,0.6873,0.3251,0.3951,0.9312,1,0,0,0
2019-01-01 07:22:40+05:30,1011.0,2,4.1667,380.5,4.846,0,0.4112,0.3294,0.2398,-0.7045,-0.449,0.0225,0.0181,-0.1163,0.5155,0.8785,0.2148,0.6527,0.4714,0.5469,0.9298,1,0,0,0
2019-01-01 07:22:41+05:30,1012.0,2,4.1808,381.76,4.862,0,0.547,0.4526,0.4157,-0.5306,-0.1862,-0.2823,0.4696,-0.2596,-0.2282,1.1295,0.2124,0.6067,0.6521,0.7342,0.9284,1,0,0,0
2019-01-01 07:22:42+05:30,1013.0,2,4.1964,383.16,4.881,0,0.7169,0.5976,1.1042,-0.469,-0.1588,-0.2185,0.9554,-0.1942,-0.631,1.2551,0.2045,0.5491,0.8818,0.9712,0.927,1,0,0,0
2019-01-01 07:22:43+05:30,1014.0,2,4.2133,384.76,4.901,0,0.8867,0.7519,2.1548,-0.1611,-0.1433,0.0225,1.7724,0.1343,-0.5771,1.1295,0.2033,0.48,1.1738,1.2715,0.9249,1,0,0,0
2019-01-01 07:22:44+05:30,1015.0,2,4.2314,386.43,4.923,0,1.0225,0.8969,2.1956,0.0345,-0.1338,0.0013,1.8902,0.3256,-0.4534,1.004,0.2148,0.4493,1.2886,1.3889,0.9235,1,0,0,0
2019-01-01 07:22:45+05:30,1016.0,2,4.2506,388.06,4.944,0,1.1584,1.0212,0.8033,-0.0814,-0.2554,-0.1688,0.5647,-0.0566,-0.1632,1.004,0.2136,0.4608,1.2426,1.3419,0.9214,1,0,0,0
2019-01-01 07:22:46+05:30,1017.0,2,4.2708,389.69,4.965,0,1.2942,1.1257,-0.5074,-0.3821,-0.4627,0.0296,-0.4801,0.2107,-0.149,0.6275,0.2027,0.4608,1.2231,1.3217,0.92,1,0,0,0
2019-01-01 07:22:47+05:30,1018.0,2,4.2914,391.31,4.986,0,1.3282,1.1435,-0.5074,-0.9544,-0.6689,0.2706,-0.5932,-0.3238,-0.03,0.1255,0.196,0.4646,1.2124,1.3107,0.9179,0,1,0,0
2019-01-01 07:22:48+05:30,1019.0,2,4.3119,392.95,5.007,0,1.3282,1.1613,0.0893,-1.5774,-0.9222,0.6108,-0.1395,-0.0978,0.1428,-0.1255,0.2051,0.4531,1.2465,1.3454,0.9165,0,1,0,0
2019-01-01 07:22:49+05:30,1020.0,2,4.3322,394.62,5.029,0,1.2942,1.1278,0.0587,-1.3492,-1.266,0.9794,-0.2939,-0.1979,0.2729,-0.251,0.2039,0.4416,1.2847,1.3845,0.9144,0,0,1,0
2019-01-01 07:22:50+05:30,1021.0,2,4.3522,396.34,5.051,0,1.2603,1.3709,-0.5023,0.0019,-1.6224,1.4118,-0.4205,0.3157,0.1777,-0.251,0.3453,0.4186,1.372,1.4734,0.913,0,0,1,0
2019-01-01 07:22:51+05:30,1022.0,2,4.3719,397.94,5.072,0,1.2263,1.614,-0.6196,1.4182,-1.8727,1.6882,-0.4311,0.4722,-0.3186,-0.251,0.491,0.4608,1.1897,1.2865,0.9108,0,0,1,0
2019-01-01 07:22:52+05:30,1023.0,2,4.3914,399.47,5.092,0,1.1924,1.5563,-0.1045,1.9868,-1.8816,1.7024,-0.3528,0.5951,-0.1632,-0.3765,0.4807,0.4877,1.0648,1.1581,0.9094,0,0,1,0
2019-01-01 07:22:53+05:30,1024.0,2,4.4103,400.98,5.111,0,1.1244,1.5376,0.1582,1.8057,-1.4949,1.3196,-0.2116,0.6106,0.9293,-0.3765,0.5127,0.4877,1.0518,1.1444,0.908,0,0,1,0
2019-01-01 07:22:54+05:30,1025.0,2,4.4289,402.45,5.13,0,1.0905,1.555,-0.1861,1.266,-0.7816,0.3273,-0.3126,0.727,0.9436,-0.251,0.5448,0.5069,0.9753,1.0662,0.9059,0,0,1,0
2019-01-01 07:22:55+05:30,1026.0,2,4.4472,403.89,5.149,0,1.0565,1.3048,-0.0764,0.8603,-0.2434,-0.0767,-0.3528,0.7712,0.1603,0.3765,0.4263,0.5145,0.935,1.0244,0.9045,1,0,0,0
2019-01-01 07:22:56+05:30,1027.0,2,4.4667,405.49,5.17,0,1.1924,1.0546,0.9665,1.0994,-0.3066,-0.261,1.2009,0.9201,0.3854,0.8785,0.2148,0.4493,1.1946,1.2909,0.9031,1,0,0,0
2019-01-01 07:22:57+05:30,1028.0,2,4.4869,407.23,5.192,0,1.2942,1.141,1.5377,1.7405,-0.6379,0.6463,0.4228,0.8646,0.3854,0.3765,0.2105,0.3994,1.4002,1.5011,0.901,1,0,0,0
2019-01-01 07:22:58+05:30,1029.0,2,4.5072,408.87,5.214,0,1.2942,1.152,0.686,1.8637,-0.7351,0.221,0.095,0.8555,-0.1125,-0.1255,0.216,0.4339,1.24,1.337,0.8996,0,1,0,0
2019-01-01 07:22:59+05:30,1030.0,2,4.5272,410.43,5.234,0,1.2603,1.118,-0.464,0.8821,-0.9323,0.6534,-0.3839,0.6211,0.904,-0.3765,0.2148,0.4608,1.1297,1.224,0.8975,0,0,1,0
2019-01-01 07:23:00+05:30,1031.0,2,4.5467,411.96,5.254,0,1.1924,1.0305,-0.668,-0.882,-1.7595,1.5535,-0.5116,0.0236,1.6715,-1.004,0.2021,0.4723,1.0648,1.1568,0.8961,0,0,1,0
2019-01-01 07:23:01+05:30,1032.0,2,4.5644,413.36,5.272,0,0.9886,0.8521,-0.3085,-2.1932,-2.7695,2.7301,-0.3316,0.0349,1.3591,-1.3806,0.2069,0.5145,0.8831,0.9699,0.8947,0,0,1,0
2019-01-01 07:23:02+05:30,1033.0,2,4.5808,414.65,5.289,0,0.8187,0.6907,-0.1835,-1.9759,-3.1265,3.3326,-0.3601,0.0167,0.0382,-1.1295,0.2039,0.5568,0.7079,0.7896,0.8933,0,0,1,0
2019-01-01 07:23:03+05:30,1034.0,2,4.5961,415.87,5.304,0,0.6829,0.5901,-0.0229,-0.8711,-2.9519,2.8506,-0.3203,0.1827,-0.1125,-0.753,0.2202,0.5798,0.5989,0.6766,0.8919,0,0,1,0
2019-01-01 07:23:04+05:30,1035.0,2,4.6108,417.09,5.32,0,0.615,0.5184,0.6401,-0.5994,-2.9215,2.9357,-0.2127,0.1842,-0.4661,-0.502,0.2142,0.576,0.6041,0.6819,0.8905,0,0,1,0
2019-01-01 07:23:05+05:30,1036.0,2,4.625,418.3,5.336,0,0.547,0.4636,1.1884,-1.2406,-2.8941,3.0491,-0.1395,0.1188,0.6931,-0.1255,0.2202,0.5798,0.5911,0.6682,0.8891,0,1,0,0
2019-01-01 07:23:06+05:30,1037.0,2,4.6394,419.54,5.352,0,0.581,0.4786,0.811,-1.2768,-2.1992,1.9575,-0.1198,0.0428,2.0172,0.251,0.2087,0.5721,0.6181,0.6959,0.8877,1,0,0,0
2019-01-01 07:23:07+05:30,1038.0,2,4.6542,420.73,5.367,0,0.615,0.515,-0.0892,-0.4654,-0.8692,0.6321,-0.3214,0.1264,2.8719,0.3765,0.2124,0.5798,0.5649,0.641,0.887,1,0,0,0
2019-01-01 07:23:08+05:30,1039.0,2,4.6694,421.98,5.383,0,0.6829,0.5665,-0.3544,-0.0742,0.4437,-0.3602,-0.4575,0.1589,2.4231,0.502,0.2045,0.5644,0.6369,0.7153,0.8856,1,0,0,0
2019-01-01 07:23:09+05:30,1040.0,2,4.6853,423.31,5.4,0,0.7508,0.6331,0.3979,-0.4726,1.3685,0.5116,-0.0879,0.0292,1.3496,0.502,0.2069,0.5299,0.7699,0.8525,0.8842,1,0,0,0
2019-01-01 07:23:10+05:30,1041.0,2,4.7017,424.73,5.419,0,0.8187,0.7011,1.1909,-0.7805,2.0169,1.4756,0.024,0.1309,0.9563,0.502,0.2105,0.4915,0.9214,1.0086,0.8821,1,0,0,0
2019-01-01 07:23:11+05:30,1042.0,2,4.7186,426.16,5.437,0,0.8867,0.7643,0.8798,-0.2734,2.502,1.9292,-0.1168,0.2103,0.2951,0.251,0.2105,0.4915,0.9159,1.0029,0.8807,1,0,0,0
2019-01-01 07:23:12+05:30,1043.0,2,4.7356,427.5,5.455,0,0.8867,0.7642,-0.2473,0.7806,2.751,2.2836,-0.3382,0.332,-0.1854,-0.251,0.2105,0.5222,0.7806,0.863,0.8793,0,0,1,0
2019-01-01 07:23:13+05:30,1044.0,2,4.7519,428.79,5.471,0,0.8187,0.7028,-0.7012,0.9436,2.7975,2.2765,-0.4838,0.4325,-0.4867,-0.502,0.2118,0.5376,0.7079,0.7883,0.8779,0,0,1,0
2019-01-01 07:23:14+05:30,1045.0,2,4.7678,430.07,5.488,0,0.7508,0.6285,0.0919,-0.5958,2.8524,2.4112,-0.246,0.1373,-0.4867,-0.502,0.2039,0.5376,0.7027,0.7826,0.8765,0,0,1,0
2019-01-01 07:23:15+05:30,1046.0,2,4.7831,431.35,5.504,0,0.6829,0.5867,1.1042,-2.0302,2.9239,2.4183,-0.1531,0.027,-0.4598,-0.251,0.2178,0.5414,0.6898,0.7694,0.8751,0,0,1,0
2019-01-01 07:23:16+05:30,1047.0,2,4.7983,432.7,5.522,0,0.6829,0.5816,1.3847,-1.2659,2.6772,2.3049,-0.0001,0.0183,0.7882,0.251,0.2148,0.5107,0.7984,0.881,0.8737,1,0,0,0
2019-01-01 07:23:17+05:30,1048.0,2,4.8142,434.08,5.54,0,0.7508,0.6482,1.1119,0.4076,1.9251,1.2275,-0.0342,0.4197,1.6176,0.753,0.2172,0.4992,0.8484,0.9325,0.8723,1,0,0,0
2019-01-01 07:23:18+05:30,1049.0,2,4.8311,435.57,5.559,0,0.8867,0.7698,0.7727,0.4655,1.0145,0.2635,0.3244,0.4133,1.2766,1.1295,0.2142,0.457,1.0255,1.1145,0.8708,1,0,0,0
2019-01-01 07:23:19+05:30,1050.0,2,4.8494,437.14,5.579,0,1.0565,0.9108,0.3902,-0.5161,0.4341,-0.4311,0.5102,-0.969,0.4298,1.1295,0.2045,0.4301,1.1306,1.2223,0.8694,1,0,0,0
2019-01-01 07:23:20+05:30,1051.0,2,4.8689,438.76,5.6,0,1.1924,1.0582,-0.1121,-0.4364,0.272,-0.7004,0.9273,0.267,-0.4407,1.1295,0.2166,0.4032,1.2238,1.3173,0.8673,1,0,0,0
2019-01-01 07:23:21+05:30,1052.0,2,4.8897,440.47,5.623,0,1.3622,1.1936,-0.6196,0.5706,0.2899,-0.6012,-1.818,0.0205,-0.5501,1.1295,0.2057,0.3725,1.3558,1.4523,0.8659,1,0,0,0
2019-01-01 07:23:22+05:30,1053.0,2,4.9117,442.25,5.646,0,1.498,1.3163,-0.974,1.1139,0.2935,-0.3957,-1.4361,2.5088,-0.5549,-4.3927,0.2045,0.3418,1.4716,1.5701,0.8638,0,0,1,0
2019-01-01 07:23:23+05:30,1054.0,2,4.9228,443.14,5.657,0,0.1734,1.424,-0.9664,1.0088,0.2434,-0.5516,-2.6869,0.7236,-0.5549,-9.9149,1.4357,0.6681,0.0915,0.148,0.8624,0,0,1,0
2019-01-01 07:23:28+05:30,1059.0,2,4.9228,443.25,5.659,1,-1.1851,-1.1517,-0.6247,0.7154,0.2059,-0.5445,-1.4335,2.5523,-0.539,-5.0202,-0.9559,0.9751,-1.2061,-1.2187,0.8624,0,0,0,1
2019-01-01 07:23:33+05:30,1064.0,2,4.9228,443.36,5.66,1,-1.1851,-1.1517,-0.4589,0.2554,0.2434,-0.743,-3.6454,0.267,-0.658,2.1336,-0.9559,0.9751,-1.2061,-1.2187,0.8624,0,0,0,1
2019-01-01 07:23:38+05:30,1069.0,2,4.9464,445.31,5.685,0,-0.6077,-1.1517,-0.6859,0.1069,0.16,-0.665,-3.6454,0.267,0.257,4.1417,-0.9559,0.8446,-0.6546,-0.6343,0.8603,1,0,0,0
2019-01-01 07:23:43+05:30,1074.0,2,4.9922,451.55,5.766,0,-0.0643,-1.1517,-0.8822,0.9835,-0.3757,-0.0129,-0.9993,0.8105,1.3369,4.1417,-0.9559,0.5337,0.6463,0.7232,0.854,1,0,0,0
2019-01-01 07:23:48+05:30,1079.0,2,5.0617,460.12,5.877,0,0.5131,0.4171,-0.8771,2.1426,-1.2821,1.0219,-0.4677,0.6937,1.5097,3.5141,0.2093,0.361,1.3652,1.4611,0.8449,1,0,0,0
2019-01-01 07:23:49+05:30,1080.0,2,5.0786,461.54,5.895,0,0.8867,0.7527,-0.7675,2.5157,-2.0258,1.9292,-0.5171,0.7398,0.701,1.004,0.2039,0.4723,0.8987,0.9831,0.8428,1,0,0,0
2019-01-01 07:23:50+05:30,1081.0,2,5.0947,462.81,5.912,0,0.7848,0.6699,-0.2371,2.983,-2.2648,2.1844,-0.3378,0.5626,-0.2203,-0.502,0.2105,0.5222,0.6833,0.761,0.8414,0,0,1,0
2019-01-01 07:23:51+05:30,1082.0,2,5.1106,464.13,5.929,0,0.7508,0.6315,0.8084,4.3304,-2.2934,2.4041,-0.152,0.953,-0.3012,-0.251,0.2063,0.503,0.7546,0.8344,0.84,0,0,1,0
2019-01-01 07:23:52+05:30,1083.0,2,5.1261,465.47,5.946,0,0.7169,0.6114,1.7188,4.5188,-2.6301,2.5742,-0.0422,0.7274,0.6994,-0.1255,0.2136,0.4915,0.7923,0.8731,0.8386,0,1,0,0
2019-01-01 07:23:53+05:30,1084.0,2,5.1417,466.85,5.964,0,0.7169,0.5968,1.8769,1.7405,-3.1372,3.4531,-0.0258,0.521,0.4156,-0.3765,0.2039,0.4762,0.852,0.9347,0.8372,0,0,1,0
2019-01-01 07:23:54+05:30,1085.0,2,5.1564,468.1,5.98,0,0.615,0.5064,1.3465,-1.3891,-2.9072,2.7089,-0.1399,0.0028,1.5414,-0.753,0.2063,0.5222,0.643,0.7192,0.8358,0,0,1,0
2019-01-01 07:23:55+05:30,1086.0,2,5.1703,469.26,5.995,0,0.5131,0.4346,0.5356,-1.1536,-1.3864,1.4614,-0.0876,0.0617,4.2372,-0.6275,0.2226,0.5529,0.5198,0.5917,0.8351,0,0,1,0
2019-01-01 07:23:56+05:30,1087.0,2,5.1836,470.32,6.009,0,0.4451,0.3699,-0.1759,1.237,0.6105,0.058,-0.4059,0.9519,3.771,-0.251,0.2214,0.5913,0.3511,0.4171,0.8337,0,0,1,0
2019-01-01 07:23:57+05:30,1088.0,2,5.1969,471.37,6.023,0,0.4451,0.3496,-0.4309,2.0991,1.651,0.7739,-0.4198,0.795,0.257,0.1255,0.2057,0.5875,0.3543,0.4202,0.8322,0,1,0,0
2019-01-01 07:23:58+05:30,1089.0,2,5.2106,472.52,6.037,0,0.4791,0.3762,-0.1708,1.3421,1.3697,0.7455,-0.3236,0.6,0.7153,0.753,0.2021,0.5568,0.4818,0.5521,0.8315,1,0,0,0
2019-01-01 07:23:59+05:30,1090.0,2,5.2256,473.83,6.054,0,0.6489,0.5314,0.2602,0.7806,0.6421,-0.3035,0.2706,0.812,0.9928,1.2551,0.2015,0.4915,0.7569,0.8362,0.8301,1,0,0,0
2019-01-01 07:24:00+05:30,1091.0,2,5.2419,475.28,6.073,0,0.8187,0.6961,0.658,0.2337,0.2625,-0.5162,1.8745,1.0279,-0.0855,1.1295,0.2075,0.4455,0.9448,1.0292,0.8287,1,0,0,0
2019-01-01 07:24:01+05:30,1092.0,2,5.2594,476.8,6.093,0,0.9546,0.8349,0.9385,-0.8276,0.157,-0.3602,1.524,-1.166,-0.0602,0.8785,0.2154,0.4109,1.0768,1.1647,0.8266,1,0,0,0
2019-01-01 07:24:02+05:30,1093.0,2,5.2778,478.35,6.113,0,1.0565,0.9313,0.7931,-1.4869,-0.1433,-0.2256,0.7553,-0.6625,0.3458,0.6275,0.2166,0.3994,1.1109,1.199,0.8252,1,0,0,0
2019-01-01 07:24:03+05:30,1094.0,2,5.2967,479.87,6.133,0,1.1244,0.9797,0.1939,-1.1319,-0.6207,0.2139,-0.0843,-0.4043,0.1428,0.251,0.2081,0.4109,1.068,1.1554,0.8231,1,0,0,0
2019-01-01 07:24:04+05:30,1095.0,2,5.3156,481.35,6.152,0,1.1244,0.9739,-0.2779,-0.4726,-0.6814,0.3273,-0.4194,0.1706,0.349,-0.1255,0.2051,0.4224,0.9999,1.0851,0.8217,0,1,0,0
2019-01-01 07:24:05+05:30,1096.0,2,5.3342,482.81,6.171,0,1.0905,0.9668,-0.2779,-0.2734,-0.0456,-0.4949,-0.25,-0.6648,1.2211,-0.1255,0.2184,0.4301,0.9727,1.0574,0.8203,0,1,0,0
2019-01-01 07:24:06+05:30,1097.0,2,5.3528,484.27,6.19,0,1.0905,0.9574,-0.181,-0.3422,0.6921,-0.2185,-0.4311,0.078,0.5155,0.1255,0.2136,0.4263,0.9694,1.0534,0.8189,0,1,0,0
2019-01-01 07:24:07+05:30,1098.0,2,5.3717,485.78,6.21,0,1.1244,0.9706,-0.2116,0.2554,0.7786,-0.0696,-0.1439,0.3316,0.0651,0.251,0.2033,0.4032,1.057,1.1431,0.8168,1,0,0,0
2019-01-01 07:24:08+05:30,1099.0,2,5.3908,487.32,6.23,0,1.1584,1.0201,0.0536,2.0013,0.2869,-0.4169,-0.4743,3.1041,0.636,0.502,0.213,0.3917,1.1031,1.1902,0.8154,1,0,0,0
2019-01-01 07:24:09+05:30,1100.0,2,5.4108,489.03,6.252,0,1.2603,1.1124,0.709,3.7654,-0.1243,0.1714,0.4927,2.2484,-0.0221,0.753,0.2118,0.3303,1.3581,1.4509,0.8133,1,0,0,0
2019-01-01 07:24:10+05:30,1101.0,2,5.4317,490.77,6.274,0,1.3622,1.2023,1.0966,3.6531,-0.1594,-0.02,0.3796,2.3984,-0.5295,0.753,0.2099,0.315,1.4077,1.5011,0.8119,1,0,0,0
2019-01-01 07:24:11+05:30,1102.0,2,5.4533,492.59,6.298,0,1.4641,1.2824,0.7727,1.7912,-0.0492,-0.0767,0.8164,1.7407,-0.4154,0.6275,0.2033,0.2842,1.5362,1.6317,0.8098,1,0,0,0
2019-01-01 07:24:12+05:30,1103.0,2,5.4756,494.37,6.321,0,1.532,1.3515,0.0536,0.4909,-0.0289,-0.5729,-0.3528,-0.7048,-0.3836,0.251,0.2063,0.2996,1.4577,1.5516,0.8077,1,0,0,0
2019-01-01 07:24:13+05:30,1104.0,2,5.4978,496.13,6.344,0,1.532,1.4198,-0.4768,0.614,-0.0885,-0.3035,-0.4454,1.5124,-0.4138,-0.1255,0.2377,0.2996,1.4534,1.5472,0.8063,0,1,0,0
2019-01-01 07:24:14+05:30,1105.0,2,5.5197,497.88,6.367,0,1.498,1.4803,-0.3391,0.9509,-0.104,-0.4311,-0.479,0.8389,-0.5597,-0.1255,0.2813,0.3073,1.4122,1.505,0.8042,0,1,0,0
2019-01-01 07:24:15+05:30,1106.0,2,5.5417,499.64,6.39,0,1.498,1.531,0.4667,1.1248,-0.0522,-0.3957,0.3039,1.3745,-0.5771,0.0,0.3054,0.2958,1.4505,1.5437,0.8021,0,1,0,0
2019-01-01 07:24:16+05:30,1107.0,2,5.5636,501.49,6.414,0,1.498,1.5798,0.9997,1.2733,-0.0301,-0.1901,1.4321,1.3454,-0.5628,-0.1255,0.3284,0.2651,1.5689,1.6638,0.8,0,1,0,0
2019-01-01 07:24:17+05:30,1108.0,2,5.5853,503.23,6.437,0,1.4641,1.6289,0.482,0.3967,-0.0069,-0.5232,0.6445,0.267,-0.4661,-0.1255,0.3683,0.2996,1.4145,1.5068,0.7986,0,1,0,0
2019-01-01 07:24:18+05:30,1109.0,2,5.6069,504.94,6.459,0,1.4641,1.6723,-0.3416,-1.7078,0.1558,-0.4807,-0.3528,-2.3577,-0.187,0.0,0.3888,0.3111,1.3665,1.458,0.7965,0,1,0,0
2019-01-01 07:24:19+05:30,1110.0,2,5.6286,506.64,6.481,0,1.4641,1.7134,-0.3085,-2.8923,0.3221,-0.1263,-0.4201,-2.5441,-0.3392,0.0,0.4082,0.3111,1.3457,1.436,0.7944,0,1,0,0
2019-01-01 07:24:20+05:30,1111.0,2,5.6503,508.38,6.504,0,1.4641,1.7152,0.5942,-1.418,0.2089,-0.4311,0.995,-1.739,-0.2203,0.0,0.4094,0.2958,1.4022,1.4936,0.7929,0,1,0,0
2019-01-01 07:24:21+05:30,1112.0,2,5.6719,510.18,6.527,0,1.4641,1.6792,1.5199,1.1574,0.036,-0.1901,1.8364,1.0536,-0.1823,0.0,0.3919,0.2689,1.5138,1.607,0.7908,0,1,0,0
2019-01-01 07:24:22+05:30,1113.0,2,5.6936,511.98,6.551,0,1.4641,1.5869,1.6372,2.3201,0.4156,-0.0838,1.198,1.8692,1.5272,0.0,0.3483,0.2689,1.4982,1.5908,0.7887,0,1,0,0
2019-01-01 07:24:23+05:30,1114.0,2,5.7153,513.75,6.574,0,1.4641,1.4397,0.8237,2.1861,1.5068,0.9369,0.0818,0.6888,2.2043,-0.251,0.2782,0.2766,1.4541,1.5455,0.7873,0,0,1,0
2019-01-01 07:24:24+05:30,1115.0,2,5.7364,515.39,6.595,0,1.3961,1.2254,-0.0356,1.8601,2.67,2.0072,-0.3528,0.5815,1.3242,-1.1295,0.2057,0.3226,1.2594,1.3476,0.7852,0,0,1,0
2019-01-01 07:24:25+05:30,1116.0,2,5.7556,516.9,6.615,0,1.1584,1.0102,-0.0229,1.1537,2.875,2.6238,-0.3093,0.4023,1.8713,-1.8826,0.2075,0.3687,1.0583,1.1418,0.7838,0,0,1,0
2019-01-01 07:24:26+05:30,1117.0,2,5.7725,518.3,6.633,0,0.8867,0.7611,0.709,0.125,1.4513,0.4549,0.166,0.1804,4.418,-1.8826,0.2087,0.4071,0.8844,0.9633,0.7824,0,0,1,0
2019-01-01 07:24:27+05:30,1118.0,2,5.7875,519.57,6.65,0,0.6489,0.5524,1.3643,-0.4183,-1.0497,0.4053,0.2819,0.228,5.1966,-1.6316,0.216,0.457,0.6755,0.7487,0.781,0,0,1,0
2019-01-01 07:24:28+05:30,1119.0,2,5.8008,520.75,6.665,0,0.4451,0.3623,1.3924,-0.4582,-2.8744,3.2759,-0.0594,0.1649,2.7403,-1.1295,0.2154,0.48,0.5587,0.6278,0.7796,0,0,1,0
2019-01-01 07:24:29+05:30,1120.0,2,5.8133,521.79,6.678,0,0.3433,0.2531,0.89,-0.5994,-2.825,2.6238,-0.235,0.2356,1.3036,-0.6275,0.2033,0.5376,0.3238,0.3855,0.7782,0,0,1,0
2019-01-01 07:24:30+05:30,1121.0,2,5.8253,522.82,6.692,0,0.2753,0.2081,0.533,-0.7516,-1.6879,1.5394,-0.0514,0.0489,1.6445,0.0,0.2184,0.5376,0.317,0.378,0.7775,0,1,0,0
2019-01-01 07:24:31+05:30,1122.0,2,5.8378,523.89,6.705,0,0.3433,0.2652,0.658,-0.4763,-0.918,0.5683,-0.1659,0.1536,0.7787,0.6275,0.2136,0.5222,0.3761,0.4391,0.7761,1,0,0,0
2019-01-01 07:24:32+05:30,1123.0,2,5.8511,525.1,6.721,0,0.4451,0.3649,0.454,-0.0597,-0.7255,0.3202,0.2318,0.1698,-0.1934,1.004,0.2178,0.4685,0.5898,0.6599,0.7747,1,0,0,0
2019-01-01 07:24:33+05:30,1124.0,2,5.8658,526.36,6.738,0,0.615,0.5203,-0.742,-0.0525,-0.4973,0.1785,-0.8178,0.267,0.3442,1.2551,0.216,0.4493,0.6719,0.7443,0.7733,1,0,0,0
2019-01-01 07:24:34+05:30,1125.0,2,5.8819,527.73,6.755,0,0.7848,0.6829,-1.841,-0.393,-0.1129,-0.2964,-2.3979,-0.3714,0.257,1.2551,0.219,0.4071,0.8335,0.9101,0.7719,1,0,0,0
2019-01-01 07:24:35+05:30,1126.0,2,5.8994,529.19,6.774,0,0.9546,0.8372,-1.4024,-0.9182,0.1028,-0.3177,-2.3262,-0.4043,-0.5121,1.2551,0.2166,0.3725,0.9837,1.0644,0.7705,1,0,0,0
2019-01-01 07:24:36+05:30,1127.0,2,5.9183,530.77,6.795,0,1.1244,0.9756,-0.0535,-1.6209,0.0533,-0.3815,0.1283,-2.3037,-0.2869,1.1295,0.2057,0.3265,1.1637,1.2482,0.7691,1,0,0,0
2019-01-01 07:24:37+05:30,1128.0,2,5.9383,532.45,6.817,0,1.2603,1.0984,0.4565,-2.2656,-0.1564,-0.1263,0.264,-1.3429,0.1603,0.8785,0.2045,0.2881,1.3172,1.4043,0.767,1,0,0,0
2019-01-01 07:24:38+05:30,1129.0,2,5.9592,534.12,6.839,0,1.3622,1.2115,-0.1606,-2.722,-0.5039,0.2281,-0.3971,-0.9683,0.433,0.6275,0.2142,0.2881,1.3101,1.3969,0.7649,1,0,0,0
2019-01-01 07:24:39+05:30,1130.0,2,5.9806,535.8,6.86,0,1.4301,1.2652,-0.7241,-3.0191,-1.0074,0.7597,-0.449,-0.6205,0.7961,0.1255,0.2099,0.2881,1.3091,1.396,0.7635,0,1,0,0
2019-01-01 07:24:40+05:30,1131.0,2,6.0017,537.44,6.882,0,1.3961,1.2459,-0.4513,-2.8452,-1.5747,1.4401,-0.4864,-0.2909,0.6138,-0.502,0.216,0.2958,1.2594,1.345,0.7614,0,0,1,0
2019-01-01 07:24:41+05:30,1132.0,2,6.0219,539.06,6.903,0,1.2942,1.1514,0.2602,-1.9505,-1.9686,1.7945,-0.1798,-0.074,-0.0617,-0.753,0.216,0.2996,1.24,1.3252,0.76,0,0,1,0
2019-01-01 07:24:42+05:30,1133.0,2,6.0414,540.63,6.923,0,1.1924,1.0394,0.7039,-0.9544,-1.9758,1.8867,-0.186,0.0946,-0.1061,-0.753,0.2069,0.3188,1.1427,1.2254,0.7579,0,0,1,0
2019-01-01 07:24:43+05:30,1134.0,2,6.06,542.16,6.943,0,1.0905,0.9402,0.7906,-0.7769,-1.6808,1.4259,-0.0627,0.1279,0.1856,-0.6275,0.2039,0.3341,1.0791,1.1607,0.7565,0,0,1,0
2019-01-01 07:24:44+05:30,1135.0,2,6.0781,543.62,6.962,0,1.0225,0.8991,0.6911,-1.2333,-1.384,1.1637,-0.0931,-0.049,-0.1172,-0.251,0.216,0.3533,0.9908,1.0701,0.7551,0,0,1,0
2019-01-01 07:24:45+05:30,1136.0,2,6.0961,545.09,6.981,0,1.0225,0.8831,0.2678,-1.3275,-1.2106,0.944,-0.1553,-0.0891,0.008,0.251,0.2069,0.3533,0.9837,1.0627,0.7536,1,0,0,0
2019-01-01 07:24:46+05:30,1137.0,2,6.1147,546.58,7.001,0,1.0905,0.9417,-0.4538,-0.8602,-0.9758,0.5541,-0.4973,0.0368,0.0826,0.502,0.2045,0.338,1.0395,1.1198,0.7515,1,0,0,0
2019-01-01 07:24:47+05:30,1138.0,2,6.1339,548.13,7.021,0,1.1584,1.0275,-0.9791,-0.5197,-0.5486,0.2848,-0.6865,-0.1212,0.3981,0.6275,0.2172,0.3188,1.1157,1.1977,0.7501,1,0,0,0
2019-01-01 07:24:48+05:30,1139.0,2,6.1539,549.74,7.042,0,1.2603,1.1089,-0.9715,-0.8312,-0.2852,-0.2964,-1.5356,-0.1424,0.3981,0.6275,0.2099,0.2958,1.2082,1.2918,0.7487,1,0,0,0
2019-01-01 07:24:49+05:30,1140.0,2,6.1744,551.38,7.063,0,1.3282,1.1852,-0.5278,-1.5484,-0.7649,0.5967,-0.3528,-0.3737,1.5636,0.502,0.2172,0.2804,1.2517,1.3357,0.7466,1,0,0,0
2019-01-01 07:24:50+05:30,1141.0,2,6.1956,553.03,7.085,0,1.3961,1.2237,0.2653,-1.994,-1.9567,1.6244,-0.3096,-0.0392,2.4025,0.0,0.2051,0.2727,1.2776,1.3621,0.7445,0,1,0,0
2019-01-01 07:24:51+05:30,1142.0,2,6.2161,554.73,7.107,0,1.3282,1.1682,1.0762,-1.9867,-3.0443,3.3043,-0.1344,0.0224,1.4891,-0.8785,0.2087,0.2535,1.3503,1.4355,0.7431,0,0,1,0
2019-01-01 07:24:52+05:30,1143.0,2,6.2353,556.3,7.128,0,1.1584,1.0201,1.1348,-2.0302,-3.3118,3.3113,-0.171,0.0716,-0.2504,-1.3806,0.213,0.2958,1.1621,1.2438,0.741,0,0,1,0
2019-01-01 07:24:53+05:30,1144.0,2,6.2528,557.72,7.146,0,0.9546,0.8319,0.4055,-2.3924,-2.8905,2.9924,-0.2464,-0.0309,0.3537,-1.5061,0.2136,0.3572,0.9078,0.9839,0.7396,0,0,1,0
2019-01-01 07:24:54+05:30,1145.0,2,6.2686,558.98,7.162,0,0.7508,0.6275,0.1429,-2.7583,-2.4626,2.4324,-0.2928,-0.1023,0.0746,-1.3806,0.2033,0.4071,0.6768,0.7465,0.7382,0,0,1,0
2019-01-01 07:24:55+05:30,1146.0,2,6.2831,560.2,7.178,0,0.581,0.4796,1.1221,-2.7546,-2.4847,2.4537,-0.1092,-0.1001,-0.2647,-1.004,0.2093,0.4224,0.6184,0.6867,0.7375,0,0,1,0
2019-01-01 07:24:56+05:30,1147.0,2,6.2967,561.44,7.194,0,0.4791,0.3971,2.2415,-2.3526,-2.6909,2.7939,0.0525,-0.0471,0.0001,-0.3765,0.2178,0.4148,0.6353,0.7038,0.7361,0,0,1,0
2019-01-01 07:24:57+05:30,1148.0,2,6.3103,562.67,7.21,0,0.4791,0.3818,1.9891,-1.505,-2.2582,2.1773,0.1019,0.0957,1.7983,0.1255,0.2063,0.4186,0.6239,0.692,0.7347,0,1,0,0
2019-01-01 07:24:58+05:30,1149.0,2,6.3242,563.84,7.225,0,0.5131,0.411,0.6121,-0.0633,-0.8334,0.5825,-0.0265,0.0424,3.484,0.3765,0.2051,0.4378,0.5389,0.6045,0.7333,1,0,0,0
2019-01-01 07:24:59+05:30,1150.0,2,6.3386,565.03,7.241,0,0.581,0.4723,-0.4691,1.5486,0.7565,0.1147,-0.5182,1.2754,2.6324,0.6275,0.2039,0.4301,0.5574,0.6234,0.7319,1,0,0,0
2019-01-01 07:25:00+05:30,1151.0,2,6.3539,566.3,7.257,0,0.6829,0.5649,-0.821,2.378,1.5109,0.7313,-0.5493,0.778,0.433,0.8785,0.2033,0.3994,0.6855,0.7553,0.7305,1,0,0,0
2019-01-01 07:25:01+05:30,1152.0,2,6.3703,567.65,7.275,0,0.8187,0.688,-0.9485,2.0919,1.6325,1.0361,-0.5983,0.8041,-0.0237,0.8785,0.2021,0.3649,0.8221,0.8951,0.7291,1,0,0,0
2019-01-01 07:25:02+05:30,1153.0,2,6.3875,569.05,7.293,0,0.9206,0.7937,-0.8312,1.2552,1.9793,1.2629,-0.5196,0.4919,0.7153,0.502,0.2093,0.3495,0.8786,0.9532,0.7277,1,0,0,0
2019-01-01 07:25:03+05:30,1154.0,2,6.405,570.42,7.311,0,0.9546,0.8352,-0.1453,0.643,2.6039,2.1418,-0.3375,0.335,0.655,0.1255,0.2154,0.3533,0.8552,0.929,0.7263,0,1,0,0
2019-01-01 07:25:04+05:30,1155.0,2,6.4225,571.84,7.329,0,0.9546,0.813,0.5611,0.538,2.8672,2.3616,-0.2112,0.3497,-0.3995,-0.251,0.2027,0.338,0.9156,0.9905,0.7249,0,0,1,0
2019-01-01 07:25:05+05:30,1156.0,2,6.4394,573.21,7.347,0,0.8867,0.7655,0.2653,0.3894,2.6682,2.1773,-0.2372,0.2825,-0.1807,-0.502,0.2111,0.3572,0.8325,0.9057,0.7235,0,0,1,0
2019-01-01 07:25:06+05:30,1157.0,2,6.4558,574.49,7.364,0,0.8187,0.6987,-0.9154,-0.6682,2.5347,1.9434,-0.5164,0.1713,-0.3884,-0.3765,0.2087,0.384,0.7079,0.7777,0.7221,0,0,1,0
2019-01-01 07:25:07+05:30,1158.0,2,6.4719,575.75,7.38,0,0.7848,0.658,-1.6294,-2.4431,2.5478,2.1206,-0.625,-0.105,-0.0157,-0.1255,0.2027,0.3879,0.6755,0.7439,0.7207,0,1,0,0
2019-01-01 07:25:08+05:30,1159.0,2,6.4881,577.04,7.397,0,0.7848,0.6719,-1.0964,-3.1132,2.1402,1.6031,-0.5833,-0.3178,1.2846,0.251,0.2118,0.3764,0.7177,0.7869,0.7193,1,0,0,0
2019-01-01 07:25:09+05:30,1160.0,2,6.5047,578.41,7.415,0,0.8527,0.7423,-0.1274,-1.4217,1.1367,0.3911,-0.2266,-0.3004,1.9823,0.6275,0.2166,0.3457,0.8516,0.9246,0.7179,1,0,0,0
2019-01-01 07:25:10+05:30,1161.0,2,6.5222,579.85,7.434,0,0.9546,0.8428,0.0026,0.9545,0.182,-0.58,-0.3528,2.9008,1.1704,0.8785,0.2202,0.3188,0.9496,1.0244,0.7157,1,0,0,0
2019-01-01 07:25:11+05:30,1162.0,2,6.5408,581.39,7.454,0,1.0905,0.9667,-0.8516,1.4797,-0.1684,-0.2823,-0.6481,1.4504,-0.2282,1.1295,0.2184,0.2842,1.0963,1.1743,0.7143,1,0,0,0
2019-01-01 07:25:12+05:30,1163.0,2,6.5608,583.03,7.475,0,1.2603,1.1015,-1.6141,0.3822,-0.1249,-0.1405,-2.3116,0.5062,-0.5945,1.1295,0.2063,0.242,1.2646,1.3458,0.7129,1,0,0,0
2019-01-01 07:25:13+05:30,1164.0,2,6.5819,584.75,7.498,0,1.3961,1.2373,-1.4866,-0.1865,-0.107,-0.346,-1.4065,-0.1885,-0.5945,1.004,0.2118,0.2113,1.3895,1.4725,0.7108,1,0,0,0
2019-01-01 07:25:14+05:30,1165.0,2,6.6042,586.55,7.521,0,1.532,1.3624,-0.8873,0.2627,-0.1386,-0.261,-1.6428,0.5584,-0.5771,-0.3765,0.2111,0.1806,1.506,1.5903,0.7087,0,0,1,0
2019-01-01 07:25:15+05:30,1166.0,2,6.6244,588.19,7.543,0,1.2942,1.4713,-0.5635,0.6901,-0.1058,-0.4098,-0.2339,0.9757,-0.5232,-1.8826,0.3786,0.2344,1.2718,1.3524,0.7073,0,0,1,0
2019-01-01 07:25:16+05:30,1167.0,2,6.6425,589.66,7.562,0,1.0225,1.5668,-0.6349,1.0052,-0.0629,-0.3886,-1.5352,1.0562,-0.5771,-1.8826,0.5974,0.2996,0.9928,1.0679,0.7052,0,0,1,0
2019-01-01 07:25:17+05:30,1168.0,2,6.6586,590.97,7.579,0,0.7848,1.652,-0.793,1.6174,-0.0796,-0.2752,-0.7044,1.8114,-0.5787,-1.7571,0.8397,0.3533,0.7563,0.8256,0.7038,0,0,1,0
2019-01-01 07:25:18+05:30,1169.0,2,6.6728,592.13,7.594,0,0.547,1.729,-0.5584,2.1861,-0.1207,-0.2539,-0.7728,2.1236,-0.5295,-1.7571,1.1419,0.4071,0.5204,0.5834,0.7031,0,0,1,0
2019-01-01 07:25:19+05:30,1170.0,2,6.685,593.16,7.607,0,0.3093,1.7967,0.2551,2.5374,-0.1231,-0.1263,-0.081,2.0151,-0.4201,-0.8785,1.533,0.4531,0.317,0.3736,0.7017,0,0,1,0
2019-01-01 07:25:20+05:30,1171.0,2,6.6972,594.25,7.621,0,0.3093,1.8585,0.7472,2.6425,-0.0379,-0.1476,0.8837,2.0888,-0.3075,0.0,1.5849,0.4301,0.4088,0.4681,0.7003,0,1,0,0
2019-01-01 07:25:21+05:30,1172.0,2,6.7094,595.24,7.634,0,0.3093,1.9123,-0.1529,1.918,0.1207,-0.3319,-0.584,2.9336,-0.3694,0.0,1.6303,0.4646,0.2677,0.3226,0.6996,0,1,0,0
2019-01-01 07:25:22+05:30,1173.0,2,6.7217,596.23,7.647,0,0.3093,1.9518,-1.6702,0.6249,0.213,-0.4524,-3.4567,0.4046,-0.4709,0.0,1.6641,0.4646,0.2567,0.3112,0.6982,0,1,0,0
2019-01-01 07:25:23+05:30,1174.0,2,6.7339,597.21,7.66,0,0.3093,1.9832,-1.9201,0.2844,0.0974,-0.2185,-3.0773,0.7311,-0.076,0.0,1.6901,0.4646,0.2479,0.3019,0.6975,0,1,0,0
2019-01-01 07:25:24+05:30,1175.0,2,6.7461,598.18,7.672,0,0.3093,2.0055,-0.7063,1.19,-0.1421,-0.2893,-0.6539,0.7995,-0.1347,-5.5222,1.7094,0.4723,0.2213,0.2747,0.6961,0,0,1,0
2019-01-01 07:25:34+05:30,1180.0,2,6.7461,598.46,7.676,1,-1.1851,0.5311,0.3622,1.726,-0.2834,-0.098,0.0844,1.7184,-0.4946,-4.7692,-0.9559,0.7947,-1.1542,-1.1637,0.6961,0,0,0,1
2019-01-01 07:25:35+05:30,1181.0,2,6.7478,598.65,7.678,0,-0.9814,-0.9433,0.3341,1.0885,-0.2715,-0.1334,0.1795,0.6714,-0.5137,1.6316,0.3338,0.7487,-0.9518,-0.95,0.6961,1,0,0,0
2019-01-01 07:25:36+05:30,1182.0,2,6.7514,599.09,7.684,0,-0.7436,-0.7398,-0.2677,0.3568,-0.2434,-0.2823,-0.4417,0.5739,-0.5168,1.6316,0.2208,0.6604,-0.5826,-0.5621,0.6954,1,0,0,0
2019-01-01 07:25:37+05:30,1183.0,2,6.7567,599.65,7.691,0,-0.5398,-0.5387,-0.7241,0.2409,-0.278,-0.183,-0.775,0.4454,-0.5501,1.6316,0.2426,0.6143,-0.3902,-0.3612,0.6947,1,0,0,0
2019-01-01 07:25:38+05:30,1184.0,2,6.7639,600.36,7.7,0,-0.3021,-0.3398,-0.7853,0.3242,-0.2768,-0.1972,-0.9393,0.3448,-0.4598,1.6316,0.2039,0.5606,-0.1654,-0.1268,0.694,1,0,0,0
2019-01-01 07:25:39+05:30,1185.0,2,6.7728,601.13,7.71,0,-0.0983,-0.1429,-0.4564,0.3786,-0.1386,-0.346,-0.6945,0.62,-0.1997,0.6275,0.2148,0.5376,-0.0772,-0.0353,0.6933,1,0,0,0
2019-01-01 07:25:40+05:30,1186.0,2,6.7814,601.84,7.719,0,-0.1322,-0.1573,0.0128,0.4909,0.0384,-0.587,0.6496,1.0505,-0.3361,-0.1255,0.2353,0.5568,-0.1667,-0.1281,0.6926,0,1,0,0
2019-01-01 07:25:41+05:30,1187.0,2,6.79,602.56,7.729,0,-0.1322,-0.1686,0.3112,0.5235,0.0772,-0.5445,0.729,1.105,-0.5438,0.0,0.222,0.5568,-0.1563,-0.1176,0.6919,0,1,0,0
2019-01-01 07:25:42+05:30,1188.0,2,6.7986,603.29,7.738,0,-0.1322,-0.1803,0.352,0.3822,-0.0533,-0.4595,0.9511,0.5954,-0.1838,-0.1255,0.2081,0.5491,-0.1304,-0.0903,0.6912,0,1,0,0
2019-01-01 07:25:43+05:30,1189.0,2,6.8069,603.98,7.747,0,-0.1662,-0.1936,0.199,0.154,-0.2542,-0.1901,-0.0272,0.3445,-0.0728,-0.1255,0.2305,0.5644,-0.1991,-0.162,0.6905,0,1,0,0
2019-01-01 07:25:44+05:30,1190.0,2,6.8153,604.67,7.756,0,-0.1662,-0.2089,-0.0101,-0.114,-0.4753,0.0013,-0.1066,0.1301,-0.0126,-0.1255,0.2111,0.5644,-0.1991,-0.162,0.6898,0,1,0,0
2019-01-01 07:25:45+05:30,1191.0,2,6.8233,605.32,7.764,0,-0.2002,-0.2253,-0.0994,-0.44,-0.7589,0.3769,-0.3528,0.0946,0.1587,-0.1255,0.2305,0.576,-0.2653,-0.231,0.6891,0,1,0,0
2019-01-01 07:25:46+05:30,1192.0,2,6.8314,605.98,7.773,0,-0.2002,-0.2468,-0.0407,-0.7008,-1.0694,0.7384,-0.2259,0.0345,-0.038,-0.1255,0.2033,0.5683,-0.2316,-0.1958,0.6884,0,1,0,0
2019-01-01 07:25:47+05:30,1193.0,2,6.8392,606.62,7.781,0,-0.2341,-0.2747,0.0715,-0.6429,-1.2231,0.9227,-0.2921,0.0871,-0.436,-0.251,0.2075,0.5798,-0.2796,-0.246,0.6877,0,0,1,0
2019-01-01 07:25:48+05:30,1194.0,2,6.8467,607.26,7.789,0,-0.2681,-0.3066,0.2398,-0.1974,-1.0962,0.7809,-0.1344,0.1986,0.0651,-0.251,0.2063,0.576,-0.2705,-0.2367,0.687,0,0,1,0
2019-01-01 07:25:49+05:30,1195.0,2,6.8539,607.87,7.797,0,-0.3021,-0.3409,0.3341,0.2699,-0.7416,0.306,-0.1209,0.3093,0.349,-0.3765,0.2021,0.5875,-0.3185,-0.2864,0.6863,0,0,1,0
2019-01-01 07:25:50+05:30,1196.0,2,6.8606,608.44,7.805,0,-0.37,-0.3765,0.0791,0.2699,-0.3018,-0.1121,0.0251,0.4269,0.3173,-0.3765,0.2438,0.6028,-0.3834,-0.3541,0.6856,0,0,1,0
2019-01-01 07:25:51+05:30,1197.0,2,6.8669,608.96,7.811,0,-0.404,-0.4107,-0.2345,-0.0525,-0.0092,-0.5729,-0.3528,0.0511,-0.141,-0.251,0.2408,0.6182,-0.46,-0.4342,0.6849,0,0,1,0
2019-01-01 07:25:52+05:30,1198.0,2,6.8731,609.46,7.818,0,-0.4379,-0.4401,0.1403,0.0272,-0.07,-0.4453,-0.0462,-0.0498,-0.1934,-0.251,0.2456,0.622,-0.4743,-0.4491,0.6842,0,0,1,0
2019-01-01 07:25:53+05:30,1199.0,2,6.8789,610.04,7.825,0,-0.4719,-0.4669,0.9334,0.5488,-0.3167,-0.0342,0.8384,0.6782,-0.2615,-0.251,0.2553,0.599,-0.3769,-0.3476,0.6835,0,0,1,0
2019-01-01 07:25:54+05:30,1200.0,2,6.8844,610.55,7.832,0,-0.5059,-0.4996,0.8951,0.7879,-0.334,-0.0767,0.3555,0.5505,-0.3155,-0.251,0.2553,0.622,-0.4717,-0.4465,0.6835,0,0,1,0
2019-01-01 07:25:55+05:30,1201.0,2,6.8897,611.99,7.851,0,-0.5398,-0.5382,-0.1988,0.6213,-0.1082,-0.3744,0.1199,1.0279,-0.1521,-0.251,0.2432,0.2804,0.959,1.0314,0.6814,0,0,1,0
2019-01-01 07:25:56+05:30,1202.0,2,6.8947,613.39,7.869,0,-0.5738,2.5399,-1.127,0.5343,-0.0283,-0.3886,-2.4294,0.5376,-0.2615,-0.3765,6.6619,0.2958,0.8899,0.9606,0.68,0,0,1,0
2019-01-01 07:25:57+05:30,1203.0,2,6.8992,613.75,7.874,0,-0.6417,2.4959,-1.025,0.4184,-0.194,-0.1901,-0.9323,0.6026,-0.1854,-0.502,7.5116,0.6681,-0.6871,-0.6721,0.68,0,0,1,0
2019-01-01 07:25:58+05:30,1204.0,2,6.9031,614.08,7.878,0,-0.7096,2.4454,-0.3442,-0.1358,-0.3561,-0.1901,-0.5284,0.0855,-0.3313,-0.3765,8.5875,0.6834,-0.752,-0.7402,0.6793,0,0,1,0
2019-01-01 07:25:59+05:30,1205.0,2,6.9067,614.41,7.882,0,-0.7436,2.3994,0.2219,-0.7081,-0.4395,0.0651,-0.0561,-0.1492,-0.363,-0.251,9.1901,0.6796,-0.7403,-0.7279,0.6793,0,0,1,0
2019-01-01 07:26:00+05:30,1206.0,2,6.91,614.74,7.886,0,-0.7776,2.3543,0.4948,-0.5451,-0.5295,0.0509,0.1853,-0.0456,-0.4899,-0.3765,9.896,0.6796,-0.739,-0.7266,0.6786,0,0,1,0
2019-01-01 07:26:01+05:30,1207.0,2,6.9128,615.03,7.89,0,-0.8455,-0.8153,0.4871,0.1033,-0.5289,0.1785,0.0672,0.267,-0.2584,-0.502,0.2933,0.6949,-0.8116,-0.8031,0.6786,0,0,1,0
2019-01-01 07:26:02+05:30,1208.0,2,6.915,615.26,7.893,0,-0.9134,-0.8726,0.25,0.3822,-0.3227,-0.1759,0.1392,0.5195,0.0572,-0.3765,0.3399,0.7141,-0.8947,-0.8902,0.6779,0,0,1,0
2019-01-01 07:26:03+05:30,1209.0,2,6.9169,615.44,7.895,0,-0.9474,-0.9288,-0.0254,0.1902,-0.0527,-0.4736,-0.0144,0.267,-0.1521,-0.502,0.2269,0.7295,-0.9609,-0.9601,0.6779,0,0,1,0
2019-01-01 07:26:04+05:30,1210.0,2,6.9181,615.55,7.897,0,-1.0493,-0.9974,-0.1759,0.0091,0.0974,-0.6437,-0.0408,0.267,-0.39,-0.502,0.4771,0.7564,-1.0686,-1.0735,0.6779,0,0,1,0
2019-01-01 07:26:05+05:30,1211.0,2,6.9189,615.64,7.898,0,-1.0832,-1.0556,-0.2243,0.02,0.1373,-0.7146,-0.3528,-0.3643,-0.566,-0.3765,0.2341,0.764,-1.1088,-1.1158,0.6779,0,0,1,0
2019-01-01 07:26:06+05:30,1212.0,2,6.9192,615.68,7.898,0,-1.1512,-1.1008,-0.2345,0.0743,0.1433,-0.7146,-0.3528,0.267,-0.658,-0.3765,-0.9559,0.7794,-1.1737,-1.1844,0.6779,0,0,1,0
2019-01-01 07:26:07+05:30,1213.0,2,6.9192,615.71,7.899,1,-1.1851,-1.1315,-0.232,0.0924,0.1475,-0.7146,-0.3528,0.267,-0.658,-0.1255,-0.9559,0.7871,-1.2061,-1.2187,0.6779,0,0,0,1
2019-01-01 07:26:08+05:30,1214.0,2,6.9192,615.73,7.899,1,-1.1851,-1.1517,-0.2294,0.0852,0.1481,-0.7146,-0.3528,0.267,-0.658,0.0,-0.9559,0.7871,-1.2061,-1.2187,0.6779,0,0,0,1
2019-01-01 07:26:09+05:30,1215.0,2,6.9192,615.75,7.899,1,-1.1851,-1.1517,-0.2371,0.0924,0.1344,-0.7146,-0.3528,0.267,-0.658,0.0,-0.9559,0.7871,-1.2061,-1.2187,0.6779,0,0,0,1
2019-01-01 07:26:10+05:30,1216.0,2,6.9192,615.77,7.899,1,-1.1851,-1.1517,-0.2294,0.0924,0.1439,-0.7146,-0.3528,0.267,-0.658,0.0,-0.9559,0.7871,-1.2061,-1.2187,0.6779,0,0,0,1
2019-01-01 07:26:11+05:30,1217.0,2,6.9192,615.79,7.9,1,-1.1851,-1.1517,-0.2218,0.0671,0.1737,-0.7146,-0.3528,0.267,-0.658,0.0,-0.9559,0.7871,-1.2061,-1.2187,0.6779,0,0,0,1
2019-01-01 07:26:12+05:30,1218.0,2,6.9192,615.81,7.9,1,-1.1851,-1.1517,-0.2473,0.1214,0.1093,-0.7146,-0.3528,0.267,-0.5945,0.0,-0.9559,0.7871,-1.2061,-1.2187,0.6779,0,0,0,1
2019-01-01 07:26:13+05:30,1219.0,2,6.9192,615.84,7.9,1,-1.1851,-1.1517,-0.1733,0.422,0.0766,-0.6437,-0.0364,1.4039,-0.436,0.0,-0.9559,0.7871,-1.2061,-1.2187,0.6779,0,0,0,1
2019-01-01 07:26:14+05:30,1220.0,2,6.9192,615.86,7.901,1,-1.1851,-1.1517,0.1811,0.8422,0.3704,-0.6012,0.7509,2.1815,0.0477,0.3765,-0.9559,0.7871,-1.2061,-1.2187,0.6779,0,0,0,1
2019-01-01 07:26:15+05:30,1221.0,2,6.92,616.11,7.904,0,-1.0832,-1.0311,0.5917,0.9147,0.5336,-0.2043,0.6225,0.8793,0.5979,1.1295,0.5375,0.7065,-0.8629,-0.8568,0.6772,1,0,0,0
2019-01-01 07:26:16+05:30,1222.0,2,6.9225,616.49,7.909,0,-0.8795,-0.8513,0.6478,0.3098,-0.3263,-0.1334,0.3412,0.4314,2.5975,1.3806,0.2837,0.6604,-0.6644,-0.6483,0.6772,1,0,0,0
2019-01-01 07:26:17+05:30,1223.0,2,6.9264,616.98,7.915,0,-0.7096,-0.6859,0.4208,-0.5922,-1.763,1.6173,-0.167,0.1392,1.9252,1.5061,0.28,0.6182,-0.496,-0.472,0.6764,1,0,0,0
2019-01-01 07:26:18+05:30,1224.0,2,6.9322,617.63,7.923,0,-0.4719,-0.4941,0.3188,-1.0232,-2.1504,2.0142,-0.2625,0.1022,0.682,1.8826,0.2069,0.5644,-0.2621,-0.2279,0.6757,1,0,0,0
2019-01-01 07:26:19+05:30,1225.0,2,6.9403,618.32,7.932,0,-0.2002,-0.2469,0.3698,-0.7262,-1.0855,0.8447,-0.1059,0.0496,2.4707,-2.6356,0.2027,0.5453,-0.1953,-0.1585,0.675,0,0,1,0
2019-01-01 07:26:22+05:30,1228.0,2,6.9403,618.39,7.933,1,-1.1851,-1.1517,0.2959,-0.1829,0.0587,-0.6367,2.2341,-0.4622,1.4209,-2.0081,-0.9559,0.7871,-1.2061,-1.2187,0.675,0,0,0,1
2019-01-01 07:26:24+05:30,1230.0,2,6.9475,619.03,7.941,0,-0.7436,-1.1517,0.0409,0.096,0.3239,-0.7146,2.9398,0.267,-0.658,3.1376,-0.9559,0.6796,-0.7584,-0.7473,0.6743,1,0,0,0
2019-01-01 07:26:26+05:30,1232.0,2,6.9614,620.14,7.956,0,-0.336,-1.1517,-0.4079,0.0888,0.1844,-0.7288,-3.6454,0.267,-0.658,3.1376,-0.9559,0.5913,-0.3951,-0.3669,0.6729,1,0,0,0
2019-01-01 07:26:29+05:30,1235.0,2,6.9931,622.66,7.988,0,0.1055,-1.1517,-1.1857,0.0743,0.1695,-0.5516,-3.6454,0.267,-0.566,3.1376,-0.9559,0.4915,0.0267,0.0715,0.6701,1,0,0,0
2019-01-01 07:26:32+05:30,1238.0,2,7.0347,627.83,8.056,0,0.5131,-1.1517,-1.8155,-0.0851,0.1636,-0.3035,-3.2675,0.044,-0.4756,3.1376,-0.9559,0.1653,1.3963,1.4751,0.6645,1,0,0,0
2019-01-01 07:26:34+05:30,1240.0,2,7.0697,631.9,8.11,0,0.9546,0.8152,-1.3081,-0.7805,0.0789,-0.4382,-2.2549,-0.6338,-0.5168,2.1336,0.2039,0.0463,1.8859,1.9689,0.6603,1,0,0,0
2019-01-01 07:26:35+05:30,1241.0,2,7.0883,633.46,8.13,0,1.0905,0.9512,0.3545,-1.5086,0.0211,-0.3744,0.388,-1.7908,-0.5168,1.004,0.2099,0.219,1.1478,1.2227,0.6589,1,0,0,0
2019-01-01 07:26:36+05:30,1242.0,2,7.1081,635.21,8.153,0,1.2263,1.0729,1.8896,-1.0305,-0.0182,-0.0767,1.8463,-0.3907,-0.5232,0.8785,0.2075,0.1499,1.4395,1.5187,0.6568,1,0,0,0
2019-01-01 07:26:37+05:30,1243.0,2,7.1286,637.02,8.177,0,1.3282,1.1846,2.1931,0.3098,-0.0665,-0.0625,2.0215,0.3309,-0.6025,0.8785,0.2166,0.123,1.5378,1.6176,0.6547,1,0,0,0
2019-01-01 07:26:38+05:30,1244.0,2,7.1503,638.87,8.201,0,1.4641,1.2824,1.3771,0.4728,-0.0587,-0.2043,1.5657,0.7194,-0.4899,0.753,0.2033,0.1115,1.5829,1.6629,0.6526,1,0,0,0
2019-01-01 07:26:39+05:30,1245.0,2,7.1725,640.67,8.224,0,1.532,1.3648,0.3545,-0.7516,0.0265,-0.4736,0.7429,-1.161,-0.4154,0.0,0.2124,0.123,1.5212,1.6004,0.6505,0,1,0,0
2019-01-01 07:26:40+05:30,1246.0,2,7.1942,642.39,8.247,0,1.4641,1.433,-0.1657,-0.9689,0.1159,-0.5374,-0.171,-2.004,-0.5232,-0.3765,0.2746,0.1499,1.3954,1.4729,0.6491,0,0,1,0
2019-01-01 07:26:41+05:30,1247.0,2,7.2156,644.08,8.269,0,1.4301,1.4918,-0.2575,0.5017,0.1308,-0.6863,-0.7911,1.9214,-0.4978,-0.251,0.3193,0.1614,1.3464,1.4232,0.647,0,0,1,0
2019-01-01 07:26:42+05:30,1248.0,2,7.2367,645.75,8.291,0,1.3961,1.5421,-0.3544,1.2769,0.0474,-0.4311,-0.3528,2.2752,-0.3947,-0.3765,0.3604,0.1691,1.3062,1.3823,0.6456,0,0,1,0
2019-01-01 07:26:43+05:30,1249.0,2,7.2572,647.37,8.312,0,1.3282,1.5854,-0.283,0.4402,-0.0891,-0.4736,-0.6901,0.4159,-0.2901,-0.502,0.4179,0.1806,1.2364,1.3111,0.6435,0,0,1,0
2019-01-01 07:26:44+05:30,1250.0,2,7.2772,648.99,8.333,0,1.2603,1.6262,0.4744,0.1105,-0.2005,-0.2114,0.4444,0.3475,-0.2425,-0.251,0.4771,0.1768,1.2474,1.3221,0.6421,0,0,1,0
2019-01-01 07:26:45+05:30,1251.0,2,7.2972,650.67,8.355,0,1.2603,1.6657,1.4995,1.1682,-0.3799,0.058,0.8965,0.7614,0.2269,0.0,0.4976,0.1576,1.3243,1.3999,0.64,0,1,0,0
2019-01-01 07:26:46+05:30,1252.0,2,7.3172,652.35,8.377,0,1.2603,1.6678,1.7545,1.6717,-0.8846,0.6534,0.4952,0.8052,1.1006,-0.502,0.4982,0.1537,1.3373,1.4131,0.6379,0,0,1,0
2019-01-01 07:27:18+05:30,1257.0,2,7.4117,660.08,8.478,0,1.1244,0.9702,1.0328,0.643,-1.6504,1.4756,-0.0426,0.335,0.9944,-1.5061,0.2033,0.2036,1.1219,1.1941,0.6301,0,0,1,0
2019-01-01 07:27:19+05:30,1258.0,2,7.4283,661.4,8.496,0,0.8527,0.7258,0.0587,-0.4147,-2.1105,1.9434,-0.2822,0.194,-0.1014,-1.8826,0.2063,0.2842,0.7741,0.8393,0.6287,0,0,1,0
2019-01-01 07:27:20+05:30,1259.0,2,7.4431,662.56,8.511,0,0.615,0.512,-0.5354,-0.4292,-1.8173,1.6598,-0.4318,0.1853,0.9309,-1.6316,0.2099,0.3418,0.5133,0.5719,0.6273,0,0,1,0
2019-01-01 07:27:21+05:30,1260.0,2,7.4561,663.58,8.524,0,0.4112,0.3268,-0.6119,-0.114,-0.9949,0.6037,-0.4922,0.1895,1.4875,-1.2551,0.2124,0.3879,0.3186,0.3718,0.6259,0,0,1,0
2019-01-01 07:27:22+05:30,1261.0,2,7.4681,664.52,8.536,0,0.2753,0.2002,-0.3977,-0.1032,-0.2262,-0.2468,-0.6305,0.1812,0.8659,-1.1295,0.2118,0.4186,0.1889,0.2377,0.6252,0,0,1,0
2019-01-01 07:27:23+05:30,1262.0,2,7.4786,665.36,8.547,0,0.1055,0.0597,-0.3289,-0.0271,0.1761,-0.7217,-0.3528,-1.7915,0.0921,-1.004,0.2281,0.4531,0.0267,0.0697,0.6238,0,0,1,0
2019-01-01 07:27:24+05:30,1263.0,2,7.4883,666.13,8.557,0,0.0036,-0.0493,-0.5482,0.4184,0.2828,-0.6154,-1.5682,1.5226,-0.4978,-0.753,0.2142,0.4762,-0.0707,-0.0309,0.6231,0,0,1,0
2019-01-01 07:27:25+05:30,1264.0,2,7.4972,666.84,8.566,0,-0.0983,-0.1403,-0.7037,0.9074,0.2685,-0.5587,-2.0679,1.7562,-0.6009,-0.6275,0.2178,0.4992,-0.168,-0.1316,0.6224,0,0,1,0
2019-01-01 07:27:26+05:30,1265.0,2,7.5056,667.51,8.575,0,-0.1662,-0.21,-0.6196,1.0306,0.2434,-0.5729,-0.8526,2.7492,-0.6009,-0.502,0.2099,0.5145,-0.2329,-0.1994,0.6217,0,0,1,0
2019-01-01 07:27:27+05:30,1266.0,2,7.5133,668.13,8.583,0,-0.2341,-0.2665,-0.5023,0.6901,0.2446,-0.6012,-2.1528,1.7808,-0.5771,-0.502,0.2184,0.5299,-0.2978,-0.2666,0.621,0,0,1,0
2019-01-01 07:27:28+05:30,1267.0,2,7.5206,668.71,8.59,0,-0.3021,-0.3207,-0.3977,0.0381,0.2589,-0.6863,0.1107,-0.2119,-0.5787,-0.502,0.2311,0.5414,-0.3549,-0.326,0.6203,0,0,1,0
2019-01-01 07:27:29+05:30,1268.0,2,7.5272,669.25,8.597,0,-0.37,-0.3733,-0.1733,-0.498,0.2667,-0.6721,-1.281,-1.7254,-0.5549,-0.3765,0.2486,0.5568,-0.4275,-0.4021,0.6203,0,0,1,0
2019-01-01 07:27:30+05:30,1269.0,2,7.5336,669.8,8.605,0,-0.404,-0.4265,0.0689,-0.4618,0.3,-0.5374,0.9372,-1.0658,-0.4756,-0.3765,0.2154,0.5529,-0.4081,-0.3819,0.6196,0,0,1,0
2019-01-01 07:27:31+05:30,1270.0,2,7.5394,670.29,8.611,0,-0.4719,-0.4788,0.0995,0.0164,0.4097,-0.5658,0.1253,0.4771,-0.3012,-0.502,0.2341,0.576,-0.5067,-0.4847,0.6189,0,0,1,0
2019-01-01 07:27:32+05:30,1271.0,2,7.5447,670.73,8.616,0,-0.5398,-0.5338,-0.1453,0.3351,0.5575,-0.339,-0.1212,0.3694,-0.3361,-0.502,0.2522,0.5913,-0.5716,-0.5525,0.6182,0,0,1,0
2019-01-01 07:27:33+05:30,1272.0,2,7.5494,671.12,8.621,0,-0.6077,-0.5908,-0.515,0.2409,0.6159,-0.2964,-0.7523,0.4885,-0.5787,-0.3765,0.2698,0.6105,-0.6546,-0.6391,0.6182,0,0,1,0
2019-01-01 07:27:34+05:30,1273.0,2,7.5539,671.48,8.626,0,-0.6417,-0.6513,-0.7726,0.0598,0.5354,-0.3602,-1.0593,0.1596,-0.3551,-0.3765,0.2057,0.6182,-0.6871,-0.673,0.6175,0,0,1,0
2019-01-01 07:27:35+05:30,1274.0,2,7.5578,671.81,8.63,0,-0.7096,-0.713,-0.7139,0.0453,0.3912,-0.5303,-1.5854,0.267,-0.2837,-0.6275,0.2081,0.6297,-0.752,-0.7411,0.6175,0,0,1,0
2019-01-01 07:27:36+05:30,1275.0,2,7.5608,672.07,8.634,0,-0.8115,-0.7806,-0.4207,0.0924,0.2589,-0.7004,-1.6329,0.267,-0.3646,-0.6275,0.297,0.6527,-0.8493,-0.8431,0.6168,0,0,1,0
2019-01-01 07:27:37+05:30,1276.0,2,7.5633,672.29,8.637,0,-0.8795,-0.842,-0.181,0.0997,0.1588,-0.7288,0.4959,0.267,-0.4407,-0.3765,0.3218,0.6681,-0.9064,-0.9029,0.6168,0,0,1,0
2019-01-01 07:27:38+05:30,1277.0,2,7.5656,672.49,8.639,0,-0.9134,-0.8982,-0.1045,0.0924,0.1105,-0.665,0.0134,0.267,-0.5787,-0.3765,0.2208,0.6758,-0.9388,-0.9372,0.6168,0,0,1,0
2019-01-01 07:27:39+05:30,1278.0,2,7.5672,672.65,8.641,0,-0.9814,-0.9514,-0.1019,0.0707,0.1236,-0.6792,0.6825,0.267,-0.5787,-0.502,0.2843,0.6873,-0.9933,-0.9944,0.6161,0,0,1,0
2019-01-01 07:27:40+05:30,1279.0,2,7.5683,672.76,8.643,0,-1.0493,-1.0129,-0.1223,0.0019,0.1564,-0.7288,0.4338,-0.5457,-0.6025,-0.3765,0.3332,0.7065,-1.0686,-1.0735,0.6161,0,0,1,0
2019-01-01 07:27:41+05:30,1280.0,2,7.5692,672.86,8.644,0,-1.0832,-1.0516,-0.1759,-0.0416,0.1731,-0.7288,0.4338,-0.5457,-0.6215,-0.3765,0.2831,0.7141,-1.101,-1.1078,0.6161,0,0,1,0
2019-01-01 07:27:42+05:30,1281.0,2,7.5694,672.9,8.644,0,-1.1512,-1.0914,-0.2218,0.0019,0.1755,-0.7572,-0.3528,-1.434,-0.6215,-0.251,-0.9559,0.7295,-1.1737,-1.1844,0.6161,0,0,1,0
2019-01-01 07:27:43+05:30,1282.0,2,7.5697,672.94,8.645,0,-1.1512,-1.1146,-0.2371,0.0707,0.1701,-0.7359,-0.3528,0.267,-0.6215,-0.1255,-0.9559,0.7295,-1.1737,-1.1844,0.6161,0,1,0,0
2019-01-01 07:27:44+05:30,1283.0,2,7.5697,672.96,8.645,1,-1.1851,-1.1355,-0.232,0.096,0.1576,-0.7359,-0.3528,0.267,-0.631,-0.1255,-0.9559,0.7372,-1.2061,-1.2187,0.6161,0,0,0,1
2019-01-01 07:27:45+05:30,1284.0,2,7.5697,672.99,8.646,1,-1.1851,-1.1355,-0.2294,0.0924,0.1463,-0.7146,-0.3528,0.267,-0.631,0.0,-0.9559,0.7372,-1.2061,-1.2187,0.6161,0,0,0,1
2019-01-01 07:27:46+05:30,1285.0,2,7.5697,673.01,8.646,1,-1.1851,-1.1429,-0.232,0.0924,0.1439,-0.7146,-0.3528,0.267,-0.658,0.0,-0.9559,0.7372,-1.2061,-1.2187,0.6161,0,0,0,1
2019-01-01 07:27:47+05:30,1286.0,2,7.5697,673.03,8.646,1,-1.1851,-1.1429,-0.2345,0.0671,0.1457,-0.7146,-0.3528,0.267,-0.658,0.0,-0.9559,0.7372,-1.2061,-1.2187,0.6161,0,0,0,1
2019-01-01 07:27:48+05:30,1287.0,2,7.5697,673.05,8.646,1,-1.1851,-1.1517,-0.2269,0.0127,0.1415,-0.7146,-0.3528,-0.3643,-0.658,0.0,-0.9559,0.7372,-1.2061,-1.2187,0.6161,0,0,0,1
2019-01-01 07:27:49+05:30,1288.0,2,7.5697,673.07,8.647,1,-1.1851,-1.1517,-0.232,-0.0416,0.1439,-0.7146,-0.3528,-0.3643,-0.658,0.0,-0.9559,0.7372,-1.2061,-1.2187,0.6161,0,0,0,1
2019-01-01 07:27:50+05:30,1289.0,2,7.5697,673.09,8.647,1,-1.1851,-1.1517,-0.2447,-0.0307,0.1552,-0.7146,-0.3528,-0.3643,-0.658,0.0,-0.9559,0.7372,-1.2061,-1.2187,0.6161,0,0,0,1
2019-01-01 07:27:51+05:30,1290.0,2,7.5697,673.11,8.647,1,-1.1851,-1.1517,-0.2141,0.1359,0.129,-0.7146,-0.3528,0.267,-0.5945,0.0,-0.9559,0.7372,-1.2061,-1.2187,0.6161,0,0,0,1
2019-01-01 07:27:52+05:30,1291.0,2,7.5697,673.14,8.647,1,-1.1851,-1.1517,-0.158,0.3894,0.1117,-0.6437,-0.0364,1.4039,-0.3186,0.0,-0.9559,0.7372,-1.2061,-1.2187,0.6161,0,0,0,1
2019-01-01 07:27:53+05:30,1292.0,2,7.5697,673.16,8.648,1,-1.1851,-1.1517,-0.1835,0.4184,0.3215,-0.6154,-0.0927,0.9016,0.1745,0.251,-0.9559,0.7372,-1.2061,-1.2187,0.6161,0,0,0,1
2019-01-01 07:27:54+05:30,1293.0,2,7.5703,673.3,8.65,0,-1.1172,-1.0712,-0.26,0.0924,0.7911,-0.1688,-0.4249,0.3414,0.5932,0.8785,0.5393,0.6949,-1.0267,-1.0296,0.6154,1,0,0,0
2019-01-01 07:27:55+05:30,1294.0,2,7.5722,673.59,8.653,0,-0.9474,-0.922,-0.2218,-0.1466,1.1653,0.4903,-0.3181,0.1468,0.1412,1.3806,0.2631,0.6412,-0.7987,-0.7899,0.6154,1,0,0,0
2019-01-01 07:27:56+05:30,1295.0,2,7.5758,674.04,8.659,0,-0.7436,-0.7248,-0.1121,0.3025,1.2928,0.3982,-0.3528,0.3966,-0.1299,1.7571,0.2637,0.5875,-0.57,-0.5507,0.6147,1,0,0,0
2019-01-01 07:27:57+05:30,1296.0,2,7.5817,674.69,8.667,0,-0.4719,-0.4918,-0.0968,1.3819,1.5276,0.8589,-0.2354,0.5474,0.3728,1.8826,0.2111,0.5107,-0.254,-0.2214,0.614,1,0,0,0
2019-01-01 07:27:58+05:30,1297.0,2,7.5894,675.45,8.677,0,-0.2341,-0.2489,-0.0866,2.273,2.0091,1.3692,-0.3733,0.7474,0.3965,1.6316,0.242,0.4723,-0.0908,-0.0521,0.6133,1,0,0,0
2019-01-01 07:27:59+05:30,1298.0,2,7.5989,676.31,8.689,0,-0.0304,-0.0767,-0.1147,2.4432,2.3226,1.8229,-0.2957,0.6215,-0.1347,1.2551,0.2184,0.4301,0.0779,0.1225,0.6126,1,0,0,0
2019-01-01 07:28:00+05:30,1299.0,2,7.6094,677.24,8.701,0,0.1055,0.062,-0.5686,2.1172,2.2147,1.6102,-0.4333,0.634,-0.076,1.1295,0.2305,0.4071,0.1629,0.21,0.6112,1,0,0,0
2019-01-01 07:28:01+05:30,1300.0,2,7.6214,678.27,8.714,0,0.2753,0.1967,-1.2367,1.5304,1.9382,1.3125,-0.6579,0.5822,0.0001,1.1295,0.2087,0.3687,0.3238,0.3758,0.6105,1,0,0,0
2019-01-01 07:28:02+05:30,1301.0,2,7.6344,679.39,8.729,0,0.4112,0.3331,-1.1474,0.7046,1.6879,1.0007,-0.6031,0.3528,0.0826,1.1295,0.2172,0.3341,0.4675,0.5235,0.6091,1,0,0,0
2019-01-01 07:28:03+05:30,1302.0,2,7.6489,680.63,8.745,0,0.581,0.4954,-0.1478,0.0526,1.3572,0.6108,-0.4271,0.3766,0.4045,1.3806,0.2208,0.2881,0.6531,0.714,0.6077,1,0,0,0
2019-01-01 07:28:04+05:30,1303.0,2,7.665,682.08,8.764,0,0.7848,0.6786,0.5254,0.2011,0.9359,0.1005,0.3829,0.0935,0.3823,1.5061,0.216,0.2113,0.9662,1.0336,0.6063,1,0,0,0
2019-01-01 07:28:05+05:30,1304.0,2,7.6828,683.57,8.783,0,0.9886,0.855,0.1148,0.7154,0.5819,-0.2752,-0.2657,1.0959,0.1111,1.3806,0.2087,0.1921,1.044,1.1128,0.6049,1,0,0,0
2019-01-01 07:28:06+05:30,1305.0,2,7.7019,685.15,8.804,0,1.1584,1.0118,-0.464,0.4438,0.328,-0.6367,-0.6477,0.9885,-0.0427,1.2551,0.2087,0.1576,1.1822,1.2531,0.6028,1,0,0,0
2019-01-01 07:28:07+05:30,1306.0,2,7.7225,686.83,8.826,0,1.3282,1.1557,-0.2855,-0.2626,0.1368,-0.6721,-1.3161,-1.2196,-0.2584,1.1295,0.2021,0.123,1.3295,1.4021,0.6014,1,0,0,0
2019-01-01 07:28:08+05:30,1307.0,2,7.7442,688.62,8.849,0,1.4641,1.2827,0.2143,-0.114,0.0492,-0.5162,0.9917,-0.1295,-0.4978,0.502,0.2033,0.077,1.505,1.5793,0.5993,1,0,0,0
2019-01-01 07:28:09+05:30,1308.0,2,7.7658,690.39,8.873,0,1.4641,1.3984,0.3265,0.3206,0.067,-0.6083,1.2115,0.8804,-0.5549,0.0,0.2583,0.0808,1.4758,1.5494,0.5971,0,1,0,0
2019-01-01 07:28:10+05:30,1309.0,2,7.7875,692.15,8.896,0,1.4641,1.4982,0.1582,-0.3676,0.1052,-0.5658,1.1018,-0.2218,-0.5549,0.0,0.306,0.0847,1.4658,1.5393,0.595,0,1,0,0
2019-01-01 07:28:11+05:30,1310.0,2,7.8092,693.88,8.918,0,1.4641,1.5783,0.0205,-1.3094,0.1081,-0.424,-0.2295,-2.6892,-0.5168,-0.1255,0.3441,0.0962,1.4012,1.4738,0.5936,0,1,0,0
2019-01-01 07:28:12+05:30,1311.0,2,7.8306,695.58,8.941,0,1.4301,1.637,-0.2141,-0.4726,0.0778,-0.58,0.3906,0.267,-0.5168,-0.1255,0.3894,0.1,1.3684,1.4404,0.5915,0,1,0,0
2019-01-01 07:28:13+05:30,1312.0,2,7.8519,697.25,8.963,0,1.4301,1.6801,-0.4436,1.5486,0.0349,-0.5516,-1.4771,1.4285,-0.5438,0.0,0.41,0.1115,1.3269,1.3986,0.5901,0,1,0,0
2019-01-01 07:28:14+05:30,1313.0,2,7.8733,698.93,8.985,0,1.4301,1.7069,-0.1274,2.081,0.0122,-0.1121,-0.1318,2.77,-0.5295,0.0,0.4233,0.1038,1.335,1.4061,0.588,0,1,0,0
2019-01-01 07:28:15+05:30,1314.0,2,7.8947,700.65,9.007,0,1.4301,1.7147,0.7166,0.9545,0.042,-0.4949,1.6202,-0.1061,-0.4946,0.0,0.4269,0.0923,1.385,1.4567,0.5859,0,1,0,0
2019-01-01 07:28:16+05:30,1315.0,2,7.9161,702.4,9.03,0,1.4301,1.7219,1.219,0.6611,0.1242,-0.2681,1.6901,1.4266,-0.4423,0.0,0.4299,0.0731,1.4551,1.5275,0.5845,0,1,0,0
2019-01-01 07:28:17+05:30,1316.0,2,7.9375,704.13,9.053,0,1.4301,1.7296,0.8033,1.4182,0.2047,-0.4595,1.8382,1.3945,-0.4867,0.0,0.4342,0.0847,1.4048,1.4764,0.5824,0,1,0,0
2019-01-01 07:28:18+05:30,1317.0,2,7.9589,705.79,9.075,0,1.4301,1.7402,-0.1784,0.4619,0.2172,-0.6437,-0.3528,3.6688,-0.6104,0.0,0.439,0.1038,1.3062,1.3762,0.5803,0,1,0,0
2019-01-01 07:28:19+05:30,1318.0,2,7.9803,707.45,9.097,0,1.4301,1.7582,-1.0735,-3.0118,0.1761,-0.1121,-1.0271,-2.4349,-0.631,0.0,0.4475,0.1,1.3165,1.3867,0.5789,0,1,0,0
2019-01-01 07:28:20+05:30,1319.0,2,8.0017,709.12,9.118,0,1.4301,1.7898,-1.5248,-5.7828,0.1999,0.4124,-1.0234,-2.442,-0.5771,0.0,0.4632,0.1,1.3133,1.3832,0.5768,0,1,0,0
2019-01-01 07:28:21+05:30,1320.0,2,8.0231,710.77,9.14,0,1.4301,1.801,-1.5427,-4.7614,0.281,0.2706,-1.071,-2.3853,-0.5549,0.0,0.4686,0.1,1.2919,1.3612,0.5754,0,1,0,0
2019-01-01 07:28:22+05:30,1321.0,2,8.0444,712.42,9.162,0,1.4301,1.79,-1.4177,-1.0558,0.2512,-0.3815,-2.6266,-0.6402,-0.3789,0.0,0.4632,0.1,1.2919,1.3612,0.5733,0,1,0,0
2019-01-01 07:28:23+05:30,1322.0,2,8.0658,714.07,9.183,0,1.4301,1.7191,-1.1984,2.0846,0.3656,-0.2964,-1.1891,2.0061,0.2507,0.0,0.4287,0.0962,1.2919,1.3608,0.5719,0,1,0,0
2019-01-01 07:28:24+05:30,1323.0,2,8.0872,715.73,9.205,0,1.4301,1.5892,-0.4793,3.3162,1.1564,0.3131,-0.7604,1.6054,1.8253,0.0,0.3665,0.0962,1.2919,1.3608,0.5698,0,1,0,0
2019-01-01 07:28:25+05:30,1324.0,2,8.1086,717.48,9.228,0,1.4301,1.4028,0.6325,3.0916,2.0169,1.752,0.0002,0.7738,1.1244,-0.251,0.2764,0.0578,1.4476,1.5182,0.5677,0,0,1,0
2019-01-01 07:28:26+05:30,1325.0,2,8.1294,719.14,9.25,0,1.3622,1.2012,1.2904,1.8601,1.4895,0.6463,-0.0089,0.8082,2.6308,-1.1295,0.2093,0.0885,1.3126,1.3819,0.5663,0,0,1,0
2019-01-01 07:28:27+05:30,1326.0,2,8.1483,720.73,9.271,0,1.1244,0.9785,1.0252,0.2627,-0.3054,-0.0838,1.3824,0.3324,3.3079,-1.7571,0.2075,0.1154,1.1894,1.2566,0.5642,0,0,1,0
2019-01-01 07:28:28+05:30,1327.0,2,8.1653,722.04,9.288,0,0.8867,0.7671,0.2219,-0.7081,-1.4961,1.3976,-0.3528,0.126,1.2988,-1.6316,0.2124,0.2113,0.7728,0.8331,0.5628,0,0,1,0
2019-01-01 07:28:29+05:30,1328.0,2,8.1806,723.24,9.304,0,0.6829,0.5675,-0.4105,-0.7878,-1.2458,0.9085,-0.3265,0.0213,0.7549,-1.3806,0.2051,0.2535,0.5859,0.6418,0.5614,0,0,1,0
2019-01-01 07:28:30+05:30,1329.0,2,8.1944,724.33,9.318,0,0.5131,0.4102,-0.4997,-0.7262,-0.6713,0.1501,-0.5592,-0.0619,0.2348,-1.2551,0.2045,0.2919,0.416,0.4677,0.5607,0,0,1,0
2019-01-01 07:28:31+05:30,1330.0,2,8.2069,725.31,9.33,0,0.3433,0.2779,-0.1708,-0.9363,-0.5915,0.3131,-0.3528,-0.1114,-0.3694,-1.004,0.2238,0.3303,0.2537,0.301,0.5592,0,0,1,0
2019-01-01 07:28:32+05:30,1331.0,2,8.2186,726.26,9.343,0,0.2414,0.1804,0.125,-0.8711,-0.5211,0.0863,-0.0616,-0.3227,0.1111,-0.6275,0.222,0.3418,0.2005,0.2461,0.5585,0,0,1,0
2019-01-01 07:28:33+05:30,1332.0,2,8.2297,727.15,9.354,0,0.1734,0.1213,0.074,-0.335,-0.16,-0.3673,0.1166,0.1558,0.1397,-0.3765,0.2263,0.3572,0.1253,0.1682,0.5571,0,0,1,0
2019-01-01 07:28:34+05:30,1333.0,2,8.2406,728.01,9.366,0,0.1395,0.0945,-0.0764,0.096,0.1052,-0.6579,-0.3528,-0.579,-0.2917,-0.1255,0.2311,0.3725,0.0591,0.1001,0.5564,0,1,0,0
2019-01-01 07:28:35+05:30,1334.0,2,8.2514,728.89,9.377,0,0.1395,0.0698,-0.0152,0.1721,0.132,-0.6083,1.2115,0.8804,-0.6025,-0.1255,0.2075,0.361,0.1032,0.1458,0.5557,0,1,0,0
2019-01-01 07:28:36+05:30,1335.0,2,8.2619,729.74,9.388,0,0.1055,0.0466,0.2219,0.1866,0.045,-0.6083,0.5069,0.267,-0.1347,-0.251,0.2154,0.3725,0.0526,0.0935,0.555,0,0,1,0
2019-01-01 07:28:37+05:30,1336.0,2,8.2722,730.62,9.4,0,0.0715,0.023,0.5585,0.2953,-0.2554,-0.1759,0.5827,0.4439,0.5805,-0.251,0.2232,0.361,0.0902,0.1322,0.5536,0,0,1,0
2019-01-01 07:28:38+05:30,1337.0,2,8.2822,731.47,9.411,0,0.0376,-0.0029,0.8365,0.3568,-0.8465,0.4974,0.0789,0.3509,0.9753,-0.251,0.2293,0.3687,0.0578,0.0988,0.5529,0,0,1,0
2019-01-01 07:28:39+05:30,1338.0,2,8.2919,732.31,9.422,0,0.0036,-0.0325,0.76,0.2083,-1.4752,1.2417,-0.0367,0.2897,0.571,-0.251,0.2317,0.3725,0.0409,0.0812,0.5522,0,0,1,0
2019-01-01 07:28:40+05:30,1339.0,2,8.3014,733.1,9.432,0,-0.0304,-0.0669,0.3877,0.0308,-1.769,1.5464,-0.2061,0.267,-0.2885,-0.251,0.2293,0.3917,-0.0434,-0.0059,0.5508,0,0,1,0
2019-01-01 07:28:41+05:30,1340.0,2,8.3106,733.85,9.441,0,-0.0643,-0.1072,0.1097,0.0852,-1.533,1.3054,-0.2818,0.245,0.5028,-0.251,0.2196,0.4071,-0.1096,-0.0745,0.5501,0,0,1,0
2019-01-01 07:28:42+05:30,1341.0,2,8.3194,734.85,9.455,0,-0.0983,-0.1537,0.0205,0.0272,-0.924,0.5541,-0.1637,0.267,0.8675,3.3886,0.2027,0.3111,0.2943,0.3419,0.5494,1,0,0,0
2019-01-01 07:29:11+05:30,1346.0,2,8.4028,742.96,9.561,0,0.8527,0.7318,0.023,-0.7805,-0.4085,-0.0413,-0.2932,-0.1885,0.2443,4.0162,0.2099,0.0808,1.2468,1.3129,0.5403,1,0,0,0
2019-01-01 07:29:12+05:30,1347.0,2,8.4206,744.43,9.58,0,0.9886,0.8466,0.1097,-2.0592,-0.2893,-0.0484,-0.01,-1.1875,-0.4598,0.753,0.2039,0.1346,1.0142,1.0772,0.5389,1,0,0,0
2019-01-01 07:29:13+05:30,1348.0,2,8.4389,745.92,9.6,0,1.0565,0.9323,0.0944,-2.6858,-0.2732,-0.02,-0.1,-1.2068,-0.0665,0.502,0.2166,0.1269,1.0385,1.1018,0.5375,1,0,0,0
2019-01-01 07:29:14+05:30,1349.0,2,8.4578,747.41,9.619,0,1.1244,0.9867,-0.1759,-2.1425,0.1058,-0.2539,-0.3528,-2.6393,0.617,0.3765,0.2124,0.123,1.0473,1.1106,0.5354,1,0,0,0
2019-01-01 07:29:15+05:30,1350.0,2,8.4769,748.92,9.639,0,1.1584,1.0275,-0.487,-1.1898,0.6719,-0.2114,-0.535,-0.3593,0.3426,0.251,0.2172,0.1154,1.069,1.1321,0.534,1,0,0,0
2019-01-01 07:29:16+05:30,1351.0,2,8.4964,750.44,9.659,0,1.1924,1.0602,-0.7267,-0.8711,0.7708,0.0084,-0.7871,-0.4633,0.192,0.3765,0.2178,0.1077,1.1008,1.1647,0.5326,1,0,0,0
2019-01-01 07:29:17+05:30,1352.0,2,8.5164,752.02,9.68,0,1.2603,1.0999,-1.2239,-1.2007,0.2553,-0.4595,-2.324,-1.0983,0.7961,0.3765,0.2057,0.0885,1.1731,1.2377,0.5305,1,0,0,0
2019-01-01 07:29:18+05:30,1353.0,2,8.5367,753.62,9.701,0,1.2942,1.1474,-1.9201,-1.447,-0.2965,0.0154,-1.5868,-0.7215,0.1809,0.3765,0.2136,0.077,1.2169,1.2821,0.5291,1,0,0,0
2019-01-01 07:29:19+05:30,1354.0,2,8.5575,755.23,9.722,0,1.3622,1.21,-1.9099,-1.2333,-0.3924,0.1147,-1.6318,-0.2478,-0.3947,-3.3886,0.2136,0.0731,1.227,1.2918,0.527,0,0,1,0
2019-01-01 07:29:26+05:30,1359.0,2,8.6214,760.23,9.787,0,0.3772,0.2944,-0.946,-0.5849,-0.166,-0.261,-1.011,-0.413,-0.1268,-7.2793,0.2118,0.2919,0.2862,0.3327,0.5221,0,0,1,0
2019-01-01 07:29:27+05:30,1360.0,2,8.6261,760.62,9.792,0,-0.6077,-0.6212,-0.385,0.3532,-0.0516,-0.5374,-0.7728,0.891,-0.2917,-1.6316,0.2033,0.5145,-0.6546,-0.6413,0.5214,0,0,1,0
2019-01-01 07:29:28+05:30,1361.0,2,8.6353,761.68,9.806,0,-0.0643,-0.0983,-1.1806,1.0414,-0.1987,-0.1618,-1.2572,0.8366,-0.1394,4.0162,0.2299,0.2689,0.3764,0.4251,0.5199,1,0,0,0
2019-01-01 07:29:29+05:30,1362.0,2,8.6489,763.07,9.824,0,0.4791,0.406,-2.2082,0.8603,-0.3948,0.1147,-1.7215,0.7319,-0.4598,4.0162,0.225,0.1499,0.8802,0.9395,0.5185,1,0,0,0
2019-01-01 07:29:30+05:30,1363.0,2,8.6669,764.77,9.847,0,1.0225,0.8982,-1.9303,0.3134,-0.4121,0.0792,-1.6329,0.267,-0.3694,2.8866,0.2154,0.0271,1.3856,1.4514,0.5171,1,0,0,0
2019-01-01 07:29:31+05:30,1364.0,2,8.6869,766.45,9.869,0,1.2603,1.3754,-0.6604,0.6321,-0.1493,-0.2823,-0.7381,0.8842,0.5646,1.6316,0.3477,0.0386,1.3279,1.3929,0.515,1,0,0,0
2019-01-01 07:29:32+05:30,1365.0,2,8.7086,768.14,9.891,0,1.4641,1.2956,0.0944,1.7442,0.4401,-0.339,0.0496,1.7604,1.4082,0.251,0.2093,0.0309,1.3555,1.4206,0.5129,1,0,0,0
2019-01-01 07:29:33+05:30,1366.0,2,8.7292,769.73,9.912,0,1.3282,1.1835,-0.0841,2.2911,1.359,0.6675,-0.3016,1.0003,1.7698,-1.004,0.216,0.0655,1.2075,1.2711,0.5115,0,0,1,0
2019-01-01 07:29:34+05:30,1367.0,2,8.7486,771.23,9.932,0,1.1924,1.0449,-0.2957,1.8999,2.3607,1.7378,-0.3645,0.5414,1.2386,-1.2551,0.2093,0.0962,1.0648,1.1264,0.5101,0,0,1,0
2019-01-01 07:29:35+05:30,1368.0,2,8.7664,772.63,9.95,0,0.9886,0.8688,0.1046,1.621,2.6867,2.2552,-0.2943,0.4794,0.7771,-1.5061,0.2166,0.1346,0.9013,0.9602,0.508,0,0,1,0
2019-01-01 07:29:36+05:30,1369.0,2,8.7825,773.96,9.967,0,0.7848,0.666,0.8365,1.8637,1.6885,1.0361,0.0167,0.7175,3.1874,-1.6316,0.2081,0.1576,0.7923,0.8494,0.5066,0,0,1,0
2019-01-01 07:29:37+05:30,1370.0,2,8.7967,775.16,9.983,0,0.547,0.4673,1.3898,1.8492,-0.1106,-0.1476,1.1237,1.3514,3.6092,-1.5061,0.2232,0.2036,0.5989,0.652,0.5059,0,0,1,0
2019-01-01 07:29:38+05:30,1371.0,2,8.8094,776.3,9.998,0,0.3772,0.3001,1.655,1.161,-1.4883,1.3692,0.227,0.5312,1.9759,-1.1295,0.2166,0.2228,0.5016,0.5526,0.5045,0,0,1,0
2019-01-01 07:29:39+05:30,1372.0,2,8.8211,777.33,10.011,0,0.2414,0.1668,1.7902,0.1902,-2.0473,1.9008,0.0196,0.2269,0.2316,-1.004,0.2099,0.2612,0.3303,0.3767,0.5031,0,0,1,0
2019-01-01 07:29:40+05:30,1373.0,2,8.8317,778.31,10.024,0,0.1055,0.0582,1.6499,-0.6864,-2.1903,2.0993,0.0994,0.2137,-0.3599,-0.8785,0.2269,0.2804,0.2524,0.2971,0.5024,0,0,1,0
2019-01-01 07:29:41+05:30,1374.0,2,8.8414,779.13,10.035,0,0.0036,-0.0359,0.8441,-1.3058,-1.9078,1.8016,-0.1801,-0.0309,0.9389,-0.753,0.2281,0.338,0.0072,0.0447,0.501,0,0,1,0
2019-01-01 07:29:42+05:30,1375.0,2,8.8503,779.85,10.044,0,-0.0983,-0.1287,-0.3595,-1.3927,-0.9877,0.6959,-0.2826,-0.0445,1.9363,-0.753,0.2317,0.3725,-0.1498,-0.1176,0.5003,0,0,1,0
2019-01-01 07:29:43+05:30,1376.0,2,8.8583,780.49,10.052,0,-0.2002,-0.2292,-0.9587,-0.8783,-0.0766,-0.3319,-1.776,-1.0752,0.8913,-0.753,0.2257,0.3994,-0.2653,-0.2372,0.4996,0,0,1,0
2019-01-01 07:29:44+05:30,1377.0,2,8.8656,781.07,10.06,0,-0.3021,-0.3287,-0.5201,-0.3133,-0.0182,-0.4807,-0.4984,0.1165,0.1888,-0.502,0.2196,0.4224,-0.3627,-0.3379,0.4989,0,0,1,0
2019-01-01 07:29:45+05:30,1378.0,2,8.8725,781.64,10.067,0,-0.336,-0.368,0.1454,-0.2408,-0.5521,0.143,-0.1926,0.0519,0.4203,-0.502,0.2081,0.4224,-0.3691,-0.3449,0.4989,0,0,1,0
2019-01-01 07:29:46+05:30,1379.0,2,8.8786,782.17,10.074,0,-0.4379,-0.4435,0.176,-0.393,-0.862,0.4832,-0.1176,0.1094,-0.2806,-0.6275,0.2396,0.4416,-0.4405,-0.4188,0.4982,0,0,1,0
2019-01-01 07:29:47+05:30,1380.0,2,8.8842,782.62,10.08,0,-0.5059,-0.5148,-0.2141,-0.2952,-0.7589,0.3486,-0.392,0.1317,-0.2203,-0.502,0.2269,0.4685,-0.5573,-0.5402,0.4975,0,0,1,0
2019-01-01 07:29:48+05:30,1381.0,2,8.8892,783.03,10.085,0,-0.5738,-0.5864,-0.3697,-0.0307,-0.5235,0.0863,-0.404,0.2141,-0.0475,-0.6275,0.2105,0.48,-0.6222,-0.6079,0.4968,0,0,1,0
2019-01-01 07:29:49+05:30,1382.0,2,8.8933,783.37,10.09,0,-0.6757,-0.6611,-0.1963,0.1323,-0.2822,-0.1972,-0.3528,0.267,0.0001,-0.8785,0.2589,0.503,-0.7195,-0.7095,0.4968,0,0,1,0
2019-01-01 07:29:50+05:30,1383.0,2,8.8964,783.64,10.093,0,-0.8115,-0.7796,-0.0178,0.1431,-0.045,-0.4949,0.1594,0.4242,-0.1125,-0.753,0.3006,0.5299,-0.8233,-0.8176,0.4968,0,0,1,0
2019-01-01 07:29:51+05:30,1384.0,2,8.8989,783.87,10.096,0,-0.8795,-0.844,-0.005,0.0417,0.1189,-0.665,0.5468,-0.1212,-0.3725,-0.502,0.3139,0.5453,-0.896,-0.8937,0.4961,0,0,1,0
2019-01-01 07:29:52+05:30,1385.0,2,8.9008,784.06,10.099,0,-0.9474,-0.9043,-0.0994,-0.0887,0.1737,-0.7217,1.4841,-0.4599,-0.5771,-0.502,0.3568,0.5606,-0.9609,-0.9614,0.4961,0,0,1,0
2019-01-01 07:29:53+05:30,1386.0,2,8.9022,784.18,10.1,0,-1.0153,-0.9759,-0.1988,-0.0923,0.1612,-0.7075,-0.3528,-1.2899,-0.6183,-0.502,0.3502,0.5798,-1.0439,-1.0485,0.4961,0,0,1,0
2019-01-01 07:29:54+05:30,1387.0,2,8.9031,784.27,10.101,0,-1.0832,-1.034,-0.2447,0.0381,0.135,-0.7146,-0.3528,0.267,-0.6389,-0.3765,0.5007,0.5952,-1.1088,-1.1166,0.4961,0,0,1,0
2019-01-01 07:29:55+05:30,1388.0,2,8.9036,784.34,10.102,0,-1.1172,-1.0837,-0.2345,0.1069,0.1451,-0.7146,-0.3528,0.267,-0.658,-0.3765,0.3066,0.6028,-1.1413,-1.1505,0.4961,0,0,1,0
2019-01-01 07:29:56+05:30,1389.0,2,8.9036,784.36,10.102,1,-1.1851,-1.124,-0.2218,0.0852,0.1737,-0.7146,-0.3528,0.267,-0.658,-0.251,-0.9559,0.6182,-1.2061,-1.2187,0.4954,0,0,0,1
2019-01-01 07:29:57+05:30,1390.0,2,8.9036,784.38,10.103,1,-1.1851,-1.1517,-0.2447,0.096,0.0819,-0.7146,-0.3528,0.267,-0.0443,0.0,-0.9559,0.6182,-1.2061,-1.2187,0.4954,0,0,0,1
2019-01-01 07:29:58+05:30,1391.0,2,8.9036,784.4,10.103,1,-1.1851,-1.1517,-0.2957,-0.0018,-0.1761,-0.2397,-0.4344,0.1827,0.0223,0.0,-0.9559,0.6182,-1.2061,-1.2187,0.4954,0,0,0,1
2019-01-01 07:29:59+05:30,1392.0,2,8.9036,784.42,10.103,1,-1.1851,-1.1235,-0.3238,-0.4654,-0.4145,-0.1405,-0.422,-0.0434,-0.3075,0.3765,-0.9559,0.6182,-1.2061,-1.2187,0.4954,0,0,0,1
2019-01-01 07:30:00+05:30,1393.0,2,8.9044,784.57,10.105,0,-1.0832,-1.0524,-0.2651,-1.1102,-0.4288,0.1076,-0.3861,-0.3805,-0.1823,0.753,0.2734,0.5721,-1.0164,-1.0195,0.4954,1,0,0,0
2019-01-01 07:30:01+05:30,1394.0,2,8.9061,784.82,10.108,0,-0.9814,-0.9377,-0.1172,-1.4217,-0.225,-0.2823,-0.2043,-0.9263,0.0223,1.004,0.3683,0.5376,-0.8623,-0.8585,0.4954,1,0,0,0
2019-01-01 07:30:02+05:30,1395.0,2,8.9092,785.21,10.114,0,-0.8115,-0.7792,0.0868,-1.1681,0.0331,-0.3886,0.1016,-1.4642,-0.1775,1.5061,0.3018,0.4838,-0.6413,-0.6277,0.4947,1,0,0,0
2019-01-01 07:30:03+05:30,1396.0,2,8.9142,785.8,10.121,0,-0.5738,-0.5832,0.4081,-0.4799,0.182,-0.58,2.1964,-0.5011,-0.3456,1.6316,0.2172,0.4148,-0.3545,-0.33,0.494,1,0,0,0
2019-01-01 07:30:04+05:30,1397.0,2,8.9208,786.51,10.13,0,-0.37,-0.383,0.7294,0.3931,0.1636,-0.5445,2.4642,0.459,-0.4978,1.5061,0.2335,0.3649,-0.1498,-0.118,0.4933,1,0,0,0
2019-01-01 07:30:05+05:30,1398.0,2,8.9292,787.35,10.141,0,-0.1662,-0.1981,0.4718,1.0378,0.0843,-0.4382,1.2009,1.698,-0.5501,1.5061,0.2244,0.3226,0.0289,0.0667,0.4926,1,0,0,0
2019-01-01 07:30:06+05:30,1399.0,2,8.9392,788.24,10.153,0,0.0376,-0.0292,-0.515,0.8966,0.1177,-0.58,-1.3168,1.8946,-0.3963,1.2551,0.2021,0.2996,0.1194,0.1595,0.4919,1,0,0,0
2019-01-01 07:30:07+05:30,1400.0,2,8.9503,789.2,10.165,0,0.1734,0.1182,-1.1959,0.0091,0.2446,-0.4949,-3.1318,0.267,-0.4106,1.004,0.2232,0.2727,0.231,0.2742,0.4905,1,0,0,0
2019-01-01 07:30:08+05:30,1401.0,2,8.9625,790.24,10.179,0,0.3093,0.2505,-0.6502,-0.6719,0.2738,-0.587,-1.3552,-1.7934,-0.4756,1.004,0.2275,0.2459,0.3465,0.393,0.4891,1,0,0,0
2019-01-01 07:30:09+05:30,1402.0,2,8.9758,791.4,10.194,0,0.4451,0.3694,0.4693,-0.393,0.1385,-0.587,1.6414,-0.7687,-0.1997,1.004,0.2208,0.1998,0.5224,0.5724,0.4884,1,0,0,0
2019-01-01 07:30:10+05:30,1403.0,2,8.9903,792.66,10.211,0,0.581,0.4741,0.7982,0.3967,-0.0653,-0.3106,1.2704,0.5905,-0.1109,0.753,0.2051,0.1614,0.6917,0.7456,0.487,1,0,0,0
2019-01-01 07:30:11+05:30,1404.0,2,9.0053,793.88,10.227,0,0.6489,0.548,0.1072,0.6539,-0.278,-0.2185,-0.1699,0.6189,-0.103,0.502,0.213,0.1729,0.6242,0.6761,0.4856,1,0,0,0
2019-01-01 07:30:12+05:30,1405.0,2,9.0208,795.11,10.243,0,0.7169,0.5955,-0.6578,0.0598,-0.4931,0.0509,-0.5848,0.3222,-0.0713,0.251,0.2027,0.1691,0.6463,0.699,0.4842,1,0,0,0
2019-01-01 07:30:13+05:30,1406.0,2,9.0364,796.33,10.259,0,0.7169,0.6196,-0.7573,-0.7226,-0.6928,0.3273,-0.6477,-0.1076,-0.1268,0.0,0.219,0.1729,0.6207,0.6726,0.4828,0,1,0,0
2019-01-01 07:30:14+05:30,1407.0,2,9.0519,797.54,10.275,0,0.7169,0.6157,-0.3467,-0.8928,-0.9109,0.5258,-0.4092,-0.0022,0.0413,-0.1255,0.2166,0.1729,0.6106,0.6621,0.4814,0,1,0,0
2019-01-01 07:30:15+05:30,1408.0,2,9.0672,798.75,10.29,0,0.6829,0.5816,0.1046,-0.2734,-1.2166,0.9227,-0.2222,0.1502,0.2063,-0.251,0.2148,0.1691,0.6171,0.6687,0.4799,0,0,1,0
2019-01-01 07:30:16+05:30,1409.0,2,9.0822,799.97,10.306,0,0.6489,0.532,0.5534,0.6539,-1.5437,1.3054,-0.1392,0.3917,-0.0332,-0.251,0.2021,0.1653,0.6236,0.6753,0.4785,0,0,1,0
2019-01-01 07:30:17+05:30,1410.0,2,9.0969,801.21,10.323,0,0.615,0.5118,1.1782,1.2841,-1.6874,1.5039,-0.0075,0.4885,-0.4233,0.0,0.2099,0.1576,0.6528,0.7047,0.4778,0,1,0,0
2019-01-01 07:30:18+05:30,1411.0,2,9.1119,802.53,10.34,0,0.6489,0.536,1.6142,1.5449,-1.5205,1.3622,0.1864,0.5539,0.0746,0.3765,0.2051,0.123,0.789,0.8437,0.4764,1,0,0,0
2019-01-01 07:30:19+05:30,1412.0,2,9.1275,803.88,10.358,0,0.7169,0.5989,1.1858,1.889,-1.1409,0.9014,0.0913,0.7258,0.4298,0.6275,0.2051,0.1154,0.8237,0.8789,0.4743,1,0,0,0
2019-01-01 07:30:20+05:30,1413.0,2,9.1439,805.26,10.376,0,0.8187,0.7033,0.0077,2.3527,-0.7398,0.384,-0.1366,1.0717,0.3014,1.004,0.2118,0.1,0.8779,0.9338,0.4729,1,0,0,0
2019-01-01 07:30:21+05:30,1414.0,2,9.1617,806.72,10.395,0,0.9886,0.8513,-0.997,2.407,-0.3883,0.1643,-0.9883,1.4576,0.1603,1.1295,0.2063,0.0693,1.0096,1.0675,0.4715,1,0,0,0
2019-01-01 07:30:22+05:30,1415.0,2,9.1806,808.25,10.415,0,1.1244,0.9831,-1.2494,2.0557,-0.1255,-0.2539,-1.2166,1.7362,-0.1648,0.8785,0.2099,0.0424,1.105,1.1634,0.4701,1,0,0,0
2019-01-01 07:30:23+05:30,1416.0,2,9.2003,809.81,10.436,0,1.2263,1.0619,-0.9919,1.784,-0.129,-0.1759,-1.2832,1.7014,-0.0459,0.502,0.2021,0.0309,1.1553,1.2144,0.468,1,0,0,0
2019-01-01 07:30:24+05:30,1417.0,2,9.2203,811.35,10.456,0,1.2603,1.0997,-0.6578,1.3638,-0.4937,0.0934,-0.5723,0.7946,0.341,-8.9109,0.2057,0.0348,1.1297,1.1884,0.4666,0,0,1,0
2019-01-01 07:30:30+05:30,1422.0,2,9.2203,811.46,10.457,1,-1.1851,-1.1517,-0.4691,0.1612,-0.9401,0.5116,-0.4673,0.3497,0.1444,-8.1578,-0.9559,0.5875,-1.2061,-1.2191,0.4666,0,0,0,1
2019-01-01 07:30:31+05:30,1423.0,2,9.2222,811.77,10.461,0,-0.9474,-0.9286,-0.3901,-1.3673,-1.0181,0.8022,-0.4183,-0.1507,0.035,1.6316,0.2275,0.4838,-0.7669,-0.7591,0.4659,1,0,0,0
2019-01-01 07:30:32+05:30,1424.0,2,9.2258,812.2,10.467,0,-0.7436,-0.7261,-0.2702,-1.9324,-0.6707,0.2423,-0.3528,-0.6099,0.4267,1.5061,0.2601,0.4416,-0.5914,-0.5767,0.4659,1,0,0,0
2019-01-01 07:30:33+05:30,1425.0,2,9.2311,812.74,10.474,0,-0.5398,-0.5413,-0.232,-1.1246,-0.2613,-0.1476,-0.4227,-0.4674,0.119,1.5061,0.2371,0.3956,-0.4123,-0.3906,0.4652,1,0,0,0
2019-01-01 07:30:34+05:30,1426.0,2,9.2381,813.41,10.482,0,-0.336,-0.3704,-0.5329,0.2011,-0.0122,-0.5303,-0.7666,0.267,-0.0173,1.3806,0.2051,0.3533,-0.2316,-0.2038,0.4645,1,0,0,0
2019-01-01 07:30:35+05:30,1427.0,2,9.2464,814.09,10.491,0,-0.1662,-0.2136,-0.9026,1.0378,0.1683,-0.4949,-2.0917,1.8394,-0.2219,0.251,0.2057,0.3457,-0.1943,-0.1651,0.4638,1,0,0,0
2019-01-01 07:30:36+05:30,1428.0,2,9.2539,814.69,10.499,0,-0.2681,-0.2927,-0.8134,0.9835,0.3394,-0.4949,-1.611,1.8371,-0.3012,-0.6275,0.2257,0.3764,-0.3302,-0.3058,0.4631,0,0,1,0
2019-01-01 07:30:37+05:30,1429.0,2,9.2608,815.25,10.506,0,-0.336,-0.3639,-0.4921,0.4909,0.4198,-0.4949,-0.7106,0.6366,-0.4994,-0.502,0.2148,0.3917,-0.3951,-0.3731,0.4624,0,0,1,0
2019-01-01 07:30:38+05:30,1430.0,2,9.2672,816.81,10.527,0,-0.404,-0.429,-0.566,0.3098,0.4001,-0.5303,-1.3867,0.8782,-0.5771,-0.502,0.2111,0.0232,1.1553,1.2139,0.461,0,0,1,0
2019-01-01 07:30:39+05:30,1431.0,2,9.2731,818.32,10.547,0,-0.4719,2.877,-0.8746,0.4764,0.39,-0.5091,-1.4745,0.6555,-0.6104,-0.502,6.1699,0.0348,1.092,1.1493,0.4589,0,0,1,0
2019-01-01 07:30:40+05:30,1432.0,2,9.2783,818.75,10.552,0,-0.5398,2.8149,-0.7267,0.4293,0.3894,-0.502,-1.8901,0.9776,-0.5295,-0.502,6.7985,0.4339,-0.5897,-0.5749,0.4589,0,0,1,0
2019-01-01 07:30:41+05:30,1433.0,2,9.2831,819.15,10.558,0,-0.6077,2.7548,-0.1708,0.0598,0.2553,-0.6437,0.7476,-0.06,-0.057,-0.502,7.5793,0.4416,-0.6287,-0.6153,0.4582,0,0,1,0
2019-01-01 07:30:42+05:30,1434.0,2,9.2872,819.51,10.562,0,-0.6757,2.695,0.1403,-0.1648,0.008,-0.4665,0.1202,-0.0736,-0.1093,-0.502,8.5693,0.457,-0.6936,-0.6831,0.4575,0,0,1,0
2019-01-01 07:30:43+05:30,1435.0,2,9.2908,819.84,10.566,0,-0.7436,2.6359,0.0485,-0.0525,-0.1076,-0.4665,0.2611,0.1226,-0.631,-0.502,9.8658,0.4685,-0.7507,-0.7424,0.4575,0,0,1,0
2019-01-01 07:30:44+05:30,1436.0,2,9.2939,820.1,10.57,0,-0.8115,-0.7977,-0.1172,0.1033,0.0194,-0.502,-0.1959,0.267,-0.214,-0.502,0.239,0.4915,-0.8415,-0.8374,0.4568,0,0,1,0
2019-01-01 07:30:45+05:30,1437.0,2,9.2964,820.32,10.573,0,-0.8795,-0.8556,-0.2065,0.1105,0.1999,-0.7288,0.4959,0.267,-0.2552,-0.502,0.2661,0.5069,-0.9064,-0.9051,0.4568,0,0,1,0
2019-01-01 07:30:46+05:30,1438.0,2,9.2983,820.49,10.575,0,-0.9474,-0.9109,-0.2549,0.049,0.2279,-0.7642,-3.6454,0.267,-0.5232,-0.502,0.3218,0.5222,-0.979,-0.9808,0.4568,0,0,1,0
2019-01-01 07:30:47+05:30,1439.0,2,9.2997,820.62,10.577,0,-1.0153,-0.9686,-0.2702,0.0236,0.1397,-0.7146,-0.3528,-0.3643,-0.4994,-0.502,0.404,0.5376,-1.0439,-1.0489,0.4568,0,0,1,0
2019-01-01 07:30:48+05:30,1440.0,2,9.3006,820.71,10.578,0,-1.0832,-1.0291,-0.2906,0.0598,0.0867,-0.6437,-0.6649,0.267,-0.5771,-0.3765,0.5623,0.5529,-1.1088,-1.1166,0.4568,0,0,1,0
2019-01-01 07:30:49+05:30,1441.0,2,9.3011,820.77,10.579,0,-1.1172,-1.0724,-0.3187,0.1033,0.0998,-0.665,-0.719,0.267,-0.6025,-0.251,0.5164,0.5606,-1.1413,-1.1509,0.4561,0,0,1,0
2019-01-01 07:30:50+05:30,1442.0,2,9.3014,820.81,10.579,0,-1.1512,-1.1093,-0.2906,0.0924,0.1272,-0.6934,-0.8281,0.267,-0.6025,-0.251,-0.9559,0.5683,-1.1737,-1.1848,0.4561,0,0,1,0
2019-01-01 07:30:51+05:30,1443.0,2,9.3014,820.83,10.579,1,-1.1851,-1.1378,-0.2473,0.0671,0.1469,-0.7146,-0.3528,0.267,-0.631,-0.1255,-0.9559,0.576,-1.2061,-1.2191,0.4561,0,0,0,1
2019-01-01 07:30:52+05:30,1444.0,2,9.3014,820.86,10.58,1,-1.1851,-1.1517,-0.2396,0.1142,0.1469,-0.7146,-0.3528,0.267,-0.658,0.0,-0.9559,0.576,-1.2061,-1.2191,0.4561,0,0,0,1
2019-01-01 07:30:53+05:30,1445.0,2,9.3014,820.88,10.58,1,-1.1851,-1.1517,-0.2116,0.1105,0.1272,-0.7146,-0.3528,0.267,-0.658,0.0,-0.9559,0.576,-1.2061,-1.2191,0.4561,0,0,0,1
2019-01-01 07:30:54+05:30,1446.0,2,9.3014,820.9,10.58,1,-1.1851,-1.1517,-0.2141,-0.1358,0.182,-0.7146,-0.3528,-0.3643,-0.0443,0.0,-0.9559,0.576,-1.2061,-1.2191,0.4561,0,0,0,1
2019-01-01 07:30:55+05:30,1447.0,2,9.3014,820.92,10.58,1,-1.1851,-1.1493,-0.4156,-0.44,0.4824,-0.3602,-0.4567,-0.4629,0.5329,3.1376,-0.9559,0.576,-1.2061,-1.2191,0.4561,0,0,0,1
2019-01-01 07:31:05+05:30,1452.0,2,9.3361,825.21,10.636,0,-0.336,-0.3481,-0.7165,-0.5016,1.1206,0.2281,-0.7512,0.1154,1.3004,3.7652,0.2377,0.2727,0.0698,0.1067,0.4519,1,0,0,0
2019-01-01 07:31:06+05:30,1453.0,2,9.3444,825.95,10.646,0,-0.1662,-0.2164,-0.844,-0.4038,1.9078,1.348,-0.4435,0.123,1.145,1.004,0.2021,0.315,-0.1171,-0.0859,0.4512,1,0,0,0
2019-01-01 07:31:07+05:30,1454.0,2,9.3536,826.73,10.656,0,-0.0643,-0.1156,-0.742,-0.3821,2.4227,1.7803,-0.5445,0.225,0.0017,0.6275,0.2099,0.2996,-0.0476,-0.0142,0.4498,1,0,0,0
2019-01-01 07:31:08+05:30,1455.0,2,9.3633,827.55,10.667,0,0.0036,-0.0399,-0.5788,-0.3676,2.4018,1.9079,-0.3528,0.1702,0.0651,0.502,0.2238,0.2881,-0.0003,0.0346,0.4491,1,0,0,0
2019-01-01 07:31:09+05:30,1456.0,2,9.3736,828.4,10.678,0,0.0715,0.0258,-0.4513,-0.2118,2.0026,1.2984,-0.4955,0.2152,0.4853,0.6275,0.2263,0.2689,0.0623,0.0988,0.4484,1,0,0,0
2019-01-01 07:31:10+05:30,1457.0,2,9.3847,829.33,10.69,0,0.1734,0.0967,-0.3875,-0.0706,1.589,0.8943,-0.3528,0.2394,0.1603,0.6275,0.2033,0.242,0.1704,0.2096,0.447,1,0,0,0
2019-01-01 07:31:11+05:30,1458.0,2,9.3964,830.3,10.703,0,0.2414,0.1838,-0.4972,-0.0887,1.3447,0.5612,-0.4629,0.1872,-0.0919,0.753,0.225,0.2228,0.2508,0.2923,0.4463,1,0,0,0
2019-01-01 07:31:12+05:30,1459.0,2,9.4092,831.37,10.717,0,0.3772,0.2859,-0.7649,-0.1213,1.2011,0.4124,-0.6887,0.2031,-0.2615,0.8785,0.2051,0.1883,0.3923,0.4369,0.4449,1,0,0,0
2019-01-01 07:31:13+05:30,1460.0,2,9.4228,832.5,10.732,0,0.4791,0.3964,-0.9154,-0.1177,1.0277,0.2139,-0.606,0.1902,-0.038,0.8785,0.2178,0.1653,0.4906,0.5376,0.4435,1,0,0,0
2019-01-01 07:31:14+05:30,1461.0,2,9.4375,833.71,10.747,0,0.615,0.5006,-0.7241,-0.1503,0.7619,-0.1121,-1.0249,0.0848,0.0794,0.8785,0.2021,0.1346,0.6122,0.6612,0.4428,1,0,0,0
2019-01-01 07:31:15+05:30,1462.0,2,9.4531,834.98,10.764,0,0.7169,0.5949,-0.4232,-0.2155,0.4496,-0.4453,-0.3528,-0.0532,0.0794,0.6275,0.2027,0.1115,0.7005,0.7509,0.4413,1,0,0,0
2019-01-01 07:31:16+05:30,1463.0,2,9.4692,836.28,10.781,0,0.7848,0.681,-0.436,-0.4545,0.2261,-0.6437,-1.4533,-1.942,-0.1997,0.6275,0.2178,0.0962,0.755,0.8063,0.4399,1,0,0,0
2019-01-01 07:31:17+05:30,1464.0,2,9.4861,837.63,10.799,0,0.8867,0.7543,-0.6221,-1.045,0.157,-0.5516,-1.4913,-1.9386,-0.566,0.6275,0.2045,0.0731,0.8426,0.8951,0.4385,1,0,0,0
2019-01-01 07:31:18+05:30,1465.0,2,9.5036,839.03,10.817,0,0.9546,0.8212,-0.538,-1.7477,0.1397,-0.3815,-0.7198,-2.5074,-0.5232,0.502,0.2075,0.0578,0.9006,0.954,0.4364,1,0,0,0
2019-01-01 07:31:19+05:30,1466.0,2,9.5217,840.46,10.836,0,1.0225,0.8805,-0.4283,-1.965,0.0778,-0.3815,-0.7253,-2.2553,-0.5232,0.3765,0.2051,0.0463,0.9548,1.009,0.435,1,0,0,0
2019-01-01 07:31:20+05:30,1467.0,2,9.54,841.9,10.855,0,1.0565,0.9259,-0.7624,-1.2876,0.0289,-0.3957,-1.0099,-1.6709,-0.5771,0.251,0.2136,0.0386,0.9759,1.0301,0.4336,1,0,0,0
2019-01-01 07:31:21+05:30,1468.0,2,9.5586,843.36,10.874,0,1.0905,0.9626,-1.0939,0.154,0.07,-0.4736,-2.4378,0.6121,-0.4978,0.251,0.216,0.0309,0.9986,1.053,0.4322,1,0,0,0
2019-01-01 07:31:22+05:30,1469.0,2,9.5775,844.83,10.894,0,1.1244,0.9882,-0.6655,1.7478,0.1397,-0.4665,-1.1727,2.6766,-0.5501,0.251,0.213,0.0232,1.021,1.0754,0.4301,1,0,0,0
2019-01-01 07:31:23+05:30,1470.0,2,9.5967,846.34,10.913,0,1.1584,1.0049,0.0919,2.7548,0.1254,-0.2043,-0.0195,3.1797,-0.5137,0.1255,0.2051,0.0079,1.0823,1.1374,0.4287,0,1,0,0
2019-01-01 07:31:24+05:30,1471.0,2,9.6158,847.86,10.933,0,1.1584,1.0204,0.1735,2.8526,0.0462,-0.2326,0.1934,2.6997,-0.4946,0.1255,0.2136,0.0002,1.1018,1.1568,0.4273,0,1,0,0
2019-01-01 07:31:25+05:30,1472.0,2,9.6353,849.37,10.953,0,1.1924,1.0403,-0.2932,2.3237,0.0098,-0.2539,-0.632,2.6396,-0.6025,0.1255,0.2069,0.0041,1.0826,1.1374,0.4252,0,1,0,0
2019-01-01 07:31:26+05:30,1473.0,2,9.6547,850.88,10.973,0,1.1924,1.056,-0.4997,1.679,0.0384,-0.4453,-0.4831,2.3769,-0.5787,0.1255,0.2154,0.0041,1.0823,1.137,0.4238,0,1,0,0
2019-01-01 07:31:27+05:30,1474.0,2,9.6744,852.41,10.993,0,1.2263,1.0752,-0.3952,1.1972,0.0694,-0.4878,-1.0081,2.2068,-0.6025,0.251,0.2093,-0.0075,1.1154,1.17,0.4224,1,0,0,0
2019-01-01 07:31:28+05:30,1475.0,2,9.6944,853.96,11.014,0,1.2603,1.0925,-0.3416,0.7734,0.0819,-0.6012,-0.1143,1.7808,-0.6104,0.1255,0.2021,-0.019,1.1527,1.2073,0.4203,0,1,0,0
2019-01-01 07:31:29+05:30,1476.0,2,9.7144,855.51,11.034,0,1.2603,1.1057,-0.2192,0.4402,0.1099,-0.6225,-1.0154,1.5997,-0.5501,0.0,0.2087,-0.0151,1.1407,1.1955,0.4189,0,1,0,0
2019-01-01 07:31:30+05:30,1477.0,2,9.7344,857.08,11.055,0,1.2603,1.1146,0.0766,0.6068,0.1552,-0.6367,1.6345,1.3457,-0.5438,0.0,0.213,-0.0267,1.1819,1.2368,0.4168,0,1,0,0
2019-01-01 07:31:31+05:30,1478.0,2,9.7544,858.65,11.076,0,1.2603,1.122,0.1378,1.1248,0.1862,-0.5516,0.5003,2.7624,-0.6215,0.1255,0.2172,-0.0267,1.1719,1.2267,0.4154,0,1,0,0
2019-01-01 07:31:32+05:30,1479.0,2,9.7747,860.22,11.096,0,1.2942,1.1313,-0.2345,1.1211,0.1957,-0.5516,-0.3528,3.4726,-0.631,0.1255,0.2057,-0.0305,1.1744,1.2289,0.414,0,1,0,0
2019-01-01 07:31:33+05:30,1480.0,2,9.795,861.79,11.117,0,1.2942,1.1469,-0.566,0.4329,0.1892,-0.6934,-3.6454,0.267,-0.5771,0.1255,0.2136,-0.0343,1.1783,1.2324,0.4119,0,1,0,0
2019-01-01 07:31:34+05:30,1481.0,2,9.8156,863.38,11.138,0,1.3282,1.1641,-0.5303,-0.114,0.1618,-0.6579,-2.065,1.1405,-0.5771,0.1255,0.2063,-0.042,1.2114,1.2658,0.4105,0,1,0,0
2019-01-01 07:31:35+05:30,1482.0,2,9.8361,864.97,11.159,0,1.3282,1.1808,-0.3799,-0.0814,0.1409,-0.6367,-0.6477,-2.3468,-0.6104,0.1255,0.2148,-0.0458,1.2111,1.2654,0.4084,0,1,0,0
2019-01-01 07:31:36+05:30,1483.0,2,9.8569,866.57,11.18,0,1.3622,1.1971,-0.4283,0.212,0.1522,-0.6012,-1.1848,2.1815,-0.6104,0.1255,0.2075,-0.0535,1.2332,1.2874,0.407,0,1,0,0
2019-01-01 07:31:37+05:30,1484.0,2,9.8778,868.17,11.201,0,1.3622,1.1929,-0.7241,0.6032,0.1254,-0.6296,-2.6734,0.267,-0.4867,-0.1255,0.2051,-0.0535,1.227,1.2808,0.4049,0,1,0,0
2019-01-01 07:31:38+05:30,1485.0,2,9.8983,869.75,11.222,0,1.3282,1.158,-1.1168,1.1465,0.0372,-0.3886,-1.5308,1.8201,-0.3408,-0.3765,0.2033,-0.0458,1.1946,1.2482,0.4035,0,0,1,0
2019-01-01 07:31:39+05:30,1486.0,2,9.9183,871.29,11.242,0,1.2603,1.0944,-1.1755,1.4978,0.2136,-0.3744,-2.0935,1.8061,0.4409,-0.753,0.2027,-0.0343,1.1297,1.1827,0.4013,0,0,1,0
2019-01-01 07:31:40+05:30,1487.0,2,9.9372,872.75,11.261,0,1.1244,0.9942,-0.8159,1.4652,0.9472,0.0084,-0.7274,0.9523,1.3004,-1.004,0.216,-0.0036,0.9999,1.0517,0.3999,0,0,1,0
2019-01-01 07:31:41+05:30,1488.0,2,9.955,874.12,11.279,0,0.9886,0.857,-0.821,1.4544,1.5985,1.0503,-0.539,0.6193,0.6439,-1.2551,0.2099,0.0232,0.8701,0.9197,0.3985,0,0,1,0
2019-01-01 07:31:42+05:30,1489.0,2,9.9711,875.37,11.296,0,0.7848,0.6792,-1.4713,1.5051,1.0187,0.1714,-1.0991,0.8026,2.5024,-1.3806,0.2166,0.0693,0.6755,0.7223,0.3971,0,0,1,0
2019-01-01 07:31:43+05:30,1490.0,2,9.9858,876.51,11.311,0,0.615,0.5245,-1.5937,1.1066,-0.7178,0.299,-1.1533,0.7961,3.4808,-1.2551,0.219,0.1077,0.5133,0.5574,0.3957,0,0,1,0
2019-01-01 07:31:44+05:30,1491.0,2,9.9992,877.55,11.324,0,0.4451,0.3613,-0.4793,0.2264,-2.0461,2.0497,-0.4051,0.2292,1.5272,-1.004,0.2148,0.1422,0.3511,0.3916,0.395,0,0,1,0
2019-01-01 07:31:45+05:30,1492.0,2,10.0117,878.61,11.338,0,0.3433,0.2548,0.7957,-0.5704,-1.9007,1.6457,-0.0649,0.2227,0.9959,-0.502,0.2051,0.1384,0.3757,0.4171,0.3936,0,0,1,0
2019-01-01 07:31:46+05:30,1493.0,2,10.0239,879.64,11.352,0,0.3093,0.2319,1.1195,-0.8602,-0.9568,0.6675,0.0902,-0.1261,1.3083,0.1255,0.2118,0.1422,0.3514,0.3921,0.3922,0,1,0,0
2019-01-01 07:31:47+05:30,1494.0,2,10.0367,880.77,11.367,0,0.3772,0.2918,0.7549,-0.6212,-0.3626,-0.0342,0.6763,0.0625,0.322,0.6275,0.2093,0.1077,0.4902,0.5337,0.3915,1,0,0,0
2019-01-01 07:31:48+05:30,1495.0,2,10.0503,881.92,11.382,0,0.4791,0.3807,0.3596,-0.0199,-0.2875,-0.1618,-0.1147,0.0209,-0.5787,0.8785,0.2057,0.1,0.5168,0.5605,0.3901,1,0,0,0
2019-01-01 07:31:49+05:30,1496.0,2,10.065,883.18,11.398,0,0.615,0.5071,0.0664,0.5995,-0.306,-0.1547,0.294,0.6835,-0.6025,0.8785,0.2063,0.0578,0.6933,0.7399,0.3887,1,0,0,0
2019-01-01 07:31:50+05:30,1497.0,2,10.0806,884.42,11.415,0,0.7169,0.6016,-0.1708,0.6792,-0.3233,-0.1263,-0.6484,0.6673,-0.3646,0.502,0.2069,0.0578,0.6745,0.7205,0.3873,1,0,0,0
2019-01-01 07:31:51+05:30,1498.0,2,10.0964,885.67,11.431,0,0.7508,0.6352,-0.3059,0.154,-0.5158,0.0509,-0.1757,0.267,0.0287,0.0,0.2087,0.0578,0.6791,0.7254,0.3859,0,1,0,0
2019-01-01 07:31:52+05:30,1499.0,2,10.1119,886.88,11.447,0,0.7169,0.6217,-0.2702,-0.2155,-0.831,0.4549,-0.4725,0.1804,0.1381,-0.251,0.2202,0.0731,0.6106,0.6559,0.3845,0,0,1,0
2019-01-01 07:31:53+05:30,1500.0,2,10.1272,888.09,11.463,0,0.6829,0.5635,0.0791,0.1142,-1.07,0.7668,-0.1897,0.267,-0.1331,-0.3765,0.2021,0.0655,0.6223,0.6673,0.3831,0,0,1,0
2019-01-01 07:31:54+05:30,1501.0,2,10.1419,889.29,11.479,0,0.615,0.5246,0.7013,0.5307,-1.2738,0.9298,-0.0667,0.3562,0.1301,-0.3765,0.219,0.0693,0.5989,0.6436,0.3824,0,0,1,0
2019-01-01 07:31:55+05:30,1502.0,2,10.1564,890.51,11.495,0,0.581,0.4874,1.196,0.1938,-1.6254,1.4756,0.0441,0.335,0.5551,-0.3765,0.2148,0.0616,0.6366,0.6819,0.381,0,0,1,0
2019-01-01 07:31:56+05:30,1503.0,2,10.1703,891.69,11.51,0,0.5131,0.4232,1.3184,-0.5342,-2.1367,2.0355,-0.0517,0.1199,0.5868,-0.6275,0.2142,0.077,0.5639,0.6075,0.3796,0,0,1,0
2019-01-01 07:31:57+05:30,1504.0,2,10.1833,892.81,11.525,0,0.4112,0.3402,1.2317,-0.8204,-2.6396,2.5742,-0.0868,0.1895,0.3347,-0.753,0.2232,0.0962,0.4743,0.5165,0.3782,0,0,1,0
2019-01-01 07:31:58+05:30,1505.0,2,10.1956,893.85,11.538,0,0.3093,0.2451,1.145,-0.8204,-2.8035,2.9073,-0.1392,0.1422,0.3854,-0.8785,0.2232,0.123,0.3589,0.3987,0.3775,0,0,1,0
2019-01-01 07:31:59+05:30,1506.0,2,10.2067,894.81,11.551,0,0.1734,0.1256,1.1195,-1.0993,-2.2046,1.993,-0.0682,0.101,1.9775,-0.8785,0.2299,0.1537,0.2291,0.2663,0.3761,0,0,1,0
2019-01-01 07:32:00+05:30,1507.0,2,10.2169,895.7,11.563,0,0.0715,0.0271,1.0481,-1.4217,-0.7774,0.6179,0.1817,-0.2063,3.3666,-0.502,0.2275,0.1768,0.124,0.1586,0.3754,0,0,1,0
2019-01-01 07:32:01+05:30,1508.0,2,10.2269,896.55,11.574,0,0.0376,-0.0114,0.7676,-1.1319,0.7863,0.1218,0.3134,-0.2977,2.7165,0.0,0.2208,0.1883,0.0656,0.0983,0.374,0,1,0,0
2019-01-01 07:32:02+05:30,1509.0,2,10.2372,897.43,11.585,0,0.0715,0.014,0.3545,-0.2626,1.5759,0.8093,-0.1377,0.1415,0.2348,0.3765,0.2142,0.1806,0.1035,0.1375,0.3733,1,0,0,0
2019-01-01 07:32:03+05:30,1510.0,2,10.2481,898.36,11.597,0,0.1395,0.0882,0.0842,0.5017,1.4293,0.6604,-0.25,0.4794,0.1809,0.6275,0.225,0.1614,0.1717,0.2069,0.3726,1,0,0,0
2019-01-01 07:32:04+05:30,1511.0,2,10.2597,899.36,11.611,0,0.2414,0.1877,-0.0203,0.6792,0.9019,0.0934,-0.1322,0.3195,0.6344,0.8785,0.2287,0.1307,0.2949,0.3331,0.3712,1,0,0,0
2019-01-01 07:32:05+05:30,1512.0,2,10.2725,900.42,11.625,0,0.3772,0.2986,-0.0866,0.0743,0.4818,-0.4878,-0.3528,0.9473,0.2269,1.004,0.2154,0.1038,0.3971,0.4374,0.3698,1,0,0,0
2019-01-01 07:32:06+05:30,1513.0,2,10.2864,901.59,11.64,0,0.5131,0.4104,-0.1198,-0.8494,0.269,-0.5162,0.1989,-1.968,-0.2362,0.8785,0.2045,0.0693,0.5483,0.5913,0.3691,1,0,0,0
2019-01-01 07:32:07+05:30,1514.0,2,10.3011,902.8,11.656,0,0.615,0.5122,-0.0968,-0.853,0.1552,-0.5729,-0.3528,-2.1631,-0.2806,0.753,0.2099,0.054,0.6119,0.6559,0.3677,1,0,0,0
2019-01-01 07:32:08+05:30,1515.0,2,10.3167,904.07,11.672,0,0.7169,0.6079,-0.0917,0.2156,0.0057,-0.5587,0.305,0.7387,-0.1934,0.753,0.2111,0.0232,0.7251,0.7702,0.3663,1,0,0,0
2019-01-01 07:32:09+05:30,1516.0,2,10.3331,905.39,11.69,0,0.8187,0.6901,-0.0917,0.94,-0.1976,-0.261,-0.2676,0.9538,-0.2774,0.6275,0.2033,0.0079,0.7907,0.8371,0.3649,1,0,0,0
2019-01-01 07:32:10+05:30,1517.0,2,10.35,906.75,11.708,0,0.8867,0.7582,-0.0688,0.6539,-0.2577,-0.261,-0.1834,0.6472,-0.2774,0.3765,0.2069,-0.0075,0.8474,0.8942,0.3634,1,0,0,0
2019-01-01 07:32:11+05:30,1518.0,2,10.3672,908.12,11.726,0,0.9206,0.8087,-0.107,0.2301,0.0658,-0.5587,0.1155,0.7508,0.5313,0.251,0.2184,-0.0151,0.864,0.9105,0.362,1,0,0,0
2019-01-01 07:32:12+05:30,1519.0,2,10.3847,909.49,11.744,0,0.9546,0.8395,-0.1555,0.7299,0.6177,-0.2539,-0.269,0.7621,0.4917,0.251,0.2178,-0.0151,0.8688,0.9158,0.3599,1,0,0,0
2019-01-01 07:32:13+05:30,1520.0,2,10.4025,910.87,11.762,0,0.9886,0.8553,-0.0535,2.2984,0.8465,0.0934,-0.336,1.3023,-0.1553,0.1255,0.2087,-0.0228,0.8864,0.9329,0.3585,0,1,0,0
2019-01-01 07:32:14+05:30,1521.0,2,10.4203,912.28,11.781,0,0.9886,0.8667,-0.0407,3.6712,0.5074,0.058,0.0024,2.7042,0.4536,0.1255,0.2154,-0.0343,0.9347,0.9822,0.3571,0,1,0,0
2019-01-01 07:32:15+05:30,1522.0,2,10.4383,913.68,11.799,0,1.0225,0.8806,-0.2906,3.2655,-0.0057,-0.183,-0.8507,2.7205,0.4076,0.1255,0.2051,-0.0343,0.9188,0.9655,0.3557,0,1,0,0
2019-01-01 07:32:16+05:30,1523.0,2,10.4564,915.14,11.818,0,1.0225,0.8989,0.0052,1.2914,-0.253,-0.0484,0.3225,1.28,-0.1997,0.1255,0.216,-0.0574,1.0103,1.0578,0.3543,0,1,0,0
2019-01-01 07:32:17+05:30,1524.0,2,10.4747,916.65,11.838,0,1.0565,0.9248,1.78,-0.1249,-0.2774,-0.1759,0.9485,-0.2414,-0.4598,0.251,0.2124,-0.0766,1.0917,1.14,0.3522,1,0,0,0
2019-01-01 07:32:18+05:30,1525.0,2,10.4933,918.42,11.862,0,1.0905,0.9527,4.0214,0.183,-0.2709,0.7242,2.0201,0.3686,-0.4265,0.251,0.2105,-0.1763,1.4921,1.5415,0.3508,1,0,0,0
2019-01-01 07:32:19+05:30,1526.0,2,10.5122,920.14,11.884,0,1.1244,0.9723,4.3019,0.998,-0.1928,0.4478,2.0914,0.6041,-0.2378,0.1255,0.2045,-0.161,1.4298,1.4791,0.3487,0,1,0,0
2019-01-01 07:32:20+05:30,1527.0,2,10.5311,921.78,11.906,0,1.1244,0.9821,2.1829,1.1248,-0.0164,0.0296,2.1379,0.6828,-0.2917,0.0,0.2093,-0.1303,1.288,1.3366,0.3466,0,1,0,0
2019-01-01 07:32:21+05:30,1528.0,2,10.55,923.25,11.926,0,1.1244,0.9932,0.1454,0.7843,0.1052,-0.5658,0.1242,2.2956,-0.4534,0.1255,0.2154,-0.0727,1.0304,1.0772,0.3452,0,1,0,0
2019-01-01 07:32:22+05:30,1529.0,2,10.5692,924.76,11.946,0,1.1584,1.0069,0.199,0.1431,0.1183,-0.6367,1.5595,0.0651,-0.6215,0.1255,0.2063,-0.0881,1.0946,1.1422,0.3438,0,1,0,0
2019-01-01 07:32:23+05:30,1530.0,2,10.5883,926.36,11.967,0,1.1584,1.0298,1.2572,-0.987,0.1451,-0.2893,1.9846,-0.622,-0.4756,0.1255,0.2184,-0.1188,1.2212,1.2693,0.3417,0,1,0,0
2019-01-01 07:32:24+05:30,1531.0,2,10.6078,927.95,11.988,0,1.1924,1.0575,1.1221,-1.9505,0.2279,-0.2539,1.1852,-1.5266,-0.4598,0.251,0.216,-0.1226,1.2212,1.2689,0.3403,1,0,0,0
2019-01-01 07:32:25+05:30,1532.0,2,10.6275,929.48,12.008,0,1.2263,1.083,-0.283,-1.6173,0.2702,-0.4098,-0.3528,-2.7233,-0.6025,0.251,0.213,-0.0996,1.1186,1.1656,0.3382,1,0,0,0
2019-01-01 07:32:26+05:30,1533.0,2,10.6475,931.03,12.028,0,1.2603,1.1002,-1.3565,-0.0307,0.222,-0.4524,-3.4567,0.4046,-0.4709,0.1255,0.2057,-0.1073,1.1485,1.1959,0.3368,0,1,0,0
2019-01-01 07:32:27+05:30,1534.0,2,10.6675,932.57,12.049,0,1.2603,1.1206,-1.4458,1.3022,0.1314,-0.3886,-2.4557,1.362,-0.4835,0.1255,0.216,-0.1111,1.1524,1.1994,0.3354,0,1,0,0
2019-01-01 07:32:28+05:30,1535.0,2,10.6878,934.14,12.069,0,1.2942,1.1455,-1.0658,1.1972,0.0789,-0.4382,-1.57,2.1096,-0.6183,0.251,0.213,-0.1188,1.18,1.2271,0.3333,1,0,0,0
2019-01-01 07:32:29+05:30,1536.0,2,10.7083,935.72,12.09,0,1.3282,1.1564,-0.487,0.3242,0.1427,-0.6083,-2.2768,0.5255,-0.3044,0.0,0.2027,-0.1264,1.1946,1.2412,0.3319,0,1,0,0
2019-01-01 07:32:30+05:30,1537.0,2,10.7286,937.3,12.111,0,1.2942,1.1405,0.0103,0.1685,0.3108,-0.587,1.0261,0.267,-0.1632,-0.6275,0.2105,-0.1303,1.2062,1.2531,0.3298,0,0,1,0
2019-01-01 07:32:32+05:30,1539.0,2,10.7669,940.24,12.15,0,1.1584,1.0166,-0.2702,0.9292,0.5098,-0.3886,-0.4655,1.4954,0.238,-1.004,0.2111,-0.0919,1.0324,1.0776,0.327,0,0,1,0
2019-01-01 07:32:33+05:30,1540.0,2,10.785,941.63,12.168,0,1.0225,0.8972,-1.0735,1.4978,0.9097,0.1856,-0.861,0.7436,0.8199,-1.1295,0.2148,-0.0612,0.9026,0.947,0.3248,0,0,1,0
2019-01-01 07:32:34+05:30,1541.0,2,10.8017,942.92,12.185,0,0.8527,0.7472,-1.4126,1.1755,1.7189,0.9298,-0.7896,0.6272,1.3337,-1.2551,0.2196,-0.0228,0.7404,0.783,0.3234,0,0,1,0
2019-01-01 07:32:35+05:30,1542.0,2,10.8169,944.1,12.201,0,0.6829,0.5871,-1.5172,0.4438,2.3577,1.9292,-0.6107,0.267,0.617,-1.2551,0.2184,0.0117,0.5782,0.6181,0.3227,0,0,1,0
2019-01-01 07:32:36+05:30,1543.0,2,10.8308,945.18,12.215,0,0.5131,0.4343,-1.9762,0.2264,1.7439,1.0432,-0.8698,0.3762,2.6641,-1.1295,0.222,0.0501,0.416,0.4536,0.3213,0,0,1,0
2019-01-01 07:32:37+05:30,1544.0,2,10.8436,946.17,12.228,0,0.3772,0.3081,-1.8155,0.6937,-0.0265,-0.1972,-2.8475,0.4499,3.5315,-0.8785,0.2226,0.0808,0.2862,0.3213,0.3199,0,0,1,0
2019-01-01 07:32:38+05:30,1545.0,2,10.8556,947.33,12.243,0,0.2753,0.1955,-0.2524,1.074,-1.381,1.2062,-0.2259,0.5531,1.478,-0.6275,0.2075,0.0194,0.5321,0.5715,0.3192,0,0,1,0
2019-01-01 07:32:39+05:30,1546.0,2,10.8669,948.74,12.262,0,0.2074,0.9079,1.2751,0.9618,-1.272,0.9794,-0.0144,0.4151,0.8612,0.1255,0.9098,-0.0766,0.9379,0.9822,0.3171,0,1,0,0
2019-01-01 07:33:35+05:30,1551.0,2,10.9281,955.33,12.349,0,0.3093,1.6203,1.2062,0.9618,-0.4186,0.1288,1.0447,0.7224,1.0847,0.753,1.3843,-0.0458,0.7907,0.8331,0.3101,1,0,0,0
2019-01-01 07:33:36+05:30,1552.0,2,10.9411,956.35,12.362,0,0.4112,1.6339,0.2194,1.6246,0.039,-0.4098,-0.6309,2.3224,-0.076,0.8785,1.2453,0.0655,0.3271,0.3626,0.3094,1,0,0,0
2019-01-01 07:33:37+05:30,1553.0,2,10.9553,957.47,12.377,0,0.547,1.6371,-0.3289,2.4903,-0.0027,-0.2468,0.0086,2.3939,-0.5501,0.8785,1.0754,0.0271,0.4821,0.5205,0.308,1,0,0,0
2019-01-01 07:33:38+05:30,1554.0,2,10.9703,958.63,12.392,0,0.6489,1.6319,-0.3697,2.5555,-0.0861,-0.183,-0.599,2.491,-0.631,0.753,0.9588,0.0079,0.5457,0.5847,0.3066,1,0,0,0
2019-01-01 07:33:39+05:30,1555.0,2,10.9861,959.85,12.408,0,0.7508,1.6254,-0.2269,1.3711,-0.0426,-0.4098,-0.4725,1.5839,-0.4471,0.3765,0.8536,-0.0151,0.643,0.6832,0.3052,1,0,0,0
2019-01-01 07:33:40+05:30,1556.0,2,11.0019,961.09,12.425,0,0.7508,1.6222,-0.0331,-0.1575,0.0879,-0.6296,0.6192,0.267,-0.2933,0.0,0.8518,-0.0228,0.669,0.7096,0.3038,0,1,0,0
2019-01-01 07:33:41+05:30,1557.0,2,11.0178,962.33,12.441,0,0.7508,1.6027,-0.1121,-0.7045,0.2381,-0.5587,0.3185,-2.4095,-0.2615,0.0,0.8391,-0.0228,0.669,0.7096,0.3024,0,1,0,0
2019-01-01 07:33:42+05:30,1558.0,2,11.0336,963.55,12.457,0,0.7508,1.5628,-0.4028,-0.5451,0.337,-0.5162,-1.5034,-0.4826,-0.2615,0.0,0.8131,-0.019,0.643,0.6832,0.301,0,1,0,0
2019-01-01 07:33:43+05:30,1559.0,2,11.0494,964.79,12.473,0,0.7508,1.5009,-0.4462,-1.0051,0.5587,-0.3602,-0.0038,-0.7381,0.4156,0.0,0.7726,-0.0267,0.669,0.7091,0.3003,0,1,0,0
2019-01-01 07:33:44+05:30,1560.0,2,11.0653,966.02,12.49,0,0.7508,1.3902,-0.1988,-1.7114,1.1421,0.4053,-0.6027,-0.4818,0.9833,2.3846,0.7007,-0.0228,0.643,0.6827,0.2989,1,0,0,0
2019-01-01 07:33:45+05:30,1561.0,2,11.0864,967.69,12.512,0,1.3961,1.2201,0.0358,-1.2116,1.7362,1.0857,-0.0898,0.0201,0.1888,1.6316,0.2033,-0.1917,1.3451,1.3898,0.2968,1,0,0,0
2019-01-01 07:33:46+05:30,1562.0,2,11.1058,969.18,12.531,0,1.1924,1.0304,0.0638,-0.067,1.6015,0.866,-0.4428,0.174,0.8627,-1.6316,0.2021,-0.1264,1.0648,1.1084,0.2954,0,0,1,0
2019-01-01 07:33:47+05:30,1563.0,2,11.1233,970.56,12.55,0,0.9546,0.8133,-0.1733,-0.1068,0.6576,-0.1901,0.1484,0.3441,2.0267,-1.8826,0.2027,-0.0881,0.8896,0.9316,0.294,0,0,1,0
2019-01-01 07:33:48+05:30,1564.0,2,11.1386,971.74,12.565,0,0.6829,0.5776,-0.5201,-1.179,-0.3447,0.0367,-0.7721,-0.557,1.3654,-1.6316,0.2118,-0.0151,0.5782,0.6168,0.2926,0,0,1,0
2019-01-01 07:33:49+05:30,1565.0,2,11.1525,972.82,12.579,0,0.5131,0.4119,-0.4921,-1.5629,-0.8316,0.4053,-0.3905,-0.2947,0.008,-0.8785,0.2057,0.0232,0.416,0.4519,0.2912,0,0,1,0
2019-01-01 07:33:50+05:30,1566.0,2,11.1658,973.85,12.593,0,0.4451,0.3507,-0.0458,-0.6465,-0.8811,0.547,-0.3528,0.0708,-0.3583,-0.251,0.2069,0.0386,0.3511,0.3859,0.2898,0,0,1,0
2019-01-01 07:33:51+05:30,1567.0,2,11.1792,974.96,12.608,0,0.4451,0.3702,0.0383,0.8024,-0.6963,0.2919,-0.0759,0.4526,-0.0237,0.502,0.222,0.0079,0.4656,0.502,0.2891,1,0,0,0
2019-01-01 07:33:52+05:30,1568.0,2,11.1936,976.17,12.624,0,0.581,0.4761,-0.5762,1.7297,-0.4169,0.0792,-0.7516,1.2437,-0.2108,1.2551,0.2069,-0.0305,0.6239,0.6625,0.2877,1,0,0,0
2019-01-01 07:33:53+05:30,1569.0,2,11.2097,977.51,12.641,0,0.7848,0.6574,-0.9817,1.161,-0.3936,-0.0696,-0.7706,0.6986,0.0604,1.2551,0.2027,-0.0804,0.8351,0.8762,0.2863,1,0,0,0
2019-01-01 07:33:54+05:30,1570.0,2,11.2269,978.9,12.66,0,0.9206,0.7963,-0.4487,-0.6827,-0.8775,0.4974,-0.5848,0.1834,0.9357,0.6275,0.2111,-0.0957,0.8958,0.9373,0.2848,1,0,0,0
2019-01-01 07:33:55+05:30,1571.0,2,11.2444,980.31,12.678,0,0.9546,0.8388,0.3953,-1.8237,-1.533,1.3905,-0.1,-0.2305,0.5916,0.0,0.2178,-0.1073,0.9337,0.9756,0.2827,0,1,0,0
2019-01-01 07:33:56+05:30,1572.0,2,11.2617,981.67,12.696,0,0.9206,0.7958,0.5687,-1.1065,-1.7982,1.5606,-0.2134,0.1362,-0.3947,-0.3765,0.2105,-0.0919,0.8624,0.9035,0.2813,0,0,1,0
2019-01-01 07:33:57+05:30,1573.0,2,11.2783,982.98,12.713,0,0.8527,0.7191,0.0332,-0.067,-1.6361,1.4685,-0.2537,0.1989,-0.2726,-0.753,0.2021,-0.0766,0.7793,0.819,0.2799,0,0,1,0
2019-01-01 07:33:58+05:30,1574.0,2,11.2939,984.18,12.729,0,0.7169,0.6114,-0.6017,-0.5342,-1.5425,1.2275,-0.4637,0.1373,-0.1505,-0.8785,0.2136,-0.0382,0.6106,0.6484,0.2785,0,0,1,0
2019-01-01 07:33:59+05:30,1575.0,2,11.3086,985.32,12.744,0,0.615,0.5062,-0.8593,-1.9976,-1.8232,1.7095,-0.5138,-0.0604,0.2713,-0.753,0.2057,-0.0151,0.5133,0.5499,0.2778,0,0,1,0
2019-01-01 07:34:00+05:30,1576.0,2,11.3225,986.39,12.758,0,0.5131,0.4227,-0.5303,-2.6351,-2.1867,2.1135,-0.3887,-0.176,-0.2282,-0.753,0.2136,0.0079,0.416,0.451,0.2764,0,0,1,0
2019-01-01 07:34:01+05:30,1577.0,2,11.3356,987.43,12.772,0,0.4112,0.3411,0.2653,-2.0447,-2.0908,1.9575,-0.2822,-0.0305,0.7359,-0.753,0.2238,0.0194,0.3524,0.3864,0.275,0,0,1,0
2019-01-01 07:34:02+05:30,1578.0,2,11.3478,988.48,12.786,0,0.3093,0.2488,1.0379,-1.5883,-1.2178,0.9936,0.1272,-0.1409,2.4358,-0.6275,0.2263,0.0156,0.3692,0.4035,0.2743,0,0,1,0
2019-01-01 07:34:03+05:30,1579.0,2,11.3594,989.47,12.799,0,0.2414,0.1824,1.2853,-1.9904,0.2452,-0.2185,1.1625,-1.5662,3.124,-0.251,0.2238,0.0309,0.294,0.3266,0.2729,0,0,1,0
2019-01-01 07:34:04+05:30,1580.0,2,11.3711,990.48,12.812,0,0.2414,0.1765,0.9742,-2.2186,1.5681,0.9865,0.0946,-0.2577,1.7809,0.251,0.2184,0.0271,0.3144,0.3477,0.2722,1,0,0,0
2019-01-01 07:34:05+05:30,1581.0,2,11.3833,991.53,12.826,0,0.3093,0.2235,0.5254,-1.121,2.0014,1.3125,-0.1757,-0.004,-0.1109,0.6275,0.2051,0.0117,0.3644,0.3982,0.2708,1,0,0,0
2019-01-01 07:34:06+05:30,1582.0,2,11.3964,992.66,12.841,0,0.4112,0.3332,0.3367,0.9944,1.5157,0.866,-0.1275,0.5187,0.9722,1.004,0.2178,-0.0228,0.5078,0.5438,0.2694,1,0,0,0
2019-01-01 07:34:07+05:30,1583.0,2,11.4108,993.91,12.857,0,0.581,0.4726,0.4846,2.5302,0.8066,0.0438,0.1528,1.585,0.8675,1.1295,0.2045,-0.065,0.6904,0.7285,0.268,1,0,0,0
2019-01-01 07:34:08+05:30,1584.0,2,11.4264,995.26,12.875,0,0.7169,0.6076,0.8059,2.2404,0.4591,-0.1901,0.6302,1.9879,-0.1125,1.004,0.2111,-0.1034,0.8319,0.8714,0.2666,1,0,0,0
2019-01-01 07:34:09+05:30,1585.0,2,11.4431,996.7,12.894,0,0.8527,0.7187,1.0328,0.4836,0.3328,-0.3531,1.9857,0.6223,-0.0157,0.8785,0.2021,-0.1418,0.9886,1.0288,0.2652,1,0,0,0
2019-01-01 07:34:10+05:30,1586.0,2,11.4606,998.16,12.914,0,0.9546,0.8189,0.8722,-1.2913,0.0319,-0.3531,0.9357,-1.1531,0.1761,0.753,0.2057,-0.1495,1.0236,1.064,0.2638,1,0,0,0
2019-01-01 07:34:11+05:30,1587.0,2,11.4789,999.67,12.933,0,1.0565,0.9093,0.1735,-2.0266,-0.3114,-0.0484,0.2,-1.0711,-0.2282,0.6275,0.2039,-0.1687,1.0885,1.1291,0.2617,1,0,0,0
2019-01-01 07:34:12+05:30,1588.0,2,11.4978,1001.16,12.953,0,1.1244,0.9864,-0.8363,-1.6644,-0.2077,-0.0767,-1.1482,-0.794,0.4409,0.502,0.2118,-0.1648,1.0693,1.1097,0.2603,1,0,0,0
2019-01-01 07:34:13+05:30,1589.0,2,11.5172,1002.67,12.973,0,1.1924,1.0484,-1.5529,-0.5704,0.3805,-0.3815,-1.8312,-0.3881,0.8659,0.3765,0.2111,-0.1763,1.1034,1.1436,0.2589,1,0,0,0
2019-01-01 07:34:14+05:30,1590.0,2,11.5369,1004.18,12.993,0,1.2263,1.0636,-1.3846,0.7553,0.9001,0.1076,-1.3933,0.4907,0.0731,-0.1255,0.2027,-0.1763,1.0972,1.1374,0.2568,0,1,0,0
2019-01-01 07:34:15+05:30,1591.0,2,11.5561,1005.66,13.013,0,1.1584,1.0257,-0.4564,1.3674,0.9252,0.1643,-0.306,0.9738,-0.1061,-0.502,0.216,-0.1648,1.0401,1.0798,0.2554,0,0,1,0
2019-01-01 07:34:16+05:30,1592.0,2,11.5747,1007.1,13.032,0,1.0905,0.9431,0.2984,0.6756,0.595,-0.346,0.0884,0.6166,0.2507,-0.753,0.2051,-0.1572,1.0012,1.0407,0.254,0,0,1,0
2019-01-01 07:34:17+05:30,1593.0,2,11.5922,1008.49,13.05,0,0.9546,0.8224,0.2194,-0.4147,0.2667,-0.587,1.6414,-0.5166,-0.0427,-1.1295,0.2081,-0.1341,0.8974,0.936,0.2526,0,0,1,0
2019-01-01 07:34:18+05:30,1594.0,2,11.6083,1009.73,13.067,0,0.7848,0.6671,-0.3365,-0.632,0.0962,-0.58,-0.8559,-1.6743,-0.3281,-1.2551,0.2087,-0.0804,0.6755,0.7122,0.2512,0,0,1,0
2019-01-01 07:34:19+05:30,1595.0,2,11.6231,1010.87,13.082,0,0.615,0.5139,-0.7139,0.0127,0.0587,-0.5445,-1.6893,0.267,-0.5771,-1.2551,0.2111,-0.0458,0.5133,0.5477,0.2498,0,0,1,0
2019-01-01 07:34:20+05:30,1596.0,2,11.6364,1011.9,13.095,0,0.4451,0.3718,-0.7012,0.5706,0.0778,-0.5941,-1.3988,1.3476,-0.5945,-1.1295,0.2232,-0.0075,0.3511,0.3833,0.2484,0,0,1,0
2019-01-01 07:34:21+05:30,1597.0,2,11.6486,1012.85,13.108,0,0.3093,0.2353,-0.362,0.5742,0.0766,-0.5941,-1.3988,1.3476,-0.631,-1.004,0.2148,0.0232,0.2213,0.2514,0.2477,0,0,1,0
2019-01-01 07:34:22+05:30,1598.0,2,11.6597,1013.76,13.12,0,0.1734,0.1061,0.1531,0.3351,0.0784,-0.5516,1.247,0.7262,-0.5232,-1.004,0.2118,0.0386,0.1512,0.1797,0.247,0,0,1,0
2019-01-01 07:34:23+05:30,1599.0,2,11.6697,1014.58,13.13,0,0.0376,-0.0225,0.5305,0.1975,0.1588,-0.6154,2.2696,0.5357,-0.4502,-1.004,0.2093,0.0655,0.0215,0.0473,0.2455,0,0,1,0
2019-01-01 07:34:24+05:30,1600.0,2,11.6786,1015.34,13.141,0,-0.0983,-0.1474,0.6172,0.2011,0.2309,-0.502,2.7185,0.4287,-0.5787,-1.004,0.2099,0.0847,-0.0642,-0.0402,0.2448,0,0,1,0
2019-01-01 07:34:25+05:30,1601.0,2,11.6864,1016.0,13.149,0,-0.2341,-0.265,0.5305,0.3279,0.1528,-0.6154,2.2696,0.9016,-0.3155,-1.004,0.2202,0.1269,-0.2381,-0.2183,0.2441,0,0,1,0
2019-01-01 07:34:26+05:30,1602.0,2,11.6931,1016.57,13.157,0,-0.37,-0.3737,0.2092,0.585,0.0325,-0.4665,0.759,0.8948,-0.3805,-0.8785,0.248,0.1576,-0.3678,-0.3515,0.2434,0,0,1,0
2019-01-01 07:34:27+05:30,1603.0,2,11.6989,1017.03,13.163,0,-0.4719,-0.4818,-0.4819,0.7118,0.0837,-0.6083,-1.4972,1.8832,-0.3392,-0.753,0.2287,0.1921,-0.5249,-0.5133,0.2427,0,0,1,0
2019-01-01 07:34:28+05:30,1604.0,2,11.7039,1017.44,13.168,0,-0.5738,-0.5818,-1.0658,0.3786,0.2589,-0.5587,-2.9434,0.9606,-0.3392,-0.753,0.2202,0.2152,-0.6222,-0.6136,0.2427,0,0,1,0
2019-01-01 07:34:29+05:30,1605.0,2,11.7081,1017.78,13.172,0,-0.6757,-0.6797,-0.8797,-0.1829,0.3286,-0.4878,-2.0423,-0.2592,-0.4376,-0.753,0.213,0.2382,-0.7195,-0.7143,0.242,0,0,1,0
2019-01-01 07:34:30+05:30,1606.0,2,11.7114,1018.07,13.176,0,-0.7776,-0.7754,-0.1861,-0.4219,0.2452,-0.6792,0.6598,-1.9873,-0.3805,-0.753,0.2087,0.2574,-0.7987,-0.7961,0.242,0,0,1,0
2019-01-01 07:34:31+05:30,1607.0,2,11.7139,1018.3,13.179,0,-0.8795,-0.864,0.1811,-0.277,0.1624,-0.6579,1.3593,-1.0223,-0.566,-0.753,0.2311,0.2766,-0.8804,-0.8805,0.242,0,0,1,0
2019-01-01 07:34:32+05:30,1608.0,2,11.7156,1018.47,13.181,0,-0.9814,-0.9571,0.0562,-0.0307,0.1517,-0.6792,1.8291,-0.1673,-0.631,-0.753,0.2486,0.2996,-0.9777,-0.9816,0.2413,0,0,1,0
2019-01-01 07:34:33+05:30,1609.0,2,11.7164,1018.56,13.183,0,-1.0832,-1.0321,-0.1045,0.1685,0.1487,-0.7146,0.2581,0.267,-0.6104,-0.502,0.5242,0.3265,-1.101,-1.1096,0.2413,0,0,1,0
2019-01-01 07:34:34+05:30,1610.0,2,11.7169,1018.64,13.184,0,-1.1172,-1.0871,-0.1096,0.1975,0.132,-0.6721,0.5753,1.2259,-0.631,-0.3765,0.2438,0.3341,-1.1231,-1.1325,0.2413,0,0,1,0
2019-01-01 07:34:35+05:30,1611.0,2,11.7169,1018.66,13.184,1,-1.1851,-1.125,-0.1121,0.0055,0.1356,-0.6934,0.1524,-1.0121,-0.631,0.0,-0.9559,0.3533,-1.2061,-1.2191,0.2413,0,0,0,1
2019-01-01 07:34:36+05:30,1612.0,2,11.7175,1018.76,13.185,0,-1.1172,-1.0652,-0.1759,-0.1865,0.1522,-0.7075,0.2336,-0.3389,-0.631,0.3765,0.6505,0.3226,-1.0848,-1.0929,0.2413,1,0,0,0
2019-01-01 07:34:37+05:30,1613.0,2,11.7183,1018.86,13.186,0,-1.0832,-1.0273,-0.2294,-0.1285,0.1564,-0.7004,-0.3528,-1.8123,-0.631,0.1255,0.5841,0.3265,-1.09,-1.0982,0.2413,0,1,0,0
2019-01-01 07:34:38+05:30,1614.0,2,11.7192,1018.94,13.188,0,-1.0832,-1.0273,-0.2218,0.0997,0.1487,-0.7146,-0.3528,0.8982,-0.631,0.0,0.5841,0.3303,-1.1088,-1.118,0.2413,0,1,0,0
2019-01-01 07:34:39+05:30,1615.0,2,11.72,1019.03,13.189,0,-1.0832,-1.0273,-0.1708,0.2301,0.1433,-0.7075,0.2336,0.8729,-0.658,0.0,0.5841,0.3265,-1.101,-1.1096,0.2406,0,1,0,0
2019-01-01 07:34:40+05:30,1616.0,2,11.7208,1019.13,13.19,0,-1.0832,-1.0273,-0.1376,0.212,0.1433,-0.7075,0.2336,0.8729,-0.658,-0.251,0.5841,0.3265,-1.101,-1.1096,0.2406,0,0,1,0
2019-01-01 07:34:41+05:30,1617.0,2,11.7211,1019.17,13.191,0,-1.1512,-1.1138,-0.1682,0.1721,0.1451,-0.7075,0.2336,0.8729,-0.658,-0.3765,-0.9559,0.3418,-1.1659,-1.1773,0.2406,0,0,1,0
2019-01-01 07:34:42+05:30,1618.0,2,11.7211,1019.19,13.191,1,-1.1851,-1.1517,-0.2294,0.1142,0.1457,-0.7146,-0.3528,0.267,-0.658,-0.1255,-0.9559,0.3533,-1.2061,-1.2191,0.2406,0,0,0,1
2019-01-01 07:34:43+05:30,1619.0,2,11.7211,1019.22,13.191,1,-1.1851,-1.1485,-0.2345,0.0562,0.1415,-0.7146,-0.3528,0.267,-0.658,0.0,-0.9559,0.3533,-1.2061,-1.2191,0.2406,0,0,0,1
2019-01-01 07:34:44+05:30,1620.0,2,11.7211,1019.24,13.191,1,-1.1851,-1.1485,-0.209,0.125,0.1457,-0.7146,-0.3528,0.267,-0.5945,0.0,-0.9559,0.3533,-1.2061,-1.2191,0.2406,0,0,0,1
2019-01-01 07:34:45+05:30,1621.0,2,11.7211,1019.26,13.192,1,-1.1851,-1.1485,-0.283,0.2011,0.1862,-0.7572,-0.3528,1.9679,-0.5232,0.0,-0.9559,0.3533,-1.2061,-1.2191,0.2406,0,0,0,1
2019-01-01 07:34:46+05:30,1622.0,2,11.7211,1019.28,13.192,1,-1.1851,-1.1485,-0.4309,-0.0633,0.25,-0.6934,-2.2812,-0.255,-0.5295,0.251,-0.9559,0.3533,-1.2061,-1.2191,0.2406,0,0,0,1
2019-01-01 07:34:47+05:30,1623.0,2,11.7217,1019.41,13.194,0,-1.1172,-1.087,-0.4538,-0.3785,0.2708,-0.6437,-1.1152,-1.2964,-0.5549,0.753,0.2462,0.3111,-1.0423,-1.0489,0.2406,1,0,0,0
2019-01-01 07:34:48+05:30,1624.0,2,11.7233,1019.67,13.197,0,-0.9814,-0.9499,-0.3544,0.0417,0.2178,-0.7288,-2.7967,-0.6099,-0.4756,1.3806,0.2933,0.2651,-0.8395,-0.8383,0.2399,1,0,0,0
2019-01-01 07:34:49+05:30,1625.0,2,11.7269,1020.13,13.203,0,-0.7436,-0.7421,-0.2626,0.9292,0.1308,-0.6083,-0.1033,2.7462,-0.4407,1.8826,0.2142,0.1921,-0.5417,-0.5309,0.2399,1,0,0,0
2019-01-01 07:34:50+05:30,1626.0,2,11.7328,1020.78,13.212,0,-0.4719,-0.4788,-0.0764,1.103,0.0593,-0.4807,-0.3528,2.1837,-0.5026,2.2591,0.2341,0.123,-0.24,-0.2205,0.2392,1,0,0,0
2019-01-01 07:34:51+05:30,1627.0,2,11.7414,1021.69,13.224,0,-0.1322,-0.171,0.2908,0.5995,0.0217,-0.5091,1.2595,0.6597,-0.6025,2.3846,0.219,0.0232,0.1636,0.192,0.2378,1,0,0,0
2019-01-01 07:34:52+05:30,1628.0,2,11.7525,1022.77,13.238,0,0.1734,0.1111,0.6019,0.5017,0.0325,-0.4595,0.9653,1.0887,-0.5295,2.0081,0.2166,-0.0382,0.4176,0.4501,0.2371,1,0,0,0
2019-01-01 07:34:53+05:30,1629.0,2,11.7656,1023.97,13.254,0,0.4112,0.3426,0.6019,0.7806,0.0789,-0.4807,1.8404,0.9364,-0.5232,1.6316,0.225,-0.0881,0.6233,0.6581,0.2357,1,0,0,0
2019-01-01 07:34:54+05:30,1630.0,2,11.7803,1025.26,13.271,0,0.615,0.5297,0.3851,0.8676,0.1058,-0.4665,0.774,2.0537,-0.631,1.3806,0.2226,-0.1149,0.7417,0.7777,0.2343,1,0,0,0
2019-01-01 07:34:55+05:30,1631.0,2,11.7964,1026.6,13.288,0,0.7848,0.6812,0.1199,1.1574,0.0801,-0.6154,0.5636,1.5291,-0.4867,1.1295,0.2178,-0.1418,0.8354,0.8718,0.2329,1,0,0,0
2019-01-01 07:34:56+05:30,1632.0,2,11.8136,1028.0,13.307,0,0.9206,0.7988,-0.1963,1.6065,0.0098,-0.2964,-0.0466,2.3867,-0.3725,0.8785,0.2124,-0.1648,0.9315,0.9686,0.2308,1,0,0,0
2019-01-01 07:34:57+05:30,1633.0,2,11.8317,1029.43,13.326,0,1.0225,0.8822,-0.4232,1.0342,-0.1302,-0.3744,-0.974,0.9088,-0.2267,0.6275,0.2063,-0.1763,0.971,1.0081,0.2294,1,0,0,0
2019-01-01 07:34:58+05:30,1634.0,2,11.8503,1030.88,13.345,0,1.0905,0.9364,-0.436,-0.3712,-0.337,-0.1476,-0.4223,0.0991,-0.149,0.251,0.2015,-0.1879,1.0096,1.0468,0.228,1,0,0,0
2019-01-01 07:34:59+05:30,1635.0,2,11.8689,1032.32,13.364,0,1.0905,0.9667,-0.515,-0.7226,-0.4645,0.0651,-0.527,-0.2225,-0.3725,0.1255,0.2184,-0.184,0.9847,1.0218,0.2266,0,1,0,0
2019-01-01 07:35:00+05:30,1636.0,2,11.8878,1033.77,13.383,0,1.1244,0.9706,-0.6527,0.422,-0.334,-0.1759,-0.8449,0.5195,0.0366,0.0,0.2033,-0.1879,0.9999,1.0367,0.2245,0,1,0,0
2019-01-01 07:35:01+05:30,1637.0,2,11.9064,1035.19,13.402,0,1.0905,0.9406,-0.3595,1.3928,0.076,-0.4311,-0.4783,2.2699,0.7216,-0.3765,0.2039,-0.1802,0.9675,1.0042,0.2231,0,0,1,0
2019-01-01 07:35:02+05:30,1638.0,2,11.9244,1036.61,13.421,0,1.0225,0.9022,0.2117,1.2878,0.6826,-0.1192,0.0302,0.9738,1.3258,-0.502,0.2178,-0.1802,0.9467,0.9831,0.2217,0,0,1,0
2019-01-01 07:35:03+05:30,1639.0,2,11.9419,1037.98,13.439,0,0.9546,0.8331,0.2959,0.7046,1.4972,0.7809,-0.1629,0.3944,1.4035,-0.753,0.2142,-0.1648,0.8896,0.9259,0.2203,0,0,1,0
2019-01-01 07:35:04+05:30,1640.0,2,11.9583,1039.25,13.456,0,0.8187,0.7166,-0.1478,-0.0706,2.3816,1.674,-0.3104,0.3108,0.969,-1.1295,0.2202,-0.1303,0.7261,0.761,0.2189,0,0,1,0
2019-01-01 07:35:05+05:30,1641.0,2,11.9733,1040.41,13.471,0,0.6489,0.5587,-0.2651,-0.9689,2.5723,2.2269,-0.3923,0.0477,1.4273,-1.1295,0.2208,-0.0881,0.5457,0.5785,0.2175,0,0,1,0
2019-01-01 07:35:06+05:30,1642.0,2,11.9872,1041.53,13.486,0,0.5131,0.4149,0.2653,-1.3239,1.328,0.4265,-0.0451,-0.0762,3.836,-1.1295,0.2081,-0.0727,0.4808,0.513,0.2161,0,0,1,0
2019-01-01 07:35:07+05:30,1643.0,2,11.9997,1042.57,13.5,0,0.3433,0.2759,0.8518,-0.929,-0.775,0.306,0.2278,-0.2599,4.0374,-1.004,0.2226,-0.0458,0.3627,0.393,0.2154,0,0,1,0
2019-01-01 07:35:08+05:30,1644.0,2,12.0114,1043.56,13.513,0,0.2414,0.1835,1.1476,-0.5632,-2.1891,2.2482,-0.1073,0.2012,1.7983,-0.502,0.225,-0.0305,0.2862,0.3151,0.214,0,0,1,0
2019-01-01 07:35:09+05:30,1645.0,2,12.0228,1044.56,13.526,0,0.2074,0.1448,1.3771,-0.7371,-2.2344,2.0639,0.0141,0.143,0.2174,0.0,0.2184,-0.0382,0.3057,0.3349,0.2133,0,1,0,0
2019-01-01 07:35:10+05:30,1646.0,2,12.0344,1045.59,13.54,0,0.2414,0.1632,1.525,-0.8964,-1.6832,1.5181,0.0364,0.0666,0.3934,0.251,0.2069,-0.0458,0.3472,0.3771,0.2119,1,0,0,0
2019-01-01 07:35:11+05:30,1647.0,2,12.0464,1046.67,13.554,0,0.2753,0.2153,1.2241,-0.4437,-1.3596,1.1424,0.1696,0.1634,-0.0015,0.502,0.225,-0.0689,0.427,0.458,0.2105,1,0,0,0
2019-01-01 07:35:12+05:30,1648.0,2,12.0592,1047.75,13.568,0,0.3772,0.2922,0.4973,0.2772,-1.185,0.9014,-0.1765,0.3309,0.1032,0.6275,0.2099,-0.065,0.4166,0.4475,0.2098,1,0,0,0
2019-01-01 07:35:13+05:30,1649.0,2,12.0725,1048.85,13.583,0,0.4451,0.3731,-0.0739,0.748,-0.8417,0.4265,-0.1933,0.4318,0.3728,0.6275,0.2238,-0.0804,0.4711,0.5024,0.2084,1,0,0,0
2019-01-01 07:35:14+05:30,1650.0,2,12.0867,1050.01,13.598,0,0.547,0.4655,-0.2345,1.1211,-0.4073,0.0154,-0.4823,0.9867,0.3173,0.8785,0.222,-0.0996,0.5444,0.5763,0.2069,1,0,0,0
2019-01-01 07:35:15+05:30,1651.0,2,12.1019,1051.25,13.614,0,0.6829,0.5655,-0.4768,1.6826,-0.0963,-0.3744,-0.4622,1.5907,-0.0157,0.8785,0.2039,-0.1303,0.6732,0.7065,0.2055,1,0,0,0
2019-01-01 07:35:16+05:30,1652.0,2,12.1181,1052.54,13.631,0,0.7848,0.6563,-0.946,1.9905,0.039,-0.2468,-1.2038,2.3852,-0.4867,0.6275,0.2021,-0.1533,0.7608,0.7949,0.2041,1,0,0,0
2019-01-01 07:35:17+05:30,1653.0,2,12.1347,1053.87,13.649,0,0.8527,0.7368,-1.0429,1.4254,0.0426,-0.3957,-1.908,1.5226,-0.5232,0.502,0.213,-0.1687,0.8169,0.8511,0.2027,1,0,0,0
2019-01-01 07:35:18+05:30,1654.0,2,12.1519,1055.23,13.667,0,0.9206,0.8101,-0.6527,0.4148,-0.0653,-0.4665,-0.677,0.8948,-0.2013,0.502,0.2196,-0.1802,0.8649,0.8995,0.2013,1,0,0,0
2019-01-01 07:35:19+05:30,1655.0,2,12.1697,1056.62,13.685,0,0.9886,0.8569,-0.4105,-0.1358,-0.2649,-0.183,-0.7732,0.0126,-0.1236,0.3765,0.2099,-0.1917,0.9074,0.9422,0.1999,1,0,0,0
2019-01-01 07:35:20+05:30,1656.0,2,12.1878,1058.01,13.704,0,1.0225,0.885,-0.5635,-0.2807,-0.4931,-0.0058,-0.4099,0.1294,0.0223,0.1255,0.2081,-0.1955,0.9165,0.951,0.1985,0,1,0,0
2019-01-01 07:35:21+05:30,1657.0,2,12.2058,1059.39,13.722,0,1.0225,0.8848,-0.8899,-0.5016,-0.7267,0.4336,-0.8076,0.0523,0.016,-0.1255,0.2075,-0.1917,0.9026,0.9369,0.1971,0,1,0,0
2019-01-01 07:35:22+05:30,1658.0,2,12.2236,1060.75,13.74,0,0.9886,0.849,-1.2953,-0.5741,-1.0253,0.6037,-0.6744,0.0459,0.2538,-0.502,0.2051,-0.1879,0.8701,0.9044,0.1957,0,0,1,0
2019-01-01 07:35:23+05:30,1659.0,2,12.2406,1062.06,13.757,0,0.8867,0.774,-1.5172,-0.2227,-1.3781,1.2275,-0.7999,0.2137,0.2538,-0.6275,0.2166,-0.1648,0.7728,0.8063,0.1936,0,0,1,0
2019-01-01 07:35:24+05:30,1660.0,2,12.2569,1063.32,13.774,0,0.8187,0.7097,-0.9944,0.1105,-1.6409,1.3692,-0.5116,0.267,-0.2917,-0.502,0.216,-0.1495,0.7079,0.7408,0.1929,0,0,1,0
2019-01-01 07:35:25+05:30,1661.0,2,12.2728,1064.54,13.79,0,0.7508,0.6461,0.148,0.0345,-1.7058,1.5039,-0.3075,0.267,-0.4423,-0.3765,0.2154,-0.1418,0.6612,0.6937,0.1915,0,0,1,0
2019-01-01 07:35:26+05:30,1662.0,2,12.2883,1065.84,13.808,0,0.7169,0.6128,1.015,-0.469,-1.5777,1.3692,0.0642,0.1241,-0.1553,-0.1255,0.2142,-0.1687,0.7663,0.7993,0.1901,0,1,0,0
2019-01-01 07:35:27+05:30,1663.0,2,12.3039,1067.14,13.825,0,0.7169,0.616,1.3159,-1.5014,-1.3101,1.107,0.0416,-0.0339,0.2903,0.251,0.2166,-0.1687,0.7628,0.7957,0.1887,1,0,0,0
2019-01-01 07:35:28+05:30,1664.0,2,12.32,1068.52,13.843,0,0.7848,0.6579,1.4255,-2.7039,-0.9395,0.703,0.3588,-0.6122,0.5329,0.3765,0.2027,-0.2032,0.9068,0.9404,0.1866,1,0,0,0
2019-01-01 07:35:29+05:30,1665.0,2,12.3364,1069.92,13.862,0,0.8187,0.7154,1.1909,-2.8343,-0.3579,0.2493,0.4886,-0.9373,1.4748,0.502,0.2196,-0.2071,0.9207,0.9545,0.1852,1,0,0,0
2019-01-01 07:35:30+05:30,1666.0,2,12.3536,1071.26,13.879,0,0.9206,0.7881,0.3137,-1.3347,0.5801,-0.1334,0.035,-0.7812,2.0283,-0.6275,0.2063,-0.1917,0.8494,0.8828,0.1838,0,0,1,0
2019-01-01 07:35:48+05:30,1671.0,2,12.4286,1077.04,13.956,0,0.6489,0.5385,-0.7012,0.6684,1.6754,0.8376,-0.4717,0.4563,1.7603,-1.2551,0.2063,-0.1226,0.5457,0.5763,0.1775,0,0,1,0
2019-01-01 07:35:49+05:30,1672.0,2,12.4431,1078.16,13.971,0,0.581,0.4922,-1.1219,1.8528,2.3846,1.9788,-0.5683,0.5285,0.655,-0.3765,0.2184,-0.1073,0.4808,0.5108,0.1761,0,0,1,0
2019-01-01 07:35:50+05:30,1673.0,2,12.4572,1079.25,13.985,0,0.547,0.4651,-1.0429,1.8963,2.3852,1.7378,-0.5295,0.5535,0.0223,0.0,0.2214,-0.0996,0.4484,0.4778,0.1754,0,1,0,0
2019-01-01 07:35:51+05:30,1674.0,2,12.4717,1080.38,14.0,0,0.581,0.4778,-1.1398,1.1682,1.9448,1.3692,-0.5807,0.5312,0.3965,0.251,0.2081,-0.1149,0.5117,0.542,0.174,1,0,0,0
2019-01-01 07:35:52+05:30,1675.0,2,12.4864,1081.56,14.016,0,0.615,0.5268,-1.3336,0.5054,1.5407,0.8093,-0.794,0.2957,0.2633,0.502,0.2202,-0.1303,0.5749,0.6058,0.1726,1,0,0,0
2019-01-01 07:35:53+05:30,1676.0,2,12.5019,1082.81,14.032,0,0.7169,0.6011,-0.7241,0.6756,1.3125,0.5541,-0.5416,0.5308,-0.0776,0.753,0.2069,-0.1648,0.7011,0.7329,0.1712,1,0,0,0
2019-01-01 07:35:54+05:30,1677.0,2,12.5183,1084.21,14.051,0,0.8187,0.7085,0.8288,1.3638,1.07,0.3131,0.1934,0.688,0.2253,0.8785,0.2154,-0.2186,0.9263,0.9593,0.1698,1,0,0,0
2019-01-01 07:35:55+05:30,1678.0,2,12.5358,1085.7,14.07,0,0.9546,0.8307,2.1038,1.6065,0.6731,0.1359,1.3253,1.0709,0.4838,-7.4048,0.213,-0.257,1.0791,1.1123,0.1683,0,0,1,0
2019-01-01 07:36:01+05:30,1683.0,2,12.5358,1086.52,14.081,1,-1.1851,-1.1517,1.9075,1.3602,0.222,-0.1618,2.2096,1.0176,0.3315,-6.0243,-0.9559,0.2344,-0.9907,-0.9957,0.1669,0,0,0,1
2019-01-01 07:36:02+05:30,1684.0,2,12.54,1087.22,14.09,0,-0.6757,-0.6641,0.533,1.5558,-0.0855,-0.261,0.613,1.7524,-0.1299,3.7652,0.251,0.0348,-0.1557,-0.1365,0.1662,1,0,0,0
2019-01-01 07:36:03+05:30,1685.0,2,12.5483,1088.17,14.103,0,-0.1662,-0.1926,-0.6502,2.4179,-0.1403,-0.1972,-0.9393,1.7608,-0.4439,3.7652,0.2317,-0.0574,0.2265,0.2527,0.1655,1,0,0,0
2019-01-01 07:36:04+05:30,1686.0,2,12.5608,1089.42,14.119,0,0.3433,0.2575,-1.0046,2.7692,0.0033,-0.0838,-0.8463,2.7586,-0.206,3.6397,0.2069,-0.1687,0.693,0.7241,0.1641,1,0,0,0
2019-01-01 07:36:05+05:30,1687.0,2,12.5772,1090.95,14.14,0,0.8187,0.6884,-1.1066,1.8746,0.1731,-0.4169,-2.1952,1.7577,-0.3836,3.3886,0.2027,-0.2723,1.1281,1.1607,0.1627,1,0,0,0
2019-01-01 07:36:06+05:30,1688.0,2,12.5972,1092.57,14.161,0,1.2603,1.1002,-1.3769,0.6828,0.2178,-0.4311,-2.2914,1.6576,-0.6215,1.2551,0.2057,-0.3107,1.2883,1.3208,0.1606,1,0,0,0
2019-01-01 07:36:07+05:30,1689.0,2,12.6164,1094.04,14.181,0,1.1584,1.0069,-1.3897,0.2373,0.1183,-0.424,-3.2357,-0.0313,-0.3361,-0.753,0.2063,-0.2531,1.0324,1.0649,0.1592,0,0,1,0
2019-01-01 07:36:08+05:30,1690.0,2,12.6347,1095.44,14.199,0,1.0565,0.9101,-0.8261,0.2663,0.0039,-0.4524,-1.2832,0.8797,-0.39,-0.753,0.2045,-0.2301,0.935,0.9672,0.1571,0,0,1,0
2019-01-01 07:36:09+05:30,1691.0,2,12.6522,1096.78,14.217,0,0.9546,0.8157,-0.2243,0.125,0.0158,-0.5729,-0.5606,0.0523,-0.3551,-0.753,0.2039,-0.2071,0.8377,0.8696,0.1557,0,0,1,0
2019-01-01 07:36:10+05:30,1692.0,2,12.6689,1098.07,14.234,0,0.8527,0.7259,-0.1912,-0.0706,0.157,-0.7288,1.7976,-0.5457,-0.3551,-0.753,0.2063,-0.1917,0.7585,0.7896,0.1543,0,0,1,0
2019-01-01 07:36:11+05:30,1693.0,2,12.6847,1099.29,14.25,0,0.7508,0.6437,-0.3289,0.049,0.3096,-0.6934,-2.2812,-0.255,-0.3281,-0.6275,0.2142,-0.1648,0.643,0.6735,0.1529,0,0,1,0
2019-01-01 07:36:12+05:30,1694.0,2,12.7,1100.5,14.266,0,0.6829,0.5689,0.2347,0.212,0.3501,-0.4736,0.7967,0.6121,-0.3836,-0.502,0.2057,-0.1648,0.6379,0.6682,0.1522,0,0,1,0
2019-01-01 07:36:13+05:30,1695.0,2,12.7147,1101.74,14.283,0,0.615,0.5039,1.4714,0.154,0.2887,-0.339,2.6877,0.1645,-0.3456,-0.502,0.2045,-0.1763,0.6768,0.7074,0.1508,0,0,1,0
2019-01-01 07:36:14+05:30,1696.0,2,12.7289,1103.01,14.3,0,0.547,0.4507,2.4073,0.4546,0.2244,-0.02,2.6094,0.6083,-0.5945,-0.502,0.2111,-0.1879,0.7261,0.7566,0.1494,0,0,1,0
2019-01-01 07:36:15+05:30,1697.0,2,12.7425,1104.23,14.316,0,0.4791,0.4052,2.3818,1.6391,0.1302,-0.0413,2.2718,0.9572,-0.1363,-0.3765,0.2244,-0.1687,0.643,0.6731,0.148,0,0,1,0
2019-01-01 07:36:16+05:30,1698.0,2,12.7558,1105.38,14.331,0,0.4451,0.3658,1.6729,2.8779,-0.0492,0.1288,0.9829,1.8636,-0.1363,-0.251,0.2184,-0.1495,0.5509,0.5798,0.1466,0,0,1,0
2019-01-01 07:36:17+05:30,1699.0,2,12.7689,1106.45,14.345,0,0.4112,0.3315,0.8212,2.8634,-0.2017,-0.0909,0.4627,2.0,-0.4756,-0.251,0.216,-0.1188,0.4147,0.4422,0.1452,0,0,1,0
2019-01-01 07:36:18+05:30,1700.0,2,12.7817,1107.46,14.359,0,0.3772,0.3008,-0.0458,1.7659,-0.2184,-0.1263,-0.0579,1.5003,-0.4756,-0.251,0.2166,-0.0957,0.3199,0.3463,0.1445,0,0,1,0
2019-01-01 07:36:19+05:30,1701.0,2,12.7942,1108.43,14.371,0,0.3433,0.2738,-0.7445,0.9147,-0.1386,-0.3248,-1.1152,0.9481,-0.3091,-0.1255,0.2208,-0.0804,0.2537,0.2791,0.1431,0,1,0,0
2019-01-01 07:36:20+05:30,1702.0,2,12.8067,1109.4,14.384,0,0.3433,0.2521,-0.9026,0.835,-0.0247,-0.4311,-1.6962,1.2981,-0.3805,-0.1255,0.2027,-0.0804,0.2537,0.2791,0.1424,0,1,0,0
2019-01-01 07:36:21+05:30,1703.0,2,12.8189,1110.35,14.397,0,0.3093,0.2331,-0.6808,0.8205,0.1248,-0.58,-0.8559,1.5997,-0.149,-0.251,0.213,-0.0766,0.2213,0.2461,0.141,0,0,1,0
2019-01-01 07:36:22+05:30,1704.0,2,12.8308,1111.27,14.409,0,0.2753,0.2144,-0.6808,0.3098,0.3036,-0.4665,-2.1001,0.908,-0.1601,-0.251,0.2238,-0.0689,0.1889,0.2131,0.1403,0,0,1,0
2019-01-01 07:36:23+05:30,1705.0,2,12.8425,1112.18,14.421,0,0.2414,0.1761,-1.127,-0.3205,0.4544,-0.4665,-1.161,-0.8893,-0.4296,-0.3765,0.2184,-0.0612,0.1564,0.1801,0.1389,0,0,1,0
2019-01-01 07:36:24+05:30,1706.0,2,12.8536,1113.04,14.432,0,0.1734,0.1086,-1.6345,-0.556,0.5217,-0.1405,-2.2903,0.1959,-0.4994,-0.753,0.2142,-0.0458,0.0915,0.1142,0.1382,0,0,1,0
2019-01-01 07:36:25+05:30,1707.0,2,12.8636,1113.82,14.443,0,0.0376,-0.0019,-1.6421,-0.5415,0.4585,-0.2964,-1.6563,-0.819,-0.2837,-1.1295,0.2305,-0.019,-0.0382,-0.0178,0.1375,0,0,1,0
2019-01-01 07:36:26+05:30,1708.0,2,12.8722,1114.5,14.451,0,-0.1322,-0.162,-0.9715,-0.7697,0.2822,-0.4878,-2.9331,-0.2482,-0.2171,-1.3806,0.2299,0.0194,-0.2004,-0.1835,0.1368,0,0,1,0
2019-01-01 07:36:27+05:30,1709.0,2,12.8792,1115.07,14.459,0,-0.336,-0.3671,-0.0509,-1.2876,0.1308,-0.4311,0.2011,-2.4076,-0.4154,-1.7571,0.2099,0.0578,-0.3614,-0.348,0.1361,0,0,1,0
2019-01-01 07:36:28+05:30,1710.0,2,12.8839,1115.49,14.464,0,-0.6077,-0.6079,0.4004,-1.418,0.0998,-0.4453,0.6961,-1.6426,-0.566,-1.8826,0.2323,0.1115,-0.5949,-0.5876,0.1354,0,0,1,0
2019-01-01 07:36:29+05:30,1711.0,2,12.8867,1115.75,14.468,0,-0.8455,-0.8159,0.1786,-0.7733,0.1278,-0.5516,0.7652,-1.7685,-0.5771,-1.5061,0.2915,0.1691,-0.8376,-0.8379,0.1354,0,0,1,0
2019-01-01 07:36:30+05:30,1712.0,2,12.8881,1115.88,14.47,0,-1.0153,-0.9793,-0.1886,-0.0344,0.1356,-0.6934,-0.3528,0.267,-0.631,-1.1295,0.3242,0.219,-1.0439,-1.0511,0.1354,0,0,1,0
2019-01-01 07:36:31+05:30,1713.0,2,12.8883,1115.92,14.47,0,-1.1512,-1.0905,-0.2677,0.1685,0.1308,-0.6934,-0.3528,0.267,-0.631,-0.6275,-0.9559,0.2497,-1.1737,-1.1857,0.1354,0,0,1,0
2019-01-01 07:36:32+05:30,1714.0,2,12.8883,1115.94,14.47,1,-1.1851,-1.1517,-0.2243,0.0779,0.1338,-0.7146,-0.3528,0.267,-0.631,-0.1255,-0.9559,0.2574,-1.2061,-1.2191,0.1354,0,0,0,1
2019-01-01 07:36:33+05:30,1715.0,2,12.8883,1115.97,14.471,1,-1.1851,-1.1517,-0.2345,0.0671,0.1475,-0.7146,-0.3528,0.267,-0.658,0.0,-0.9559,0.2574,-1.2061,-1.2191,0.1354,0,0,0,1
2019-01-01 07:36:34+05:30,1716.0,2,12.8883,1115.99,14.471,1,-1.1851,-1.1517,-0.2116,0.0924,0.16,-0.7146,-0.3528,0.267,-0.658,0.0,-0.9559,0.2574,-1.2061,-1.2191,0.1354,0,0,0,1
2019-01-01 07:36:35+05:30,1717.0,2,12.8883,1116.01,14.471,1,-1.1851,-1.1517,-0.1733,0.0272,0.1195,-0.7075,0.2336,-0.3389,-0.566,0.0,-0.9559,0.2574,-1.2061,-1.2191,0.1354,0,0,0,1
2019-01-01 07:36:36+05:30,1718.0,2,12.8883,1116.03,14.471,1,-1.1851,-1.1517,-0.1861,-0.114,0.095,-0.6437,-0.044,-0.052,-0.2647,0.0,-0.9559,0.2574,-1.2061,-1.2191,0.1347,0,0,0,1
2019-01-01 07:36:37+05:30,1719.0,2,12.8883,1116.05,14.472,1,-1.1851,-1.1496,-0.1453,-0.172,0.3704,-0.58,-0.3528,-0.5011,0.6725,0.251,-0.9559,0.2574,-1.2061,-1.2191,0.1347,0,0,0,1
2019-01-01 07:36:38+05:30,1720.0,2,12.8889,1116.18,14.473,0,-1.1172,-1.089,-0.1529,-0.0597,1.0557,0.2281,-0.2504,0.2216,1.1894,0.6275,0.2075,0.219,-1.0446,-1.0516,0.1347,1,0,0,0
2019-01-01 07:36:39+05:30,1721.0,2,12.8903,1116.38,14.476,0,-1.0153,-0.9918,-0.5788,0.125,1.7612,1.0645,-0.4896,0.2919,0.7216,0.8785,0.2317,0.1883,-0.9242,-0.9271,0.1347,1,0,0,0
2019-01-01 07:36:40+05:30,1722.0,2,12.8928,1116.7,14.48,0,-0.8795,-0.8488,-1.2877,0.375,2.0216,1.4472,-0.5994,0.2878,-0.0792,1.2551,0.294,0.1499,-0.7575,-0.7552,0.134,1,0,0,0
2019-01-01 07:36:41+05:30,1723.0,2,12.8969,1117.15,14.486,0,-0.6757,-0.6772,-1.5197,0.6901,1.7249,0.9936,-0.8335,0.4658,1.0895,1.5061,0.219,0.1,-0.5424,-0.5336,0.134,1,0,0,0
2019-01-01 07:36:42+05:30,1724.0,2,12.9028,1117.72,14.494,0,-0.4719,-0.4934,-0.8567,0.8096,0.7672,-0.0838,-0.7132,0.5512,2.6372,1.1295,0.2081,0.0578,-0.3734,-0.3603,0.1333,1,0,0,0
2019-01-01 07:36:43+05:30,1725.0,2,12.9094,1118.33,14.502,0,-0.37,-0.3732,0.2959,0.509,-0.8912,0.4053,-0.1907,0.4987,3.817,0.753,0.2486,0.0386,-0.2884,-0.2732,0.1326,1,0,0,0
2019-01-01 07:36:44+05:30,1726.0,2,12.9169,1119.09,14.512,0,-0.2681,-0.2816,1.27,0.0562,-2.4245,2.56,-0.0543,0.2439,2.0267,0.6275,0.2408,-0.0113,-0.0811,-0.0617,0.1319,1,0,0,0
2019-01-01 07:36:45+05:30,1727.0,2,12.925,1119.87,14.522,0,-0.2002,-0.2225,1.6882,-0.114,-2.6241,2.4608,-0.0451,0.2432,0.72,0.502,0.2341,-0.0228,-0.0389,-0.0186,0.1312,1,0,0,0
2019-01-01 07:36:46+05:30,1728.0,2,12.9336,1120.7,14.533,0,-0.1322,-0.1764,1.5326,-0.0778,-1.5193,1.4756,0.1575,0.2466,2.4104,0.3765,0.2124,-0.042,0.0383,0.0596,0.1298,1,0,0,0
2019-01-01 07:36:47+05:30,1729.0,2,12.9425,1121.49,14.543,0,-0.0983,-0.1446,0.9997,-0.2263,-0.3531,-0.2043,0.7707,0.0031,1.7048,0.251,0.213,-0.0305,-0.0171,0.0034,0.129,1,0,0,0
2019-01-01 07:36:48+05:30,1730.0,2,12.9517,1122.29,14.554,0,-0.0643,-0.0923,0.3673,-0.5234,0.0807,-0.4382,0.8746,-0.5026,-0.3012,0.3765,0.2365,-0.0343,-0.0087,0.0117,0.1283,1,0,0,0
2019-01-01 07:36:49+05:30,1731.0,2,12.9614,1123.09,14.564,0,0.0036,-0.0305,-0.1478,-0.6791,0.0301,-0.5445,-0.1662,-1.1074,-0.5295,0.502,0.2341,-0.0343,-0.0022,0.0183,0.1276,1,0,0,0
2019-01-01 07:36:50+05:30,1732.0,2,12.9717,1123.93,14.575,0,0.0715,0.0294,-0.3926,-0.5813,-0.0909,-0.4453,-0.7461,-0.6583,-0.3139,0.502,0.2299,-0.0497,0.0542,0.0759,0.1262,1,0,0,0
2019-01-01 07:36:51+05:30,1733.0,2,12.9825,1124.82,14.587,0,0.1395,0.0897,-0.2753,-0.2191,-0.1862,-0.2893,-0.2636,0.0511,-0.2298,0.6275,0.2263,-0.0689,0.134,0.1568,0.1255,1,0,0,0
2019-01-01 07:36:52+05:30,1734.0,2,12.9942,1125.79,14.6,0,0.2414,0.1644,0.1607,0.3894,-0.3489,-0.0909,-0.1381,0.4223,0.1888,0.6275,0.2081,-0.0957,0.2505,0.2751,0.1241,1,0,0,0
2019-01-01 07:36:53+05:30,1735.0,2,13.0064,1126.83,14.614,0,0.3093,0.2263,0.6758,1.1429,-0.8769,0.4903,0.1166,0.6295,1.3401,0.3765,0.2075,-0.1264,0.3754,0.4017,0.1234,1,0,0,0
2019-01-01 07:36:54+05:30,1736.0,2,13.0189,1127.89,14.628,0,0.3433,0.2655,0.9104,1.8166,-1.8262,1.6882,-0.0938,0.5595,1.608,0.251,0.2136,-0.1341,0.3945,0.4207,0.122,1,0,0,0
2019-01-01 07:36:55+05:30,1737.0,2,13.0317,1128.94,14.642,0,0.3772,0.2849,0.6529,2.1317,-2.5014,2.4891,-0.2028,0.535,0.2538,0.1255,0.2039,-0.1341,0.39,0.4163,0.1206,0,1,0,0
2019-01-01 07:36:56+05:30,1738.0,2,13.0444,1129.97,14.655,0,0.3772,0.3018,0.0434,1.8275,-2.2594,2.1631,-0.2672,0.5123,0.5995,0.0,0.2178,-0.1226,0.3439,0.3696,0.1199,0,1,0,0
2019-01-01 07:36:57+05:30,1739.0,2,13.0572,1130.96,14.668,0,0.3772,0.3125,-0.5303,0.8748,-1.592,1.3763,-0.5112,0.4306,0.4695,0.1255,0.2263,-0.1111,0.2962,0.3213,0.1185,0,1,0,0
2019-01-01 07:36:58+05:30,1740.0,2,13.0703,1131.97,14.682,0,0.4112,0.3217,-0.719,-0.2698,-1.5241,1.1991,-0.3751,0.1895,0.4695,0.1255,0.2087,-0.1188,0.3219,0.3472,0.1178,0,1,0,0
2019-01-01 07:36:59+05:30,1741.0,2,13.0833,1132.98,14.695,0,0.4112,0.319,-0.4283,-1.016,-2.173,2.156,-0.4893,0.0946,0.8041,-0.1255,0.2063,-0.1188,0.3186,0.3437,0.1164,0,1,0,0
2019-01-01 07:37:00+05:30,1742.0,2,13.0961,1134.02,14.709,0,0.3772,0.304,-0.0331,-1.2623,-2.6021,2.4679,-0.2295,0.1112,-0.0459,-0.3765,0.2196,-0.1303,0.3563,0.3815,0.1157,0,0,1,0
2019-01-01 07:37:01+05:30,1743.0,2,13.1083,1134.96,14.721,0,0.3093,0.2219,-0.1351,-1.121,-1.9776,1.9221,-0.4242,0.0568,2.3216,-0.6275,0.2033,-0.0996,0.2213,0.2448,0.1143,0,0,1,0
2019-01-01 07:37:02+05:30,1744.0,2,13.1197,1135.85,14.733,0,0.2074,0.154,-0.6884,-0.4292,-0.4544,-0.0696,-0.415,-0.0127,3.4158,-0.502,0.2269,-0.0766,0.124,0.1463,0.1136,0,0,1,0
2019-01-01 07:37:03+05:30,1745.0,2,13.1308,1136.71,14.744,0,0.1734,0.1191,-0.974,0.6684,1.03,0.2139,-1.0033,0.5289,2.1472,-0.1255,0.2238,-0.0689,0.0915,0.1133,0.1122,0,1,0,0
2019-01-01 07:37:04+05:30,1746.0,2,13.1419,1137.59,14.756,0,0.1734,0.1232,-0.6094,1.3059,1.6575,0.9794,-0.3781,0.5285,0.2507,0.251,0.2281,-0.0766,0.1152,0.137,0.1115,1,0,0,0
2019-01-01 07:37:05+05:30,1747.0,2,13.1536,1138.54,14.769,0,0.2414,0.1665,-0.0076,0.8386,1.3935,0.6463,-0.3528,0.5576,0.5932,0.753,0.2099,-0.1073,0.2385,0.2624,0.1108,1,0,0,0
2019-01-01 07:37:06+05:30,1748.0,2,13.1664,1139.65,14.783,0,0.3772,0.2878,0.2041,-0.0561,0.7845,-0.1051,0.1524,0.0417,0.7993,1.004,0.2063,-0.161,0.4666,0.4928,0.1094,1,0,0,0
2019-01-01 07:37:07+05:30,1749.0,2,13.1803,1140.79,14.798,0,0.5131,0.4086,-0.1606,-0.0996,0.2845,-0.665,-0.3528,-0.1114,0.3268,0.8785,0.2033,-0.1763,0.5259,0.5526,0.108,1,0,0,0
2019-01-01 07:37:08+05:30,1750.0,2,13.195,1141.98,14.814,0,0.615,0.5084,-0.6833,0.8531,0.0146,-0.4949,-1.2385,1.5408,-0.1315,0.753,0.2075,-0.1955,0.609,0.6366,0.1066,1,0,0,0
2019-01-01 07:37:09+05:30,1751.0,2,13.2106,1143.23,14.831,0,0.7169,0.6004,-0.8363,1.7188,-0.0414,-0.3177,-1.1006,1.6806,-0.5232,0.6275,0.2063,-0.2186,0.6956,0.7236,0.1052,1,0,0,0
2019-01-01 07:37:10+05:30,1752.0,2,13.2267,1144.51,14.848,0,0.7848,0.6789,-0.7318,1.6355,-0.0355,-0.3177,-1.0951,2.1164,-0.4502,0.502,0.2166,-0.2301,0.7388,0.7667,0.1038,1,0,0,0
2019-01-01 07:37:11+05:30,1753.0,2,13.2433,1145.8,14.865,0,0.8527,0.7271,-0.9001,0.8205,-0.1898,-0.3106,-0.9846,0.6877,-0.1807,0.251,0.2069,-0.2378,0.7676,0.7957,0.1024,1,0,0,0
2019-01-01 07:37:12+05:30,1754.0,2,13.26,1147.08,14.882,0,0.8527,0.7336,-1.2086,0.0707,-0.3465,-0.0342,-1.2272,0.3282,-0.2251,0.0,0.2111,-0.2339,0.7469,0.7746,0.101,0,1,0,0
2019-01-01 07:37:13+05:30,1755.0,2,13.2767,1148.36,14.899,0,0.8527,0.7401,-1.0301,-0.0054,-0.0605,-0.4028,-1.7247,0.267,0.6931,0.0,0.2154,-0.2339,0.7404,0.768,0.0996,0,1,0,0
2019-01-01 07:37:14+05:30,1756.0,2,13.2933,1149.63,14.916,0,0.8527,0.7255,-0.4283,0.6466,0.6296,-0.2893,-0.3528,0.4828,0.858,-0.1255,0.2063,-0.2339,0.7404,0.768,0.0982,0,1,0,0
2019-01-01 07:37:15+05:30,1757.0,2,13.3097,1150.9,14.932,0,0.8187,0.7181,0.0766,1.1718,1.07,0.2919,-0.3115,0.8423,-0.0475,0.0,0.2214,-0.2301,0.717,0.7447,0.0968,0,1,0,0
2019-01-01 07:37:16+05:30,1758.0,2,13.3264,1152.22,14.95,0,0.8527,0.7282,0.2219,0.4728,0.8358,0.0084,0.0792,0.3248,0.6439,0.251,0.2075,-0.257,0.8202,0.8481,0.0954,1,0,0,0
2019-01-01 07:37:17+05:30,1759.0,2,13.3433,1153.56,14.968,0,0.8867,0.7582,-0.0025,-0.9399,0.2124,-0.5941,0.4425,-1.9408,0.7961,0.3765,0.2069,-0.2646,0.8413,0.8692,0.094,1,0,0,0
2019-01-01 07:37:18+05:30,1760.0,2,13.3608,1154.94,14.986,0,0.9546,0.8135,-0.1708,-1.2333,-0.2941,-0.2114,-0.4307,-0.8564,0.2158,0.3765,0.2027,-0.2761,0.8938,0.9219,0.0926,1,0,0,0
2019-01-01 07:37:19+05:30,1761.0,2,13.3786,1156.37,15.005,0,0.9886,0.8705,0.2806,0.1105,-0.4484,0.0863,0.1111,0.267,-0.214,0.3765,0.2178,-0.303,0.9937,1.0213,0.0912,1,0,0,0
2019-01-01 07:37:20+05:30,1762.0,2,13.3969,1157.87,15.025,0,1.0565,0.9209,1.0711,1.4978,-0.2625,-0.1121,0.6317,1.2841,0.0794,0.3765,0.2105,-0.326,1.0914,1.1189,0.089,1,0,0,0
2019-01-01 07:37:21+05:30,1763.0,2,13.4156,1159.42,15.046,0,1.0905,0.9603,1.2598,1.6464,0.0539,-0.1972,1.6315,1.3624,-0.0728,0.251,0.2148,-0.3452,1.1702,1.1977,0.0876,1,0,0,0
2019-01-01 07:37:22+05:30,1764.0,2,13.4344,1160.92,15.066,0,1.1244,0.9787,0.6605,1.1827,0.2053,-0.4878,1.2935,1.9679,-0.4407,0.1255,0.2075,-0.3299,1.0924,1.1198,0.0862,0,1,0,0
2019-01-01 07:37:23+05:30,1765.0,2,13.4533,1162.38,15.085,0,1.1244,0.9898,0.0332,1.0161,0.1225,-0.5729,0.3478,2.6241,-0.3281,0.0,0.2136,-0.3184,1.0333,1.0605,0.0841,0,1,0,0
2019-01-01 07:37:24+05:30,1766.0,2,13.4722,1163.82,15.104,0,1.1244,0.9935,-0.283,0.8567,0.0098,-0.4665,-0.3528,1.2713,-0.4201,0.0,0.216,-0.3107,1.0015,1.0288,0.0827,0,1,0,0
2019-01-01 07:37:25+05:30,1767.0,2,13.4911,1165.26,15.124,0,1.1244,0.9929,-0.5278,0.1576,0.0217,-0.6083,-1.206,0.5248,-0.4867,0.0,0.2154,-0.3107,0.9999,1.027,0.0813,0,1,0,0
2019-01-01 07:37:26+05:30,1768.0,2,13.51,1166.71,15.143,0,1.1244,0.9917,-0.5839,-0.7262,0.1117,-0.5303,-1.57,-1.2117,-0.4867,0.0,0.2148,-0.3145,1.0025,1.0297,0.0799,0,1,0,0
2019-01-01 07:37:27+05:30,1769.0,2,13.5289,1168.15,15.162,0,1.1244,0.9981,-0.3391,-0.9001,0.1832,-0.5941,-0.1223,-2.7973,-0.5026,0.0,0.2184,-0.3184,1.0113,1.038,0.0778,0,1,0,0
2019-01-01 07:37:28+05:30,1770.0,2,13.5478,1169.59,15.181,0,1.1244,0.9986,-0.1835,-0.1756,0.1689,-0.7075,-0.9393,-2.2659,-0.3472,0.1255,0.2184,-0.3184,1.0012,1.0279,0.0764,0,1,0,0
2019-01-01 07:37:29+05:30,1771.0,2,13.5669,1171.06,15.201,0,1.1584,1.0008,-0.3416,0.6828,0.0158,-0.4736,-0.449,1.4701,-0.1268,0.1255,0.2027,-0.326,1.0359,1.0627,0.075,0,1,0,0
2019-01-01 07:37:30+05:30,1772.0,2,13.5861,1172.52,15.22,0,1.1584,1.0056,-0.5711,1.0161,-0.2548,-0.261,-0.7831,0.772,0.0049,0.0,0.2051,-0.3299,1.0375,1.064,0.0729,0,1,0,0
2019-01-01 07:37:31+05:30,1773.0,2,13.6053,1173.98,15.24,0,1.1584,1.011,-0.5354,0.6828,-0.4741,0.0792,-0.49,0.6763,-0.2473,0.0,0.2081,-0.3299,1.0401,1.0666,0.0715,0,1,0,0
2019-01-01 07:37:32+05:30,1774.0,2,13.6244,1175.45,15.259,0,1.1584,1.0209,-0.1963,-0.1104,-0.4544,-0.0271,-0.4896,0.1256,-0.2473,0.0,0.2136,-0.3299,1.033,1.0596,0.0701,0,1,0,0
2019-01-01 07:37:33+05:30,1775.0,2,13.6436,1176.94,15.279,0,1.1584,1.0122,-0.0203,-0.6212,-0.1976,-0.2468,0.2029,-0.3956,0.1777,-0.251,0.2087,-0.3452,1.0843,1.1101,0.068,0,0,1,0
2019-01-01 07:37:34+05:30,1776.0,2,13.6622,1178.36,15.298,0,1.0905,0.9657,-0.2728,-0.2191,0.1588,-0.6863,-2.9844,-0.2119,0.4283,-0.502,0.2178,-0.3184,0.9675,0.9936,0.0666,0,0,1,0
2019-01-01 07:37:35+05:30,1777.0,2,13.6803,1179.74,15.316,0,1.0225,0.881,-0.4028,0.6684,0.6564,-0.3035,-0.2599,0.5875,1.413,-0.753,0.2057,-0.3068,0.9104,0.9365,0.0652,0,0,1,0
2019-01-01 07:37:36+05:30,1778.0,2,13.6972,1181.04,15.333,0,0.8867,0.7657,-0.0025,1.237,1.5717,1.0078,-0.3528,0.5852,1.8586,-1.1295,0.2118,-0.2723,0.7728,0.7988,0.0638,0,0,1,0
2019-01-01 07:37:37+05:30,1779.0,2,13.7128,1182.27,15.35,0,0.7169,0.6138,0.2984,1.5993,2.7207,1.9505,-0.2061,0.4919,1.302,-1.1295,0.2148,-0.2531,0.6807,0.706,0.0624,0,0,1,0
2019-01-01 07:37:38+05:30,1780.0,2,13.7272,1183.4,15.365,0,0.581,0.47,-0.0025,2.2984,2.8976,2.7585,-0.3107,0.5142,2.2598,-1.004,0.2021,-0.2147,0.5068,0.531,0.061,0,0,1,0
2019-01-01 07:37:39+05:30,1781.0,2,13.7406,1184.43,15.378,0,0.4451,0.3606,-0.2345,2.8453,1.1981,0.3486,-0.4443,1.4455,5.0507,-0.753,0.2142,-0.1763,0.3511,0.374,0.0603,0,0,1,0
2019-01-01 07:37:40+05:30,1782.0,2,13.7533,1185.44,15.392,0,0.3772,0.2849,0.0664,2.2078,-1.241,0.8447,-0.1977,0.7708,4.1611,-0.6275,0.2039,-0.1725,0.3303,0.3529,0.0589,0,0,1,0
2019-01-01 07:37:41+05:30,1783.0,2,13.7653,1186.4,15.405,0,0.2753,0.2126,0.2525,0.6973,-2.4406,2.5317,-0.2632,0.3596,1.3147,-0.3765,0.2226,-0.1533,0.2408,0.2624,0.0582,0,0,1,0
2019-01-01 07:37:42+05:30,1784.0,2,13.7772,1187.34,15.417,0,0.2753,0.2033,0.0511,-0.3241,-2.2082,1.9575,-0.3148,0.1944,0.2237,0.1255,0.2148,-0.1495,0.2194,0.2404,0.0568,0,1,0,0
2019-01-01 07:37:43+05:30,1785.0,2,13.7894,1188.33,15.43,0,0.3093,0.2375,-0.0407,-0.2517,-1.9215,1.7662,-0.2946,0.2069,-0.4265,0.3765,0.2166,-0.1687,0.2949,0.3169,0.0561,1,0,0,0
2019-01-01 07:37:44+05:30,1786.0,2,13.8022,1189.37,15.444,0,0.3772,0.2989,-0.1325,0.2518,-2.0973,1.9292,-0.3364,0.3067,-0.4693,0.6275,0.2154,-0.184,0.3647,0.3872,0.0547,1,0,0,0
2019-01-01 07:37:45+05:30,1787.0,2,13.8158,1190.49,15.459,0,0.4791,0.3795,-0.6145,0.3206,-1.949,1.8867,-0.4249,0.2844,0.9262,0.8785,0.2045,-0.2147,0.488,0.5117,0.0533,1,0,0,0
2019-01-01 07:37:46+05:30,1788.0,2,13.8306,1191.69,15.475,0,0.615,0.5087,-1.0276,-0.067,-1.1474,0.703,-0.6843,0.267,1.5351,1.004,0.2075,-0.2531,0.6369,0.6612,0.0519,1,0,0,0
2019-01-01 07:37:47+05:30,1789.0,2,13.8464,1192.98,15.492,0,0.7508,0.6275,-0.8465,-0.1974,-0.3364,-0.0271,-0.8862,0.0039,0.7755,0.8785,0.2033,-0.28,0.7501,0.7751,0.0504,1,0,0,0
2019-01-01 07:37:48+05:30,1790.0,2,13.8631,1194.31,15.51,0,0.8527,0.7235,-0.4615,0.3786,0.0182,-0.5729,-0.3528,1.2388,0.0572,0.6275,0.2051,-0.2992,0.8289,0.8538,0.049,1,0,0,0
2019-01-01 07:37:49+05:30,1791.0,2,13.8803,1195.67,15.528,0,0.9206,0.8051,-0.2677,1.2334,0.0629,-0.5162,-1.0893,1.9913,-0.6215,0.6275,0.2166,-0.3145,0.8808,0.9057,0.0476,1,0,0,0
2019-01-01 07:37:50+05:30,1792.0,2,13.8983,1197.12,15.547,0,1.0225,0.8753,-0.005,1.4254,0.0635,-0.4169,0.4707,2.1558,-0.5787,0.502,0.2021,-0.3452,1.0158,1.0407,0.0462,1,0,0,0
2019-01-01 07:37:51+05:30,1793.0,2,13.9167,1198.56,15.566,0,1.0565,0.928,0.3724,0.6865,0.0754,-0.5941,0.6862,1.7207,-0.39,0.251,0.2142,-0.3452,1.0038,1.0284,0.0448,1,0,0,0
2019-01-01 07:37:52+05:30,1794.0,2,13.9353,1200.04,15.586,0,1.0905,0.9453,0.5126,-0.1213,-0.0575,-0.3248,1.0414,-0.0687,0.0635,0.0,0.2063,-0.3644,1.0713,1.0956,0.0427,0,1,0,0
2019-01-01 07:37:53+05:30,1795.0,2,13.9536,1201.47,15.605,0,1.0565,0.9252,0.4973,-0.1285,-0.4818,-0.0129,0.0346,0.267,0.6883,-0.3765,0.213,-0.3452,0.9869,1.0112,0.0413,0,0,1,0
2019-01-01 07:37:54+05:30,1796.0,2,13.9714,1202.9,15.624,0,0.9886,0.8688,0.6835,0.4402,-1.045,0.7809,0.0291,0.2965,0.6138,-0.502,0.2166,-0.3414,0.974,0.9985,0.0399,0,0,1,0
2019-01-01 07:37:55+05:30,1797.0,2,13.9886,1204.28,15.642,0,0.9206,0.7811,0.8186,0.8132,-1.3936,1.107,-0.0382,0.4862,-0.1537,-0.753,0.2021,-0.3299,0.9091,0.9334,0.0385,0,0,1,0
2019-01-01 07:37:56+05:30,1798.0,2,14.0047,1205.55,15.659,0,0.7848,0.6621,0.4157,0.7662,-1.4162,1.1991,-0.1501,0.3675,-0.3963,-0.8785,0.2057,-0.2915,0.7456,0.7694,0.0371,0,0,1,0
2019-01-01 07:37:57+05:30,1799.0,2,14.02,1206.73,15.675,0,0.6829,0.5777,-0.1682,0.5887,-1.3119,0.9581,-0.3528,0.417,-0.3408,-0.502,0.2118,-0.2531,0.5782,0.6014,0.0357,0,0,1,0
2019-01-01 07:37:58+05:30,1800.0,2,14.035,1207.89,15.69,0,0.6489,0.5528,-0.1249,0.4003,-1.1808,0.9298,-0.2921,0.3297,-0.103,0.0,0.2166,-0.2493,0.5639,0.5869,0.0343,0,1,0,0
2019-01-01 07:37:59+05:30,1801.0,2,14.0503,1209.12,15.707,0,0.6829,0.5763,0.5305,0.1866,-0.9264,0.5258,-0.0682,0.3256,0.1539,0.251,0.2111,-0.2761,0.6765,0.6999,0.0329,1,0,0,0
2019-01-01 07:38:00+05:30,1802.0,2,14.0658,1210.44,15.724,0,0.7169,0.62,0.9742,0.049,-0.5974,0.2777,0.4316,0.1952,0.0556,0.502,0.219,-0.3107,0.8147,0.8384,0.0315,1,0,0,0
2019-01-01 07:38:01+05:30,1803.0,2,14.0822,1211.81,15.742,0,0.8187,0.6991,0.8594,-0.2227,-0.3847,-0.0838,0.4008,0.1581,-0.1569,0.753,0.2093,-0.3299,0.8821,0.9057,0.0301,1,0,0,0
2019-01-01 07:38:02+05:30,1804.0,2,14.0994,1213.24,15.761,0,0.9206,0.7871,0.6427,-0.8602,-0.256,-0.1263,0.5746,-0.368,-0.2473,0.6275,0.2057,-0.3567,0.9863,1.0099,0.0287,1,0,0,0
2019-01-01 07:38:03+05:30,1805.0,2,14.1172,1214.67,15.781,0,0.9886,0.8542,0.635,-1.3021,-0.0367,-0.3177,0.6372,-1.1444,-0.1553,0.3765,0.2081,-0.3606,0.9999,1.0231,0.0266,1,0,0,0
2019-01-01 07:38:04+05:30,1806.0,2,14.1353,1216.13,15.8,0,1.0225,0.8909,0.6401,-0.9616,0.0867,-0.4382,1.4482,-1.0012,-0.1315,0.251,0.2111,-0.3683,1.033,1.0565,0.0252,1,0,0,0
2019-01-01 07:38:05+05:30,1807.0,2,14.1536,1217.59,15.82,0,1.0565,0.9231,0.5407,-0.4147,-0.303,-0.1476,0.3606,-0.145,0.9833,0.251,0.2118,-0.3721,1.0369,1.06,0.0238,1,0,0,0
2019-01-01 07:38:06+05:30,1808.0,2,14.1722,1219.04,15.839,0,1.0905,0.9393,0.3775,-0.4835,-1.0843,0.7809,-0.1629,0.1691,0.923,-0.1255,0.2033,-0.3683,1.0194,1.0424,0.0224,0,1,0,0
2019-01-01 07:38:07+05:30,1809.0,2,14.1903,1220.45,15.858,0,1.0225,0.8911,0.0256,-0.6791,-1.4722,1.192,-0.2248,0.0568,0.0223,-3.6397,0.2111,-0.3529,0.9467,0.9699,0.0203,0,0,1,0
2019-01-01 07:38:12+05:30,1814.0,2,14.2431,1224.54,15.912,0,0.1055,0.0644,-0.3493,-0.2988,-0.9043,0.5896,-0.4611,0.1551,1.7079,-6.6518,0.2329,-0.1341,0.0267,0.0438,0.0161,0,0,1,0
2019-01-01 07:38:13+05:30,1815.0,2,14.2464,1224.82,15.915,0,-0.7776,-0.7623,-0.2447,0.154,0.2536,-0.6792,-0.3528,1.3367,2.2059,-1.7571,0.2492,0.0655,-0.8168,-0.8176,0.0161,0,0,1,0
2019-01-01 07:38:14+05:30,1816.0,2,14.2531,1225.62,15.926,0,-0.37,-0.3875,0.2704,0.3098,1.1766,0.4124,-0.066,0.267,1.0277,3.0121,0.2269,-0.1303,0.0062,0.0231,0.0147,1,0,0,0
2019-01-01 07:38:15+05:30,1817.0,2,14.2631,1226.68,15.94,0,0.0376,-0.0119,0.5815,0.7046,1.5586,0.7739,-0.0945,0.4647,0.2158,3.0121,0.2202,-0.2262,0.3965,0.4176,0.014,1,0,0,0
2019-01-01 07:38:16+05:30,1818.0,2,14.2764,1227.99,15.957,0,0.4451,0.3442,0.5432,1.132,1.7755,1.2062,-0.0759,0.4756,0.1856,2.7611,0.2015,-0.3184,0.7907,0.8133,0.0126,1,0,0,0
2019-01-01 07:38:17+05:30,1819.0,2,14.2925,1229.32,15.975,0,0.7848,0.6771,0.4463,0.9147,2.2135,1.5181,-0.2431,0.4473,0.6487,1.004,0.2154,-0.3337,0.8435,0.8661,0.0111,1,0,0,0
2019-01-01 07:38:18+05:30,1820.0,2,14.3081,1230.57,15.992,0,0.7169,0.5931,0.3086,0.8676,2.7481,2.3261,-0.1948,0.3509,0.4663,-0.6275,0.2015,-0.2992,0.6963,0.7188,0.0097,0,0,1,0
2019-01-01 07:38:19+05:30,1821.0,2,14.3228,1231.7,16.007,0,0.615,0.5091,0.0638,1.9796,2.9221,2.4466,-0.3528,0.5191,-0.2013,-0.6275,0.2081,-0.257,0.5133,0.535,0.0083,0,0,1,0
2019-01-01 07:38:20+05:30,1822.0,2,14.3369,1232.82,16.022,0,0.547,0.4447,0.0103,2.8924,2.5735,2.0851,-0.2493,0.6812,0.46,-0.3765,0.2069,-0.257,0.5003,0.5218,0.0069,0,0,1,0
2019-01-01 07:38:21+05:30,1823.0,2,14.3508,1233.91,16.036,0,0.5131,0.4263,0.3571,2.0086,2.055,1.4756,-0.2672,0.6767,0.4885,0.0,0.216,-0.2454,0.4529,0.4739,0.0055,0,1,0,0
2019-01-01 07:38:22+05:30,1824.0,2,14.365,1235.11,16.052,0,0.547,0.4511,0.8059,0.6539,1.7404,1.0432,0.0562,0.2923,0.0017,0.3765,0.2111,-0.2877,0.6216,0.6436,0.0048,1,0,0,0
2019-01-01 07:38:23+05:30,1825.0,2,14.3797,1236.36,16.069,0,0.615,0.5134,1.0354,0.7734,1.5687,0.9085,0.0266,0.5399,-0.0602,0.6275,0.2111,-0.3068,0.7011,0.7232,0.0034,1,0,0,0
2019-01-01 07:38:24+05:30,1826.0,2,14.3953,1237.7,16.087,0,0.7169,0.6044,1.1195,1.5594,1.2714,0.5754,0.2801,0.6416,0.3791,0.6275,0.2087,-0.3414,0.8435,0.8657,0.0013,1,0,0,0
2019-01-01 07:38:25+05:30,1827.0,2,14.4114,1239.05,16.105,0,0.7848,0.6836,1.1221,1.3095,0.8429,0.0721,0.538,0.995,0.3569,0.502,0.2196,-0.3491,0.8763,0.8986,-0.0001,1,0,0,0
2019-01-01 07:38:26+05:30,1828.0,2,14.4281,1240.44,16.123,0,0.8527,0.7469,0.8671,0.3351,0.4979,-0.2823,1.1662,0.3588,0.0271,0.502,0.2196,-0.3606,0.9169,0.9387,-0.0015,1,0,0,0
2019-01-01 07:38:27+05:30,1829.0,2,14.4453,1241.81,16.141,0,0.9206,0.7927,0.4004,-0.172,0.3191,-0.587,1.3081,-0.5215,-0.2742,0.3765,0.2087,-0.3606,0.9019,0.9237,-0.0029,1,0,0,0
2019-01-01 07:38:28+05:30,1830.0,2,14.4628,1243.2,16.16,0,0.9546,0.8369,0.074,-0.1648,0.2339,-0.6508,2.057,0.6174,-0.4661,0.3765,0.2166,-0.3683,0.9266,0.9483,-0.0043,1,0,0,0
2019-01-01 07:38:29+05:30,1831.0,2,14.4808,1244.62,16.179,0,1.0225,0.8825,0.1403,-0.143,0.1779,-0.6225,0.5713,-1.948,-0.5295,0.3765,0.2063,-0.3798,0.9749,0.9963,-0.0057,1,0,0,0
2019-01-01 07:38:30+05:30,1832.0,2,14.4992,1246.1,16.199,0,1.0565,0.93,0.4463,-0.2336,0.1427,-0.5658,2.4188,0.4771,-0.6025,0.3765,0.2154,-0.4028,1.0606,1.0816,-0.0078,1,0,0,0
2019-01-01 07:38:31+05:30,1833.0,2,14.5181,1247.62,16.219,0,1.1244,0.9782,0.5815,-0.3024,0.1469,-0.5232,1.641,-0.7713,-0.5549,0.502,0.2075,-0.4182,1.1303,1.151,-0.0092,1,0,0,0
2019-01-01 07:38:32+05:30,1834.0,2,14.5375,1249.17,16.24,0,1.1924,1.0356,0.3239,-0.0126,0.1886,-0.6225,2.668,-0.0139,-0.5501,0.3765,0.2045,-0.4335,1.178,1.1981,-0.0113,1,0,0,0
2019-01-01 07:38:33+05:30,1835.0,2,14.5572,1250.7,16.26,0,1.2263,1.0858,-0.1198,0.672,0.1993,-0.6437,-0.044,3.216,-0.5771,0.3765,0.2148,-0.4258,1.1527,1.173,-0.0127,1,0,0,0
2019-01-01 07:38:34+05:30,1836.0,2,14.5775,1252.26,16.281,0,1.2942,1.131,-0.2983,1.2262,0.1272,-0.58,-0.3528,2.9008,-0.409,0.3765,0.2057,-0.4412,1.2053,1.2249,-0.0141,1,0,0,0
2019-01-01 07:38:35+05:30,1837.0,2,14.5981,1253.86,16.302,0,1.3282,1.1723,0.0485,1.3095,0.0277,-0.4311,-0.0587,2.0677,-0.4471,0.251,0.2105,-0.4527,1.2513,1.2706,-0.0162,1,0,0,0
2019-01-01 07:38:36+05:30,1838.0,2,14.6189,1255.51,16.324,0,1.3622,1.2085,0.5279,1.1175,-0.0092,-0.4028,1.0279,1.4028,-0.658,0.251,0.213,-0.4757,1.3435,1.3621,-0.0183,1,0,0,0
2019-01-01 07:38:37+05:30,1839.0,2,14.64,1257.17,16.347,0,1.3961,1.234,0.4565,0.8567,0.0188,-0.4524,0.9269,1.2168,-0.566,0.1255,0.2099,-0.4796,1.3487,1.367,-0.0197,0,1,0,0
2019-01-01 07:38:38+05:30,1840.0,2,14.6611,1258.77,16.368,0,1.3961,1.247,-0.1657,0.5887,0.0581,-0.58,-0.3528,1.6455,-0.5501,0.0,0.2166,-0.4604,1.2627,1.2816,-0.0218,0,1,0,0
2019-01-01 07:38:39+05:30,1841.0,2,14.6822,1260.37,16.389,0,1.3961,1.2404,-0.6604,0.5452,0.0885,-0.6012,-1.4566,1.1265,-0.6104,0.0,0.213,-0.4604,1.2594,1.2786,-0.0232,0,1,0,0
2019-01-01 07:38:40+05:30,1842.0,2,14.7033,1261.96,16.411,0,1.3961,1.2242,-0.617,0.9473,0.1093,-0.5374,-1.6318,1.8254,-0.6025,-0.1255,0.2051,-0.4642,1.2594,1.2781,-0.0253,0,1,0,0
2019-01-01 07:38:41+05:30,1843.0,2,14.7242,1263.55,16.432,0,1.3622,1.2035,-0.2881,1.2805,0.1087,-0.5091,-0.1929,2.9193,-0.6025,-0.1255,0.2105,-0.4604,1.2348,1.2535,-0.0267,0,1,0,0
2019-01-01 07:38:42+05:30,1844.0,2,14.745,1265.13,16.453,0,1.3622,1.1866,-0.13,0.701,0.1046,-0.6296,-0.3528,1.2713,-0.5771,-0.1255,0.2021,-0.4604,1.227,1.2456,-0.0289,0,1,0,0
2019-01-01 07:38:43+05:30,1845.0,2,14.7656,1266.69,16.474,0,1.3282,1.1855,-0.3467,-0.6356,0.1338,-0.6863,-0.7911,-1.3875,-0.5232,0.0,0.2172,-0.4527,1.202,1.221,-0.0303,0,1,0,0
2019-01-01 07:38:44+05:30,1846.0,2,14.7864,1268.28,16.495,0,1.3622,1.2016,-0.8567,-1.4144,0.1856,-0.3744,-1.21,-2.2413,-0.5771,0.1255,0.2093,-0.4642,1.2403,1.2588,-0.0324,0,1,0,0
2019-01-01 07:38:45+05:30,1847.0,2,14.8072,1269.86,16.516,0,1.3622,1.2125,-1.3234,-0.9725,0.2083,-0.424,-2.8022,-0.6043,-0.6025,0.0,0.2148,-0.4642,1.2312,1.2495,-0.0338,0,1,0,0
2019-01-01 07:38:46+05:30,1848.0,2,14.8281,1271.43,16.537,0,1.3622,1.2099,-1.3285,-0.3893,0.1689,-0.4807,-2.5552,-0.7902,-0.6025,0.0,0.2136,-0.4642,1.227,1.2451,-0.0359,0,1,0,0
2019-01-01 07:38:47+05:30,1849.0,2,14.8489,1273.01,16.559,0,1.3622,1.1902,-0.7624,-0.7733,0.1594,-0.5587,-2.4531,-0.9441,-0.2441,-0.251,0.2039,-0.4681,1.227,1.2447,-0.0373,0,0,1,0
2019-01-01 07:38:48+05:30,1850.0,2,14.8692,1274.55,16.579,0,1.2942,1.1478,-0.2371,-1.4108,0.4699,-0.346,-0.2511,-1.6048,0.7977,-0.502,0.2142,-0.4527,1.1699,1.1884,-0.0387,0,0,1,0
2019-01-01 07:38:49+05:30,1851.0,2,14.8889,1276.05,16.599,0,1.2263,1.0752,-0.4972,-1.2659,1.2338,0.4691,-0.4714,-0.1885,1.3258,-0.6275,0.2093,-0.4374,1.0972,1.1159,-0.0408,0,0,1,0
2019-01-01 07:38:50+05:30,1852.0,2,14.9078,1277.49,16.618,0,1.1244,0.9817,-0.7853,-0.7298,1.9251,1.2771,-0.497,0.1332,0.2903,-0.8785,0.2093,-0.4182,0.9999,1.0187,-0.0422,0,0,1,0
2019-01-01 07:38:51+05:30,1853.0,2,14.9256,1278.88,16.637,0,0.9886,0.8684,0.6274,-0.2952,1.7183,1.0219,-0.1304,0.1396,1.237,-1.004,0.2166,-0.4028,0.9402,0.9593,-0.0436,0,0,1,0
2019-01-01 07:38:52+05:30,1854.0,2,14.9422,1280.39,16.657,0,0.8527,0.7297,3.2921,0.3387,0.5521,0.3344,2.0157,0.3766,2.7038,-1.1295,0.2087,-0.445,1.1115,1.1299,-0.0457,0,0,1,0
2019-01-01 07:38:53+05:30,1855.0,2,14.9575,1281.85,16.677,0,0.6829,0.5896,4.3427,0.5995,-0.6963,0.9723,1.3502,0.3807,1.8142,-1.004,0.2202,-0.4335,1.0453,1.0635,-0.0471,0,0,1,0
2019-01-01 07:38:54+05:30,1856.0,2,14.9719,1283.14,16.694,0,0.581,0.472,2.6419,-0.6827,-1.2738,1.0148,0.613,0.1218,-0.0046,-0.6275,0.2039,-0.3683,0.7741,0.7931,-0.0485,0,0,1,0
2019-01-01 07:38:55+05:30,1857.0,2,14.9858,1284.24,16.709,0,0.5131,0.433,0.3673,-2.4359,-1.1862,1.0645,-0.1922,-0.3465,0.173,-0.1255,0.2214,-0.2992,0.4679,0.4857,-0.0499,0,1,0,0
2019-01-01 07:38:56+05:30,1858.0,2,15.0,1285.36,16.723,0,0.547,0.4589,-0.5839,-2.1316,-0.7673,0.3698,-0.52,-0.5914,0.506,0.3765,0.2172,-0.303,0.4919,0.5104,-0.0506,1,0,0,0
2019-01-01 07:38:57+05:30,1859.0,2,15.0147,1286.53,16.739,0,0.615,0.52,-0.8338,0.0997,-0.3662,-0.0129,-0.7399,0.3267,-0.2108,0.6275,0.2154,-0.3299,0.5905,0.6089,-0.052,1,0,0,0
2019-01-01 07:38:58+05:30,1860.0,2,15.0303,1287.79,16.756,0,0.7169,0.6138,-1.1984,1.5413,-0.4115,0.0084,-1.1163,1.0558,0.2697,0.8785,0.2154,-0.3606,0.7196,0.7381,-0.0534,1,0,0,0
2019-01-01 07:38:59+05:30,1861.0,2,15.0469,1289.11,16.773,0,0.8527,0.7384,-1.1066,1.2334,-1.0336,0.6959,-0.726,0.6106,1.1926,0.753,0.2142,-0.3875,0.8247,0.8432,-0.0548,1,0,0,0
2019-01-01 07:39:00+05:30,1862.0,2,15.0642,1290.43,16.791,0,0.9206,0.7829,-0.334,0.777,-1.6903,1.5535,-0.3528,0.3524,0.4917,0.1255,0.2033,-0.3836,0.8117,0.83,-0.0562,0,1,0,0
2019-01-01 07:39:01+05:30,1863.0,2,15.0811,1291.75,16.809,0,0.8867,0.7514,0.25,1.0161,-1.8042,1.5464,-0.2445,0.4843,-0.5137,-0.3765,0.2027,-0.3875,0.8169,0.8353,-0.0576,0,0,1,0
2019-01-01 07:39:02+05:30,1864.0,2,15.0975,1293.04,16.826,0,0.8187,0.7072,0.3214,1.0632,-1.6224,1.4472,-0.1995,0.4253,-0.4439,-0.3765,0.2142,-0.3759,0.7676,0.7861,-0.0597,0,0,1,0
2019-01-01 07:39:03+05:30,1865.0,2,15.1136,1294.32,16.843,0,0.7848,0.6594,0.5891,0.2373,-1.8453,1.6315,-0.1684,0.2859,0.5821,-0.502,0.2039,-0.3759,0.7533,0.7716,-0.0611,0,0,1,0
2019-01-01 07:39:04+05:30,1866.0,2,15.1289,1295.59,16.86,0,0.6829,0.5671,1.3363,-1.2732,-2.5592,2.5104,-0.0682,0.1131,1.0657,-0.8785,0.2051,-0.3721,0.7417,0.7597,-0.0625,0,0,1,0
2019-01-01 07:39:05+05:30,1867.0,2,15.1431,1296.81,16.876,0,0.547,0.456,1.9024,-2.7112,-3.0425,3.2476,-0.0462,-0.0498,0.23,-1.004,0.2148,-0.3567,0.6638,0.6819,-0.0632,0,0,1,0
2019-01-01 07:39:06+05:30,1868.0,2,15.1561,1297.96,16.891,0,0.4112,0.3206,1.9151,-2.9249,-2.6212,2.5742,0.0339,-0.0861,1.6572,-1.004,0.2075,-0.3299,0.5444,0.5618,-0.0646,0,0,1,0
2019-01-01 07:39:07+05:30,1869.0,2,15.1681,1299.0,16.905,0,0.2753,0.206,1.8284,-1.5557,-1.3411,1.2346,0.2051,-0.1378,3.0082,-1.004,0.2166,-0.2915,0.3835,0.4004,-0.0661,0,0,1,0
2019-01-01 07:39:08+05:30,1870.0,2,15.1789,1299.98,16.918,0,0.1395,0.093,1.8004,0.125,0.1797,-0.183,2.743,0.4703,2.883,-0.753,0.2293,-0.2685,0.2797,0.2958,-0.0668,0,0,1,0
2019-01-01 07:39:09+05:30,1871.0,2,15.1892,1300.87,16.93,0,0.0715,0.0279,1.3108,0.7118,1.2172,0.5116,0.3229,0.4446,1.0245,-0.251,0.2281,-0.2378,0.1447,0.1595,-0.0682,0,0,1,0
2019-01-01 07:39:10+05:30,1872.0,2,15.1994,1301.74,16.942,0,0.0715,0.0268,0.4081,0.3786,1.3995,0.5967,-0.0616,0.3225,-0.2076,0.3765,0.2269,-0.2301,0.1048,0.1194,-0.0689,1,0,0,0
2019-01-01 07:39:11+05:30,1873.0,2,15.2106,1302.66,16.954,0,0.1734,0.1096,-0.0713,0.0127,0.9538,0.1856,-0.3071,0.3142,0.682,0.753,0.2154,-0.2493,0.1892,0.2043,-0.0703,1,0,0,0
2019-01-01 07:39:12+05:30,1874.0,2,15.2225,1303.67,16.967,0,0.2753,0.2074,0.1199,-0.1177,0.4407,-0.5516,0.7652,-0.3907,0.452,0.753,0.2178,-0.2838,0.3342,0.3507,-0.071,1,0,0,0
2019-01-01 07:39:13+05:30,1875.0,2,15.2353,1304.74,16.982,0,0.3772,0.3127,0.2704,-0.1032,0.1957,-0.6508,2.057,-0.0834,-0.3408,0.753,0.2263,-0.3068,0.4276,0.4444,-0.0724,1,0,0,0
2019-01-01 07:39:14+05:30,1876.0,2,15.2489,1305.87,16.996,0,0.4791,0.4027,-0.028,0.0888,0.135,-0.6579,1.2935,0.267,-0.4154,0.753,0.2226,-0.326,0.5065,0.5235,-0.0738,1,0,0,0
2019-01-01 07:39:15+05:30,1877.0,2,15.2633,1307.03,17.012,0,0.581,0.492,-0.4258,0.5054,0.0849,-0.5729,-1.6015,0.9953,-0.4994,0.753,0.2178,-0.3414,0.5662,0.5834,-0.0745,1,0,0,0
2019-01-01 07:39:16+05:30,1878.0,2,15.2786,1308.24,17.028,0,0.6829,0.5741,-0.6221,0.8784,-0.0158,-0.502,-0.509,1.5808,-0.2378,0.6275,0.2093,-0.3644,0.6505,0.6678,-0.0759,1,0,0,0
2019-01-01 07:39:17+05:30,1879.0,2,15.2944,1309.48,17.045,0,0.7508,0.6369,-0.5278,0.6865,-0.2005,-0.2326,-0.977,0.7402,-0.2378,0.3765,0.2093,-0.3759,0.6891,0.706,-0.0773,1,0,0,0
2019-01-01 07:39:18+05:30,1880.0,2,15.3106,1310.75,17.062,0,0.7848,0.6669,-0.0178,-0.1901,-0.3489,-0.183,0.0675,0.0126,-0.566,0.1255,0.2087,-0.3875,0.7365,0.7535,-0.0787,0,1,0,0
2019-01-01 07:39:19+05:30,1881.0,2,15.3267,1312.01,17.078,0,0.7848,0.6705,0.5483,-1.15,-0.1499,-0.2043,0.2417,-0.5419,0.4885,-0.1255,0.2111,-0.3875,0.7352,0.7522,-0.0801,0,1,0,0
2019-01-01 07:39:20+05:30,1882.0,2,15.3425,1313.27,17.095,0,0.7508,0.6499,0.4106,-1.3963,0.4228,-0.261,0.613,-1.2185,0.8374,-0.251,0.2178,-0.3875,0.7287,0.7456,-0.0815,0,0,1,0
2019-01-01 07:39:21+05:30,1883.0,2,15.3581,1314.46,17.111,0,0.7169,0.6174,-0.3442,-0.7588,0.9007,0.0296,-0.5357,-0.0551,-0.0189,-0.251,0.2172,-0.3606,0.6106,0.6273,-0.0829,0,0,1,0
2019-01-01 07:39:22+05:30,1884.0,2,15.3733,1315.63,17.127,0,0.6829,0.5816,-0.7241,0.1794,0.912,0.0721,-0.6477,0.2133,-0.2013,-0.251,0.2148,-0.3529,0.5782,0.5948,-0.0843,0,0,1,0
2019-01-01 07:39:23+05:30,1885.0,2,15.3883,1316.78,17.142,0,0.6489,0.5466,-0.4232,0.5814,0.6051,-0.2893,-0.6539,0.7995,0.1904,-0.251,0.2124,-0.3491,0.5457,0.5622,-0.0857,0,0,1,0
2019-01-01 07:39:24+05:30,1886.0,2,15.4031,1317.91,17.157,0,0.615,0.5231,-0.1988,0.1214,0.2935,-0.6792,0.6825,0.267,0.0382,0.0,0.2178,-0.3452,0.5314,0.5477,-0.0864,0,1,0,0
2019-01-01 07:39:25+05:30,1887.0,2,15.4181,1319.08,17.173,0,0.6489,0.5316,-0.464,-0.5378,0.0658,-0.5658,-1.5576,-0.9777,-0.1347,0.251,0.2021,-0.3567,0.5717,0.5882,-0.0878,1,0,0,0
2019-01-01 07:39:26+05:30,1888.0,2,15.4333,1320.28,17.189,0,0.6829,0.5755,-0.7624,-0.4582,-0.1052,-0.3815,-0.8339,-0.3869,-0.2758,0.3765,0.2105,-0.3721,0.6336,0.6502,-0.0892,1,0,0,0
2019-01-01 07:39:27+05:30,1889.0,2,15.4492,1321.54,17.205,0,0.7508,0.6431,-0.6527,0.1069,-0.1785,-0.2823,-1.0454,0.3588,-0.5137,0.6275,0.2136,-0.3951,0.7248,0.7412,-0.0906,1,0,0,0
2019-01-01 07:39:28+05:30,1890.0,2,15.4658,1322.87,17.223,0,0.8527,0.7394,-0.3212,0.049,-0.126,-0.4311,-0.3528,0.1373,-0.4201,0.8785,0.2148,-0.422,0.8409,0.8573,-0.092,1,0,0,0
2019-01-01 07:39:29+05:30,1891.0,2,15.4836,1324.29,17.242,0,0.9886,0.8448,-0.2345,-0.6429,0.0146,-0.4949,-0.3528,-0.6659,-0.2726,0.8785,0.2027,-0.4565,0.9743,0.9897,-0.0934,1,0,0,0
2019-01-01 07:39:30+05:30,1892.0,2,15.5022,1325.76,17.262,0,1.0905,0.9482,-0.3697,-0.7045,0.1707,-0.587,-0.8815,-2.5396,-0.2917,0.753,0.2081,-0.4796,1.0632,1.078,-0.0955,1,0,0,0
2019-01-01 07:39:31+05:30,1893.0,2,15.5217,1327.29,17.282,0,1.1924,1.0369,-0.181,0.2808,0.247,-0.6934,0.1524,2.2593,-0.5787,0.6275,0.2051,-0.5026,1.1595,1.1735,-0.0969,1,0,0,0
2019-01-01 07:39:32+05:30,1894.0,2,15.5417,1328.9,17.304,0,1.2603,1.1225,0.4514,0.9618,0.219,-0.5445,1.5924,1.6413,-0.5438,0.6275,0.2172,-0.5333,1.2831,1.2957,-0.099,1,0,0,0
2019-01-01 07:39:33+05:30,1895.0,2,15.5625,1330.59,17.327,0,1.3622,1.2041,0.8135,0.2482,0.1761,-0.5091,2.2718,0.829,-0.566,0.6275,0.2105,-0.564,1.3996,1.4109,-0.1004,1,0,0,0
2019-01-01 07:39:34+05:30,1896.0,2,15.5839,1332.3,17.35,0,1.4301,1.2761,0.4183,-0.795,0.1463,-0.4453,1.4845,-1.1898,-0.4471,0.502,0.2154,-0.5755,1.4496,1.4602,-0.1025,1,0,0,0
2019-01-01 07:39:35+05:30,1897.0,2,15.6058,1333.98,17.372,0,1.498,1.328,-0.2039,-0.3821,0.0366,-0.5303,-1.3867,-0.3442,-0.2362,0.3765,0.2099,-0.5679,1.4028,1.4136,-0.1046,1,0,0,0
2019-01-01 07:39:36+05:30,1898.0,2,15.6281,1335.69,17.395,0,1.532,1.3687,-0.5252,1.3348,-0.169,-0.2964,-0.1392,1.3499,-0.1252,0.1255,0.2142,-0.5794,1.4418,1.4518,-0.1061,0,1,0,0
2019-01-01 07:39:37+05:30,1899.0,2,15.6503,1337.38,17.418,0,1.532,1.3972,-0.8185,2.465,-0.3436,0.0934,-0.9901,1.5083,-0.3614,0.0,0.2275,-0.5717,1.4012,1.4118,-0.1082,0,1,0,0
2019-01-01 07:39:38+05:30,1900.0,2,15.6725,1339.05,17.44,0,1.532,1.3929,-1.2163,1.8456,-0.3382,-0.0767,-0.9883,1.3457,-0.3012,0.0,0.2257,-0.5679,1.3892,1.3999,-0.1103,0,1,0,0
2019-01-01 07:39:39+05:30,1901.0,2,15.6947,1340.73,17.463,0,1.532,1.3667,-1.1525,0.288,-0.051,-0.3106,-1.7035,0.4299,0.6899,-0.1255,0.2136,-0.5717,1.3892,1.3995,-0.1117,0,1,0,0
2019-01-01 07:39:40+05:30,1902.0,2,15.7167,1342.38,17.485,0,1.498,1.3114,-0.2702,-0.4908,0.604,-0.2326,-0.3528,-0.1496,1.6953,-0.6275,0.2021,-0.564,1.3568,1.3674,-0.1138,0,0,1,0
2019-01-01 07:39:41+05:30,1903.0,2,15.7375,1344.0,17.507,0,1.3622,1.194,0.5942,0.4981,1.6706,0.9511,-0.1212,0.3554,2.0853,-1.2551,0.2057,-0.5525,1.2971,1.308,-0.1159,0,0,1,0
2019-01-01 07:39:42+05:30,1904.0,2,15.7567,1345.51,17.527,0,1.1584,1.0263,0.2755,2.4831,2.7874,2.2623,-0.1915,0.606,1.2608,-1.5061,0.2166,-0.5103,1.118,1.1308,-0.1173,0,0,1,0
2019-01-01 07:39:43+05:30,1905.0,2,15.7742,1346.84,17.545,0,0.9546,0.8205,-0.5533,3.3053,2.9113,2.6309,-0.4703,0.6605,2.0362,-1.5061,0.2069,-0.445,0.8377,0.852,-0.1187,0,0,1,0
2019-01-01 07:39:44+05:30,1906.0,2,15.79,1348.06,17.561,0,0.7508,0.6304,-0.0866,1.6138,1.2422,0.3769,-0.1867,0.8948,5.1141,-1.3806,0.2051,-0.4105,0.6768,0.6915,-0.1201,0,0,1,0
2019-01-01 07:39:45+05:30,1907.0,2,15.8044,1349.29,17.577,0,0.581,0.487,1.6321,-1.1681,-1.4246,1.0999,0.2292,-0.0596,5.2965,-1.1295,0.2148,-0.4066,0.6703,0.6849,-0.1215,0,0,1,0
2019-01-01 07:39:46+05:30,1908.0,2,15.8178,1350.51,17.594,0,0.4451,0.3674,2.9326,-2.4214,-3.1777,3.5311,0.0631,0.0281,2.2201,-0.753,0.2196,-0.4066,0.6625,0.677,-0.1229,0,0,1,0
2019-01-01 07:39:47+05:30,1909.0,2,15.8306,1351.72,17.61,0,0.3772,0.3109,3.1748,-1.7839,-3.077,3.1412,0.1941,0.0595,1.1989,-0.1255,0.225,-0.4066,0.6573,0.6717,-0.1243,0,1,0,0
2019-01-01 07:39:48+05:30,1910.0,2,15.8436,1352.94,17.626,0,0.4112,0.3439,2.9887,-1.0812,-1.9531,1.9434,0.2662,0.098,1.9823,0.502,0.2257,-0.4105,0.6641,0.6783,-0.1257,1,0,0,0
2019-01-01 07:39:49+05:30,1911.0,2,15.8575,1354.24,17.644,0,0.5131,0.421,2.3945,-1.2406,-0.9967,0.8731,0.7257,-0.0774,1.2925,0.6275,0.2124,-0.4412,0.7913,0.8054,-0.1271,1,0,0,0
2019-01-01 07:39:50+05:30,1912.0,2,15.8719,1355.49,17.66,0,0.581,0.4982,0.9487,-1.5629,-0.5307,0.2352,0.3149,-0.5026,0.3014,0.8785,0.2226,-0.422,0.7031,0.717,-0.1285,1,0,0,0
2019-01-01 07:39:51+05:30,1913.0,2,15.8878,1356.78,17.678,0,0.7508,0.6324,-0.6629,-1.7078,-0.3007,-0.1121,-0.9587,-0.7532,-0.0205,1.1295,0.2063,-0.4412,0.7812,0.7953,-0.1299,1,0,0,0
2019-01-01 07:39:52+05:30,1914.0,2,15.9047,1358.16,17.696,0,0.8867,0.7754,-1.3259,-1.8165,-0.0641,-0.2256,-1.0874,-1.4884,-0.103,1.1295,0.2172,-0.4757,0.911,0.9241,-0.1313,1,0,0,0
2019-01-01 07:39:53+05:30,1915.0,2,15.9231,1359.63,17.716,0,1.0565,0.91,-0.9944,-1.3347,0.1737,-0.3531,-2.2113,-1.1542,-0.2473,1.004,0.2045,-0.5103,1.0593,1.0715,-0.1327,1,0,0,0
2019-01-01 07:39:54+05:30,1916.0,2,15.9422,1361.18,17.736,0,1.1584,1.0245,-0.2167,-0.2155,0.1606,-0.6296,1.5452,-1.1308,-0.0142,0.8785,0.2154,-0.541,1.1881,1.199,-0.1348,1,0,0,0
2019-01-01 07:39:55+05:30,1917.0,2,15.9625,1362.74,17.757,0,1.2942,1.1341,0.6427,0.0707,-0.1797,-0.2468,0.2051,0.4665,0.2554,-8.6599,0.2069,-0.5487,1.214,1.2245,-0.1362,0,0,1,0
2019-01-01 07:40:01+05:30,1922.0,2,15.9625,1363.44,17.767,1,-1.1851,-1.1517,1.2802,-1.0558,-0.4788,0.1785,0.785,-0.3318,-0.3044,-7.5303,-0.9559,-0.019,-1.0245,-1.0327,-0.1369,0,0,0,1
2019-01-01 07:40:02+05:30,1923.0,2,15.9661,1364.11,17.775,0,-0.7436,-0.7252,1.3873,-1.8926,-0.4401,0.1856,0.5453,-0.5918,-0.2504,3.3886,0.2625,-0.2147,-0.2021,-0.1936,-0.1376,1,0,0,0
2019-01-01 07:40:03+05:30,1924.0,2,15.9736,1365.07,17.788,0,-0.2681,-0.2803,0.9665,-1.1898,-0.2291,-0.1405,0.8603,-0.6353,-0.122,3.7652,0.2426,-0.326,0.2593,0.272,-0.139,1,0,0,0
2019-01-01 07:40:04+05:30,1925.0,2,15.9856,1366.34,17.805,0,0.2753,0.1971,0.4514,-0.0307,-0.0724,-0.4028,0.7403,0.267,-0.4534,4.0162,0.2093,-0.4412,0.7469,0.7601,-0.1404,1,0,0,0
2019-01-01 07:40:05+05:30,1926.0,2,16.0019,1367.93,17.827,0,0.8187,0.6989,0.1964,0.1902,-0.0033,-0.4665,0.2625,0.267,-0.5787,4.1417,0.2093,-0.564,1.252,1.2619,-0.1418,1,0,0,0
2019-01-01 07:40:06+05:30,1927.0,2,16.0231,1369.74,17.851,0,1.3961,1.2212,0.1811,-0.2662,-0.1856,-0.3744,0.4967,-0.0309,0.6439,2.3846,0.2039,-0.6485,1.6105,1.615,-0.1439,1,0,0,0
2019-01-01 07:40:07+05:30,1928.0,2,16.0447,1371.41,17.873,0,1.4641,1.2833,0.2933,-0.3821,-0.8709,0.5683,-0.2101,0.0969,1.7555,0.1255,0.2033,-0.5986,1.383,1.3907,-0.1461,0,1,0,0
2019-01-01 07:40:08+05:30,1929.0,2,16.0661,1373.08,17.896,0,1.4301,1.2713,0.4514,0.2772,-1.9537,1.7591,-0.1597,0.3154,2.1424,-0.6275,0.213,-0.5986,1.3775,1.3854,-0.1475,0,0,1,0
2019-01-01 07:40:09+05:30,1930.0,2,16.0864,1374.64,17.917,0,1.2942,1.1409,0.4183,1.3964,-3.0198,3.0704,-0.2756,0.3985,1.7428,-1.3806,0.2105,-0.5602,1.214,1.2236,-0.1496,0,0,1,0
2019-01-01 07:40:10+05:30,1931.0,2,16.1047,1376.08,17.936,0,1.0565,0.9314,0.2551,2.2006,-3.7033,3.8926,-0.2672,0.4639,0.414,-1.6316,0.2166,-0.5141,1.0051,1.0165,-0.151,0,0,1,0
2019-01-01 07:40:11+05:30,1932.0,2,16.1214,1377.38,17.953,0,0.8527,0.7186,0.5611,2.1028,-3.7874,3.9351,-0.2899,0.4526,-0.0157,-1.5061,0.2021,-0.4642,0.7923,0.8045,-0.1524,0,0,1,0
2019-01-01 07:40:12+05:30,1933.0,2,16.1364,1378.64,17.97,0,0.6489,0.5572,1.3439,1.4073,-3.2266,3.4318,-0.0953,0.3872,1.6096,-1.004,0.2196,-0.4527,0.7352,0.7478,-0.1538,0,0,1,0
2019-01-01 07:40:13+05:30,1934.0,2,16.1508,1379.85,17.986,0,0.581,0.4774,1.6372,0.8277,-2.2201,2.0001,-0.0151,0.394,2.2265,-0.1255,0.2075,-0.4297,0.6443,0.6572,-0.1552,0,1,0,0
2019-01-01 07:40:14+05:30,1935.0,2,16.1656,1381.12,18.004,0,0.615,0.5069,1.1527,0.5524,-1.0301,0.8943,0.2479,0.3857,2.5341,0.502,0.2063,-0.4604,0.7563,0.7685,-0.1566,1,0,0,0
2019-01-01 07:40:15+05:30,1936.0,2,16.1811,1382.43,18.021,0,0.7169,0.6164,0.913,0.2446,0.1838,-0.5516,2.0826,0.267,2.4184,0.8785,0.2166,-0.4719,0.803,0.8151,-0.158,1,0,0,0
2019-01-01 07:40:16+05:30,1937.0,2,16.1978,1383.87,18.04,0,0.8527,0.7366,1.2802,-0.3495,1.2237,0.4336,0.5263,0.2292,1.5938,0.8785,0.213,-0.5256,1.0249,1.0354,-0.1594,1,0,0,0
2019-01-01 07:40:17+05:30,1938.0,2,16.2153,1385.33,18.06,0,0.9546,0.823,1.1297,-1.1391,1.8935,1.3763,-0.0075,-0.0683,0.8596,0.6275,0.2081,-0.5295,1.0447,1.0552,-0.1615,1,0,0,0
2019-01-01 07:40:18+05:30,1939.0,2,16.2333,1386.76,18.079,0,1.0225,0.8912,0.0154,-1.8672,2.288,1.6386,-0.2917,0.0133,0.2713,0.502,0.2111,-0.5218,0.9918,1.0024,-0.1629,1,0,0,0
2019-01-01 07:40:19+05:30,1940.0,2,16.2519,1388.17,18.098,0,1.0905,0.9497,-0.8108,-1.9614,2.6545,2.1844,-0.4681,-0.0808,0.3981,0.0,0.2087,-0.518,0.9717,0.9822,-0.1643,0,1,0,0
2019-01-01 07:40:20+05:30,1941.0,2,16.27,1389.54,18.116,0,1.0225,0.8998,-0.4003,-0.8059,2.9978,2.5671,-0.3839,0.1755,-0.0157,-0.6275,0.2166,-0.5026,0.9026,0.9136,-0.1657,0,0,1,0
2019-01-01 07:40:21+05:30,1942.0,2,16.2872,1390.89,18.134,0,0.9206,0.7908,0.4565,0.9835,3.1473,2.6947,-0.2376,0.3683,-0.4867,-0.753,0.2075,-0.4949,0.8753,0.8863,-0.1671,0,0,1,0
2019-01-01 07:40:22+05:30,1943.0,2,16.3036,1392.18,18.152,0,0.8187,0.7062,0.4642,1.7188,3.0109,2.5671,-0.22,0.4824,0.119,-0.6275,0.2136,-0.4757,0.7858,0.7975,-0.1685,0,0,1,0
2019-01-01 07:40:23+05:30,1944.0,2,16.3194,1393.39,18.168,0,0.7508,0.6265,-0.3901,0.7988,2.5347,2.0284,-0.4055,0.3596,1.0927,-0.6275,0.2027,-0.445,0.643,0.6546,-0.1699,0,0,1,0
2019-01-01 07:40:24+05:30,1945.0,2,16.3344,1394.53,18.183,0,0.6489,0.5609,-0.9944,-0.5596,1.7576,1.0219,-0.5753,0.1566,1.4606,-0.1255,0.222,-0.422,0.5457,0.5574,-0.1713,0,1,0,0
2019-01-01 07:40:25+05:30,1946.0,2,16.35,1395.77,18.2,0,0.7169,0.6094,-0.6935,-1.2369,0.9293,0.2068,-0.6539,-0.4761,1.2449,0.753,0.2124,-0.4565,0.6914,0.703,-0.1727,1,0,0,0
2019-01-01 07:40:26+05:30,1947.0,2,16.3667,1397.12,18.218,0,0.8527,0.7228,0.0307,-1.4434,0.3376,-0.5587,0.3222,-1.9525,0.5329,0.8785,0.2045,-0.5026,0.8779,0.8885,-0.1741,1,0,0,0
2019-01-01 07:40:27+05:30,1948.0,2,16.3842,1398.56,18.237,0,0.9546,0.8334,0.4336,-1.2949,0.0837,-0.346,0.7111,-1.9699,-0.3392,0.753,0.2142,-0.5371,1.009,1.0187,-0.1762,1,0,0,0
2019-01-01 07:40:28+05:30,1949.0,2,16.4025,1400.01,18.257,0,1.0565,0.9105,0.5968,-0.0416,0.0998,-0.5091,1.2595,0.6597,-0.3646,0.251,0.2045,-0.5448,1.0398,1.049,-0.1776,1,0,0,0
2019-01-01 07:40:29+05:30,1950.0,2,16.4206,1401.46,18.276,0,1.0225,0.903,1.0073,2.0665,0.2232,-0.2752,1.3959,1.8193,-0.3313,-0.502,0.2184,-0.5448,1.0401,1.0495,-0.179,0,0,1,0
2019-01-01 07:40:30+05:30,1951.0,2,16.4378,1402.87,18.295,0,0.9206,0.7943,1.3924,3.2474,0.2714,0.0013,0.8453,2.4211,-0.631,-1.2551,0.2099,-0.5295,0.961,0.9708,-0.1804,0,0,1,0
2019-01-01 07:40:31+05:30,1952.0,2,16.4531,1404.12,18.312,0,0.6829,0.5682,1.0175,2.4758,0.2196,-0.1972,1.1069,2.1448,-0.566,-2.2591,0.2057,-0.4719,0.7157,0.7267,-0.1818,0,0,1,0
2019-01-01 07:40:32+05:30,1953.0,2,16.4653,1405.07,18.324,0,0.3093,0.2482,0.0077,0.8495,0.219,-0.6225,0.2874,2.9472,-0.4756,-2.7611,0.2257,-0.3606,0.2395,0.25,-0.1833,0,0,1,0
2019-01-01 07:40:33+05:30,1954.0,2,16.4744,1405.78,18.334,0,-0.0643,-0.1175,-0.6553,-0.0199,0.3036,-0.5941,-1.7983,-0.1405,-0.4471,-2.6356,0.2081,-0.2723,-0.1356,-0.1281,-0.184,0,0,1,0
2019-01-01 07:40:34+05:30,1955.0,2,16.4808,1406.28,18.34,0,-0.404,-0.4338,-0.5176,0.0598,0.3179,-0.6296,-1.3205,0.4601,-0.4756,-2.3846,0.2033,-0.1955,-0.46,-0.4566,-0.1847,0,0,1,0
2019-01-01 07:40:35+05:30,1956.0,2,16.4847,1406.6,18.345,0,-0.7096,-0.6859,-0.1402,0.2663,0.2184,-0.7572,1.2935,1.9679,-0.4154,-1.8826,0.28,-0.1303,-0.7442,-0.7464,-0.1847,0,0,1,0
2019-01-01 07:40:36+05:30,1957.0,2,16.4869,1406.8,18.347,0,-0.9134,-0.894,-0.0713,0.1721,0.1403,-0.6934,0.8852,0.789,-0.566,-1.2551,0.2408,-0.0842,-0.9284,-0.9346,-0.1847,0,0,1,0
2019-01-01 07:40:37+05:30,1958.0,2,16.4881,1406.91,18.349,0,-1.0493,-1.0134,-0.2039,-0.0344,0.1397,-0.7146,-0.3528,-0.3643,-0.658,-0.753,0.3278,-0.0497,-1.0764,-1.0863,-0.1854,0,0,1,0
2019-01-01 07:40:38+05:30,1959.0,2,16.4886,1406.97,18.349,0,-1.1172,-1.0666,-0.2549,-0.1213,0.1493,-0.7004,-0.3528,-1.0556,-0.658,-0.3765,0.6252,-0.0343,-1.1413,-1.1527,-0.1854,0,0,1,0
2019-01-01 07:40:39+05:30,1960.0,2,16.4889,1407.01,18.35,0,-1.1512,-1.112,-0.2243,-0.0778,0.1427,-0.7146,-0.3528,-0.3643,-0.658,-0.251,-0.9559,-0.0267,-1.1737,-1.1861,-0.1854,0,0,1,0
2019-01-01 07:40:40+05:30,1961.0,2,16.4889,1407.04,18.35,1,-1.1851,-1.1481,-0.232,0.02,0.1451,-0.7146,-0.3528,-0.3643,-0.658,-0.1255,-0.9559,-0.019,-1.2061,-1.2195,-0.1854,0,0,0,1
2019-01-01 07:40:41+05:30,1962.0,2,16.4889,1407.06,18.351,1,-1.1851,-1.1481,-0.2422,0.0888,0.1481,-0.7146,-0.3528,0.267,-0.658,0.0,-0.9559,-0.019,-1.2061,-1.2195,-0.1854,0,0,0,1
2019-01-01 07:40:42+05:30,1963.0,2,16.4889,1407.08,18.351,1,-1.1851,-1.1481,-0.1376,0.0707,0.1326,-0.7146,0.2581,0.267,-0.5945,0.0,-0.9559,-0.019,-1.2061,-1.2195,-0.1854,0,0,0,1
2019-01-01 07:40:43+05:30,1964.0,2,16.4889,1407.1,18.351,1,-1.1851,-1.1481,-0.0535,0.0671,0.1236,-0.6579,0.4659,0.267,-0.547,0.0,-0.9559,-0.019,-1.2061,-1.2195,-0.1854,0,0,0,1
2019-01-01 07:40:44+05:30,1965.0,2,16.4889,1407.12,18.351,1,-1.1851,-1.1481,-0.2345,0.2192,0.1576,-0.7642,-0.3528,0.267,-0.5295,0.0,-0.9559,-0.019,-1.2061,-1.2195,-0.1854,0,0,0,1
2019-01-01 07:40:45+05:30,1966.0,2,16.4889,1407.14,18.352,1,-1.1851,-1.1475,-0.3977,0.3242,0.2214,-0.6863,-0.8163,2.9858,-0.5121,0.251,-0.9559,-0.019,-1.2061,-1.2195,-0.1854,0,0,0,1
2019-01-01 07:40:46+05:30,1967.0,2,16.4894,1407.26,18.353,0,-1.1172,-1.0867,-0.0611,0.125,0.2422,-0.6792,-0.7732,-0.7793,-0.4201,0.6275,0.251,-0.0535,-1.0621,-1.0718,-0.1854,1,0,0,0
2019-01-01 07:40:47+05:30,1968.0,2,16.4908,1407.51,18.357,0,-1.0153,-0.9888,0.2755,-0.2191,0.1421,-0.5232,1.9425,0.267,-0.1823,0.8785,0.2541,-0.1073,-0.8457,-0.8502,-0.1861,1,0,0,0
2019-01-01 07:40:48+05:30,1969.0,2,16.4933,1407.81,18.361,0,-0.8795,-0.8611,-0.3493,-0.4328,-0.11,-0.3957,-1.0113,-0.667,0.1206,1.004,0.2432,-0.1226,-0.7779,-0.7807,-0.1861,1,0,0,0
2019-01-01 07:40:49+05:30,1970.0,2,16.4969,1408.2,18.366,0,-0.7436,-0.7156,-1.4891,-0.4364,-0.4467,0.058,-1.015,0.1396,0.1476,1.1295,0.2903,-0.1572,-0.6378,-0.6378,-0.1868,1,0,0,0
2019-01-01 07:40:50+05:30,1971.0,2,16.5019,1408.68,18.372,0,-0.5738,-0.567,-1.6166,-0.1213,-0.6856,0.3627,-1.2473,0.1332,-0.363,1.1295,0.2504,-0.1879,-0.4973,-0.4949,-0.1868,1,0,0,0
2019-01-01 07:40:51+05:30,1972.0,2,16.5081,1409.22,18.379,0,-0.4379,-0.4649,-0.3901,0.5706,-0.6385,0.2352,-0.3089,0.4631,-0.0887,0.753,0.2033,-0.2147,-0.3974,-0.3933,-0.1875,1,0,0,0
2019-01-01 07:40:52+05:30,1973.0,2,16.5147,1409.84,18.388,0,-0.37,-0.3922,0.8084,1.0777,-0.2929,-0.1051,0.4795,0.9575,0.4235,0.502,0.2196,-0.2454,-0.2695,-0.2636,-0.1882,1,0,0,0
2019-01-01 07:40:53+05:30,1974.0,2,16.5219,1410.51,18.396,0,-0.3021,-0.3403,0.8365,0.7698,0.1576,-0.4524,2.0929,1.0728,0.3474,0.3765,0.2033,-0.2608,-0.2063,-0.1998,-0.1889,1,0,0,0
2019-01-01 07:40:54+05:30,1975.0,2,16.5294,1411.13,18.405,0,-0.2681,-0.3023,-0.0229,0.0779,0.4705,-0.4736,-0.0144,0.267,-0.1061,0.251,0.2124,-0.2454,-0.276,-0.2702,-0.1896,1,0,0,0
2019-01-01 07:40:55+05:30,1976.0,2,16.5372,1411.76,18.413,0,-0.2341,-0.268,-0.8032,-0.1611,0.5438,-0.3319,-1.0231,0.0281,-0.4867,0.251,0.2166,-0.2454,-0.266,-0.26,-0.1903,1,0,0,0
2019-01-01 07:40:56+05:30,1977.0,2,16.5453,1412.4,18.421,0,-0.2002,-0.2385,-0.9026,-0.0054,0.4651,-0.4311,-1.6988,0.1373,-0.436,0.251,0.2136,-0.2531,-0.2397,-0.2337,-0.191,1,0,0,0
2019-01-01 07:40:57+05:30,1978.0,2,16.5536,1413.06,18.43,0,-0.1662,-0.2164,-0.5635,0.0127,0.3799,-0.5445,-0.9696,0.267,-0.4709,0.1255,0.2021,-0.2608,-0.2141,-0.2077,-0.1917,0,1,0,0
2019-01-01 07:40:58+05:30,1979.0,2,16.5619,1413.72,18.439,0,-0.1662,-0.2007,-0.4538,-0.0525,0.3274,-0.6367,-1.3969,-0.4716,-0.4899,0.0,0.2214,-0.2608,-0.2202,-0.2139,-0.1924,0,1,0,0
2019-01-01 07:40:59+05:30,1980.0,2,16.5703,1414.37,18.448,0,-0.1662,-0.1912,-0.5482,0.1069,0.2577,-0.665,-1.701,0.6589,-0.4534,0.0,0.2329,-0.257,-0.2293,-0.2231,-0.1931,0,1,0,0
2019-01-01 07:41:00+05:30,1981.0,2,16.5786,1415.02,18.456,0,-0.1662,-0.1935,-0.1682,0.259,0.1791,-0.7288,-1.1394,1.0796,-0.4756,0.0,0.2305,-0.257,-0.2329,-0.2266,-0.1938,0,1,0,0
2019-01-01 07:41:01+05:30,1982.0,2,16.5869,1415.73,18.466,0,-0.1662,-0.2077,0.6121,0.0236,0.16,-0.4949,2.5765,0.267,-0.6215,-0.1255,0.213,-0.2838,-0.1291,-0.1215,-0.1945,0,1,0,0
2019-01-01 07:41:02+05:30,1983.0,2,16.595,1416.41,18.475,0,-0.2002,-0.2415,0.788,-0.4618,0.1832,-0.5232,1.9297,-0.7596,-0.6215,-0.502,0.2099,-0.2723,-0.1797,-0.173,-0.1959,0,0,1,0
2019-01-01 07:41:03+05:30,1984.0,2,16.6022,1417.01,18.483,0,-0.3021,-0.3129,-0.028,-0.766,0.16,-0.58,0.9372,-1.6743,-0.5168,-0.6275,0.2426,-0.2378,-0.3185,-0.3133,-0.1959,0,0,1,0
2019-01-01 07:41:04+05:30,1985.0,2,16.6089,1417.53,18.49,0,-0.37,-0.3895,-0.974,-0.6936,0.0933,-0.4382,-2.3555,-0.6436,-0.539,-0.6275,0.2238,-0.2147,-0.4275,-0.4241,-0.1966,0,0,1,0
2019-01-01 07:41:05+05:30,1986.0,2,16.6147,1417.99,18.496,0,-0.4719,-0.4671,-1.2392,-0.3821,0.0748,-0.502,-2.1389,-0.6871,-0.5945,-0.6275,0.2547,-0.1917,-0.5249,-0.523,-0.1973,0,0,1,0
2019-01-01 07:41:06+05:30,1987.0,2,16.62,1418.41,18.501,0,-0.5398,-0.5395,-1.0148,-0.2118,0.1385,-0.5091,-2.92,0.1018,-0.4709,-0.3765,0.2408,-0.1763,-0.5897,-0.589,-0.198,0,0,1,0
2019-01-01 07:41:07+05:30,1988.0,2,16.625,1418.81,18.507,0,-0.5738,-0.5851,-0.8312,-0.3495,0.2112,-0.6012,-2.1528,-1.2469,-0.5232,-0.1255,0.213,-0.1687,-0.6222,-0.6219,-0.198,0,1,0,0
2019-01-01 07:41:08+05:30,1989.0,2,16.63,1419.21,18.512,0,-0.5738,-0.5887,-0.7904,-0.4147,0.2095,-0.6083,-2.7857,-0.6213,-0.5501,0.0,0.2057,-0.1687,-0.6222,-0.6219,-0.1987,0,1,0,0
2019-01-01 07:41:09+05:30,1990.0,2,16.635,1419.61,18.517,0,-0.5738,-0.5891,-0.719,-0.0344,0.1433,-0.6225,-2.4967,-0.39,-0.5232,0.0,0.2051,-0.1687,-0.6222,-0.6219,-0.1987,0,1,0,0
2019-01-01 07:41:10+05:30,1991.0,2,16.64,1420.01,18.522,0,-0.5738,-0.5891,-0.5456,0.4583,0.1004,-0.6154,-1.2693,1.5291,-0.6025,-0.1255,0.2051,-0.1687,-0.6222,-0.6219,-0.1994,0,1,0,0
2019-01-01 07:41:11+05:30,1992.0,2,16.6447,1420.38,18.527,0,-0.6077,-0.5953,-0.4079,0.5017,0.1338,-0.6508,-1.5005,1.4527,-0.5168,-0.1255,0.2595,-0.1648,-0.6546,-0.6549,-0.2001,0,1,0,0
2019-01-01 07:41:12+05:30,1993.0,2,16.6494,1420.76,18.532,0,-0.6077,-0.6172,-0.4436,0.1576,0.1969,-0.743,-2.5128,1.4372,-0.5232,-0.1255,0.2118,-0.1648,-0.6546,-0.6549,-0.2001,0,1,0,0
2019-01-01 07:41:13+05:30,1994.0,2,16.6539,1421.12,18.537,0,-0.6417,-0.6516,-0.5507,-0.0778,0.2214,-0.665,-2.6606,-0.6625,-0.631,-0.3765,0.2051,-0.1572,-0.6871,-0.6883,-0.2008,0,0,1,0
2019-01-01 07:41:14+05:30,1995.0,2,16.6578,1421.43,18.541,0,-0.7096,-0.6953,-0.4666,-0.1322,0.2106,-0.7217,-2.8933,-0.5102,-0.631,-0.3765,0.2547,-0.1418,-0.752,-0.7543,-0.2008,0,0,1,0
2019-01-01 07:41:15+05:30,1996.0,2,16.6614,1421.73,18.545,0,-0.7436,-0.7386,-0.209,-0.1937,0.1993,-0.7146,-0.3528,-3.1349,-0.631,-0.3765,0.2244,-0.1341,-0.7844,-0.7873,-0.2015,0,0,1,0
2019-01-01 07:41:16+05:30,1997.0,2,16.6644,1421.99,18.549,0,-0.8115,-0.7794,-0.0892,-0.1829,0.1856,-0.7146,1.2053,-1.3429,-0.6025,-0.3765,0.3012,-0.1226,-0.8311,-0.8352,-0.2015,0,0,1,0
2019-01-01 07:41:17+05:30,1998.0,2,16.6672,1422.22,18.552,0,-0.8455,-0.8262,-0.2039,-0.0271,0.166,-0.7288,-0.3528,-0.6099,-0.6215,-0.3765,0.2529,-0.1111,-0.8817,-0.8871,-0.2022,0,0,1,0
2019-01-01 07:41:18+05:30,1999.0,2,16.6694,1422.41,18.554,0,-0.9134,-0.8832,-0.3136,0.0888,0.1594,-0.7288,-1.2016,0.267,-0.658,-0.3765,0.2903,-0.0957,-0.9466,-0.9535,-0.2022,0,0,1,0
2019-01-01 07:41:19+05:30,2000.0,2,16.6714,1422.58,18.556,0,-0.9474,-0.9319,-0.3034,0.0997,0.1642,-0.7288,-1.2016,0.267,-0.658,-0.502,0.2099,-0.0881,-0.979,-0.9865,-0.2022,0,0,1,0
2019-01-01 07:41:20+05:30,2001.0,2,16.6725,1422.69,18.558,0,-1.0493,-0.9959,-0.2626,0.0924,0.1594,-0.7359,-0.3528,0.267,-0.631,-0.502,0.491,-0.065,-1.0764,-1.0863,-0.2022,0,0,1,0
2019-01-01 07:41:21+05:30,2002.0,2,16.6733,1422.77,18.559,0,-1.0832,-1.0545,-0.1861,0.0671,0.1475,-0.7146,-0.3528,0.267,-0.631,-0.3765,0.2474,-0.0574,-1.1088,-1.1197,-0.2022,0,0,1,0
2019-01-01 07:41:22+05:30,2003.0,2,16.6736,1422.83,18.56,0,-1.1512,-1.0993,-0.0152,0.0055,0.1427,-0.6863,1.2485,-0.1859,-0.658,-0.3765,-0.9559,-0.0497,-1.1477,-1.1597,-0.2022,0,0,1,0
2019-01-01 07:41:23+05:30,2004.0,2,16.6736,1422.85,18.56,1,-1.1851,-1.128,0.1199,-0.0344,0.1445,-0.665,1.5214,-0.125,-0.658,-0.1255,-0.9559,-0.0343,-1.2061,-1.2195,-0.2029,0,0,0,1
2019-01-01 07:41:24+05:30,2005.0,2,16.6736,1422.87,18.56,1,-1.1851,-1.1517,0.0868,-0.0162,0.1451,-0.665,1.5214,-0.125,-0.658,0.0,-0.9559,-0.0343,-1.2061,-1.2195,-0.2029,0,0,0,1
2019-01-01 07:41:25+05:30,2006.0,2,16.6736,1422.89,18.561,1,-1.1851,-1.1517,-0.0484,-0.0054,0.1445,-0.6934,0.8852,-0.255,-0.658,0.0,-0.9559,-0.0343,-1.2061,-1.2195,-0.2029,0,0,0,1
2019-01-01 07:41:26+05:30,2007.0,2,16.6736,1422.91,18.561,1,-1.1851,-1.1517,-0.1427,-0.0597,0.1445,-0.7075,0.2336,-0.3389,-0.658,0.0,-0.9559,-0.0343,-1.2061,-1.2195,-0.2029,0,0,0,1
2019-01-01 07:41:27+05:30,2008.0,2,16.6736,1422.93,18.561,1,-1.1851,-1.1517,-0.1861,-0.1068,0.1445,-0.6934,0.1524,-1.0121,-0.658,0.0,-0.9559,-0.0343,-1.2061,-1.2195,-0.2029,0,0,0,1
2019-01-01 07:41:28+05:30,2009.0,2,16.6736,1422.96,18.561,1,-1.1851,-1.1517,-0.2014,-0.0706,0.1445,-0.7146,-0.3528,-0.3643,-0.658,0.0,-0.9559,-0.0343,-1.2061,-1.2195,-0.2029,0,0,0,1
2019-01-01 07:41:29+05:30,2010.0,2,16.6736,1422.98,18.562,1,-1.1851,-1.1517,-0.1759,0.0127,0.1445,-0.7075,0.2336,-0.3389,-0.658,0.0,-0.9559,-0.0343,-1.2061,-1.2195,-0.2029,0,0,0,1
2019-01-01 07:41:30+05:30,2011.0,2,16.6736,1423.0,18.562,1,-1.1851,-1.1517,-0.1453,0.0743,0.1445,-0.7146,0.2581,0.267,-0.658,0.0,-0.9559,-0.0343,-1.2061,-1.2195,-0.2029,0,0,0,1
2019-01-01 07:41:31+05:30,2012.0,2,16.6736,1423.02,18.562,1,-1.1851,-1.1517,-0.1682,0.0924,0.1445,-0.7146,0.2581,0.267,-0.658,0.0,-0.9559,-0.0343,-1.2061,-1.2195,-0.2029,0,0,0,1
2019-01-01 07:41:32+05:30,2013.0,2,16.6736,1423.04,18.562,1,-1.1851,-1.1517,-0.2192,0.0888,0.1445,-0.7146,-0.3528,0.267,-0.658,0.0,-0.9559,-0.0343,-1.2061,-1.2195,-0.2029,0,0,0,1
2019-01-01 07:41:33+05:30,2014.0,2,16.6736,1423.06,18.563,1,-1.1851,-1.1517,-0.2396,0.0888,0.1445,-0.7146,-0.3528,0.267,-0.658,0.0,-0.9559,-0.0343,-1.2061,-1.2195,-0.2029,0,0,0,1
2019-01-01 07:41:34+05:30,2015.0,2,16.6736,1423.08,18.563,1,-1.1851,-1.1517,-0.232,0.0888,0.1445,-0.7146,-0.3528,0.267,-0.658,0.0,-0.9559,-0.0343,-1.2061,-1.2195,-0.2029,0,0,0,1
2019-01-01 07:41:35+05:30,2016.0,2,16.6736,1423.1,18.563,1,-1.1851,-1.1517,-0.2294,0.0888,0.1445,-0.7146,-0.3528,0.267,-0.658,0.0,-0.9559,-0.0343,-1.2061,-1.2195,-0.2029,0,0,0,1
2019-01-01 07:41:36+05:30,2017.0,2,16.6736,1423.12,18.564,1,-1.1851,-1.1517,-0.2345,0.0888,0.1445,-0.7146,-0.3528,0.267,-0.658,0.0,-0.9559,-0.0343,-1.2061,-1.2195,-0.2029,0,0,0,1
2019-01-01 07:41:37+05:30,2018.0,2,16.6736,1423.15,18.564,1,-1.1851,-1.1517,-0.232,0.0888,0.1445,-0.7146,-0.3528,0.267,-0.658,0.0,-0.9559,-0.0343,-1.2061,-1.2195,-0.2029,0,0,0,1
2019-01-01 07:41:38+05:30,2019.0,2,16.6736,1423.17,18.564,1,-1.1851,-1.1517,-0.2294,0.0888,0.1445,-0.7146,-0.3528,0.267,-0.658,0.0,-0.9559,-0.0343,-1.2061,-1.2195,-0.2029,0,0,0,1
2019-01-01 07:41:39+05:30,2020.0,2,16.6736,1423.19,18.564,1,-1.1851,-1.1517,-0.2371,0.0888,0.1445,-0.7146,-0.3528,0.267,-0.658,0.0,-0.9559,-0.0343,-1.2061,-1.2195,-0.2029,0,0,0,1
2019-01-01 07:41:40+05:30,2021.0,2,16.6736,1423.21,18.565,1,-1.1851,-1.1517,-0.2269,0.0888,0.1445,-0.7146,-0.3528,0.267,-0.658,0.0,-0.9559,-0.0343,-1.2061,-1.2195,-0.2029,0,0,0,1
2019-01-01 07:41:41+05:30,2022.0,2,16.6736,1423.23,18.565,1,-1.1851,-1.1517,-0.1784,0.0888,0.1445,-0.7146,0.061,0.267,-0.658,0.0,-0.9559,-0.0343,-1.2061,-1.2195,-0.2029,0,0,0,1
2022-07-30 02:16:56+05:30,2027.0,2,16.6736,1423.33,18.566,1,-1.1851,-1.1517,-0.1172,0.0888,0.1445,-0.7075,0.6192,0.267,-0.658,0.0,-0.9559,-0.0343,-1.2061,-1.2195,-0.2029,0,0,0,1
2026-02-24 20:52:11+05:30,2032.0,2,16.6736,1423.44,18.568,1,-1.1851,-1.1517,-0.0866,0.0888,0.1445,-0.7075,0.6192,0.267,-0.658,0.0,-0.9559,-0.0343,-1.2061,-1.2195,-0.2029,0,0,0,1
2026-02-24 20:52:12+05:30,2033.0,2,16.6736,1423.46,18.568,1,-1.1851,-1.1517,-0.0739,0.0888,0.1445,-0.7004,0.9273,0.267,-0.658,0.0,-0.9559,-0.0343,-1.2061,-1.2195,-0.2029,0,0,0,1
2026-02-24 20:52:13+05:30,2034.0,2,16.6736,1423.48,18.568,1,-1.1851,-1.1517,-0.0331,0.0888,0.1445,-0.7004,0.9273,0.267,-0.658,0.0,-0.9559,-0.0343,-1.2061,-1.2195,-0.2036,0,0,0,1
2026-02-24 20:52:14+05:30,2035.0,2,16.6736,1423.5,18.569,1,-1.1851,-1.1517,0.0128,0.0888,0.1445,-0.6863,1.2935,0.267,-0.658,0.0,-0.9559,-0.0343,-1.2061,-1.2195,-0.2036,0,0,0,1
2026-02-24 20:52:15+05:30,2036.0,2,16.6736,1423.52,18.569,1,-1.1851,-1.1517,0.0154,0.0888,0.1445,-0.6863,1.2935,0.267,-0.658,0.0,-0.9559,-0.0343,-1.2061,-1.2195,-0.2036,0,0,0,1
2026-02-24 20:52:16+05:30,2037.0,2,16.6736,1423.55,18.569,1,-1.1851,-1.1517,-0.0305,0.0888,0.1445,-0.7004,0.9273,0.267,-0.658,0.0,-0.9559,-0.0343,-1.2061,-1.2195,-0.2036,0,0,0,1
2026-02-24 20:52:17+05:30,2038.0,2,16.6736,1423.57,18.569,1,-1.1851,-1.1517,-0.0815,0.0888,0.1445,-0.7004,0.9273,0.267,-0.658,0.0,-0.9559,-0.0343,-1.2061,-1.2195,-0.2036,0,0,0,1
2026-02-24 20:52:18+05:30,2039.0,2,16.6736,1423.59,18.57,1,-1.1851,-1.1517,-0.1274,0.0888,0.1445,-0.7146,0.2581,0.267,-0.658,0.0,-0.9559,-0.0343,-1.2061,-1.2195,-0.2036,0,0,0,1
2026-02-24 20:52:19+05:30,2040.0,2,16.6736,1423.61,18.57,1,-1.1851,-1.1517,-0.1835,0.0888,0.1445,-0.7146,0.2581,0.267,-0.658,0.0,-0.9559,-0.0343,-1.2061,-1.2195,-0.2036,0,0,0,1
2026-02-24 20:52:20+05:30,2041.0,2,16.6736,1423.63,18.57,1,-1.1851,-1.1517,-0.2141,0.0888,0.1445,-0.7146,-0.3528,0.267,-0.658,0.0,-0.9559,-0.0343,-1.2061,-1.2195,-0.2036,0,0,0,1
2026-02-24 20:52:21+05:30,2042.0,2,16.6736,1423.65,18.571,1,-1.1851,-1.1517,-0.1606,0.0888,0.1445,-0.7146,0.2581,0.267,-0.658,0.0,-0.9559,-0.0343,-1.2061,-1.2195,-0.2036,0,0,0,1
2026-02-24 20:52:22+05:30,2043.0,2,16.6736,1423.67,18.571,1,-1.1851,-1.1517,-0.0509,0.0888,0.1445,-0.7004,0.9273,0.267,-0.658,0.0,-0.9559,-0.0343,-1.2061,-1.2195,-0.2036,0,0,0,1
2026-02-24 20:52:23+05:30,2044.0,2,16.6736,1423.69,18.571,1,-1.1851,-1.1517,0.0179,0.0888,0.1445,-0.6863,1.2935,0.267,-0.658,0.0,-0.9559,-0.0343,-1.2061,-1.2195,-0.2036,0,0,0,1
2026-02-24 20:52:24+05:30,2045.0,2,16.6736,1423.71,18.571,1,-1.1851,-1.1517,0.0281,0.0888,0.1445,-0.6863,1.2935,0.267,-0.658,0.0,-0.9559,-0.0343,-1.2061,-1.2195,-0.2036,0,0,0,1
2026-02-24 20:52:25+05:30,2046.0,2,16.6736,1423.74,18.572,1,-1.1851,-1.1517,0.0281,0.0888,0.1445,-0.6863,1.2935,0.267,-0.658,0.0,-0.9559,-0.0343,-1.2061,-1.2195,-0.2036,0,0,0,1
2026-02-24 20:52:26+05:30,2047.0,2,16.6736,1423.76,18.572,1,-1.1851,-1.1517,0.0103,0.0888,0.1445,-0.6863,1.2935,0.267,-0.658,0.0,-0.9559,-0.0343,-1.2061,-1.2195,-0.2036,0,0,0,1
2026-02-24 20:52:27+05:30,2048.0,2,16.6736,1423.78,18.572,1,-1.1851,-1.1517,-0.0382,0.0888,0.1445,-0.7004,0.9273,0.267,-0.658,0.0,-0.9559,-0.0343,-1.2061,-1.2195,-0.2036,0,0,0,1
2026-02-24 20:52:28+05:30,2049.0,2,16.6736,1423.8,18.572,1,-1.1851,-1.1517,-0.0662,0.0888,0.1445,-0.7004,0.9273,0.267,-0.658,0.0,-0.9559,-0.0343,-1.2061,-1.2195,-0.2036,0,0,0,1
2026-02-24 20:52:29+05:30,2050.0,2,16.6736,1423.82,18.573,1,-1.1851,-1.1517,-0.0382,0.0888,0.1445,-0.7004,0.9273,0.267,-0.658,0.0,-0.9559,-0.0343,-1.2061,-1.2195,-0.2036,0,0,0,1
2026-02-24 20:52:30+05:30,2051.0,2,16.6736,1423.84,18.573,1,-1.1851,-1.1517,0.0103,0.0888,0.1445,-0.6863,1.2935,0.267,-0.658,0.0,-0.9559,-0.0343,-1.2061,-1.2195,-0.2036,0,0,0,1
2026-02-24 20:52:31+05:30,2052.0,2,16.6736,1423.86,18.573,1,-1.1851,-1.1517,0.0307,0.0888,0.1445,-0.6863,1.2935,0.267,-0.658,0.0,-0.9559,-0.0343,-1.2061,-1.2195,-0.2036,0,0,0,1
2026-02-24 20:52:32+05:30,2053.0,2,16.6736,1423.88,18.574,1,-1.1851,-1.1517,0.0256,0.0852,0.1445,-0.6863,1.2935,0.267,-0.658,0.0,-0.9559,-0.0343,-1.2061,-1.2195,-0.2036,0,0,0,1
2026-02-24 20:52:33+05:30,2054.0,2,16.6736,1423.9,18.574,1,-1.1851,-1.1517,0.0103,0.0888,0.1445,-0.6863,1.2935,0.267,-0.658,0.0,-0.9559,-0.0343,-1.2061,-1.2195,-0.2036,0,0,0,1
2026-02-24 20:52:34+05:30,2055.0,2,16.6736,1423.92,18.574,1,-1.1851,-1.1517,-0.0305,0.096,0.1445,-0.7004,0.9273,0.267,-0.658,0.0,-0.9559,-0.0343,-1.2061,-1.2195,-0.2036,0,0,0,1
2026-02-24 20:52:35+05:30,2056.0,2,16.6736,1423.95,18.574,1,-1.1851,-1.1517,-0.0866,0.0707,0.1445,-0.7004,0.9273,0.267,-0.658,0.0,-0.9559,-0.0343,-1.2061,-1.2195,-0.2036,0,0,0,1
2026-02-24 20:52:36+05:30,2057.0,2,16.6736,1423.97,18.575,1,-1.1851,-1.1517,-0.1096,0.0019,0.1445,-0.7075,0.2336,-0.3389,-0.658,0.0,-0.9559,-0.0343,-1.2061,-1.2195,-0.2036,0,0,0,1
2026-02-24 20:52:37+05:30,2058.0,2,16.6736,1423.99,18.575,1,-1.1851,-1.1517,-0.0994,-0.038,0.1445,-0.6934,0.8852,-0.255,-0.658,0.0,-0.9559,-0.0343,-1.2061,-1.2195,-0.2036,0,0,0,1
2026-02-24 20:52:38+05:30,2059.0,2,16.6736,1424.01,18.575,1,-1.1851,-1.1517,-0.1198,0.0019,0.1445,-0.7075,0.2336,-0.3389,-0.658,0.0,-0.9559,-0.0343,-1.2061,-1.2195,-0.2036,0,0,0,1
2026-02-24 20:52:39+05:30,2060.0,2,16.6736,1424.03,18.576,1,-1.1851,-1.1517,-0.181,0.0707,0.1445,-0.7146,0.2581,0.267,-0.658,0.0,-0.9559,-0.0343,-1.2061,-1.2195,-0.2036,0,0,0,1
2026-02-24 20:52:40+05:30,2061.0,2,16.6736,1424.05,18.576,1,-1.1851,-1.1517,-0.2167,0.096,0.1445,-0.7146,-0.3528,0.267,-0.658,0.0,-0.9559,-0.0343,-1.2061,-1.2195,-0.2036,0,0,0,1
2026-02-24 20:52:41+05:30,2062.0,2,16.6736,1424.07,18.576,1,-1.1851,-1.1517,-0.1606,0.0888,0.1445,-0.7146,0.2581,0.267,-0.658,0.0,-0.9559,-0.0343,-1.2061,-1.2195,-0.2036,0,0,0,1
2026-02-24 20:52:42+05:30,2063.0,2,16.6736,1424.09,18.576,1,-1.1851,-1.1517,-0.0509,0.0852,0.1445,-0.7004,0.9273,0.267,-0.658,0.0,-0.9559,-0.0343,-1.2061,-1.2195,-0.2036,0,0,0,1
2026-02-24 20:52:43+05:30,2064.0,2,16.6736,1424.11,18.577,1,-1.1851,-1.1517,0.0154,0.0888,0.1445,-0.6863,1.2935,0.267,-0.658,0.0,-0.9559,-0.0343,-1.2061,-1.2195,-0.2036,0,0,0,1
2026-02-24 20:52:44+05:30,2065.0,2,16.6736,1424.14,18.577,1,-1.1851,-1.1517,0.0281,0.0888,0.1445,-0.6863,1.2935,0.267,-0.658,0.0,-0.9559,-0.0343,-1.2061,-1.2195,-0.2043,0,0,0,1
2026-02-24 20:52:45+05:30,2066.0,2,16.6736,1424.16,18.577,1,-1.1851,-1.1517,0.0281,0.0888,0.1445,-0.6863,1.2935,0.267,-0.658,0.0,-0.9559,-0.0343,-1.2061,-1.2195,-0.2043,0,0,0,1
2026-02-24 20:52:46+05:30,2067.0,2,16.6736,1424.18,18.577,1,-1.1851,-1.1517,0.0077,0.0888,0.1445,-0.6863,1.2935,0.267,-0.658,0.0,-0.9559,-0.0343,-1.2061,-1.2195,-0.2043,0,0,0,1
2026-02-24 20:52:47+05:30,2068.0,2,16.6736,1424.2,18.578,1,-1.1851,-1.1517,-0.0407,0.0888,0.1445,-0.7004,0.9273,0.267,-0.658,0.0,-0.9559,-0.0343,-1.2061,-1.2195,-0.2043,0,0,0,1
2026-02-24 20:52:48+05:30,2069.0,2,16.6736,1424.22,18.578,1,-1.1851,-1.1517,-0.0637,0.0888,0.1445,-0.7004,0.9273,0.267,-0.658,0.0,-0.9559,-0.0343,-1.2061,-1.2195,-0.2043,0,0,0,1
2026-02-24 20:52:49+05:30,2070.0,2,16.6736,1424.24,18.578,1,-1.1851,-1.1517,-0.0433,0.0888,0.1445,-0.7004,0.9273,0.267,-0.658,0.0,-0.9559,-0.0343,-1.2061,-1.2195,-0.2043,0,0,0,1
2026-02-24 20:52:50+05:30,2071.0,2,16.6736,1424.26,18.579,1,-1.1851,-1.1517,-0.0611,0.0888,0.1445,-0.7004,0.9273,0.267,-0.658,0.0,-0.9559,-0.0343,-1.2061,-1.2195,-0.2043,0,0,0,1
2026-02-24 20:52:51+05:30,2072.0,2,16.6736,1424.28,18.579,1,-1.1851,-1.1517,-0.158,0.0888,0.1445,-0.7146,0.2581,0.267,-0.658,0.0,-0.9559,-0.0343,-1.2061,-1.2195,-0.2043,0,0,0,1
2026-02-24 20:52:52+05:30,2073.0,2,16.6736,1424.3,18.579,1,-1.1851,-1.1517,-0.2218,0.0888,0.1445,-0.7146,-0.3528,0.267,-0.658,0.0,-0.9559,-0.0343,-1.2061,-1.2195,-0.2043,0,0,0,1
2026-02-24 20:52:53+05:30,2074.0,2,16.6736,1424.33,18.579,1,-1.1851,-1.1517,-0.158,0.0888,0.1445,-0.7146,0.2581,0.267,-0.658,0.0,-0.9559,-0.0343,-1.2061,-1.2195,-0.2043,0,0,0,1
2026-02-24 20:52:54+05:30,2075.0,2,16.6736,1424.35,18.58,1,-1.1851,-1.1517,-0.0611,0.0888,0.1445,-0.7004,0.9273,0.267,-0.658,0.0,-0.9559,-0.0343,-1.2061,-1.2195,-0.2043,0,0,0,1
2026-02-24 20:52:55+05:30,2076.0,2,16.6736,1424.37,18.58,1,-1.1851,-1.1517,-0.0433,0.0888,0.1445,-0.7004,0.9273,0.267,-0.658,0.0,-0.9559,-0.0343,-1.2061,-1.2195,-0.2043,0,0,0,1
2026-02-24 20:52:56+05:30,2077.0,2,16.6736,1424.39,18.58,1,-1.1851,-1.1517,-0.0662,0.0888,0.1445,-0.7004,0.9273,0.267,-0.658,0.0,-0.9559,-0.0343,-1.2061,-1.2195,-0.2043,0,0,0,1
2026-02-24 20:52:57+05:30,2078.0,2,16.6736,1424.41,18.581,1,-1.1851,-1.1517,-0.0356,0.0888,0.1445,-0.7004,0.9273,0.267,-0.658,0.0,-0.9559,-0.0343,-1.2061,-1.2195,-0.2043,0,0,0,1
2026-02-24 20:52:58+05:30,2079.0,2,16.6736,1424.43,18.581,1,-1.1851,-1.1517,0.0026,0.0888,0.1445,-0.6863,1.2935,0.267,-0.658,0.0,-0.9559,-0.0343,-1.2061,-1.2195,-0.2043,0,0,0,1
2026-02-24 20:52:59+05:30,2080.0,2,16.6736,1424.45,18.581,1,-1.1851,-1.1517,-0.0458,0.0888,0.1445,-0.7004,0.9273,0.267,-0.658,0.0,-0.9559,-0.0343,-1.2061,-1.2195,-0.2043,0,0,0,1
2026-02-24 20:53:00+05:30,2081.0,2,16.6736,1424.47,18.581,1,-1.1851,-1.1517,-0.1555,0.0888,0.1445,-0.7146,0.2581,0.267,-0.658,0.0,-0.9559,-0.0343,-1.2061,-1.2195,-0.2043,0,0,0,1
2026-02-24 20:53:01+05:30,2082.0,2,16.6736,1424.49,18.582,1,-1.1851,-1.1517,-0.2294,0.0888,0.1445,-0.7146,-0.3528,0.267,-0.658,0.0,-0.9559,-0.0382,-1.2061,-1.2195,-0.2043,0,0,0,1
2026-02-24 20:53:02+05:30,2083.0,2,16.6736,1424.51,18.582,1,-1.1851,-1.1517,-0.2422,0.0888,0.1445,-0.7146,-0.3528,0.267,-0.658,0.0,-0.9559,-0.0382,-1.2061,-1.2195,-0.2043,0,0,0,1
2026-02-24 20:53:03+05:30,2084.0,2,16.6736,1424.54,18.582,1,-1.1851,-1.1517,-0.2141,0.0888,0.1445,-0.7146,-0.3528,0.267,-0.658,0.0,-0.9559,-0.0382,-1.2061,-1.2195,-0.2043,0,0,0,1
2026-02-24 20:53:04+05:30,2085.0,2,16.6736,1424.56,18.582,1,-1.1851,-1.1517,-0.1708,0.0888,0.1445,-0.7146,0.2581,0.267,-0.658,0.0,-0.9559,-0.0382,-1.2061,-1.2195,-0.2043,0,0,0,1
2026-02-24 20:53:05+05:30,2086.0,2,16.6736,1424.58,18.583,1,-1.1851,-1.1517,-0.1453,0.0888,0.1445,-0.7146,0.2581,0.267,-0.658,0.0,-0.9559,-0.0382,-1.2061,-1.2195,-0.2043,0,0,0,1
2026-02-24 20:53:06+05:30,2087.0,2,16.6736,1424.6,18.583,1,-1.1851,-1.1517,-0.1555,0.0888,0.1445,-0.7146,0.2581,0.267,-0.658,0.0,-0.9559,-0.0382,-1.2061,-1.2195,-0.2043,0,0,0,1
2026-02-24 20:53:07+05:30,2088.0,2,16.6736,1424.62,18.583,1,-1.1851,-1.1517,-0.1657,0.0888,0.1445,-0.7146,0.2581,0.267,-0.658,0.0,-0.9559,-0.0382,-1.2061,-1.2195,-0.2043,0,0,0,1
2026-02-24 20:53:08+05:30,2089.0,2,16.6736,1424.64,18.584,1,-1.1851,-1.1517,-0.1351,0.0888,0.1445,-0.7146,0.2581,0.267,-0.658,0.0,-0.9559,-0.0382,-1.2061,-1.2195,-0.2043,0,0,0,1
2026-02-24 20:53:09+05:30,2090.0,2,16.6736,1424.66,18.584,1,-1.1851,-1.1517,-0.0739,0.0888,0.1445,-0.7004,0.9273,0.267,-0.658,0.0,-0.9559,-0.0382,-1.2061,-1.2195,-0.2043,0,0,0,1
2026-02-24 20:53:10+05:30,2091.0,2,16.6736,1424.68,18.584,1,-1.1851,-1.1517,-0.0433,0.0888,0.1445,-0.7004,0.9273,0.267,-0.658,0.0,-0.9559,-0.0382,-1.2061,-1.2195,-0.2043,0,0,0,1
2026-02-24 20:53:11+05:30,2092.0,2,16.6736,1424.7,18.584,1,-1.1851,-1.1517,-0.056,0.0888,0.1445,-0.7004,0.9273,0.267,-0.658,0.0,-0.9559,-0.0382,-1.2061,-1.2195,-0.2043,0,0,0,1
2026-02-24 20:53:12+05:30,2093.0,2,16.6736,1424.73,18.585,1,-1.1851,-1.1517,-0.0586,0.0888,0.1445,-0.7004,0.9273,0.267,-0.658,0.0,-0.9559,-0.0382,-1.2061,-1.2195,-0.2043,0,0,0,1
2026-02-24 20:53:13+05:30,2094.0,2,16.6736,1424.75,18.585,1,-1.1851,-1.1517,-0.0407,0.0888,0.1445,-0.7004,0.9273,0.267,-0.658,0.0,-0.9559,-0.0382,-1.2061,-1.2195,-0.2043,0,0,0,1
2026-02-24 20:53:14+05:30,2095.0,2,16.6736,1424.77,18.585,1,-1.1851,-1.1517,-0.0713,0.0888,0.1445,-0.7004,0.9273,0.267,-0.658,0.0,-0.9559,-0.0382,-1.2061,-1.2195,-0.205,0,0,0,1
2026-02-24 20:53:15+05:30,2096.0,2,16.6736,1424.79,18.586,1,-1.1851,-1.1517,-0.1478,0.0888,0.1445,-0.7146,0.2581,0.267,-0.658,0.0,-0.9559,-0.0382,-1.2061,-1.2195,-0.205,0,0,0,1
2026-02-24 20:53:16+05:30,2097.0,2,16.6736,1424.81,18.586,1,-1.1851,-1.1517,-0.1504,0.0888,0.1445,-0.7146,0.2581,0.267,-0.658,0.0,-0.9559,-0.0382,-1.2061,-1.2195,-0.205,0,0,0,1
2026-02-24 20:53:17+05:30,2098.0,2,16.6736,1424.83,18.586,1,-1.1851,-1.1517,-0.0535,0.0888,0.1445,-0.7004,0.9273,0.267,-0.658,0.0,-0.9559,-0.0382,-1.2061,-1.2195,-0.205,0,0,0,1
2026-02-24 20:53:18+05:30,2099.0,2,16.6736,1424.85,18.586,1,-1.1851,-1.1517,0.0077,0.0888,0.1445,-0.6863,1.2935,0.267,-0.658,0.0,-0.9559,-0.0382,-1.2061,-1.2195,-0.205,0,0,0,1
2026-02-24 20:53:19+05:30,2100.0,2,16.6736,1424.87,18.587,1,-1.1851,-1.1517,-0.0331,0.0888,0.1445,-0.7004,0.9273,0.267,-0.658,0.0,-0.9559,-0.0382,-1.2061,-1.2195,-0.205,0,0,0,1
2026-02-24 20:53:20+05:30,2101.0,2,16.6736,1424.89,18.587,1,-1.1851,-1.1517,-0.0713,0.0888,0.1445,-0.7004,0.9273,0.267,-0.658,0.0,-0.9559,-0.0382,-1.2061,-1.2195,-0.205,0,0,0,1
2026-02-24 20:53:21+05:30,2102.0,2,16.6736,1424.92,18.587,1,-1.1851,-1.1517,-0.0382,0.0888,0.1445,-0.7004,0.9273,0.267,-0.658,0.0,-0.9559,-0.0382,-1.2061,-1.2195,-0.205,0,0,0,1
2026-02-24 20:53:22+05:30,2103.0,2,16.6736,1424.94,18.587,1,-1.1851,-1.1517,0.0103,0.0888,0.1445,-0.6863,1.2935,0.267,-0.658,0.0,-0.9559,-0.0382,-1.2061,-1.2195,-0.205,0,0,0,1
2026-02-24 20:53:23+05:30,2104.0,2,16.6736,1424.96,18.588,1,-1.1851,-1.1517,0.0256,0.0888,0.1445,-0.6863,1.2935,0.267,-0.658,0.0,-0.9559,-0.0382,-1.2061,-1.2195,-0.205,0,0,0,1
2026-02-24 20:53:24+05:30,2105.0,2,16.6736,1424.98,18.588,1,-1.1851,-1.1517,0.0307,0.0888,0.1445,-0.6863,1.2935,0.267,-0.658,0.0,-0.9559,-0.0382,-1.2061,-1.2195,-0.205,0,0,0,1
2026-02-24 20:53:25+05:30,2106.0,2,16.6736,1425.0,18.588,1,-1.1851,-1.1517,0.0179,0.0888,0.1445,-0.6863,1.2935,0.267,-0.658,0.0,-0.9559,-0.0382,-1.2061,-1.2195,-0.205,0,0,0,1
2026-02-24 20:53:26+05:30,2107.0,2,16.6736,1425.02,18.589,1,-1.1851,-1.1517,-0.056,0.0888,0.1445,-0.7004,0.9273,0.267,-0.658,0.0,-0.9559,-0.0382,-1.2061,-1.2195,-0.205,0,0,0,1
2026-02-24 20:53:27+05:30,2108.0,2,16.6736,1425.04,18.589,1,-1.1851,-1.1517,-0.1504,0.0888,0.1445,-0.7146,0.2581,0.267,-0.658,0.0,-0.9559,-0.0382,-1.2061,-1.2195,-0.205,0,0,0,1
2026-02-24 20:53:28+05:30,2109.0,2,16.6736,1425.06,18.589,1,-1.1851,-1.1517,-0.1529,0.0888,0.1445,-0.7146,0.2581,0.267,-0.658,0.0,-0.9559,-0.0382,-1.2061,-1.2195,-0.205,0,0,0,1
2026-02-24 20:53:29+05:30,2110.0,2,16.6736,1425.08,18.589,1,-1.1851,-1.1517,-0.0586,0.0888,0.1445,-0.7004,0.9273,0.267,-0.658,0.0,-0.9559,-0.0382,-1.2061,-1.2195,-0.205,0,0,0,1
2026-02-24 20:53:30+05:30,2111.0,2,16.6736,1425.1,18.59,1,-1.1851,-1.1517,0.0205,0.0888,0.1445,-0.6863,1.2935,0.267,-0.658,0.0,-0.9559,-0.0382,-1.2061,-1.2195,-0.205,0,0,0,1
2026-02-24 20:53:31+05:30,2112.0,2,16.6736,1425.13,18.59,1,-1.1851,-1.1517,0.0307,0.0888,0.1445,-0.6863,1.2935,0.267,-0.658,0.0,-0.9559,-0.0382,-1.2061,-1.2195,-0.205,0,0,0,1
2026-02-24 20:53:32+05:30,2113.0,2,16.6736,1425.15,18.59,1,-1.1851,-1.1517,0.0179,0.0888,0.1445,-0.6863,1.2935,0.267,-0.658,0.0,-0.9559,-0.0382,-1.2061,-1.2195,-0.205,0,0,0,1
2026-02-24 20:53:33+05:30,2114.0,2,16.6736,1425.17,18.591,1,-1.1851,-1.1517,0.023,0.0888,0.1445,-0.6863,1.2935,0.267,-0.658,0.0,-0.9559,-0.0382,-1.2061,-1.2195,-0.205,0,0,0,1
2026-02-24 20:53:34+05:30,2115.0,2,16.6736,1425.19,18.591,1,-1.1851,-1.1517,0.0307,0.0888,0.1445,-0.6863,1.2935,0.267,-0.658,0.0,-0.9559,-0.0382,-1.2061,-1.2195,-0.205,0,0,0,1
2026-02-24 20:53:35+05:30,2116.0,2,16.6736,1425.21,18.591,1,-1.1851,-1.1517,0.0103,0.0888,0.1445,-0.6863,1.2935,0.267,-0.658,0.0,-0.9559,-0.0382,-1.2061,-1.2195,-0.205,0,0,0,1
2026-02-24 20:53:36+05:30,2117.0,2,16.6736,1425.23,18.591,1,-1.1851,-1.1517,-0.0407,0.0888,0.1445,-0.7004,0.9273,0.267,-0.658,0.0,-0.9559,-0.0382,-1.2061,-1.2195,-0.205,0,0,0,1
2026-02-24 20:53:37+05:30,2118.0,2,16.6736,1425.25,18.592,1,-1.1851,-1.1517,-0.0662,0.0888,0.1445,-0.7004,0.9273,0.267,-0.658,0.0,-0.9559,-0.0382,-1.2061,-1.2195,-0.205,0,0,0,1
2026-02-24 20:53:38+05:30,2119.0,2,16.6736,1425.27,18.592,1,-1.1851,-1.1517,-0.0356,0.0888,0.1445,-0.7004,0.9273,0.267,-0.658,0.0,-0.9559,-0.0382,-1.2061,-1.2195,-0.205,0,0,0,1
2026-02-24 20:53:39+05:30,2120.0,2,16.6736,1425.29,18.592,1,-1.1851,-1.1517,-0.005,0.0888,0.1445,-0.6863,1.2935,0.267,-0.658,0.0,-0.9559,-0.0382,-1.2061,-1.2195,-0.205,0,0,0,1
2026-02-24 20:53:40+05:30,2121.0,2,16.6736,1425.32,18.592,1,-1.1851,-1.1517,-0.0254,0.0888,0.1445,-0.7004,0.9273,0.267,-0.658,0.0,-0.9559,-0.0382,-1.2061,-1.2195,-0.205,0,0,0,1
2026-02-24 20:53:41+05:30,2122.0,2,16.6736,1425.34,18.593,1,-1.1851,-1.1517,-0.079,0.0888,0.1445,-0.7004,0.9273,0.267,-0.658,0.0,-0.9559,-0.0382,-1.2061,-1.2195,-0.205,0,0,0,1
2026-02-24 20:53:42+05:30,2123.0,2,16.6736,1425.36,18.593,1,-1.1851,-1.1517,-0.1325,0.0888,0.1445,-0.7146,0.2581,0.267,-0.658,0.0,-0.9559,-0.0382,-1.2061,-1.2195,-0.205,0,0,0,1
2026-02-24 20:53:43+05:30,2124.0,2,16.6736,1425.38,18.593,1,-1.1851,-1.1517,-0.181,0.0888,0.1445,-0.7146,0.2581,0.267,-0.658,0.0,-0.9559,-0.0382,-1.2061,-1.2195,-0.205,0,0,0,1
2026-02-24 20:53:44+05:30,2125.0,2,16.6736,1425.4,18.594,1,-1.1851,-1.1517,-0.2039,0.0852,0.1445,-0.7146,-0.3528,0.267,-0.658,0.0,-0.9559,-0.0382,-1.2061,-1.2195,-0.205,0,0,0,1
2026-02-24 20:53:45+05:30,2126.0,2,16.6736,1425.42,18.594,1,-1.1851,-1.1517,-0.181,0.0888,0.1445,-0.7146,0.2581,0.267,-0.658,0.0,-0.9559,-0.0382,-1.2061,-1.2195,-0.2057,0,0,0,1
2026-02-24 20:53:46+05:30,2127.0,2,16.6736,1425.44,18.594,1,-1.1851,-1.1517,-0.1325,0.096,0.1445,-0.7146,0.2581,0.267,-0.658,0.0,-0.9559,-0.0382,-1.2061,-1.2195,-0.2057,0,0,0,1
2026-02-24 20:53:47+05:30,2128.0,2,16.6736,1425.46,18.594,1,-1.1851,-1.1517,-0.079,0.0707,0.1445,-0.7004,0.9273,0.267,-0.658,0.0,-0.9559,-0.0382,-1.2061,-1.2195,-0.2057,0,0,0,1
2026-02-24 20:53:48+05:30,2129.0,2,16.6736,1425.48,18.595,1,-1.1851,-1.1517,-0.0254,0.0019,0.1445,-0.6934,0.8852,-0.255,-0.658,0.0,-0.9559,-0.0382,-1.2061,-1.2195,-0.2057,0,0,0,1
2026-02-24 20:53:49+05:30,2130.0,2,16.6736,1425.51,18.595,1,-1.1851,-1.1517,-0.0025,-0.038,0.1445,-0.6863,1.2485,-0.1859,-0.658,0.0,-0.9559,-0.0382,-1.2061,-1.2195,-0.2057,0,0,0,1
2026-02-24 20:53:50+05:30,2131.0,2,16.6736,1425.53,18.595,1,-1.1851,-1.1517,-0.0356,0.0019,0.1445,-0.6934,0.8852,-0.255,-0.658,0.0,-0.9559,-0.0382,-1.2061,-1.2195,-0.2057,0,0,0,1
2026-02-24 20:53:51+05:30,2132.0,2,16.6736,1425.55,18.596,1,-1.1851,-1.1517,-0.0662,0.0707,0.1445,-0.7004,0.9273,0.267,-0.658,0.0,-0.9559,-0.0382,-1.2061,-1.2195,-0.2057,0,0,0,1
2026-02-24 20:53:52+05:30,2133.0,2,16.6736,1425.57,18.596,1,-1.1851,-1.1517,-0.0407,0.096,0.1445,-0.7004,0.9273,0.267,-0.658,0.0,-0.9559,-0.0382,-1.2061,-1.2195,-0.2057,0,0,0,1
2026-02-24 20:53:53+05:30,2134.0,2,16.6736,1425.59,18.596,1,-1.1851,-1.1517,0.0128,0.0888,0.1445,-0.6863,1.2935,0.267,-0.658,0.0,-0.9559,-0.0382,-1.2061,-1.2195,-0.2057,0,0,0,1
2026-02-24 20:53:54+05:30,2135.0,2,16.6736,1425.61,18.596,1,-1.1851,-1.1517,0.0179,0.0852,0.1445,-0.6863,1.2935,0.267,-0.658,0.0,-0.9559,-0.0382,-1.2061,-1.2195,-0.2057,0,0,0,1
2026-02-24 20:53:55+05:30,2136.0,2,16.6736,1425.63,18.597,1,-1.1851,-1.1517,-0.0305,0.0888,0.1445,-0.7004,0.9273,0.267,-0.658,0.0,-0.9559,-0.0382,-1.2061,-1.2195,-0.2057,0,0,0,1
2026-02-24 20:53:56+05:30,2137.0,2,16.6736,1425.65,18.597,1,-1.1851,-1.1517,-0.0892,0.0888,0.1445,-0.7004,0.9273,0.267,-0.658,0.0,-0.9559,-0.0382,-1.2061,-1.2195,-0.2057,0,0,0,1
2026-02-24 20:53:57+05:30,2138.0,2,16.6736,1425.67,18.597,1,-1.1851,-1.1517,-0.1147,0.0888,0.1445,-0.7146,0.2581,0.267,-0.658,0.0,-0.9559,-0.0382,-1.2061,-1.2195,-0.2057,0,0,0,1
2026-02-24 20:53:58+05:30,2139.0,2,16.6736,1425.69,18.597,1,-1.1851,-1.1517,-0.0866,0.0888,0.1445,-0.7004,0.9273,0.267,-0.658,0.0,-0.9559,-0.0382,-1.2061,-1.2195,-0.2057,0,0,0,1
2026-02-24 20:53:59+05:30,2140.0,2,16.6736,1425.72,18.598,1,-1.1851,-1.1517,-0.0331,0.0888,0.1445,-0.7004,0.9273,0.267,-0.658,0.0,-0.9559,-0.0382,-1.2061,-1.2195,-0.2057,0,0,0,1
2026-02-24 20:54:00+05:30,2141.0,2,16.6736,1425.74,18.598,1,-1.1851,-1.1517,0.0128,0.0888,0.1445,-0.6863,1.2935,0.267,-0.658,0.0,-0.9559,-0.0382,-1.2061,-1.2195,-0.2057,0,0,0,1
2026-02-24 20:54:01+05:30,2142.0,2,16.6736,1425.76,18.598,1,-1.1851,-1.1517,0.0281,0.0888,0.1445,-0.6863,1.2935,0.267,-0.658,0.0,-0.9559,-0.0382,-1.2061,-1.2195,-0.2057,0,0,0,1
2026-02-24 20:54:02+05:30,2143.0,2,16.6736,1425.78,18.599,1,-1.1851,-1.1517,0.0128,0.0888,0.1445,-0.6863,1.2935,0.267,-0.658,0.0,-0.9559,-0.0382,-1.2061,-1.2195,-0.2057,0,0,0,1
2026-02-24 20:54:03+05:30,2144.0,2,16.6736,1425.8,18.599,1,-1.1851,-1.1517,-0.0305,0.0888,0.1445,-0.7004,0.9273,0.267,-0.658,0.0,-0.9559,-0.0382,-1.2061,-1.2195,-0.2057,0,0,0,1
2026-02-24 20:54:04+05:30,2145.0,2,16.6736,1425.82,18.599,1,-1.1851,-1.1517,-0.0892,0.0888,0.1445,-0.7004,0.9273,0.267,-0.658,0.0,-0.9559,-0.0382,-1.2061,-1.2195,-0.2057,0,0,0,1
2026-02-24 20:54:05+05:30,2146.0,2,16.6736,1425.84,18.599,1,-1.1851,-1.1517,-0.1147,0.0888,0.1445,-0.7146,0.2581,0.267,-0.658,0.0,-0.9559,-0.0382,-1.2061,-1.2195,-0.2057,0,0,0,1
2026-02-24 20:54:06+05:30,2147.0,2,16.6736,1425.86,18.6,1,-1.1851,-1.1517,-0.0841,0.0888,0.1445,-0.7004,0.9273,0.267,-0.658,0.0,-0.9559,-0.0382,-1.2061,-1.2195,-0.2057,0,0,0,1
2026-02-24 20:54:07+05:30,2148.0,2,16.6736,1425.88,18.6,1,-1.1851,-1.1517,-0.0458,0.0888,0.1445,-0.7004,0.9273,0.267,-0.658,0.0,-0.9559,-0.0382,-1.2061,-1.2195,-0.2057,0,0,0,1
2026-02-24 20:54:08+05:30,2149.0,2,16.6736,1425.91,18.6,1,-1.1851,-1.1517,-0.0407,0.0888,0.1445,-0.7004,0.9273,0.267,-0.658,0.0,-0.9559,-0.0382,-1.2061,-1.2195,-0.2057,0,0,0,1
2026-02-24 20:54:09+05:30,2150.0,2,16.6736,1425.93,18.601,1,-1.1851,-1.1517,-0.0764,0.0888,0.1445,-0.7004,0.9273,0.267,-0.658,0.0,-0.9559,-0.0382,-1.2061,-1.2195,-0.2057,0,0,0,1
2026-02-24 20:54:10+05:30,2151.0,2,16.6736,1425.95,18.601,1,-1.1851,-1.1517,-0.1325,0.0888,0.1445,-0.7146,0.2581,0.267,-0.658,0.0,-0.9559,-0.0382,-1.2061,-1.2195,-0.2057,0,0,0,1
2026-02-24 20:54:11+05:30,2152.0,2,16.6736,1425.97,18.601,1,-1.1851,-1.1517,-0.1733,0.0888,0.1445,-0.7146,0.2581,0.267,-0.658,0.0,-0.9559,-0.0382,-1.2061,-1.2195,-0.2057,0,0,0,1
2026-02-24 20:54:12+05:30,2153.0,2,16.6736,1425.99,18.601,1,-1.1851,-1.1517,-0.1427,0.0888,0.1445,-0.7146,0.2581,0.267,-0.658,0.0,-0.9559,-0.0382,-1.2061,-1.2195,-0.2057,0,0,0,1
2026-02-24 20:54:13+05:30,2154.0,2,16.6736,1426.01,18.602,1,-1.1851,-1.1517,-0.056,0.0888,0.1445,-0.7004,0.9273,0.267,-0.658,0.0,-0.9559,-0.0382,-1.2061,-1.2195,-0.2057,0,0,0,1
2026-02-24 20:54:14+05:30,2155.0,2,16.6736,1426.03,18.602,1,-1.1851,-1.1517,0.0154,0.0888,0.1445,-0.6863,1.2935,0.267,-0.658,0.0,-0.9559,-0.0382,-1.2061,-1.2195,-0.2057,0,0,0,1
2026-02-24 20:54:15+05:30,2156.0,2,16.6736,1426.05,18.602,1,-1.1851,-1.1517,0.0307,0.0888,0.1445,-0.6863,1.2935,0.267,-0.658,0.0,-0.9559,-0.0382,-1.2061,-1.2195,-0.2057,0,0,0,1
2026-02-24 20:54:16+05:30,2157.0,2,16.6736,1426.07,18.602,1,-1.1851,-1.1517,0.0205,0.0888,0.1445,-0.6863,1.2935,0.267,-0.658,0.0,-0.9559,-0.0382,-1.2061,-1.2195,-0.2064,0,0,0,1
2026-02-24 20:54:17+05:30,2158.0,2,16.6736,1426.1,18.603,1,-1.1851,-1.1517,0.023,0.0888,0.1445,-0.6863,1.2935,0.267,-0.658,0.0,-0.9559,-0.0382,-1.2061,-1.2195,-0.2064,0,0,0,1
2026-02-24 20:54:18+05:30,2159.0,2,16.6736,1426.12,18.603,1,-1.1851,-1.1517,0.0256,0.0888,0.1445,-0.6863,1.2935,0.267,-0.658,0.0,-0.9559,-0.0382,-1.2061,-1.2195,-0.2064,0,0,0,1
2026-02-24 20:54:19+05:30,2160.0,2,16.6736,1426.14,18.603,1,-1.1851,-1.1517,0.0205,0.0888,0.1445,-0.6863,1.2935,0.267,-0.658,0.0,-0.9559,-0.0382,-1.2061,-1.2195,-0.2064,0,0,0,1
2026-02-24 20:54:20+05:30,2161.0,2,16.6736,1426.16,18.604,1,-1.1851,-1.1517,0.023,0.0888,0.1445,-0.6863,1.2935,0.267,-0.658,0.0,-0.9559,-0.0382,-1.2061,-1.2195,-0.2064,0,0,0,1
2026-02-24 20:54:21+05:30,2162.0,2,16.6736,1426.18,18.604,1,-1.1851,-1.1517,0.0307,0.0888,0.1445,-0.6863,1.2935,0.267,-0.658,0.0,-0.9559,-0.0382,-1.2061,-1.2195,-0.2064,0,0,0,1
2026-02-24 20:54:22+05:30,2163.0,2,16.6736,1426.2,18.604,1,-1.1851,-1.1517,0.0077,0.0888,0.1445,-0.6863,1.2935,0.267,-0.658,0.0,-0.9559,-0.0382,-1.2061,-1.2195,-0.2064,0,0,0,1
2026-02-24 20:54:23+05:30,2164.0,2,16.6736,1426.22,18.604,1,-1.1851,-1.1517,-0.0382,0.0888,0.1445,-0.7004,0.9273,0.267,-0.658,0.0,-0.9559,-0.0382,-1.2061,-1.2195,-0.2064,0,0,0,1
2026-02-24 20:54:24+05:30,2165.0,2,16.6736,1426.24,18.605,1,-1.1851,-1.1517,-0.0611,0.0888,0.1445,-0.7004,0.9273,0.267,-0.658,0.0,-0.9559,-0.0382,-1.2061,-1.2195,-0.2064,0,0,0,1
2026-02-24 20:54:25+05:30,2166.0,2,16.6736,1426.26,18.605,1,-1.1851,-1.1517,-0.0509,0.0888,0.1445,-0.7004,0.9273,0.267,-0.658,0.0,-0.9559,-0.0382,-1.2061,-1.2195,-0.2064,0,0,0,1
2026-02-24 20:54:26+05:30,2167.0,2,16.6736,1426.28,18.605,1,-1.1851,-1.1517,-0.0509,0.0888,0.1445,-0.7004,0.9273,0.267,-0.658,0.0,-0.9559,-0.0382,-1.2061,-1.2195,-0.2064,0,0,0,1
2026-02-24 20:54:27+05:30,2168.0,2,16.6736,1426.31,18.606,1,-1.1851,-1.1517,-0.0611,0.0888,0.1445,-0.7004,0.9273,0.267,-0.658,0.0,-0.9559,-0.0382,-1.2061,-1.2195,-0.2064,0,0,0,1
2026-02-24 20:54:28+05:30,2169.0,2,16.6736,1426.33,18.606,1,-1.1851,-1.1517,-0.0382,0.0888,0.1445,-0.7004,0.9273,0.267,-0.658,0.0,-0.9559,-0.0382,-1.2061,-1.2195,-0.2064,0,0,0,1
2026-02-24 20:54:29+05:30,2170.0,2,16.6736,1426.35,18.606,1,-1.1851,-1.1517,0.0077,0.0888,0.1445,-0.6863,1.2935,0.267,-0.658,0.0,-0.9559,-0.0382,-1.2061,-1.2195,-0.2064,0,0,0,1
2026-02-24 20:54:30+05:30,2171.0,2,16.6736,1426.37,18.606,1,-1.1851,-1.1517,0.0307,0.0888,0.1445,-0.6863,1.2935,0.267,-0.658,0.0,-0.9559,-0.0382,-1.2061,-1.2195,-0.2064,0,0,0,1
2026-02-24 20:54:31+05:30,2172.0,2,16.6736,1426.39,18.607,1,-1.1851,-1.1517,0.023,0.0888,0.1445,-0.6863,1.2935,0.267,-0.658,0.0,-0.9559,-0.0382,-1.2061,-1.2195,-0.2064,0,0,0,1
2026-02-24 20:54:32+05:30,2173.0,2,16.6736,1426.41,18.607,1,-1.1851,-1.1517,0.0205,0.0888,0.1445,-0.6863,1.2935,0.267,-0.658,0.0,-0.9559,-0.0382,-1.2061,-1.2195,-0.2064,0,0,0,1
2026-02-24 20:54:33+05:30,2174.0,2,16.6736,1426.43,18.607,1,-1.1851,-1.1517,0.023,0.0888,0.1445,-0.6863,1.2935,0.267,-0.658,0.0,-0.9559,-0.0382,-1.2061,-1.2195,-0.2064,0,0,0,1
2026-02-24 20:54:34+05:30,2175.0,2,16.6736,1426.45,18.607,1,-1.1851,-1.1517,0.0256,0.0888,0.1445,-0.6863,1.2935,0.267,-0.658,0.0,-0.9559,-0.0382,-1.2061,-1.2195,-0.2064,0,0,0,1
2026-02-24 20:54:35+05:30,2176.0,2,16.6736,1426.47,18.608,1,-1.1851,-1.1517,0.0205,0.0888,0.1445,-0.6863,1.2935,0.267,-0.658,0.0,-0.9559,-0.0382,-1.2061,-1.2195,-0.2064,0,0,0,1
2026-02-24 20:54:36+05:30,2177.0,2,16.6736,1426.5,18.608,1,-1.1851,-1.1517,0.023,0.0888,0.1445,-0.6863,1.2935,0.267,-0.658,0.0,-0.9559,-0.0382,-1.2061,-1.2195,-0.2064,0,0,0,1
2026-02-24 20:54:37+05:30,2178.0,2,16.6736,1426.52,18.608,1,-1.1851,-1.1517,0.0307,0.0888,0.1445,-0.6863,1.2935,0.267,-0.658,0.0,-0.9559,-0.0382,-1.2061,-1.2195,-0.2064,0,0,0,1
2026-02-24 20:54:38+05:30,2179.0,2,16.6736,1426.54,18.609,1,-1.1851,-1.1517,0.0103,0.0888,0.1445,-0.6863,1.2935,0.267,-0.658,0.0,-0.9559,-0.0382,-1.2061,-1.2195,-0.2064,0,0,0,1
2026-02-24 20:54:39+05:30,2180.0,2,16.6736,1426.56,18.609,1,-1.1851,-1.1517,-0.0382,0.0888,0.1445,-0.7004,0.9273,0.267,-0.658,0.0,-0.9559,-0.0382,-1.2061,-1.2195,-0.2064,0,0,0,1
2026-02-24 20:54:40+05:30,2181.0,2,16.6736,1426.58,18.609,1,-1.1851,-1.1517,-0.0662,0.0888,0.1445,-0.7004,0.9273,0.267,-0.658,0.0,-0.9559,-0.0382,-1.2061,-1.2195,-0.2064,0,0,0,1
2026-02-24 20:54:41+05:30,2182.0,2,16.6736,1426.6,18.609,1,-1.1851,-1.1517,-0.0382,0.0888,0.1445,-0.7004,0.9273,0.267,-0.658,0.0,-0.9559,-0.0382,-1.2061,-1.2195,-0.2064,0,0,0,1
2026-02-24 20:54:42+05:30,2183.0,2,16.6736,1426.62,18.61,1,-1.1851,-1.1517,0.0103,0.0888,0.1445,-0.6863,1.2935,0.267,-0.658,0.0,-0.9559,-0.0382,-1.2061,-1.2195,-0.2064,0,0,0,1
2026-02-24 20:54:43+05:30,2184.0,2,16.6736,1426.64,18.61,1,-1.1851,-1.1517,0.0281,0.0888,0.1445,-0.6863,1.2935,0.267,-0.658,0.0,-0.9559,-0.0382,-1.2061,-1.2195,-0.2064,0,0,0,1
2026-02-24 20:54:44+05:30,2185.0,2,16.6736,1426.66,18.61,1,-1.1851,-1.1517,0.023,0.0888,0.1445,-0.6863,1.2935,0.267,-0.658,0.0,-0.9559,-0.0382,-1.2061,-1.2195,-0.2064,0,0,0,1
2026-02-24 20:54:45+05:30,2186.0,2,16.6736,1426.69,18.611,1,-1.1851,-1.1517,0.0205,0.0888,0.1445,-0.6863,1.2935,0.267,-0.658,0.0,-0.9559,-0.0382,-1.2061,-1.2195,-0.2064,0,0,0,1
2026-02-24 20:54:46+05:30,2187.0,2,16.6736,1426.71,18.611,1,-1.1851,-1.1517,0.023,0.0888,0.1445,-0.6863,1.2935,0.267,-0.658,0.0,-0.9559,-0.0382,-1.2061,-1.2195,-0.2071,0,0,0,1
2026-02-24 20:54:47+05:30,2188.0,2,16.6736,1426.73,18.611,1,-1.1851,-1.1517,0.023,0.0888,0.1445,-0.6863,1.2935,0.267,-0.658,0.0,-0.9559,-0.0382,-1.2061,-1.2195,-0.2071,0,0,0,1
2026-02-24 20:54:48+05:30,2189.0,2,16.6736,1426.75,18.611,1,-1.1851,-1.1517,0.023,0.0888,0.1445,-0.6863,1.2935,0.267,-0.658,0.0,-0.9559,-0.0382,-1.2061,-1.2195,-0.2071,0,0,0,1
2026-02-24 20:54:49+05:30,2190.0,2,16.6736,1426.77,18.612,1,-1.1851,-1.1517,0.023,0.0888,0.1445,-0.6863,1.2935,0.267,-0.658,0.0,-0.9559,-0.0382,-1.2061,-1.2195,-0.2071,0,0,0,1
2026-02-24 20:54:50+05:30,2191.0,2,16.6736,1426.79,18.612,1,-1.1851,-1.1517,0.023,0.0888,0.1445,-0.6863,1.2935,0.267,-0.658,0.0,-0.9559,-0.0382,-1.2061,-1.2195,-0.2071,0,0,0,1
2026-02-24 20:54:51+05:30,2192.0,2,16.6736,1426.81,18.612,1,-1.1851,-1.1517,0.023,0.0888,0.1445,-0.6863,1.2935,0.267,-0.658,0.0,-0.9559,-0.0382,-1.2061,-1.2195,-0.2071,0,0,0,1
2026-02-24 20:54:52+05:30,2193.0,2,16.6736,1426.83,18.612,1,-1.1851,-1.1517,0.023,0.0888,0.1445,-0.6863,1.2935,0.267,-0.658,0.0,-0.9559,-0.0382,-1.2061,-1.2195,-0.2071,0,0,0,1
2026-02-24 20:54:53+05:30,2194.0,2,16.6736,1426.85,18.613,1,-1.1851,-1.1517,0.023,0.0888,0.1445,-0.6863,1.2935,0.267,-0.658,0.0,-0.9559,-0.0382,-1.2061,-1.2195,-0.2071,0,0,0,1
2026-02-24 20:54:54+05:30,2195.0,2,16.6736,1426.88,18.613,1,-1.1851,-1.1517,0.023,0.0888,0.1445,-0.6863,1.2935,0.267,-0.658,0.0,-0.9559,-0.0382,-1.2061,-1.2195,-0.2071,0,0,0,1
2026-02-24 20:54:55+05:30,2196.0,2,16.6736,1426.9,18.613,1,-1.1851,-1.1517,0.023,0.0888,0.1445,-0.6863,1.2935,0.267,-0.658,0.0,-0.9559,-0.0382,-1.2061,-1.2195,-0.2071,0,0,0,1
2026-02-24 20:54:56+05:30,2197.0,2,16.6736,1426.92,18.614,1,-1.1851,-1.1517,0.023,0.0888,0.1445,-0.6863,1.2935,0.267,-0.658,0.0,-0.9559,-0.0382,-1.2061,-1.2195,-0.2071,0,0,0,1
2026-02-24 20:54:57+05:30,2198.0,2,16.6736,1426.94,18.614,1,-1.1851,-1.1517,0.023,0.0888,0.1445,-0.6863,1.2935,0.267,-0.658,0.0,-0.9559,-0.0382,-1.2061,-1.2195,-0.2071,0,0,0,1
2026-02-24 20:54:58+05:30,2199.0,2,16.6736,1426.96,18.614,1,-1.1851,-1.1517,0.023,0.0888,0.1445,-0.6863,1.2935,0.267,-0.658,0.0,-0.9559,-0.0382,-1.2061,-1.2195,-0.2071,0,0,0,1
2026-02-24 20:54:59+05:30,2200.0,2,16.6736,1426.98,18.614,1,-1.1851,-1.1517,0.0205,0.0888,0.1445,-0.6863,1.2935,0.267,-0.658,0.0,-0.9559,-0.0382,-1.2061,-1.2195,-0.2071,0,0,0,1
2026-02-24 20:55:00+05:30,2201.0,2,16.6736,1427.0,18.615,1,-1.1851,-1.1517,0.023,0.0888,0.1445,-0.6863,1.2935,0.267,-0.658,0.0,-0.9559,-0.0382,-1.2061,-1.2195,-0.2071,0,0,0,1
2026-02-24 20:55:01+05:30,2202.0,2,16.6736,1427.02,18.615,1,-1.1851,-1.1517,0.0281,0.0888,0.1445,-0.6863,1.2935,0.267,-0.658,0.0,-0.9559,-0.0382,-1.2061,-1.2195,-0.2071,0,0,0,1
2026-02-24 20:55:02+05:30,2203.0,2,16.6736,1427.04,18.615,1,-1.1851,-1.1517,0.0103,0.0888,0.1445,-0.6863,1.2935,0.267,-0.658,0.0,-0.9559,-0.0382,-1.2061,-1.2195,-0.2071,0,0,0,1
2026-02-24 20:55:03+05:30,2204.0,2,16.6736,1427.06,18.616,1,-1.1851,-1.1517,-0.0382,0.0888,0.1445,-0.7004,0.9273,0.267,-0.658,0.0,-0.9559,-0.0382,-1.2061,-1.2195,-0.2071,0,0,0,1
2026-02-24 20:55:04+05:30,2205.0,2,16.6736,1427.09,18.616,1,-1.1851,-1.1517,-0.0662,0.0888,0.1445,-0.7004,0.9273,0.267,-0.658,0.0,-0.9559,-0.0382,-1.2061,-1.2195,-0.2071,0,0,0,1
2026-02-24 20:55:05+05:30,2206.0,2,16.6736,1427.11,18.616,1,-1.1851,-1.1517,-0.0407,0.0888,0.1445,-0.7004,0.9273,0.267,-0.658,0.0,-0.9559,-0.0382,-1.2061,-1.2195,-0.2071,0,0,0,1
2026-02-24 20:55:06+05:30,2207.0,2,16.6736,1427.13,18.616,1,-1.1851,-1.1517,0.0103,0.0888,0.1445,-0.6863,1.2935,0.267,-0.658,0.0,-0.9559,-0.0382,-1.2061,-1.2195,-0.2071,0,0,0,1
2026-02-24 20:55:07+05:30,2208.0,2,16.6736,1427.15,18.617,1,-1.1851,-1.1517,0.0358,0.0888,0.1445,-0.6863,1.2935,0.267,-0.658,0.0,-0.9559,-0.0382,-1.2061,-1.2195,-0.2071,0,0,0,1
2026-02-24 20:55:08+05:30,2209.0,2,16.6736,1427.17,18.617,1,-1.1851,-1.1517,0.0103,0.0888,0.1445,-0.6863,1.2935,0.267,-0.658,0.0,-0.9559,-0.0382,-1.2061,-1.2195,-0.2071,0,0,0,1
2026-02-24 20:55:09+05:30,2210.0,2,16.6736,1427.19,18.617,1,-1.1851,-1.1517,-0.0407,0.0888,0.1445,-0.7004,0.9273,0.267,-0.658,0.0,-0.9559,-0.0382,-1.2061,-1.2195,-0.2071,0,0,0,1
2026-02-24 20:55:10+05:30,2211.0,2,16.6736,1427.21,18.617,1,-1.1851,-1.1517,-0.0662,0.0888,0.1445,-0.7004,0.9273,0.267,-0.658,0.0,-0.9559,-0.0382,-1.2061,-1.2195,-0.2071,0,0,0,1
2026-02-24 20:55:11+05:30,2212.0,2,16.6736,1427.23,18.618,1,-1.1851,-1.1517,-0.0382,0.0888,0.1445,-0.7004,0.9273,0.267,-0.658,0.0,-0.9559,-0.0382,-1.2061,-1.2195,-0.2071,0,0,0,1
2026-02-24 20:55:12+05:30,2213.0,2,16.6736,1427.25,18.618,1,-1.1851,-1.1517,0.0103,0.0888,0.1445,-0.6863,1.2935,0.267,-0.658,0.0,-0.9559,-0.0382,-1.2061,-1.2195,-0.2071,0,0,0,1
2026-02-24 20:55:13+05:30,2214.0,2,16.6736,1427.28,18.618,1,-1.1851,-1.1517,0.0281,0.0888,0.1445,-0.6863,1.2935,0.267,-0.658,0.0,-0.9559,-0.0382,-1.2061,-1.2195,-0.2071,0,0,0,1
2026-02-24 20:55:14+05:30,2215.0,2,16.6736,1427.3,18.619,1,-1.1851,-1.1517,0.0256,0.0888,0.1445,-0.6863,1.2935,0.267,-0.658,0.0,-0.9559,-0.0382,-1.2061,-1.2195,-0.2071,0,0,0,1
2026-02-24 20:55:15+05:30,2216.0,2,16.6736,1427.32,18.619,1,-1.1851,-1.1517,0.0205,0.0888,0.1445,-0.6863,1.2935,0.267,-0.658,0.0,-0.9559,-0.0382,-1.2061,-1.2195,-0.2071,0,0,0,1
2026-02-24 20:55:16+05:30,2217.0,2,16.6736,1427.34,18.619,1,-1.1851,-1.1517,0.0205,0.0888,0.1445,-0.6863,1.2935,0.267,-0.658,0.0,-0.9559,-0.0382,-1.2061,-1.2195,-0.2071,0,0,0,1
2026-02-24 20:55:17+05:30,2218.0,2,16.6736,1427.36,18.619,1,-1.1851,-1.1517,0.0307,0.0888,0.1445,-0.6863,1.2935,0.267,-0.658,0.0,-0.9559,-0.0382,-1.2061,-1.2195,-0.2078,0,0,0,1
2026-02-24 20:55:18+05:30,2219.0,2,16.6736,1427.38,18.62,1,-1.1851,-1.1517,0.0205,0.0888,0.1445,-0.6863,1.2935,0.267,-0.658,0.0,-0.9559,-0.0382,-1.2061,-1.2195,-0.2078,0,0,0,1
2026-02-24 20:55:19+05:30,2220.0,2,16.6736,1427.4,18.62,1,-1.1851,-1.1517,-0.056,0.0888,0.1445,-0.7004,0.9273,0.267,-0.658,0.0,-0.9559,-0.0382,-1.2061,-1.2195,-0.2078,0,0,0,1
2026-02-24 20:55:20+05:30,2221.0,2,16.6736,1427.42,18.62,1,-1.1851,-1.1517,-0.1529,0.0888,0.1445,-0.7146,0.2581,0.267,-0.658,0.0,-0.9559,-0.0382,-1.2061,-1.2195,-0.2078,0,0,0,1
2026-02-24 20:55:21+05:30,2222.0,2,16.6736,1427.44,18.621,1,-1.1851,-1.1517,-0.1504,0.0888,0.1445,-0.7146,0.2581,0.267,-0.658,0.0,-0.9559,-0.0382,-1.2061,-1.2195,-0.2078,0,0,0,1
2026-02-24 20:55:22+05:30,2223.0,2,16.6736,1427.47,18.621,1,-1.1851,-1.1517,-0.0535,0.0888,0.1445,-0.7004,0.9273,0.267,-0.658,0.0,-0.9559,-0.0382,-1.2061,-1.2195,-0.2078,0,0,0,1
2026-02-24 20:55:23+05:30,2224.0,2,16.6736,1427.49,18.621,1,-1.1851,-1.1517,0.0077,0.0888,0.1445,-0.6863,1.2935,0.267,-0.658,0.0,-0.9559,-0.0382,-1.2061,-1.2195,-0.2078,0,0,0,1
2026-02-24 20:55:24+05:30,2225.0,2,16.6736,1427.51,18.621,1,-1.1851,-1.1517,-0.0229,0.0888,0.1445,-0.7004,0.9273,0.267,-0.658,0.0,-0.9559,-0.0382,-1.2061,-1.2195,-0.2078,0,0,0,1
2026-02-24 20:55:25+05:30,2226.0,2,16.6736,1427.53,18.622,1,-1.1851,-1.1517,-0.0892,0.0888,0.1445,-0.7004,0.9273,0.267,-0.658,0.0,-0.9559,-0.0382,-1.2061,-1.2195,-0.2078,0,0,0,1
2026-02-24 20:55:26+05:30,2227.0,2,16.6736,1427.55,18.622,1,-1.1851,-1.1517,-0.1198,0.0888,0.1445,-0.7146,0.2581,0.267,-0.658,0.0,-0.9559,-0.0382,-1.2061,-1.2195,-0.2078,0,0,0,1
2026-02-24 20:55:27+05:30,2228.0,2,16.6736,1427.57,18.622,1,-1.1851,-1.1517,-0.0866,0.0888,0.1445,-0.7004,0.9273,0.267,-0.658,0.0,-0.9559,-0.0382,-1.2061,-1.2195,-0.2078,0,0,0,1
2026-02-24 20:55:28+05:30,2229.0,2,16.6736,1427.59,18.622,1,-1.1851,-1.1517,-0.0254,0.0888,0.1445,-0.7004,0.9273,0.267,-0.658,0.0,-0.9559,-0.0382,-1.2061,-1.2195,-0.2078,0,0,0,1
2026-02-24 20:55:29+05:30,2230.0,2,16.6736,1427.61,18.623,1,-1.1851,-1.1517,0.0001,0.0888,0.1445,-0.6863,1.2935,0.267,-0.658,0.0,-0.9559,-0.0382,-1.2061,-1.2195,-0.2078,0,0,0,1
2026-02-24 20:55:30+05:30,2231.0,2,16.6736,1427.63,18.623,1,-1.1851,-1.1517,-0.0382,0.0888,0.1445,-0.7004,0.9273,0.267,-0.658,0.0,-0.9559,-0.0382,-1.2061,-1.2195,-0.2078,0,0,0,1
2026-02-24 20:55:31+05:30,2232.0,2,16.6736,1427.65,18.623,1,-1.1851,-1.1517,-0.0662,0.0888,0.1445,-0.7004,0.9273,0.267,-0.658,0.0,-0.9559,-0.0382,-1.2061,-1.2195,-0.2078,0,0,0,1
2026-02-24 20:55:32+05:30,2233.0,2,16.6736,1427.68,18.624,1,-1.1851,-1.1517,-0.0331,0.0888,0.1445,-0.7004,0.9273,0.267,-0.658,0.0,-0.9559,-0.0382,-1.2061,-1.2195,-0.2078,0,0,0,1
2026-02-24 20:55:33+05:30,2234.0,2,16.6736,1427.7,18.624,1,-1.1851,-1.1517,-0.0025,0.0888,0.1445,-0.6863,1.2935,0.267,-0.658,0.0,-0.9559,-0.0382,-1.2061,-1.2195,-0.2078,0,0,0,1
2026-02-24 20:55:34+05:30,2235.0,2,16.6736,1427.72,18.624,1,-1.1851,-1.1517,-0.0331,0.0888,0.1445,-0.7004,0.9273,0.267,-0.658,0.0,-0.9559,-0.0382,-1.2061,-1.2195,-0.2078,0,0,0,1
2026-02-24 20:55:35+05:30,2236.0,2,16.6736,1427.74,18.624,1,-1.1851,-1.1517,-0.0688,0.0888,0.1445,-0.7004,0.9273,0.267,-0.658,0.0,-0.9559,-0.0382,-1.2061,-1.2195,-0.2078,0,0,0,1
2026-02-24 20:55:36+05:30,2237.0,2,16.6736,1427.76,18.625,1,-1.1851,-1.1517,-0.0407,0.0888,0.1445,-0.7004,0.9273,0.267,-0.658,0.0,-0.9559,-0.0382,-1.2061,-1.2195,-0.2078,0,0,0,1
2026-02-24 20:55:37+05:30,2238.0,2,16.6736,1427.78,18.625,1,-1.1851,-1.1517,0.0128,0.0888,0.1445,-0.6863,1.2935,0.267,-0.658,0.0,-0.9559,-0.0382,-1.2061,-1.2195,-0.2078,0,0,0,1
2026-02-24 20:55:38+05:30,2239.0,2,16.6736,1427.8,18.625,1,-1.1851,-1.1517,0.0281,0.0888,0.1445,-0.6863,1.2935,0.267,-0.658,0.0,-0.9559,-0.0382,-1.2061,-1.2195,-0.2078,0,0,0,1
2026-02-24 20:55:39+05:30,2240.0,2,16.6736,1427.82,18.626,1,-1.1851,-1.1517,0.023,0.0888,0.1445,-0.6863,1.2935,0.267,-0.658,0.0,-0.9559,-0.0382,-1.2061,-1.2195,-0.2078,0,0,0,1
2026-02-24 20:55:40+05:30,2241.0,2,16.6736,1427.84,18.626,1,-1.1851,-1.1517,0.0281,0.0888,0.1445,-0.6863,1.2935,0.267,-0.658,0.0,-0.9559,-0.0382,-1.2061,-1.2195,-0.2078,0,0,0,1
2026-02-24 20:55:41+05:30,2242.0,2,16.6736,1427.87,18.626,1,-1.1851,-1.1517,0.0103,0.0888,0.1445,-0.6863,1.2935,0.267,-0.658,0.0,-0.9559,-0.0382,-1.2061,-1.2195,-0.2078,0,0,0,1
2026-02-24 20:55:42+05:30,2243.0,2,16.6736,1427.89,18.626,1,-1.1851,-1.1517,-0.0382,0.0888,0.1445,-0.7004,0.9273,0.267,-0.658,0.0,-0.9559,-0.0382,-1.2061,-1.2195,-0.2078,0,0,0,1
2026-02-24 20:55:43+05:30,2244.0,2,16.6736,1427.91,18.627,1,-1.1851,-1.1517,-0.0662,0.0888,0.1445,-0.7004,0.9273,0.267,-0.658,0.0,-0.9559,-0.0382,-1.2061,-1.2195,-0.2078,0,0,0,1
2026-02-24 20:55:44+05:30,2245.0,2,16.6736,1427.93,18.627,1,-1.1851,-1.1517,-0.0382,0.0852,0.1445,-0.7004,0.9273,0.267,-0.658,0.0,-0.9559,-0.0382,-1.2061,-1.2195,-0.2078,0,0,0,1
2026-02-24 20:55:45+05:30,2246.0,2,16.6736,1427.95,18.627,1,-1.1851,-1.1517,0.0077,0.0888,0.1445,-0.6863,1.2935,0.267,-0.658,0.0,-0.9559,-0.0382,-1.2061,-1.2195,-0.2078,0,0,0,1
2026-02-24 20:55:46+05:30,2247.0,2,16.6736,1427.97,18.627,1,-1.1851,-1.1517,0.0307,0.096,0.1445,-0.6863,1.2935,0.267,-0.658,0.0,-0.9559,-0.0382,-1.2061,-1.2195,-0.2078,0,0,0,1
2026-02-24 20:55:47+05:30,2248.0,2,16.6736,1427.99,18.628,1,-1.1851,-1.1517,0.0307,0.0671,0.1445,-0.6863,1.2935,0.267,-0.658,0.0,-0.9559,-0.0382,-1.2061,-1.2195,-0.2085,0,0,0,1
2026-02-24 20:55:48+05:30,2249.0,2,16.6736,1428.01,18.628,1,-1.1851,-1.1517,0.0052,0.0019,0.1445,-0.6863,1.2485,-0.1859,-0.658,0.0,-0.9559,-0.0382,-1.2061,-1.2195,-0.2085,0,0,0,1
2026-02-24 20:55:49+05:30,2250.0,2,16.6736,1428.03,18.628,1,-1.1851,-1.1517,-0.0382,-0.0344,0.1445,-0.6934,0.8852,-0.255,-0.658,0.0,-0.9559,-0.0382,-1.2061,-1.2195,-0.2085,0,0,0,1
2026-02-24 20:55:50+05:30,2251.0,2,16.6736,1428.06,18.629,1,-1.1851,-1.1517,-0.0611,-0.0162,0.1445,-0.6934,0.8852,-0.255,-0.658,0.0,-0.9559,-0.0382,-1.2061,-1.2195,-0.2085,0,0,0,1
2026-02-24 20:55:51+05:30,2252.0,2,16.6736,1428.08,18.629,1,-1.1851,-1.1517,-0.0535,-0.0054,0.1445,-0.6934,0.8852,-0.255,-0.658,0.0,-0.9559,-0.0382,-1.2061,-1.2195,-0.2085,0,0,0,1
2026-02-24 20:55:52+05:30,2253.0,2,16.6736,1428.1,18.629,1,-1.1851,-1.1517,-0.0509,-0.0597,0.1445,-0.6934,0.8852,-0.255,-0.658,0.0,-0.9559,-0.0382,-1.2061,-1.2195,-0.2085,0,0,0,1
2026-02-24 20:55:53+05:30,2254.0,2,16.6736,1428.12,18.629,1,-1.1851,-1.1517,-0.0611,-0.1068,0.1445,-0.6863,0.7385,-0.8606,-0.658,0.0,-0.9559,-0.0382,-1.2061,-1.2195,-0.2085,0,0,0,1
2026-02-24 20:55:54+05:30,2255.0,2,16.6736,1428.14,18.63,1,-1.1851,-1.1517,-0.0382,-0.0706,0.1445,-0.6934,0.8852,-0.255,-0.658,0.0,-0.9559,-0.0382,-1.2061,-1.2195,-0.2085,0,0,0,1
2026-02-24 20:55:55+05:30,2256.0,2,16.6736,1428.16,18.63,1,-1.1851,-1.1517,0.0077,0.0127,0.1445,-0.6863,1.2485,-0.1859,-0.658,0.0,-0.9559,-0.0382,-1.2061,-1.2195,-0.2085,0,0,0,1
2026-02-24 20:55:56+05:30,2257.0,2,16.6736,1428.18,18.63,1,-1.1851,-1.1517,0.0307,0.0743,0.1445,-0.6863,1.2935,0.267,-0.658,0.0,-0.9559,-0.0382,-1.2061,-1.2195,-0.2085,0,0,0,1
2026-02-24 20:55:57+05:30,2258.0,2,16.6736,1428.2,18.631,1,-1.1851,-1.1517,0.023,0.0924,0.1445,-0.6863,1.2935,0.267,-0.658,0.0,-0.9559,-0.0382,-1.2061,-1.2195,-0.2085,0,0,0,1
2026-02-24 20:55:58+05:30,2259.0,2,16.6736,1428.22,18.631,1,-1.1851,-1.1517,0.0205,0.0888,0.1445,-0.6863,1.2935,0.267,-0.658,0.0,-0.9559,-0.0382,-1.2061,-1.2195,-0.2085,0,0,0,1
2026-02-24 20:55:59+05:30,2260.0,2,16.6736,1428.24,18.631,1,-1.1851,-1.1517,0.023,0.0888,0.1445,-0.6863,1.2935,0.267,-0.658,0.0,-0.9559,-0.0382,-1.2061,-1.2195,-0.2085,0,0,0,1
2026-02-24 20:56:00+05:30,2261.0,2,16.6736,1428.27,18.631,1,-1.1851,-1.1517,0.023,0.0888,0.1445,-0.6863,1.2935,0.267,-0.658,0.0,-0.9559,-0.0382,-1.2061,-1.2195,-0.2085,0,0,0,1
2026-02-24 20:56:01+05:30,2262.0,2,16.6736,1428.29,18.632,1,-1.1851,-1.1517,0.023,0.0888,0.1445,-0.6863,1.2935,0.267,-0.658,0.0,-0.9559,-0.0382,-1.2061,-1.2195,-0.2085,0,0,0,1
2026-02-24 20:56:02+05:30,2263.0,2,16.6736,1428.31,18.632,1,-1.1851,-1.1517,0.023,0.0888,0.1445,-0.6863,1.2935,0.267,-0.658,0.0,-0.9559,-0.0382,-1.2061,-1.2195,-0.2085,0,0,0,1
2026-02-24 20:56:03+05:30,2264.0,2,16.6736,1428.33,18.632,1,-1.1851,-1.1517,0.0205,0.0888,0.1445,-0.6863,1.2935,0.267,-0.658,0.0,-0.9559,-0.0382,-1.2061,-1.2195,-0.2085,0,0,0,1
2026-02-24 20:56:04+05:30,2265.0,2,16.6736,1428.35,18.632,1,-1.1851,-1.1517,0.023,0.0888,0.1445,-0.6863,1.2935,0.267,-0.658,0.0,-0.9559,-0.0382,-1.2061,-1.2195,-0.2085,0,0,0,1
2026-02-24 20:56:05+05:30,2266.0,2,16.6736,1428.37,18.633,1,-1.1851,-1.1517,0.0281,0.0888,0.1445,-0.6863,1.2935,0.267,-0.658,0.0,-0.9559,-0.0382,-1.2061,-1.2195,-0.2085,0,0,0,1
2026-02-24 20:56:06+05:30,2267.0,2,16.6736,1428.39,18.633,1,-1.1851,-1.1517,0.0103,0.0888,0.1445,-0.6863,1.2935,0.267,-0.658,0.0,-0.9559,-0.0382,-1.2061,-1.2195,-0.2085,0,0,0,1
2026-02-24 20:56:07+05:30,2268.0,2,16.6736,1428.41,18.633,1,-1.1851,-1.1517,-0.0382,0.0888,0.1445,-0.7004,0.9273,0.267,-0.658,0.0,-0.9559,-0.0382,-1.2061,-1.2195,-0.2085,0,0,0,1
2026-02-24 20:56:08+05:30,2269.0,2,16.6736,1428.43,18.634,1,-1.1851,-1.1517,-0.0688,0.0888,0.1445,-0.7004,0.9273,0.267,-0.658,0.0,-0.9559,-0.0382,-1.2061,-1.2195,-0.2085,0,0,0,1
2026-02-24 20:56:09+05:30,2270.0,2,16.6736,1428.46,18.634,1,-1.1851,-1.1517,-0.0382,0.0888,0.1445,-0.7004,0.9273,0.267,-0.658,0.0,-0.9559,-0.0382,-1.2061,-1.2195,-0.2085,0,0,0,1
2026-02-24 20:56:10+05:30,2271.0,2,16.6736,1428.48,18.634,1,-1.1851,-1.1517,0.0103,0.0888,0.1445,-0.6863,1.2935,0.267,-0.658,0.0,-0.9559,-0.0382,-1.2061,-1.2195,-0.2085,0,0,0,1
2026-02-24 20:56:11+05:30,2272.0,2,16.6736,1428.5,18.634,1,-1.1851,-1.1517,0.0281,0.0888,0.1445,-0.6863,1.2935,0.267,-0.658,0.0,-0.9559,-0.0382,-1.2061,-1.2195,-0.2085,0,0,0,1
2026-02-24 20:56:12+05:30,2273.0,2,16.6736,1428.52,18.635,1,-1.1851,-1.1517,0.023,0.0888,0.1445,-0.6863,1.2935,0.267,-0.658,0.0,-0.9559,-0.042,-1.2061,-1.2195,-0.2085,0,0,0,1
2026-02-24 20:56:13+05:30,2274.0,2,16.6736,1428.54,18.635,1,-1.1851,-1.1517,0.0281,0.0888,0.1445,-0.6863,1.2935,0.267,-0.658,0.0,-0.9559,-0.042,-1.2061,-1.2195,-0.2085,0,0,0,1
2026-02-24 20:56:14+05:30,2275.0,2,16.6736,1428.56,18.635,1,-1.1851,-1.1517,0.0103,0.0888,0.1445,-0.6863,1.2935,0.267,-0.658,0.0,-0.9559,-0.042,-1.2061,-1.2195,-0.2085,0,0,0,1
2026-02-24 20:56:15+05:30,2276.0,2,16.6736,1428.58,18.636,1,-1.1851,-1.1517,-0.0382,0.0888,0.1445,-0.7004,0.9273,0.267,-0.658,0.0,-0.9559,-0.042,-1.2061,-1.2195,-0.2085,0,0,0,1
2026-02-24 20:56:16+05:30,2277.0,2,16.6736,1428.6,18.636,1,-1.1851,-1.1517,-0.0662,0.0888,0.1445,-0.7004,0.9273,0.267,-0.658,0.0,-0.9559,-0.042,-1.2061,-1.2195,-0.2085,0,0,0,1
2026-02-24 20:56:17+05:30,2278.0,2,16.6736,1428.62,18.636,1,-1.1851,-1.1517,-0.0407,0.0888,0.1445,-0.7004,0.9273,0.267,-0.658,0.0,-0.9559,-0.042,-1.2061,-1.2195,-0.2085,0,0,0,1
2026-02-24 20:56:18+05:30,2279.0,2,16.6736,1428.65,18.636,1,-1.1851,-1.1517,0.0103,0.0888,0.1445,-0.6863,1.2935,0.267,-0.658,0.0,-0.9559,-0.042,-1.2061,-1.2195,-0.2092,0,0,0,1
2026-02-24 20:56:19+05:30,2280.0,2,16.6736,1428.67,18.637,1,-1.1851,-1.1517,0.0358,0.0888,0.1445,-0.6863,1.2935,0.267,-0.658,0.0,-0.9559,-0.042,-1.2061,-1.2195,-0.2092,0,0,0,1
2026-02-24 20:56:20+05:30,2281.0,2,16.6736,1428.69,18.637,1,-1.1851,-1.1517,0.0103,0.0888,0.1445,-0.6863,1.2935,0.267,-0.658,0.0,-0.9559,-0.042,-1.2061,-1.2195,-0.2092,0,0,0,1
2026-02-24 20:56:21+05:30,2282.0,2,16.6736,1428.71,18.637,1,-1.1851,-1.1517,-0.0407,0.0888,0.1445,-0.7004,0.9273,0.267,-0.658,0.0,-0.9559,-0.042,-1.2061,-1.2195,-0.2092,0,0,0,1
2026-02-24 20:56:22+05:30,2283.0,2,16.6736,1428.73,18.637,1,-1.1851,-1.1517,-0.0662,0.0888,0.1445,-0.7004,0.9273,0.267,-0.658,0.0,-0.9559,-0.042,-1.2061,-1.2195,-0.2092,0,0,0,1
2026-02-24 20:56:23+05:30,2284.0,2,16.6736,1428.75,18.638,1,-1.1851,-1.1517,-0.0382,0.0852,0.1445,-0.7004,0.9273,0.267,-0.658,0.0,-0.9559,-0.042,-1.2061,-1.2195,-0.2092,0,0,0,1
2026-02-24 20:56:24+05:30,2285.0,2,16.6736,1428.77,18.638,1,-1.1851,-1.1517,0.0103,0.0888,0.1445,-0.6863,1.2935,0.267,-0.658,0.0,-0.9559,-0.042,-1.2061,-1.2195,-0.2092,0,0,0,1
2026-02-24 20:56:25+05:30,2286.0,2,16.6736,1428.79,18.638,1,-1.1851,-1.1517,0.0281,0.096,0.1445,-0.6863,1.2935,0.267,-0.658,0.0,-0.9559,-0.042,-1.2061,-1.2195,-0.2092,0,0,0,1
2026-02-24 20:56:26+05:30,2287.0,2,16.6736,1428.81,18.639,1,-1.1851,-1.1517,0.023,0.0707,0.1445,-0.6863,1.2935,0.267,-0.658,0.0,-0.9559,-0.042,-1.2061,-1.2195,-0.2092,0,0,0,1
2026-02-24 20:56:27+05:30,2288.0,2,16.6736,1428.83,18.639,1,-1.1851,-1.1517,0.0205,0.0019,0.1445,-0.6863,1.2485,-0.1859,-0.658,0.0,-0.9559,-0.042,-1.2061,-1.2195,-0.2092,0,0,0,1
2026-02-24 20:56:28+05:30,2289.0,2,16.6736,1428.86,18.639,1,-1.1851,-1.1517,0.023,-0.038,0.1445,-0.6863,1.2485,-0.1859,-0.658,0.0,-0.9559,-0.042,-1.2061,-1.2195,-0.2092,0,0,0,1
2026-02-24 20:56:29+05:30,2290.0,2,16.6736,1428.88,18.639,1,-1.1851,-1.1517,0.023,0.0019,0.1445,-0.6863,1.2485,-0.1859,-0.658,0.0,-0.9559,-0.042,-1.2061,-1.2195,-0.2092,0,0,0,1
2026-02-24 20:56:30+05:30,2291.0,2,16.6736,1428.9,18.64,1,-1.1851,-1.1517,0.023,0.0707,0.1445,-0.6863,1.2935,0.267,-0.658,0.0,-0.9559,-0.042,-1.2061,-1.2195,-0.2092,0,0,0,1
2026-02-24 20:56:31+05:30,2292.0,2,16.6736,1428.92,18.64,1,-1.1851,-1.1517,0.023,0.096,0.1445,-0.6863,1.2935,0.267,-0.658,0.0,-0.9559,-0.042,-1.2061,-1.2195,-0.2092,0,0,0,1
2026-02-24 20:56:32+05:30,2293.0,2,16.6736,1428.94,18.64,1,-1.1851,-1.1517,0.023,0.0888,0.1445,-0.6863,1.2935,0.267,-0.658,0.0,-0.9559,-0.042,-1.2061,-1.2195,-0.2092,0,0,0,1
2026-02-24 20:56:33+05:30,2294.0,2,16.6736,1428.96,18.641,1,-1.1851,-1.1517,0.023,0.0852,0.1445,-0.6863,1.2935,0.267,-0.658,0.0,-0.9559,-0.042,-1.2061,-1.2195,-0.2092,0,0,0,1
2026-02-24 20:56:34+05:30,2295.0,2,16.6736,1428.98,18.641,1,-1.1851,-1.1517,0.023,0.0888,0.1445,-0.6863,1.2935,0.267,-0.658,0.0,-0.9559,-0.042,-1.2061,-1.2195,-0.2092,0,0,0,1
2026-02-24 20:56:35+05:30,2296.0,2,16.6736,1429.0,18.641,1,-1.1851,-1.1517,0.023,0.0888,0.1445,-0.6863,1.2935,0.267,-0.658,0.0,-0.9559,-0.042,-1.2061,-1.2195,-0.2092,0,0,0,1
2026-02-24 20:56:36+05:30,2297.0,2,16.6736,1429.02,18.641,1,-1.1851,-1.1517,0.0256,0.0888,0.1445,-0.6863,1.2935,0.267,-0.658,0.0,-0.9559,-0.042,-1.2061,-1.2195,-0.2092,0,0,0,1
2026-02-24 20:56:37+05:30,2298.0,2,16.6736,1429.05,18.642,1,-1.1851,-1.1517,0.0128,0.0888,0.1445,-0.6863,1.2935,0.267,-0.658,0.0,-0.9559,-0.042,-1.2061,-1.2195,-0.2092,0,0,0,1
2026-02-24 20:56:38+05:30,2299.0,2,16.6736,1429.07,18.642,1,-1.1851,-1.1517,-0.0305,0.0888,0.1445,-0.7004,0.9273,0.267,-0.658,0.0,-0.9559,-0.042,-1.2061,-1.2195,-0.2092,0,0,0,1
2026-02-24 20:56:39+05:30,2300.0,2,16.6736,1429.09,18.642,1,-1.1851,-1.1517,-0.0866,0.0924,0.1445,-0.7004,0.9273,0.267,-0.658,0.0,-0.9559,-0.042,-1.2061,-1.2195,-0.2092,0,0,0,1
2026-02-24 20:56:40+05:30,2301.0,2,16.6736,1429.11,18.642,1,-1.1851,-1.1517,-0.1172,0.0743,0.1445,-0.7146,0.2581,0.267,-0.658,0.0,-0.9559,-0.042,-1.2061,-1.2195,-0.2092,0,0,0,1
2026-02-24 20:56:41+05:30,2302.0,2,16.6736,1429.13,18.643,1,-1.1851,-1.1517,-0.0866,0.0127,0.1445,-0.6934,0.8852,-0.255,-0.658,0.0,-0.9559,-0.042,-1.2061,-1.2195,-0.2092,0,0,0,1
2026-02-24 20:56:42+05:30,2303.0,2,16.6736,1429.15,18.643,1,-1.1851,-1.1517,-0.0305,-0.067,0.1445,-0.6934,0.8852,-0.255,-0.658,0.0,-0.9559,-0.042,-1.2061,-1.2195,-0.2092,0,0,0,1
2026-02-24 20:56:43+05:30,2304.0,2,16.6736,1429.17,18.643,1,-1.1851,-1.1517,0.0128,-0.1104,0.1445,-0.6721,1.0861,-0.7283,-0.658,0.0,-0.9559,-0.042,-1.2061,-1.2195,-0.2092,0,0,0,1
2026-02-24 20:56:44+05:30,2305.0,2,16.6736,1429.19,18.644,1,-1.1851,-1.1517,0.0256,-0.067,0.1445,-0.6863,1.2485,-0.1859,-0.658,0.0,-0.9559,-0.042,-1.2061,-1.2195,-0.2092,0,0,0,1
2026-02-24 20:56:45+05:30,2306.0,2,16.6736,1429.21,18.644,1,-1.1851,-1.1517,0.023,0.0127,0.1445,-0.6863,1.2485,-0.1859,-0.658,0.0,-0.9559,-0.042,-1.2061,-1.2195,-0.2092,0,0,0,1
2026-02-24 20:56:46+05:30,2307.0,2,16.6736,1429.24,18.644,1,-1.1851,-1.1517,0.023,0.0743,0.1445,-0.6863,1.2935,0.267,-0.658,0.0,-0.9559,-0.042,-1.2061,-1.2195,-0.2092,0,0,0,1
2026-02-24 20:56:47+05:30,2308.0,2,16.6736,1429.26,18.644,1,-1.1851,-1.1517,0.023,0.0924,0.1445,-0.6863,1.2935,0.267,-0.658,0.0,-0.9559,-0.042,-1.2061,-1.2195,-0.2092,0,0,0,1
2026-02-24 20:56:48+05:30,2309.0,2,16.6736,1429.28,18.645,1,-1.1851,-1.1517,0.023,0.0888,0.1445,-0.6863,1.2935,0.267,-0.658,0.0,-0.9559,-0.042,-1.2061,-1.2195,-0.2092,0,0,0,1
2026-02-24 20:56:49+05:30,2310.0,2,16.6736,1429.3,18.645,1,-1.1851,-1.1517,0.023,0.0888,0.1445,-0.6863,1.2935,0.267,-0.658,0.0,-0.9559,-0.042,-1.2061,-1.2195,-0.2099,0,0,0,1
2026-02-24 20:56:50+05:30,2311.0,2,16.6736,1429.32,18.645,1,-1.1851,-1.1517,0.023,0.0888,0.1445,-0.6863,1.2935,0.267,-0.658,0.0,-0.9559,-0.042,-1.2061,-1.2195,-0.2099,0,0,0,1
2026-02-24 20:56:51+05:30,2312.0,2,16.6736,1429.34,18.646,1,-1.1851,-1.1517,0.023,0.0888,0.1445,-0.6863,1.2935,0.267,-0.658,0.0,-0.9559,-0.042,-1.2061,-1.2195,-0.2099,0,0,0,1
2026-02-24 20:56:52+05:30,2313.0,2,16.6736,1429.36,18.646,1,-1.1851,-1.1517,0.023,0.0888,0.1445,-0.6863,1.2935,0.267,-0.658,0.0,-0.9559,-0.042,-1.2061,-1.2195,-0.2099,0,0,0,1
2026-02-24 20:56:53+05:30,2314.0,2,16.6736,1429.38,18.646,1,-1.1851,-1.1517,0.023,0.0888,0.1445,-0.6863,1.2935,0.267,-0.658,0.0,-0.9559,-0.042,-1.2061,-1.2195,-0.2099,0,0,0,1
2026-02-24 20:56:54+05:30,2315.0,2,16.6736,1429.4,18.646,1,-1.1851,-1.1517,0.023,0.0888,0.1445,-0.6863,1.2935,0.267,-0.658,0.0,-0.9559,-0.042,-1.2061,-1.2195,-0.2099,0,0,0,1
2026-02-24 20:56:55+05:30,2316.0,2,16.6736,1429.42,18.647,1,-1.1851,-1.1517,0.0205,0.0888,0.1445,-0.6863,1.2935,0.267,-0.658,0.0,-0.9559,-0.042,-1.2061,-1.2195,-0.2099,0,0,0,1
2026-02-24 20:56:56+05:30,2317.0,2,16.6736,1429.45,18.647,1,-1.1851,-1.1517,0.023,0.0888,0.1445,-0.6863,1.2935,0.267,-0.658,0.0,-0.9559,-0.042,-1.2061,-1.2195,-0.2099,0,0,0,1
2026-02-24 20:56:57+05:30,2318.0,2,16.6736,1429.47,18.647,1,-1.1851,-1.1517,0.0281,0.0888,0.1445,-0.6863,1.2935,0.267,-0.658,0.0,-0.9559,-0.042,-1.2061,-1.2195,-0.2099,0,0,0,1
2026-02-24 20:56:58+05:30,2319.0,2,16.6736,1429.49,18.647,1,-1.1851,-1.1517,0.0103,0.0888,0.1445,-0.6863,1.2935,0.267,-0.658,0.0,-0.9559,-0.042,-1.2061,-1.2195,-0.2099,0,0,0,1
2026-02-24 20:56:59+05:30,2320.0,2,16.6736,1429.51,18.648,1,-1.1851,-1.1517,-0.0382,0.0888,0.1445,-0.7004,0.9273,0.267,-0.658,0.0,-0.9559,-0.042,-1.2061,-1.2195,-0.2099,0,0,0,1
2026-02-24 20:57:00+05:30,2321.0,2,16.6736,1429.53,18.648,1,-1.1851,-1.1517,-0.0662,0.0888,0.1445,-0.7004,0.9273,0.267,-0.658,0.0,-0.9559,-0.042,-1.2061,-1.2195,-0.2099,0,0,0,1
2026-02-24 20:57:01+05:30,2322.0,2,16.6736,1429.55,18.648,1,-1.1851,-1.1517,-0.0382,0.0888,0.1445,-0.7004,0.9273,0.267,-0.658,0.0,-0.9559,-0.042,-1.2061,-1.2195,-0.2099,0,0,0,1
2026-02-24 20:57:02+05:30,2323.0,2,16.6736,1429.57,18.649,1,-1.1851,-1.1517,0.0103,0.0852,0.1445,-0.6863,1.2935,0.267,-0.658,0.0,-0.9559,-0.042,-1.2061,-1.2195,-0.2099,0,0,0,1
2026-02-24 20:57:03+05:30,2324.0,2,16.6736,1429.59,18.649,1,-1.1851,-1.1517,0.0281,0.0888,0.1445,-0.6863,1.2935,0.267,-0.658,0.0,-0.9559,-0.042,-1.2061,-1.2195,-0.2099,0,0,0,1
2026-02-24 20:57:04+05:30,2325.0,2,16.6736,1429.61,18.649,1,-1.1851,-1.1517,0.023,0.096,0.1445,-0.6863,1.2935,0.267,-0.658,0.0,-0.9559,-0.042,-1.2061,-1.2195,-0.2099,0,0,0,1
2026-02-24 20:57:05+05:30,2326.0,2,16.6736,1429.64,18.649,1,-1.1851,-1.1517,0.0205,0.0707,0.1445,-0.6863,1.2935,0.267,-0.658,0.0,-0.9559,-0.042,-1.2061,-1.2195,-0.2099,0,0,0,1
2026-02-24 20:57:06+05:30,2327.0,2,16.6736,1429.66,18.65,1,-1.1851,-1.1517,0.023,0.0019,0.1445,-0.6863,1.2485,-0.1859,-0.658,0.0,-0.9559,-0.042,-1.2061,-1.2195,-0.2099,0,0,0,1
2026-02-24 20:57:07+05:30,2328.0,2,16.6736,1429.68,18.65,1,-1.1851,-1.1517,0.023,-0.038,0.1445,-0.6863,1.2485,-0.1859,-0.658,0.0,-0.9559,-0.042,-1.2061,-1.2195,-0.2099,0,0,0,1
2026-02-24 20:57:08+05:30,2329.0,2,16.6736,1429.7,18.65,1,-1.1851,-1.1517,0.023,0.0019,0.1445,-0.6863,1.2485,-0.1859,-0.658,0.0,-0.9559,-0.042,-1.2061,-1.2195,-0.2099,0,0,0,1
2026-02-24 20:57:09+05:30,2330.0,2,16.6736,1429.72,18.651,1,-1.1851,-1.1517,0.023,0.0707,0.1445,-0.6863,1.2935,0.267,-0.658,0.0,-0.9559,-0.042,-1.2061,-1.2195,-0.2099,0,0,0,1
2026-02-24 20:57:10+05:30,2331.0,2,16.6736,1429.74,18.651,1,-1.1851,-1.1517,0.023,0.0997,0.1445,-0.6863,1.2935,0.267,-0.658,0.0,-0.9559,-0.042,-1.2061,-1.2195,-0.2099,0,0,0,1
2026-02-24 20:57:11+05:30,2332.0,2,16.6736,1429.76,18.651,1,-1.1851,-1.1517,0.023,0.0888,0.1445,-0.6863,1.2935,0.267,-0.658,0.0,-0.9559,-0.042,-1.2061,-1.2195,-0.2099,0,0,0,1
2026-02-24 20:57:12+05:30,2333.0,2,16.6736,1429.78,18.651,1,-1.1851,-1.1517,0.023,0.0816,0.1445,-0.6863,1.2935,0.267,-0.658,0.0,-0.9559,-0.042,-1.2061,-1.2195,-0.2099,0,0,0,1
2026-02-24 20:57:13+05:30,2334.0,2,16.6736,1429.8,18.652,1,-1.1851,-1.1517,0.023,0.0924,0.1445,-0.6863,1.2935,0.267,-0.658,0.0,-0.9559,-0.042,-1.2061,-1.2195,-0.2099,0,0,0,1
2026-02-24 20:57:14+05:30,2335.0,2,16.6736,1429.82,18.652,1,-1.1851,-1.1517,0.023,0.0997,0.1445,-0.6863,1.2935,0.267,-0.658,0.0,-0.9559,-0.042,-1.2061,-1.2195,-0.2099,0,0,0,1
2026-02-24 20:57:15+05:30,2336.0,2,16.6736,1429.85,18.652,1,-1.1851,-1.1517,0.0205,0.0671,0.1445,-0.6863,1.2935,0.267,-0.658,0.0,-0.9559,-0.042,-1.2061,-1.2195,-0.2099,0,0,0,1
2026-02-24 20:57:16+05:30,2337.0,2,16.6736,1429.87,18.652,1,-1.1851,-1.1517,0.023,0.0019,0.1445,-0.6863,1.2485,-0.1859,-0.658,0.0,-0.9559,-0.042,-1.2061,-1.2195,-0.2099,0,0,0,1
2026-02-24 20:57:17+05:30,2338.0,2,16.6736,1429.89,18.653,1,-1.1851,-1.1517,0.0281,-0.0344,0.1445,-0.6863,1.2485,-0.1859,-0.658,0.0,-0.9559,-0.042,-1.2061,-1.2195,-0.2099,0,0,0,1
2026-02-24 20:57:18+05:30,2339.0,2,16.6736,1429.91,18.653,1,-1.1851,-1.1517,0.0103,-0.0162,0.1445,-0.6863,1.2485,-0.1859,-0.658,0.0,-0.9559,-0.042,-1.2061,-1.2195,-0.2099,0,0,0,1
2026-02-24 20:57:19+05:30,2340.0,2,16.6736,1429.93,18.653,1,-1.1851,-1.1517,-0.0331,-0.0054,0.1445,-0.6934,0.8852,-0.255,-0.658,0.0,-0.9559,-0.042,-1.2061,-1.2195,-0.2106,0,0,0,1
2026-02-24 20:57:20+05:30,2341.0,2,16.6736,1429.95,18.654,1,-1.1851,-1.1517,-0.079,-0.0633,0.1445,-0.6934,0.8852,-0.255,-0.658,0.0,-0.9559,-0.042,-1.2061,-1.2195,-0.2106,0,0,0,1
2026-02-24 20:57:21+05:30,2342.0,2,16.6736,1429.97,18.654,1,-1.1851,-1.1517,-0.1274,-0.1068,0.1445,-0.6934,0.1524,-1.0121,-0.658,0.0,-0.9559,-0.042,-1.2061,-1.2195,-0.2106,0,0,0,1
2026-02-24 20:57:22+05:30,2343.0,2,16.6736,1429.99,18.654,1,-1.1851,-1.1517,-0.1835,-0.0633,0.1445,-0.7075,0.2336,-0.3389,-0.658,0.0,-0.9559,-0.042,-1.2061,-1.2195,-0.2106,0,0,0,1
2026-02-24 20:57:23+05:30,2344.0,2,16.6736,1430.01,18.654,1,-1.1851,-1.1517,-0.2141,-0.0054,0.1445,-0.7146,-0.3528,-0.3643,-0.658,0.0,-0.9559,-0.042,-1.2061,-1.2195,-0.2106,0,0,0,1
2026-02-24 20:57:24+05:30,2345.0,2,16.6736,1430.04,18.655,1,-1.1851,-1.1517,-0.1606,-0.0126,0.1445,-0.7075,0.2336,-0.3389,-0.658,0.0,-0.9559,-0.042,-1.2061,-1.2195,-0.2106,0,0,0,1
2026-02-24 20:57:25+05:30,2346.0,2,16.6736,1430.06,18.655,1,-1.1851,-1.1517,-0.0535,-0.0307,0.1445,-0.6934,0.8852,-0.255,-0.658,0.0,-0.9559,-0.042,-1.2061,-1.2195,-0.2106,0,0,0,1
2026-02-24 20:57:26+05:30,2347.0,2,16.6736,1430.08,18.655,1,-1.1851,-1.1517,0.0205,-0.0126,0.1445,-0.6863,1.2485,-0.1859,-0.658,0.0,-0.9559,-0.042,-1.2061,-1.2195,-0.2106,0,0,0,1
2026-02-24 20:57:27+05:30,2348.0,2,16.6736,1430.1,18.656,1,-1.1851,-1.1517,0.0281,-0.009,0.1445,-0.6863,1.2485,-0.1859,-0.658,0.0,-0.9559,-0.042,-1.2061,-1.2195,-0.2106,0,0,0,1
2026-02-24 20:57:28+05:30,2349.0,2,16.6736,1430.12,18.656,1,-1.1851,-1.1517,0.0205,-0.0597,0.1445,-0.6863,1.2485,-0.1859,-0.658,0.0,-0.9559,-0.042,-1.2061,-1.2195,-0.2106,0,0,0,1
2026-02-24 20:57:29+05:30,2350.0,2,16.6736,1430.14,18.656,1,-1.1851,-1.1517,0.023,-0.1068,0.1445,-0.6721,1.0861,-0.7283,-0.658,0.0,-0.9559,-0.042,-1.2061,-1.2195,-0.2106,0,0,0,1
2026-02-24 20:57:30+05:30,2351.0,2,16.6736,1430.16,18.656,1,-1.1851,-1.1517,0.023,-0.0706,0.1445,-0.6863,1.2485,-0.1859,-0.658,0.0,-0.9559,-0.042,-1.2061,-1.2195,-0.2106,0,0,0,1
2026-02-24 20:57:31+05:30,2352.0,2,16.6736,1430.18,18.657,1,-1.1851,-1.1517,0.023,0.0127,0.1445,-0.6863,1.2485,-0.1859,-0.658,0.0,-0.9559,-0.042,-1.2061,-1.2195,-0.2106,0,0,0,1
2026-02-24 20:57:32+05:30,2353.0,2,16.6736,1430.2,18.657,1,-1.1851,-1.1517,0.023,0.0779,0.1445,-0.6863,1.2935,0.267,-0.658,0.0,-0.9559,-0.042,-1.2061,-1.2195,-0.2106,0,0,0,1
2026-02-24 20:57:33+05:30,2354.0,2,16.6736,1430.23,18.657,1,-1.1851,-1.1517,0.023,0.0924,0.1445,-0.6863,1.2935,0.267,-0.658,0.0,-0.9559,-0.042,-1.2061,-1.2195,-0.2106,0,0,0,1
2026-02-24 20:57:34+05:30,2355.0,2,16.6736,1430.25,18.657,1,-1.1851,-1.1517,0.0205,0.0816,0.1451,-0.6863,1.2935,0.267,-0.658,0.0,-0.9559,-0.042,-1.2061,-1.2195,-0.2106,0,0,0,1
2026-02-24 20:57:35+05:30,2356.0,2,16.6736,1430.27,18.658,1,-1.1851,-1.1517,0.0281,0.0924,0.1433,-0.6863,1.2935,0.267,-0.658,0.0,-0.9559,-0.042,-1.2061,-1.2195,-0.2106,0,0,0,1
2026-02-24 20:57:36+05:30,2357.0,2,16.6736,1430.29,18.658,1,-1.1851,-1.1517,0.0256,0.1178,0.1445,-0.6863,1.2935,0.267,-0.658,0.0,-0.9559,-0.042,-1.2061,-1.2195,-0.2106,0,0,0,1
2026-02-24 20:57:37+05:30,2358.0,2,16.6736,1430.31,18.658,1,-1.1851,-1.1517,-0.0637,0.1069,0.1481,-0.6934,0.8852,0.789,-0.658,0.0,-0.9559,-0.042,-1.2061,-1.2195,-0.2106,0,0,0,1
2026-02-24 20:57:38+05:30,2359.0,2,16.6736,1430.33,18.659,1,-1.1851,-1.1517,-0.2243,0.1323,0.1373,-0.7146,-0.3528,-0.3643,-0.5945,0.0,-0.9559,-0.042,-1.2061,-1.2195,-0.2106,0,0,0,1
2026-02-24 20:57:39+05:30,2360.0,2,16.6736,1430.35,18.659,1,-1.1851,-1.1517,-0.311,0.2699,0.1105,-0.6437,-0.6693,1.4039,-0.5945,0.0,-0.9559,-0.042,-1.2061,-1.2195,-0.2106,0,0,0,1
2026-02-24 20:57:40+05:30,2361.0,2,16.6736,1430.37,18.659,1,-1.1851,-1.1517,-0.2243,0.3786,0.095,-0.665,-0.3528,0.6453,-0.658,0.0,-0.9559,-0.042,-1.2061,-1.2195,-0.2106,0,0,0,1
2026-02-24 20:57:41+05:30,2362.0,2,16.6736,1430.39,18.659,1,-1.1851,-1.1517,-0.0637,0.2953,0.1105,-0.6367,0.362,1.3457,-0.5945,0.0,-0.9559,-0.042,-1.2061,-1.2195,-0.2106,0,0,0,1
2026-02-24 20:57:42+05:30,2363.0,2,16.6736,1430.41,18.66,1,-1.1851,-1.1517,0.0256,0.0816,0.1373,-0.6863,1.2485,-0.1859,-0.5945,0.0,-0.9559,-0.042,-1.2061,-1.2195,-0.2106,0,0,0,1
2026-02-24 20:57:43+05:30,2364.0,2,16.6736,1430.44,18.66,1,-1.1851,-1.1517,0.0281,-0.0488,0.1481,-0.6863,1.2485,-0.1859,-0.658,0.0,-0.9559,-0.042,-1.2061,-1.2195,-0.2106,0,0,0,1
2026-02-24 20:57:44+05:30,2365.0,2,16.6736,1430.46,18.66,1,-1.1851,-1.1517,0.0179,-0.0416,0.1451,-0.6863,1.2485,-0.1859,-0.658,0.0,-0.9559,-0.042,-1.2061,-1.2195,-0.2106,0,0,0,1
2026-02-24 20:57:45+05:30,2366.0,2,16.6736,1430.48,18.661,1,-1.1851,-1.1517,0.023,0.0127,0.1427,-0.6863,1.2485,-0.1859,-0.658,0.0,-0.9559,-0.042,-1.2061,-1.2195,-0.2106,0,0,0,1
2026-02-24 20:57:46+05:30,2367.0,2,16.6736,1430.5,18.661,1,-1.1851,-1.1517,0.0256,0.0743,0.1451,-0.6863,1.2935,0.267,-0.658,0.0,-0.9559,-0.042,-1.2061,-1.2195,-0.2106,0,0,0,1
2026-02-24 20:57:47+05:30,2368.0,2,16.6736,1430.52,18.661,1,-1.1851,-1.1517,0.0205,0.0816,0.1463,-0.6863,1.2935,0.267,-0.658,0.0,-0.9559,-0.042,-1.2061,-1.2195,-0.2106,0,0,0,1
2026-02-24 20:57:48+05:30,2369.0,2,16.6736,1430.54,18.661,1,-1.1851,-1.1517,0.0256,-0.0126,0.1427,-0.6863,1.2485,-0.1859,-0.658,0.0,-0.9559,-0.042,-1.2061,-1.2195,-0.2106,0,0,0,1
2026-02-24 20:57:49+05:30,2370.0,2,16.6736,1430.56,18.662,1,-1.1851,-1.1517,0.0281,-0.1611,0.1427,-0.6721,1.0861,-0.7283,-0.658,0.0,-0.9559,-0.042,-1.2061,-1.2195,-0.2106,0,0,0,1
2026-02-24 20:57:50+05:30,2371.0,2,16.6736,1430.58,18.662,1,-1.1851,-1.1517,0.0154,-0.2915,0.1522,-0.665,0.9372,-1.0658,-0.658,0.0,-0.9559,-0.042,-1.2061,-1.2195,-0.2113,0,0,0,1
2026-02-24 20:57:51+05:30,2372.0,2,16.6736,1430.6,18.662,1,-1.1851,-1.1517,0.0205,-0.3604,0.1356,-0.6508,0.7948,-1.3429,-0.4756,0.0,-0.9559,-0.042,-1.2061,-1.2195,-0.2113,0,0,0,1
2026-02-24 20:57:52+05:30,2373.0,2,16.6736,1430.63,18.662,1,-1.1851,-1.1517,0.0613,-0.3893,0.0313,-0.5445,0.2695,-0.5778,-0.2584,0.0,-0.9559,-0.042,-1.2061,-1.2195,-0.2113,0,0,0,1
2026-02-24 20:57:53+05:30,2374.0,2,16.6736,1430.65,18.663,1,-1.1851,-1.1517,0.1097,-0.3966,-0.1564,-0.3319,0.2135,-0.1783,-0.206,0.0,-0.9559,-0.042,-1.2061,-1.2195,-0.2113,0,0,0,1
2026-02-24 20:57:54+05:30,2375.0,2,16.6736,1430.67,18.663,1,-1.1851,-1.1216,0.2219,-0.2589,-0.3155,-0.1547,-0.044,0.0217,-0.4106,0.251,-0.9559,-0.042,-1.2061,-1.2195,-0.2113,0,0,0,1
2026-02-24 20:57:55+05:30,2376.0,3,16.6742,1430.83,18.665,0,-1.1172,-1.0621,0.4234,0.1069,-0.309,-0.1334,0.3434,0.267,-0.3472,0.6275,0.7074,-0.0919,-0.9936,-1.0014,-0.2113,1,0,0,0
2026-02-24 20:57:56+05:30,2377.0,3,16.6756,1431.05,18.668,0,-1.0153,-0.9816,0.533,0.4148,-0.1153,-0.3602,0.62,0.6276,-0.0459,0.753,0.3079,-0.1188,-0.8872,-0.8928,-0.2113,1,0,0,0
2026-02-24 20:57:57+05:30,2378.0,3,16.6778,1431.35,18.672,0,-0.9134,-0.8882,0.4055,0.3605,0.1451,-0.5729,2.0497,0.7833,-0.0538,0.753,0.2674,-0.1456,-0.7792,-0.7824,-0.212,1,0,0,0
2026-02-24 20:57:58+05:30,2379.0,3,16.6808,1431.68,18.676,0,-0.8115,-0.7862,0.1301,0.0997,0.3382,-0.6012,0.7257,0.267,-0.2758,0.753,0.2782,-0.1572,-0.7273,-0.7292,-0.212,1,0,0,0
2026-02-24 20:57:59+05:30,2380.0,3,16.6847,1432.04,18.681,0,-0.7096,-0.7111,-0.1555,-0.0271,0.4305,-0.5232,-0.1838,0.0923,-0.4946,0.502,0.213,-0.1648,-0.6858,-0.687,-0.2127,1,0,0,0
2026-02-24 20:58:00+05:30,2381.0,3,16.6889,1432.39,18.686,0,-0.6757,-0.6687,-0.3416,0.0779,0.4526,-0.4807,-0.4988,0.267,-0.5787,0.251,0.2402,-0.1648,-0.6903,-0.6919,-0.2127,1,0,0,0
2026-02-24 20:58:01+05:30,2382.0,3,16.6933,1432.75,18.691,0,-0.6417,-0.6527,-0.2702,0.3532,0.4133,-0.5445,-0.5387,0.7179,-0.4994,0.0,0.2021,-0.1687,-0.6809,-0.6822,-0.2134,0,1,0,0
2026-02-24 20:58:02+05:30,2383.0,3,16.6975,1433.11,18.695,0,-0.6757,-0.6562,0.0307,0.5778,0.3191,-0.587,0.4056,1.3026,-0.363,-0.1255,0.271,-0.1648,-0.6936,-0.6949,-0.2134,0,1,0,0
2026-02-24 20:58:03+05:30,2384.0,3,16.7017,1433.48,18.7,0,-0.6757,-0.6739,0.2066,0.4039,0.2148,-0.6225,1.9312,1.2614,-0.3995,-0.1255,0.2275,-0.1725,-0.6676,-0.6686,-0.2141,0,1,0,0
2026-02-24 20:58:04+05:30,2385.0,3,16.7056,1433.8,18.705,0,-0.7096,-0.6999,0.0511,-0.1394,0.1379,-0.7004,0.9372,-1.0658,-0.5168,-0.251,0.2426,-0.1572,-0.7338,-0.7358,-0.2148,0,0,1,0
2026-02-24 20:58:05+05:30,2386.0,3,16.7092,1434.11,18.709,0,-0.7436,-0.7164,-0.1759,-0.5052,0.0944,-0.5941,0.1934,-1.1973,-0.5501,-0.1255,0.2879,-0.1495,-0.7662,-0.7693,-0.2148,0,1,0,0
2026-02-24 20:58:06+05:30,2387.0,3,16.7128,1434.4,18.712,0,-0.7436,-0.7227,-0.2498,-0.4074,0.1087,-0.6225,-1.0154,-1.0658,-0.4867,0.0,0.2698,-0.1456,-0.7844,-0.7877,-0.2148,0,1,0,0
2026-02-24 20:58:07+05:30,2388.0,3,16.7164,1434.71,18.717,0,-0.7436,-0.7203,-0.2651,-0.172,0.191,-0.7146,1.2935,-1.434,-0.4407,0.0,0.2764,-0.1495,-0.763,-0.7657,-0.2155,0,1,0,0
2026-02-24 20:58:08+05:30,2389.0,3,16.72,1435.01,18.72,0,-0.7436,-0.716,-0.3263,-0.1285,0.2774,-0.6579,-2.065,-0.6065,-0.5232,0.1255,0.2891,-0.1456,-0.7802,-0.7833,-0.2155,0,1,0,0
2026-02-24 20:58:09+05:30,2390.0,3,16.7239,1435.33,18.725,0,-0.7096,-0.7121,-0.3773,-0.2046,0.2935,-0.6508,-0.0137,-0.5672,-0.547,0.0,0.2099,-0.1572,-0.7442,-0.7468,-0.2162,0,1,0,0
2026-02-24 20:58:10+05:30,2391.0,3,16.7275,1435.62,18.729,0,-0.7436,-0.7202,-0.3136,-0.1466,0.2297,-0.6934,-2.2812,-1.0121,-0.4439,-0.1255,0.277,-0.1456,-0.7844,-0.7877,-0.2162,0,1,0,0
2026-02-24 20:58:11+05:30,2392.0,3,16.7311,1435.93,18.733,0,-0.7436,-0.7385,-0.0841,0.1178,0.1415,-0.6863,1.2935,0.267,-0.4978,-0.1255,0.2244,-0.1533,-0.7584,-0.7613,-0.2169,0,1,0,0
2026-02-24 20:58:12+05:30,2393.0,3,16.7344,1436.23,18.737,0,-0.7776,-0.7502,0.1658,0.2916,0.1016,-0.6225,0.9372,0.9515,-0.6025,0.0,0.2867,-0.1495,-0.7831,-0.7864,-0.2169,0,1,0,0
2026-02-24 20:58:13+05:30,2394.0,3,16.7381,1436.56,18.741,0,-0.7436,-0.7445,0.2245,0.1142,0.1308,-0.6154,1.7318,0.267,-0.5787,0.1255,0.2075,-0.1648,-0.7172,-0.7191,-0.2176,0,1,0,0
2026-02-24 20:58:14+05:30,2395.0,3,16.7417,1436.9,18.745,0,-0.7436,-0.7195,0.1352,-0.1648,0.1636,-0.6721,1.5756,-0.692,-0.6025,0.251,0.2788,-0.1648,-0.7205,-0.7226,-0.2176,1,0,0,0
2026-02-24 20:58:15+05:30,2396.0,3,16.7458,1437.28,18.751,0,-0.6757,-0.684,0.0383,-0.2517,0.1469,-0.6721,1.0861,-1.2196,-0.6025,0.3765,0.2021,-0.1802,-0.6514,-0.6523,-0.2183,1,0,0,0
2026-02-24 20:58:16+05:30,2397.0,3,16.7503,1437.67,18.756,0,-0.6417,-0.6347,-0.1223,-0.3205,0.1469,-0.6579,0.4927,-1.0223,-0.5549,0.251,0.2444,-0.1879,-0.6254,-0.6259,-0.219,1,0,0,0
2026-02-24 20:58:17+05:30,2398.0,3,16.755,1438.07,18.761,0,-0.6077,-0.5968,-0.3263,-0.5089,0.2011,-0.6579,-1.1716,-2.289,-0.539,0.251,0.2565,-0.1879,-0.6261,-0.6263,-0.219,1,0,0,0
2026-02-24 20:58:18+05:30,2399.0,3,16.76,1438.48,18.766,0,-0.5738,-0.5771,-0.311,-0.5125,0.1856,-0.665,-0.3528,-3.1349,-0.3551,0.1255,0.2299,-0.1917,-0.6073,-0.6074,-0.2197,0,1,0,0
2026-02-24 20:58:19+05:30,2400.0,3,16.765,1438.89,18.772,0,-0.5738,-0.5666,-0.0586,-0.2662,0.0313,-0.5374,-0.171,-0.3677,-0.2758,0.1255,0.2516,-0.1955,-0.5959,-0.5956,-0.2197,0,1,0,0
2026-02-24 20:58:20+05:30,2401.0,3,16.7703,1439.36,18.778,0,-0.5398,-0.5403,0.0842,-0.2227,-0.101,-0.4311,0.3672,-0.0343,-0.4946,0.251,0.239,-0.2109,-0.5216,-0.5199,-0.2204,1,0,0,0
2026-02-24 20:58:21+05:30,2402.0,3,16.7758,1439.82,18.784,0,-0.5059,-0.5185,0.0358,-0.4618,-0.073,-0.3886,-0.0905,-0.3998,-0.4058,0.1255,0.2202,-0.2147,-0.5184,-0.5168,-0.2211,0,1,0,0
2026-02-24 20:58:22+05:30,2403.0,3,16.7814,1440.3,18.791,0,-0.5059,-0.4986,0.0766,-0.4328,0.0176,-0.58,0.6057,-0.7233,-0.4154,0.1255,0.2571,-0.2186,-0.5038,-0.5019,-0.2218,0,1,0,0
2026-02-24 20:58:23+05:30,2404.0,3,16.7872,1440.8,18.797,0,-0.4719,-0.4785,0.25,0.0526,0.0492,-0.5091,0.7853,0.0988,-0.5295,0.1255,0.2347,-0.2301,-0.4571,-0.4548,-0.2218,0,1,0,0
2026-02-24 20:58:24+05:30,2405.0,3,16.7931,1441.29,18.804,0,-0.4719,-0.4668,0.3086,0.3568,0.0754,-0.587,1.3081,1.0554,-0.4899,0.0,0.2553,-0.2262,-0.473,-0.4707,-0.2226,0,1,0,0
2026-02-24 20:58:25+05:30,2406.0,3,16.7989,1441.78,18.81,0,-0.4719,-0.4807,0.1837,0.049,0.1528,-0.6296,1.5452,-0.0347,-0.4534,-0.1255,0.2311,-0.2262,-0.4807,-0.4786,-0.2233,0,1,0,0
2026-02-24 20:58:26+05:30,2407.0,3,16.8044,1442.24,18.816,0,-0.5059,-0.5011,0.0307,-0.3241,0.2106,-0.6721,1.0861,-1.2196,-0.4946,-0.1255,0.2522,-0.2147,-0.5313,-0.53,-0.224,0,1,0,0
2026-02-24 20:58:27+05:30,2408.0,3,16.81,1442.7,18.822,0,-0.5059,-0.5166,0.0128,-0.0996,0.2005,-0.6863,1.3041,-0.8606,-0.547,0.0,0.2238,-0.2147,-0.5313,-0.53,-0.224,0,1,0,0
2026-02-24 20:58:28+05:30,2409.0,3,16.8156,1443.16,18.829,0,-0.5059,-0.5246,0.2219,0.4148,0.1719,-0.6437,1.8251,1.4187,-0.5771,-0.1255,0.2087,-0.2186,-0.5132,-0.5116,-0.2247,0,1,0,0
2026-02-24 20:58:29+05:30,2410.0,3,16.8208,1443.63,18.835,0,-0.5398,-0.5328,0.505,0.509,0.1689,-0.5445,1.8909,1.1118,-0.5501,-0.1255,0.2541,-0.2186,-0.5119,-0.5103,-0.2254,0,1,0,0
2026-02-24 20:58:30+05:30,2411.0,3,16.8261,1444.1,18.841,0,-0.5398,-0.5405,0.505,0.3025,0.2017,-0.5941,2.6131,0.5051,-0.5168,0.0,0.239,-0.2186,-0.5197,-0.5182,-0.2261,0,1,0,0
2026-02-24 20:58:31+05:30,2412.0,3,16.8314,1444.54,18.847,0,-0.5398,-0.5498,0.1097,0.3713,0.2643,-0.6367,1.6345,1.3457,-0.5168,0.0,0.2208,-0.2109,-0.5456,-0.5446,-0.2261,0,1,0,0
2026-02-24 20:58:32+05:30,2413.0,3,16.8367,1444.96,18.852,0,-0.5398,-0.5595,-0.2932,0.5959,0.3096,-0.6083,-0.951,1.4588,-0.5549,-0.1255,0.2015,-0.2032,-0.5897,-0.5894,-0.2268,0,1,0,0
2026-02-24 20:58:33+05:30,2414.0,3,16.8417,1445.36,18.858,0,-0.5738,-0.5775,-0.3824,0.4438,0.2845,-0.665,-0.7322,1.6598,-0.4709,-0.251,0.2287,-0.1955,-0.6222,-0.6224,-0.2275,0,0,1,0
2026-02-24 20:58:34+05:30,2415.0,3,16.8464,1445.74,18.863,0,-0.6077,-0.5961,-0.3034,-0.0561,0.1957,-0.7501,-1.6428,-1.0658,-0.4502,-0.1255,0.2577,-0.1879,-0.6546,-0.6558,-0.2275,0,1,0,0
2026-02-24 20:58:35+05:30,2416.0,3,16.8511,1446.12,18.868,0,-0.6077,-0.6152,-0.1453,-0.3024,0.1081,-0.6508,-0.0137,-1.406,-0.4994,0.0,0.216,-0.1879,-0.6468,-0.6474,-0.2282,0,1,0,0
2026-02-24 20:58:36+05:30,2417.0,3,16.8558,1446.53,18.873,0,-0.6077,-0.6094,0.1505,-0.0887,0.0837,-0.5941,0.718,0.022,-0.5771,0.0,0.2287,-0.1994,-0.6092,-0.6092,-0.2282,0,1,0,0
2026-02-24 20:58:37+05:30,2418.0,3,16.8606,1446.97,18.879,0,-0.6077,-0.5917,0.3265,0.1178,0.0885,-0.5445,1.6034,0.267,-0.631,0.251,0.2674,-0.2109,-0.5586,-0.5577,-0.2289,1,0,0,0
2026-02-24 20:58:38+05:30,2419.0,3,16.8658,1447.43,18.885,0,-0.5398,-0.5572,0.1199,-0.0416,0.0432,-0.6154,0.2614,-0.0018,-0.631,0.3765,0.2063,-0.2186,-0.5265,-0.5252,-0.2296,1,0,0,0
2026-02-24 20:58:39+05:30,2420.0,3,16.8714,1447.92,18.892,0,-0.5059,-0.5012,-0.1835,-0.3531,0.0736,-0.587,0.4056,-0.7687,-0.2647,0.502,0.2522,-0.2339,-0.4668,-0.4645,-0.2303,1,0,0,0
2026-02-24 20:58:40+05:30,2421.0,3,16.8778,1448.47,18.899,0,-0.404,-0.4279,-0.1631,-0.5342,0.3662,-0.5941,-0.899,-1.1973,0.2459,0.502,0.213,-0.2493,-0.399,-0.3959,-0.2303,1,0,0,0
2026-02-24 20:58:41+05:30,2422.0,3,16.8844,1449.05,18.907,0,-0.37,-0.3791,0.1174,-0.5704,0.6737,-0.1192,0.163,-0.125,-0.1014,0.251,0.2396,-0.2685,-0.3286,-0.3247,-0.231,1,0,0,0
2026-02-24 20:58:42+05:30,2423.0,3,16.8914,1449.64,18.915,0,-0.336,-0.3494,0.431,-0.5342,0.5581,-0.3815,0.3924,-0.503,0.0001,0.251,0.2359,-0.2685,-0.3237,-0.3199,-0.2317,1,0,0,0
2026-02-24 20:58:43+05:30,2424.0,3,16.8986,1450.28,18.923,0,-0.3021,-0.3403,0.8161,-0.5161,0.1797,-0.4665,2.2465,-0.3609,0.0001,0.0,0.2033,-0.2877,-0.2478,-0.2429,-0.2324,0,1,0,0
2026-02-24 20:58:44+05:30,2425.0,3,16.9056,1450.91,18.931,0,-0.336,-0.3429,1.1374,-0.5958,0.104,-0.3106,1.5789,-0.4973,-0.1315,-0.1255,0.2456,-0.2877,-0.2575,-0.253,-0.2331,0,1,0,0
2026-02-24 20:58:45+05:30,2426.0,3,16.9125,1451.54,18.94,0,-0.336,-0.3586,1.0481,-0.6791,0.3245,-0.3248,1.659,-0.3087,-0.103,-0.1255,0.2226,-0.2877,-0.2575,-0.253,-0.2338,0,1,0,0
2026-02-24 20:58:46+05:30,2427.0,3,16.9192,1452.12,18.947,0,-0.37,-0.3754,0.658,-0.5922,0.331,-0.4807,1.277,-0.9626,-0.1934,-0.1255,0.2456,-0.2646,-0.3497,-0.3462,-0.2345,0,1,0,0
2026-02-24 20:58:47+05:30,2428.0,3,16.9258,1452.68,18.955,0,-0.37,-0.3886,0.3341,-0.4038,0.0927,-0.5232,1.3707,-0.3284,-0.2441,0.0,0.225,-0.2646,-0.3575,-0.3541,-0.2352,0,1,0,0
2026-02-24 20:58:48+05:30,2429.0,3,16.9325,1453.22,18.962,0,-0.37,-0.3975,0.046,-0.4183,0.0372,-0.5516,0.0997,-0.9184,-0.4534,-0.1255,0.2111,-0.2531,-0.4094,-0.4065,-0.2359,0,1,0,0
2026-02-24 20:58:49+05:30,2430.0,3,16.9389,1453.72,18.969,0,-0.404,-0.4151,-0.3289,-0.6429,0.1785,-0.665,-0.3528,-2.7565,-0.4376,-0.251,0.2335,-0.2416,-0.46,-0.4579,-0.2366,0,0,1,0
2026-02-24 20:58:50+05:30,2431.0,3,16.945,1454.2,18.975,0,-0.4379,-0.4358,-0.5737,-0.6212,0.1797,-0.58,-1.6786,-1.7405,-0.4756,-0.1255,0.2529,-0.2339,-0.4924,-0.4909,-0.2366,0,1,0,0
2026-02-24 20:58:51+05:30,2432.0,3,16.9511,1454.68,18.982,0,-0.4379,-0.4549,-0.5431,-0.1177,0.0748,-0.6083,-1.206,0.0092,-0.4756,-0.1255,0.2202,-0.2339,-0.4924,-0.4909,-0.2373,0,1,0,0
2026-02-24 20:58:52+05:30,2433.0,3,16.9569,1455.14,18.988,0,-0.4719,-0.4729,-0.4028,0.4039,0.1987,-0.7146,-1.911,1.8768,0.0556,-0.1255,0.2444,-0.2262,-0.5249,-0.5239,-0.238,0,1,0,0
2026-02-24 20:58:53+05:30,2434.0,3,16.9628,1455.61,18.994,0,-0.4719,-0.489,-0.232,0.4184,0.5622,-0.3319,-0.3528,0.6079,0.2427,-0.1255,0.216,-0.2262,-0.5249,-0.5239,-0.2387,0,1,0,0
2026-02-24 20:58:54+05:30,2435.0,3,16.9683,1456.06,19.0,0,-0.5059,-0.5045,0.0536,0.1504,0.8584,-0.0058,-0.1629,0.3259,-0.1315,-0.1255,0.2462,-0.2262,-0.5313,-0.5305,-0.2387,0,1,0,0
2026-02-24 20:58:55+05:30,2436.0,3,16.9739,1456.53,19.006,0,-0.5059,-0.5226,0.2474,0.154,0.9752,0.1288,-0.0254,0.2163,-0.3392,-0.1255,0.2124,-0.2339,-0.5054,-0.5041,-0.2394,0,1,0,0
2026-02-24 20:58:56+05:30,2437.0,3,16.9792,1456.98,19.012,0,-0.5398,-0.5332,0.1633,0.3206,1.0759,0.2919,-0.1172,0.4529,-0.4027,-0.1255,0.2529,-0.2224,-0.5456,-0.545,-0.2401,0,1,0,0
2026-02-24 20:58:57+05:30,2438.0,3,16.9844,1457.42,19.018,0,-0.5398,-0.5447,0.1352,0.1902,1.1838,0.3344,-0.2204,0.2258,-0.5533,0.0,0.2305,-0.2186,-0.5638,-0.5635,-0.2401,0,1,0,0
2026-02-24 20:58:58+05:30,2439.0,3,16.9897,1457.89,19.024,0,-0.5398,-0.5453,0.4693,-0.0814,1.0229,0.2706,0.1162,0.267,0.4409,0.0,0.2293,-0.2339,-0.4992,-0.4979,-0.2408,0,1,0,0
2026-02-24 20:58:59+05:30,2440.0,3,16.995,1458.38,19.031,0,-0.5398,-0.5352,0.8518,-0.0959,0.4216,-0.4311,1.3967,-0.1696,1.2053,0.1255,0.2492,-0.2378,-0.4843,-0.4826,-0.2415,0,1,0,0
2026-02-24 20:59:00+05:30,2441.0,3,17.0006,1458.91,19.038,0,-0.5059,-0.5263,0.8875,0.0019,-0.3388,-0.0554,0.7096,0.3301,0.9547,0.1255,0.2057,-0.257,-0.4181,-0.4157,-0.2422,0,1,0,0
2026-02-24 20:59:01+05:30,2442.0,3,17.0061,1459.41,19.044,0,-0.5059,-0.5161,0.6911,-0.0018,-0.8102,0.4407,0.013,0.1793,0.1412,0.1255,0.2244,-0.2454,-0.4648,-0.4632,-0.2422,0,1,0,0
2026-02-24 20:59:02+05:30,2443.0,3,17.0119,1459.94,19.051,0,-0.4719,-0.4972,0.584,0.0888,-0.8721,0.5399,0.0653,0.3017,-0.4201,0.1255,0.2015,-0.257,-0.4172,-0.4148,-0.2429,0,1,0,0
2026-02-24 20:59:03+05:30,2444.0,3,17.0178,1460.45,19.058,0,-0.4719,-0.4928,0.6197,0.4257,-0.741,0.3202,0.0525,0.3641,-0.3519,0.0,0.2093,-0.2493,-0.4441,-0.4421,-0.2436,0,1,0,0
2026-02-24 20:59:04+05:30,2445.0,3,17.0236,1460.98,19.065,0,-0.4719,-0.4912,0.6503,0.8314,-0.6308,0.299,0.1579,0.5932,-0.4693,0.0,0.2124,-0.257,-0.422,-0.4197,-0.2443,0,1,0,0
2026-02-24 20:59:05+05:30,2446.0,3,17.0294,1461.49,19.072,0,-0.4719,-0.4793,0.5866,1.0161,-0.604,0.1714,0.1155,0.6366,-0.5168,0.0,0.2335,-0.2531,-0.4392,-0.4373,-0.245,0,1,0,0
2026-02-24 20:59:06+05:30,2447.0,3,17.0353,1462.01,19.079,0,-0.4719,-0.4759,0.4591,0.6647,-0.6308,0.2564,0.0778,0.518,-0.5549,0.0,0.2396,-0.2531,-0.4418,-0.4399,-0.2457,0,1,0,0
2026-02-24 20:59:07+05:30,2448.0,3,17.0411,1462.5,19.085,0,-0.4719,-0.4686,0.3316,-0.2263,-0.6183,0.1926,-0.0945,0.1574,-0.4693,0.1255,0.2522,-0.2454,-0.4697,-0.468,-0.2457,0,1,0,0
2026-02-24 20:59:08+05:30,2449.0,3,17.0472,1463.04,19.092,0,-0.4379,-0.4538,0.2551,-0.882,-0.5033,0.1147,0.0975,-0.2512,-0.2806,0.1255,0.222,-0.2608,-0.4113,-0.4087,-0.2464,0,1,0,0
2026-02-24 20:59:09+05:30,2450.0,3,17.0533,1463.54,19.099,0,-0.4379,-0.4463,0.2755,-0.5994,-0.3459,-0.1334,-0.1249,-0.1348,-0.2806,0.0,0.2347,-0.2493,-0.4632,-0.4614,-0.2471,0,1,0,0
2026-02-24 20:59:10+05:30,2451.0,3,17.0594,1464.07,19.106,0,-0.4379,-0.447,0.2959,0.1178,-0.219,-0.2256,0.4645,0.267,-0.3392,0.0,0.2335,-0.2608,-0.4146,-0.4122,-0.2478,0,1,0,0
2026-02-24 20:59:11+05:30,2452.0,3,17.0656,1464.56,19.113,0,-0.4379,-0.4465,0.1148,0.2916,-0.1016,-0.424,-0.0642,0.5652,-0.3392,0.0,0.2347,-0.2493,-0.4736,-0.472,-0.2485,0,1,0,0
2026-02-24 20:59:12+05:30,2453.0,3,17.0717,1465.05,19.119,0,-0.4379,-0.446,-0.1529,-0.0959,0.0194,-0.5445,0.076,-0.176,-0.3963,0.0,0.2353,-0.2493,-0.4743,-0.4729,-0.2485,0,1,0,0
2026-02-24 20:59:13+05:30,2454.0,3,17.0778,1465.53,19.126,0,-0.4379,-0.4555,-0.1759,-0.335,0.0843,-0.6437,-0.3528,-0.8847,-0.5295,0.0,0.2196,-0.2454,-0.4924,-0.4913,-0.2492,0,1,0,0
2026-02-24 20:59:14+05:30,2455.0,3,17.0839,1466.03,19.132,0,-0.4379,-0.4655,0.0001,-0.0887,0.0825,-0.6012,0.4733,-0.3223,-0.6025,-0.1255,0.2027,-0.2493,-0.4665,-0.465,-0.2499,0,1,0,0
2026-02-24 20:59:15+05:30,2456.0,3,17.0897,1466.5,19.138,0,-0.4719,-0.4752,-0.0356,0.3387,0.095,-0.6367,0.362,1.3457,-0.5787,-0.1255,0.2408,-0.2416,-0.5067,-0.5059,-0.2506,0,1,0,0
2026-02-24 20:59:16+05:30,2457.0,3,17.0956,1466.96,19.145,0,-0.4719,-0.4929,-0.385,0.4981,0.1344,-0.6792,-0.7732,1.3132,-0.6215,-0.1255,0.2093,-0.2378,-0.5249,-0.5243,-0.2506,0,1,0,0
2026-02-24 20:59:17+05:30,2458.0,3,17.1011,1467.4,19.15,0,-0.5059,-0.5137,-0.6604,0.2627,0.0921,-0.5729,-2.1597,0.9953,-0.3361,-0.251,0.2287,-0.2301,-0.5573,-0.5569,-0.2513,0,0,1,0
2026-02-24 20:59:18+05:30,2459.0,3,17.1064,1467.82,19.156,0,-0.5398,-0.5335,-0.6731,-0.0054,-0.0855,-0.424,-0.7626,-0.0286,-0.1347,-0.1255,0.2529,-0.2224,-0.5897,-0.5898,-0.252,0,1,0,0
2026-02-24 20:59:19+05:30,2460.0,3,17.1117,1468.24,19.161,0,-0.5398,-0.5472,-0.5966,0.0381,-0.2965,-0.183,-0.8485,0.267,-0.2045,0.0,0.2257,-0.2224,-0.5897,-0.5898,-0.252,0,1,0,0
2026-02-24 20:59:20+05:30,2461.0,3,17.1169,1468.66,19.167,0,-0.5398,-0.5528,-0.4003,0.1468,-0.4252,-0.0271,-0.4117,0.3278,-0.4058,0.0,0.2148,-0.2262,-0.5897,-0.5903,-0.2527,0,1,0,0
2026-02-24 20:59:21+05:30,2462.0,3,17.1222,1469.1,19.173,0,-0.5398,-0.555,0.0766,0.0526,-0.4782,0.0154,-0.1677,0.2099,-0.5549,0.0,0.2105,-0.2301,-0.5625,-0.5621,-0.2534,0,1,0,0
2026-02-24 20:59:22+05:30,2463.0,3,17.1275,1469.57,19.179,0,-0.5398,-0.5505,0.5305,0.0236,-0.5092,0.0934,0.1608,0.267,-0.5945,0.0,0.219,-0.2454,-0.507,-0.5063,-0.2534,0,1,0,0
2026-02-24 20:59:23+05:30,2464.0,3,17.1328,1470.03,19.185,0,-0.5398,-0.5453,0.4081,0.1938,-0.5068,0.0863,0.1111,0.267,-0.566,0.0,0.2293,-0.2416,-0.5151,-0.5142,-0.2541,0,1,0,0
2026-02-24 20:59:24+05:30,2465.0,3,17.1381,1470.45,19.191,0,-0.5398,-0.5415,-0.2549,0.2699,-0.4532,-0.0058,-0.4099,0.4631,-0.4994,0.0,0.2371,-0.2262,-0.5884,-0.589,-0.2548,0,1,0,0
2026-02-24 20:59:25+05:30,2466.0,3,17.1433,1470.87,19.196,0,-0.5398,-0.5426,-0.7063,0.3025,-0.396,-0.0696,-0.7059,0.267,-0.5501,0.0,0.2347,-0.2262,-0.5884,-0.589,-0.2548,0,1,0,0
2026-02-24 20:59:26+05:30,2467.0,3,17.1486,1471.29,19.202,0,-0.5398,-0.5392,-0.4334,0.7191,-0.368,-0.0767,-0.5624,0.7686,-0.5771,0.0,0.2414,-0.2262,-0.5865,-0.5868,-0.2555,0,1,0,0
2026-02-24 20:59:27+05:30,2468.0,3,17.1539,1471.75,19.208,0,-0.5398,-0.5362,0.2041,1.3022,-0.3352,-0.1051,0.0869,0.8838,-0.5232,0.0,0.2474,-0.2416,-0.5336,-0.5331,-0.2562,0,1,0,0
2026-02-24 20:59:28+05:30,2469.0,3,17.1592,1472.22,19.214,0,-0.5398,-0.5309,0.5254,1.237,-0.2715,-0.1263,0.2618,1.2252,-0.5232,0.1255,0.2577,-0.2454,-0.5145,-0.5138,-0.2562,0,1,0,0
2026-02-24 20:59:29+05:30,2470.0,3,17.1647,1472.7,19.221,0,-0.5059,-0.5258,0.2984,0.3931,-0.2297,-0.2397,0.287,0.267,-0.547,0.1255,0.2063,-0.2531,-0.4924,-0.4913,-0.2569,0,1,0,0
2026-02-24 20:59:30+05:30,2471.0,3,17.1703,1473.14,19.227,0,-0.5059,-0.5207,-0.1223,-0.5089,-0.3132,-0.1618,-0.2811,0.0194,-0.214,0.0,0.216,-0.2378,-0.5482,-0.5481,-0.2576,0,1,0,0
2026-02-24 20:59:31+05:30,2472.0,3,17.1758,1473.58,19.232,0,-0.5059,-0.5235,-0.2396,-0.853,-0.5623,0.1359,-0.3528,-0.2354,0.1064,-0.1255,0.2105,-0.2378,-0.5573,-0.5573,-0.2583,0,1,0,0
2026-02-24 20:59:32+05:30,2473.0,3,17.1811,1474.02,19.238,0,-0.5398,-0.5344,0.0332,-0.6067,-0.8715,0.5187,-0.239,0.0666,0.035,-0.1255,0.251,-0.2339,-0.5638,-0.5639,-0.2583,0,1,0,0
2026-02-24 20:59:33+05:30,2474.0,3,17.1864,1474.47,19.244,0,-0.5398,-0.5487,0.3188,-0.1974,-1.0795,0.7313,-0.1275,0.166,-0.3012,-0.1255,0.2226,-0.2454,-0.5301,-0.5296,-0.259,0,1,0,0
2026-02-24 20:59:34+05:30,2475.0,3,17.1914,1475.97,19.264,0,-0.5738,-0.5649,0.329,-0.1466,-1.1337,0.8306,-0.1688,0.2386,-0.5438,-0.251,0.2547,-0.6369,1.1167,1.1189,-0.2604,0,0,1,0
2026-02-24 20:59:35+05:30,2476.0,3,17.1961,1477.45,19.284,0,-0.6077,2.8356,0.2219,-0.469,-1.1045,0.7668,-0.1611,0.0689,-0.5438,-0.1255,7.7558,-0.6293,1.081,1.0838,-0.2626,0,1,0,0
2026-02-24 20:59:36+05:30,2477.0,3,17.2008,1477.86,19.29,0,-0.6077,2.813,0.3265,-0.7008,-1.0545,0.7384,-0.1571,0.0954,-0.5168,-0.1255,7.7063,-0.2301,-0.6027,-0.6035,-0.2626,0,1,0,0
2026-02-24 20:59:37+05:30,2478.0,3,17.2053,1478.28,19.295,0,-0.6417,2.7872,0.6937,-0.5813,-0.9895,0.6675,0.028,0.0232,-0.4756,-0.251,8.188,-0.2339,-0.591,-0.5916,-0.2633,0,0,1,0
2026-02-24 20:59:38+05:30,2479.0,3,17.2094,1478.69,19.301,0,-0.6757,2.7651,0.9563,-0.2988,-0.9293,0.6037,0.1553,0.1895,-0.5501,-0.1255,8.7428,-0.2339,-0.5975,-0.5982,-0.264,0,1,0,0
2026-02-24 20:59:39+05:30,2480.0,3,17.2136,1479.09,19.306,0,-0.6757,2.7408,0.8059,-0.1974,-0.9133,0.5683,0.0884,0.154,-0.6104,-0.1255,8.6824,-0.2301,-0.6157,-0.6167,-0.264,0,1,0,0
2026-02-24 20:59:40+05:30,2481.0,3,17.2175,1479.45,19.311,0,-0.7096,-0.7045,0.4234,-0.3966,-0.9365,0.5967,-0.062,0.1226,-0.6025,-0.251,0.2305,-0.2147,-0.6819,-0.6839,-0.2647,0,0,1,0
2026-02-24 20:59:41+05:30,2482.0,3,17.2211,1479.77,19.315,0,-0.7436,-0.7261,0.1658,-0.6791,-0.9579,0.5896,-0.2127,0.044,-0.631,-0.1255,0.2601,-0.1955,-0.7507,-0.7539,-0.2647,0,1,0,0
2026-02-24 20:59:42+05:30,2483.0,3,17.2247,1480.08,19.319,0,-0.7436,-0.7361,0.0205,-0.6791,-0.9162,0.5754,-0.2105,0.0065,-0.2774,0.0,0.2311,-0.1955,-0.7507,-0.7539,-0.2654,0,1,0,0
2026-02-24 20:59:43+05:30,2484.0,3,17.2283,1480.38,19.323,0,-0.7436,-0.7397,-0.1835,-0.3096,-0.7053,0.2777,-0.3528,0.123,0.2253,0.0,0.2214,-0.1917,-0.7828,-0.7868,-0.2654,0,1,0,0
2026-02-24 20:59:44+05:30,2485.0,3,17.2319,1480.68,19.327,0,-0.7436,-0.7328,-0.3238,0.0707,-0.2518,-0.2185,-0.4315,0.267,0.6962,0.1255,0.2408,-0.1955,-0.7669,-0.7706,-0.2661,0,1,0,0
2026-02-24 20:59:45+05:30,2486.0,3,17.2358,1481.02,19.332,0,-0.7096,-0.7045,-0.2957,0.1359,0.3096,-0.6437,-0.6649,0.267,0.6233,0.251,0.2305,-0.2071,-0.7176,-0.7204,-0.2661,1,0,0,0
2026-02-24 20:59:46+05:30,2487.0,3,17.24,1481.38,19.336,0,-0.6757,-0.6637,-0.3212,-0.067,0.6832,-0.2185,-0.4315,0.1857,-0.057,0.251,0.2522,-0.2147,-0.6799,-0.6822,-0.2668,1,0,0,0
2026-02-24 20:59:47+05:30,2488.0,3,17.2444,1481.76,19.341,0,-0.6417,-0.6249,-0.5074,-0.2626,0.7374,-0.1405,-0.5833,0.0288,-0.5232,0.251,0.2674,-0.2224,-0.6553,-0.6571,-0.2668,1,0,0,0
2026-02-24 20:59:48+05:30,2489.0,3,17.2492,1482.14,19.347,0,-0.6077,-0.6,-0.5966,-0.23,0.6463,-0.2468,-0.8281,-0.0203,-0.4867,0.251,0.2492,-0.2262,-0.6352,-0.6365,-0.2675,1,0,0,0
2026-02-24 20:59:49+05:30,2490.0,3,17.2542,1482.55,19.352,0,-0.5738,-0.5858,-0.4793,-0.0018,0.6206,-0.2893,-0.5617,0.267,-0.5771,0.1255,0.2118,-0.2301,-0.6144,-0.6153,-0.2682,0,1,0,0
2026-02-24 20:59:50+05:30,2491.0,3,17.2592,1482.95,19.357,0,-0.5738,-0.5846,-0.2906,0.212,0.6749,-0.2185,-0.4315,0.267,-0.5232,0.0,0.2142,-0.2301,-0.6222,-0.6233,-0.2682,0,1,0,0
2026-02-24 20:59:51+05:30,2492.0,3,17.2642,1483.35,19.363,0,-0.5738,-0.5866,-0.028,0.3098,0.7255,-0.1618,-0.1856,0.5142,-0.5771,0.0,0.2099,-0.2339,-0.604,-0.6048,-0.2689,0,1,0,0
2026-02-24 20:59:52+05:30,2493.0,3,17.2692,1483.79,19.368,0,-0.5738,-0.5904,0.2602,0.3424,0.7458,-0.1334,0.1052,0.3373,-0.631,0.0,0.2021,-0.2454,-0.569,-0.5692,-0.2696,0,1,0,0
2026-02-24 20:59:53+05:30,2494.0,3,17.2742,1484.22,19.374,0,-0.5738,-0.5843,0.1913,0.3279,0.7315,-0.1334,0.0361,0.5025,-0.539,0.0,0.2148,-0.2454,-0.5693,-0.5696,-0.2696,0,1,0,0
2026-02-24 20:59:54+05:30,2495.0,3,17.2792,1484.62,19.379,0,-0.5738,-0.573,-0.3059,0.183,0.6689,-0.2397,-0.4344,0.267,-0.436,0.0,0.2383,-0.2339,-0.6141,-0.6153,-0.2703,0,1,0,0
2026-02-24 20:59:55+05:30,2496.0,3,17.2842,1485.02,19.385,0,-0.5738,-0.5679,-0.6604,-0.0923,0.5736,-0.3319,-0.9133,0.166,-0.4043,0.0,0.2486,-0.2339,-0.6222,-0.6233,-0.271,0,1,0,0
2026-02-24 20:59:56+05:30,2497.0,3,17.2892,1485.42,19.39,0,-0.5738,-0.5859,-0.5278,-0.3205,0.4693,-0.4382,-0.9202,-0.3193,-0.3646,-0.1255,0.2118,-0.2339,-0.6222,-0.6233,-0.271,0,1,0,0
2026-02-24 20:59:57+05:30,2498.0,3,17.2939,1485.79,19.395,0,-0.6077,-0.6143,-0.3697,-0.3278,0.3578,-0.5941,-0.5855,-0.5517,-0.3789,-0.1255,0.2184,-0.2262,-0.6546,-0.6562,-0.2717,0,1,0,0
2026-02-24 20:59:58+05:30,2499.0,3,17.2986,1486.17,19.4,0,-0.6077,-0.6201,-0.4946,-0.1177,0.2559,-0.6721,-1.7917,-0.7283,-0.436,0.0,0.2057,-0.2262,-0.6546,-0.6562,-0.2717,0,1,0,0
2026-02-24 20:59:59+05:30,2500.0,3,17.3033,1486.55,19.405,0,-0.6077,-0.6197,-0.4538,0.1612,0.1975,-0.6863,-2.9844,0.7459,-0.5438,0.0,0.2063,-0.2262,-0.6491,-0.651,-0.2724,0,1,0,0
2026-02-24 21:00:00+05:30,2501.0,3,17.3081,1486.96,19.41,0,-0.6077,-0.6092,-0.0458,0.3641,0.1826,-0.6792,1.8697,1.3261,-0.6342,0.1255,0.2293,-0.2378,-0.605,-0.6061,-0.2731,0,1,0,0
2026-02-24 21:00:01+05:30,2502.0,3,17.3131,1487.39,19.416,0,-0.5738,-0.5877,0.1531,0.4365,0.1779,-0.6792,1.1768,1.8473,-0.631,0.251,0.2081,-0.2454,-0.5716,-0.5718,-0.2731,1,0,0,0
2026-02-24 21:00:02+05:30,2503.0,3,17.3183,1487.82,19.422,0,-0.5398,-0.5595,-0.1861,0.3894,0.1749,-0.7004,0.9854,1.8893,-0.6389,-2.2591,0.2015,-0.2454,-0.5716,-0.5718,-0.2738,0,0,1,0
2026-02-24 21:00:04+05:30,2505.0,3,17.3183,1487.86,19.422,1,-1.1851,-1.1517,-0.5609,0.2627,0.1856,-0.6508,-2.9887,0.846,-0.6183,-2.3846,-0.9559,-0.0957,-1.2061,-1.2195,-0.2738,0,0,0,1
2026-02-24 21:00:06+05:30,2507.0,3,17.3183,1487.9,19.423,1,-1.1851,-1.1517,-0.4666,0.183,0.2023,-0.7359,-2.6734,1.2713,-0.631,0.0,-0.9559,-0.0957,-1.2061,-1.2195,-0.2738,0,0,0,1
2026-02-24 21:00:08+05:30,2509.0,3,17.3183,1487.95,19.424,1,-1.1851,-1.1517,-0.056,0.2446,0.2083,-0.7359,1.9677,1.2713,-0.658,0.0,-0.9559,-0.0957,-1.2061,-1.2195,-0.2738,0,0,0,1
2026-02-24 21:00:10+05:30,2511.0,3,17.3183,1487.99,19.424,1,-1.1851,-1.1517,0.2347,0.2916,0.1981,-0.6508,2.1624,1.0702,-0.5945,2.1336,-0.9559,-0.0957,-1.2061,-1.2195,-0.2738,0,0,0,1
2026-02-24 21:00:12+05:30,2513.0,3,17.3278,1489.15,19.44,0,-0.6077,-0.6129,0.25,0.1721,0.1719,-0.6437,2.1726,0.4802,-0.5771,2.1336,0.2214,-0.303,-0.3367,-0.3339,-0.2752,1,0,0,0
2026-02-24 21:00:13+05:30,2514.0,3,17.3325,1489.55,19.445,0,-0.6077,-0.6126,0.1607,0.0236,0.1302,-0.6437,1.7852,-0.06,-0.5232,0.0,0.222,-0.2378,-0.6105,-0.6114,-0.2759,0,1,0,0
2026-02-24 21:00:14+05:30,2515.0,3,17.3372,1489.95,19.45,0,-0.6077,-0.616,0.2066,0.02,0.0855,-0.6012,0.7257,0.267,-0.539,-0.1255,0.2148,-0.2378,-0.6209,-0.6224,-0.2759,0,1,0,0
2026-02-24 21:00:15+05:30,2516.0,3,17.3417,1491.36,19.469,0,-0.6417,-0.623,0.3724,0.0453,0.0468,-0.5162,1.5602,0.0954,-0.5026,-0.1255,0.271,-0.6139,0.9736,0.9769,-0.2773,0,1,0,0
2026-02-24 21:00:16+05:30,2517.0,3,17.3461,1492.75,19.488,0,-0.6417,2.5594,0.4642,-0.067,-0.0158,-0.4665,0.6167,0.1218,-0.3884,0.0,7.6591,-0.6101,0.9454,0.9488,-0.2794,0,1,0,0
2026-02-24 21:00:17+05:30,2518.0,3,17.3506,1493.16,19.493,0,-0.6417,2.5479,0.4106,-0.3531,-0.1421,-0.3106,0.7242,-0.1552,-0.3963,0.0,7.6325,-0.2454,-0.6014,-0.6026,-0.2794,0,1,0,0
2026-02-24 21:00:18+05:30,2519.0,3,17.355,1493.54,19.498,0,-0.6417,2.5498,0.227,-0.6501,-0.253,-0.2468,-0.0773,-0.3072,-0.5232,0.0,7.6368,-0.2301,-0.6563,-0.658,-0.2801,0,1,0,0
2026-02-24 21:00:19+05:30,2520.0,3,17.3594,1493.92,19.503,0,-0.6417,2.5578,-0.1478,-0.6393,-0.1707,-0.2681,-0.0667,-0.3299,-0.2774,0.0,7.6555,-0.2339,-0.6514,-0.6532,-0.2808,0,1,0,0
2026-02-24 21:00:20+05:30,2521.0,3,17.3639,1494.27,19.508,0,-0.6417,2.5693,-0.589,-0.1358,0.0039,-0.5374,-1.4098,-0.167,-0.3392,0.0,7.6821,-0.2262,-0.6871,-0.6897,-0.2808,0,1,0,0
2026-02-24 21:00:21+05:30,2522.0,3,17.3683,1494.63,19.513,0,-0.6417,-0.6221,-0.6374,0.5271,-0.0778,-0.4169,-1.056,0.8181,-0.4201,0.1255,0.2734,-0.2262,-0.6871,-0.6897,-0.2815,0,1,0,0
2026-02-24 21:00:22+05:30,2523.0,3,17.3731,1495.01,19.518,0,-0.6077,-0.6204,-0.2192,0.7372,-0.2053,-0.346,-0.2522,0.8642,-0.1838,0.0,0.2045,-0.2339,-0.6468,-0.6488,-0.2815,0,1,0,0
2026-02-24 21:00:23+05:30,2524.0,3,17.3775,1495.39,19.523,0,-0.6417,-0.6262,0.1454,0.3641,0.3292,-0.665,1.5214,1.6598,1.6255,-0.1255,0.2637,-0.2339,-0.6533,-0.6554,-0.2822,0,1,0,0
2026-02-24 21:00:24+05:30,2525.0,3,17.3819,1495.77,19.528,0,-0.6417,-0.6277,0.1556,-0.1068,1.3202,0.7313,-0.186,0.1657,1.2513,0.0,0.2601,-0.2378,-0.6429,-0.6448,-0.2822,0,1,0,0
2026-02-24 21:00:25+05:30,2526.0,3,17.3864,1496.14,19.533,0,-0.6417,-0.6276,0.0205,-0.3604,1.4943,0.6108,-0.2786,0.1902,0.6487,0.1255,0.2607,-0.2339,-0.6621,-0.6642,-0.2829,0,1,0,0
2026-02-24 21:00:26+05:30,2527.0,3,17.3911,1496.54,19.538,0,-0.6077,-0.6139,-0.1351,-0.4654,0.446,-0.3177,-0.1315,-0.3949,2.0584,0.1255,0.219,-0.2416,-0.6241,-0.6255,-0.2836,0,1,0,0
2026-02-24 21:00:27+05:30,2528.0,3,17.3958,1496.93,19.543,0,-0.6077,-0.6028,-0.3493,-0.306,-0.5092,0.2281,-0.4553,0.1611,0.9801,0.1255,0.2432,-0.2378,-0.6387,-0.6404,-0.2836,0,1,0,0
2026-02-24 21:00:28+05:30,2529.0,3,17.4008,1497.34,19.549,0,-0.5738,-0.5821,-0.3569,0.3242,-0.1612,-0.4098,-0.471,0.3891,1.635,0.1255,0.2196,-0.2493,-0.6008,-0.6017,-0.2843,0,1,0,0
2026-02-24 21:00:29+05:30,2530.0,3,17.4058,1497.77,19.554,0,-0.5738,-0.5601,0.148,1.0849,0.9931,0.2352,-0.1629,0.7221,1.6826,0.1255,0.2649,-0.257,-0.5631,-0.5635,-0.285,0,1,0,0
2026-02-24 21:00:30+05:30,2531.0,3,17.4111,1498.28,19.561,0,-0.5398,-0.5311,0.788,1.3167,1.6897,0.9369,-0.0056,0.5626,0.1888,0.251,0.2571,-0.2838,-0.4606,-0.4597,-0.285,1,0,0,0
2026-02-24 21:00:31+05:30,2532.0,3,17.4167,1498.8,19.568,0,-0.5059,-0.5094,0.788,0.9183,1.4871,0.8589,0.0375,0.482,0.5535,0.251,0.2371,-0.2915,-0.4288,-0.4276,-0.2857,1,0,0,0
2026-02-24 21:00:32+05:30,2533.0,3,17.4225,1499.28,19.575,0,-0.4719,-0.4972,0.1862,0.4546,0.856,-0.0696,-0.0832,0.4809,0.8564,0.0,0.2015,-0.2761,-0.4856,-0.4852,-0.2864,0,1,0,0
2026-02-24 21:00:33+05:30,2534.0,3,17.4281,1499.73,19.581,0,-0.5059,-0.4983,-0.1019,0.3424,0.4073,-0.4949,0.005,0.6366,0.0223,-0.1255,0.2577,-0.2646,-0.5391,-0.5393,-0.2871,0,1,0,0
2026-02-24 21:00:34+05:30,2535.0,3,17.4336,1500.21,19.587,0,-0.5059,-0.5185,0.3086,0.4402,0.3316,-0.587,1.3081,1.0554,-0.4756,-0.1255,0.2202,-0.2723,-0.5054,-0.505,-0.2871,0,1,0,0
2026-02-24 21:00:35+05:30,2536.0,3,17.4389,1500.69,19.593,0,-0.5398,-0.5511,0.7039,0.3641,0.3638,-0.4453,1.4845,0.583,-0.4439,-0.251,0.2184,-0.2761,-0.4937,-0.4931,-0.2878,0,0,1,0
2026-02-24 21:00:36+05:30,2537.0,3,17.4439,1501.13,19.599,0,-0.5738,-0.5717,0.4744,0.0345,0.222,-0.5729,2.7309,0.267,-0.0982,-0.1255,0.2408,-0.2646,-0.5443,-0.5446,-0.2885,0,1,0,0
2026-02-24 21:00:37+05:30,2538.0,3,17.4489,1501.54,19.605,0,-0.5738,-0.5738,0.0434,-0.1974,-0.0224,-0.4878,-0.0001,-0.2558,-0.1934,0.0,0.2365,-0.2531,-0.604,-0.6052,-0.2885,0,1,0,0
2026-02-24 21:00:38+05:30,2539.0,3,17.4539,1501.96,19.61,0,-0.5738,-0.5744,0.0485,-0.0887,-0.1237,-0.3957,0.1506,0.1479,-0.5549,0.0,0.2353,-0.257,-0.5884,-0.5894,-0.2892,0,1,0,0
2026-02-24 21:00:39+05:30,2540.0,3,17.4589,1502.39,19.616,0,-0.5738,-0.5748,0.2729,0.049,-0.0551,-0.424,0.489,0.14,-0.4423,0.0,0.2347,-0.2608,-0.5703,-0.5709,-0.2899,0,1,0,0
2026-02-24 21:00:40+05:30,2541.0,3,17.4639,1502.82,19.621,0,-0.5738,-0.5884,0.2066,-0.1213,0.0068,-0.5587,0.8194,0.064,-0.4994,-0.1255,0.2063,-0.2608,-0.5781,-0.5789,-0.2899,0,1,0,0
2026-02-24 21:00:41+05:30,2542.0,3,17.4686,1503.21,19.627,0,-0.6077,-0.6177,-0.0458,-0.4074,0.0176,-0.4949,0.0039,-0.6515,-0.5232,-0.3765,0.2105,-0.2454,-0.6365,-0.6382,-0.2906,0,0,1,0
2026-02-24 21:00:42+05:30,2543.0,3,17.4728,1503.55,19.631,0,-0.6757,-0.6657,-0.1427,-0.4726,0.0724,-0.6154,-0.0905,-0.9702,-0.4407,-0.502,0.2474,-0.2301,-0.7117,-0.7147,-0.2913,0,0,1,0
2026-02-24 21:00:43+05:30,2544.0,3,17.4764,1503.86,19.635,0,-0.7436,-0.7231,-0.0331,-0.4726,0.1415,-0.6296,0.6309,-1.632,-0.5771,-0.3765,0.2686,-0.2186,-0.7584,-0.7622,-0.2913,0,0,1,0
2026-02-24 21:00:44+05:30,2545.0,3,17.4797,1504.14,19.639,0,-0.7776,-0.7642,0.1123,-0.6827,0.1248,-0.6012,0.4791,-1.6475,-0.5501,-0.251,0.2432,-0.2109,-0.7909,-0.7952,-0.2913,0,0,1,0
2026-02-24 21:00:45+05:30,2546.0,3,17.4828,1504.42,19.643,0,-0.8115,-0.7882,0.023,-0.8602,0.076,-0.5162,0.3836,-1.4574,-0.5787,-0.1255,0.2716,-0.2032,-0.8155,-0.8203,-0.292,0,1,0,0
2026-02-24 21:00:46+05:30,2547.0,3,17.4858,1504.69,19.646,0,-0.8115,-0.7804,-0.4666,-0.527,0.0962,-0.6012,-1.1789,-1.2737,-0.5787,0.251,0.2976,-0.2032,-0.8149,-0.8198,-0.292,1,0,0,0
2026-02-24 21:00:47+05:30,2548.0,3,17.4894,1505.03,19.651,0,-0.7436,-0.7193,-0.9868,0.1938,0.1314,-0.5516,-2.7681,0.465,-0.6215,0.6275,0.2794,-0.2301,-0.7156,-0.7187,-0.2927,1,0,0,0
2026-02-24 21:00:48+05:30,2549.0,3,17.4939,1505.43,19.656,0,-0.6417,-0.6425,-0.997,0.5633,0.0921,-0.5232,-2.3467,1.0479,-0.5168,0.6275,0.2263,-0.2531,-0.6196,-0.6211,-0.2927,1,0,0,0
2026-02-24 21:00:49+05:30,2550.0,3,17.4989,1505.86,19.662,0,-0.5738,-0.5837,-0.6527,0.1649,0.0354,-0.5374,-1.4291,0.4548,-0.5501,0.502,0.216,-0.2646,-0.5644,-0.5652,-0.2934,1,0,0,0
2026-02-24 21:00:50+05:30,2551.0,3,17.5044,1506.33,19.668,0,-0.5059,-0.5266,-0.4819,-0.4763,0.0509,-0.5516,-0.8054,-0.9184,-0.5137,0.251,0.2051,-0.2761,-0.5145,-0.5147,-0.2941,1,0,0,0
2026-02-24 21:00:51+05:30,2552.0,3,17.51,1506.77,19.674,0,-0.5059,-0.4979,-0.464,-0.6538,0.0962,-0.5941,-1.3988,-1.525,-0.5295,0.0,0.2583,-0.2685,-0.555,-0.5555,-0.2948,0,1,0,0
2026-02-24 21:00:52+05:30,2553.0,3,17.5156,1508.2,19.693,0,-0.5059,-0.5222,-0.2957,-0.393,0.0909,-0.5729,-0.3528,-0.7048,-0.5295,-0.1255,0.213,-0.6408,1.0168,1.0182,-0.2962,0,1,0,0
2026-02-24 21:00:53+05:30,2554.0,3,17.5208,1509.62,19.712,0,-0.5398,2.6602,-0.1376,-0.1648,0.0688,-0.6792,0.0675,-0.7793,-0.5438,-0.251,6.4957,-0.6369,0.9863,0.9875,-0.2976,0,0,1,0
2026-02-24 21:00:54+05:30,2555.0,3,17.5258,1510.02,19.718,0,-0.5738,2.6241,-0.2422,-0.143,0.1201,-0.6154,-0.3528,-0.373,-0.4756,-0.251,6.8353,-0.257,-0.6222,-0.6237,-0.2983,0,0,1,0
2026-02-24 21:00:55+05:30,2556.0,3,17.5306,1510.39,19.723,0,-0.6077,2.5876,-0.4028,-0.1974,0.1838,-0.7146,-1.9991,-1.434,-0.4756,-0.251,7.2137,-0.2493,-0.6546,-0.6567,-0.2983,0,0,1,0
2026-02-24 21:00:56+05:30,2557.0,3,17.535,1510.75,19.727,0,-0.6417,2.5557,-0.3799,-0.2336,0.1332,-0.6721,-1.3161,-1.2196,-0.5771,-0.251,7.6507,-0.2416,-0.6871,-0.6897,-0.299,0,0,1,0
2026-02-24 21:00:57+05:30,2558.0,3,17.5392,1511.08,19.732,0,-0.6757,2.5268,-0.3722,-0.2118,0.1558,-0.7288,-1.1394,-1.9548,-0.5549,-0.251,8.1529,-0.2339,-0.7195,-0.7226,-0.299,0,0,1,0
2026-02-24 21:00:58+05:30,2559.0,3,17.5431,1511.4,19.736,0,-0.7096,-0.7089,-0.5125,-0.1249,0.3757,-0.6792,-2.5347,-0.7793,-0.1981,-0.1255,0.219,-0.2262,-0.752,-0.7556,-0.2997,0,1,0,0
2026-02-24 21:00:59+05:30,2560.0,3,17.5469,1511.72,19.74,0,-0.7096,-0.703,-0.5125,-0.1539,0.2762,-0.424,-0.7626,-0.0286,0.5583,0.0,0.2341,-0.2301,-0.7406,-0.7442,-0.2997,0,1,0,0
2026-02-24 21:01:00+05:30,2561.0,3,17.5508,1512.05,19.745,0,-0.7096,-0.6861,-0.26,-0.469,-0.2661,-0.0696,-0.415,-0.0127,0.6725,0.1255,0.2794,-0.2301,-0.7338,-0.7372,-0.3005,0,1,0,0
2026-02-24 21:01:01+05:30,2562.0,3,17.555,1512.41,19.749,0,-0.6757,-0.6668,-0.079,-0.7733,-0.2911,-0.1192,-0.1308,-0.3605,0.7628,0.251,0.245,-0.2454,-0.6679,-0.6703,-0.3005,1,0,0,0
2026-02-24 21:01:02+05:30,2563.0,3,17.5594,1512.8,19.754,0,-0.6417,-0.6347,-0.0407,-0.603,0.4615,-0.346,-0.2522,-0.3302,0.7993,0.251,0.2444,-0.2531,-0.6452,-0.6474,-0.3012,1,0,0,0
2026-02-24 21:01:03+05:30,2564.0,3,17.5642,1513.22,19.76,0,-0.6077,-0.5982,0.125,-0.1394,0.7672,-0.2256,0.1008,0.0753,-0.168,0.251,0.2535,-0.2685,-0.581,-0.5819,-0.3019,1,0,0,0
2026-02-24 21:01:04+05:30,2565.0,3,17.5692,1513.65,19.766,0,-0.5738,-0.5756,0.3239,0.0852,0.1099,-0.6012,1.4632,0.267,1.0927,0.0,0.2329,-0.2723,-0.5693,-0.5705,-0.3019,0,1,0,0
2026-02-24 21:01:05+05:30,2566.0,3,17.5739,1514.06,19.771,0,-0.6077,-0.5965,0.1709,-0.0344,-0.3299,0.1926,-0.0942,0.2201,0.7517,-0.1255,0.2571,-0.2608,-0.6105,-0.6123,-0.3026,0,1,0,0
2026-02-24 21:01:06+05:30,2567.0,3,17.5786,1514.43,19.776,0,-0.6077,-0.6005,-0.2549,-0.1394,0.1087,-0.6579,-0.3528,-0.579,0.9071,0.0,0.2486,-0.2531,-0.6546,-0.6571,-0.3033,0,1,0,0
2026-02-24 21:01:07+05:30,2568.0,3,17.5833,1514.81,19.781,0,-0.6077,-0.6077,-0.4589,-0.0271,0.4979,-0.4382,-0.9173,0.1339,-0.3012,-0.1255,0.2323,-0.2531,-0.6546,-0.6571,-0.3033,0,1,0,0
2026-02-24 21:01:08+05:30,2569.0,3,17.5878,1515.17,19.786,0,-0.6417,-0.633,-0.3085,0.0634,0.2887,-0.7572,1.2935,0.267,-0.1394,-0.1255,0.248,-0.2454,-0.6793,-0.6817,-0.304,0,1,0,0
2026-02-24 21:01:09+05:30,2570.0,3,17.5922,1515.52,19.791,0,-0.6417,-0.6508,-0.0892,-0.1177,0.0825,-0.6579,-0.3528,-0.579,-0.4946,0.0,0.2069,-0.2454,-0.6871,-0.6901,-0.304,0,1,0,0
2026-02-24 21:01:10+05:30,2571.0,3,17.5967,1515.91,19.796,0,-0.6417,-0.6365,0.0001,-0.4473,0.1552,-0.6508,1.2664,-1.406,-0.5438,0.0,0.2402,-0.257,-0.6478,-0.6501,-0.3047,0,1,0,0
2026-02-24 21:01:11+05:30,2572.0,3,17.6011,1516.27,19.801,0,-0.6417,-0.6397,-0.0943,-0.5596,0.188,-0.6367,-0.0579,-2.3468,-0.5787,0.0,0.2323,-0.2493,-0.6793,-0.6822,-0.3047,0,1,0,0
2026-02-24 21:01:12+05:30,2573.0,3,17.6056,1516.62,19.805,0,-0.6417,-0.6467,-0.2804,-0.3241,0.1254,-0.6721,-0.3528,-1.1531,-0.6025,0.0,0.2166,-0.2454,-0.6871,-0.6901,-0.3054,0,1,0,0
2026-02-24 21:01:13+05:30,2574.0,3,17.61,1516.98,19.81,0,-0.6417,-0.6428,-0.2779,-0.0054,0.123,-0.6863,-0.8163,-0.2119,-0.6025,0.0,0.2257,-0.2493,-0.6845,-0.6875,-0.3061,0,1,0,0
2026-02-24 21:01:14+05:30,2575.0,3,17.6144,1517.35,19.815,0,-0.6417,-0.6417,0.0307,0.096,0.1564,-0.7004,1.6597,0.267,-0.6104,0.0,0.2281,-0.2531,-0.6611,-0.6637,-0.3061,0,1,0,0
2026-02-24 21:01:15+05:30,2576.0,3,17.6189,1517.75,19.82,0,-0.6417,-0.6427,0.3137,-0.0307,0.157,-0.6083,2.0468,0.0092,-0.631,0.0,0.2257,-0.2608,-0.6274,-0.6294,-0.3068,0,1,0,0
2026-02-24 21:01:16+05:30,2577.0,3,17.6233,1518.13,19.825,0,-0.6417,-0.6435,0.2423,-0.2553,0.1493,-0.6367,1.6345,-0.8118,-0.6104,0.0,0.2238,-0.257,-0.6429,-0.6453,-0.3068,0,1,0,0
2026-02-24 21:01:17+05:30,2578.0,3,17.6278,1518.5,19.83,0,-0.6417,-0.6442,-0.0178,-0.4183,0.1445,-0.6367,0.6913,-1.1845,-0.6104,0.0,0.222,-0.2531,-0.6611,-0.6637,-0.3075,0,1,0,0
2026-02-24 21:01:18+05:30,2579.0,3,17.6322,1518.86,19.835,0,-0.6417,-0.6442,-0.1631,-0.3386,0.1177,-0.6721,-0.3528,-1.7148,-0.5501,0.0,0.222,-0.2493,-0.6845,-0.6875,-0.3082,0,1,0,0
2026-02-24 21:01:19+05:30,2580.0,3,17.6367,1519.23,19.84,0,-0.6417,-0.6391,-0.1529,-0.0416,0.0956,-0.6154,0.2614,-0.0018,-0.5501,0.0,0.2341,-0.257,-0.6608,-0.6633,-0.3082,0,1,0,0
2026-02-24 21:01:20+05:30,2581.0,3,17.6411,1519.6,19.845,0,-0.6417,-0.6277,-0.0637,0.1757,0.107,-0.6863,0.1107,0.7459,-0.5771,0.0,0.2607,-0.2531,-0.6708,-0.6734,-0.3089,0,1,0,0
2026-02-24 21:01:21+05:30,2582.0,3,17.6456,1519.98,19.85,0,-0.6417,-0.6223,0.0562,0.1395,0.0998,-0.6154,0.8552,0.267,-0.6025,0.0,0.2734,-0.257,-0.6533,-0.6558,-0.3089,0,1,0,0
2026-02-24 21:01:22+05:30,2583.0,3,17.65,1520.35,19.855,0,-0.6417,-0.6314,0.0154,0.02,0.0736,-0.6437,0.7619,0.267,-0.631,0.0,0.2516,-0.257,-0.6611,-0.6637,-0.3096,0,1,0,0
2026-02-24 21:01:23+05:30,2584.0,3,17.6544,1520.7,19.86,0,-0.6417,-0.648,-0.2192,0.0634,0.1338,-0.6437,-0.3528,-0.0554,-0.3313,-0.1255,0.2136,-0.2493,-0.6871,-0.6901,-0.3096,0,1,0,0
2026-02-24 21:01:24+05:30,2585.0,3,17.6586,1521.04,19.864,0,-0.6757,-0.6807,-0.3085,0.2627,0.2589,-0.6508,-0.692,1.1012,-0.3551,-0.251,0.2105,-0.2416,-0.7195,-0.7231,-0.3103,0,0,1,0
2026-02-24 21:01:25+05:30,2586.0,3,17.6625,1521.36,19.868,0,-0.7096,-0.7014,-0.0509,0.4039,0.2756,-0.7004,0.9372,1.5997,-0.5438,-0.1255,0.239,-0.2416,-0.7338,-0.7376,-0.3103,0,1,0,0
2026-02-24 21:01:26+05:30,2587.0,3,17.6664,1521.72,19.873,0,-0.7096,-0.7037,0.2806,0.3931,0.1874,-0.6225,1.9312,1.2614,-0.3995,0.1255,0.2323,-0.2531,-0.6887,-0.6919,-0.311,0,1,0,0
2026-02-24 21:01:27+05:30,2588.0,3,17.6706,1522.12,19.878,0,-0.6757,-0.6784,0.4106,0.2663,0.1379,-0.5303,1.4523,0.4495,-0.4328,0.251,0.216,-0.2685,-0.6222,-0.6241,-0.3117,1,0,0,0
2026-02-24 21:01:28+05:30,2589.0,3,17.675,1522.52,19.884,0,-0.6417,-0.6489,0.38,0.0091,0.1034,-0.6437,2.9398,0.267,-0.317,0.251,0.2111,-0.2723,-0.6037,-0.6052,-0.3117,1,0,0,0
2026-02-24 21:01:29+05:30,2590.0,3,17.6797,1522.96,19.889,0,-0.6077,-0.6151,0.2296,-0.3133,0.0396,-0.4311,0.639,-0.2974,-0.3012,0.251,0.2166,-0.2838,-0.5641,-0.5652,-0.3124,1,0,0,0
2026-02-24 21:01:30+05:30,2591.0,3,17.6847,1523.38,19.895,0,-0.5738,-0.5868,-0.0586,-0.4364,0.0867,-0.665,0.0266,-1.6694,-0.2822,0.1255,0.2093,-0.2761,-0.591,-0.5925,-0.3131,0,1,0,0
2026-02-24 21:01:31+05:30,2592.0,3,17.6897,1523.78,19.9,0,-0.5738,-0.568,-0.2932,-0.2155,0.2464,-0.7146,-0.3528,-2.5036,-0.539,0.0,0.2486,-0.2723,-0.6092,-0.611,-0.3131,0,1,0,0
2026-02-24 21:01:32+05:30,2593.0,3,17.6947,1524.19,19.906,0,-0.5738,-0.561,-0.2677,0.1395,0.1612,-0.7075,-0.9393,0.8729,0.0953,0.1255,0.2631,-0.2723,-0.6108,-0.6127,-0.3138,0,1,0,0
2026-02-24 21:01:33+05:30,2594.0,3,17.7,1524.61,19.911,0,-0.5398,-0.5454,-0.1045,0.3424,-0.3501,-0.183,-0.2054,0.4193,0.3395,-2.2591,0.2293,-0.28,-0.5742,-0.5753,-0.3145,0,0,1,0
2026-02-24 21:01:34+05:30,2595.0,3,17.7,1524.63,19.912,1,-1.1851,-1.1517,-0.0484,0.3713,-0.6242,0.1714,-0.2445,0.3951,-0.2219,-2.3846,-0.9559,-0.1303,-1.2061,-1.2195,-0.3145,0,0,0,1
2026-02-24 21:01:36+05:30,2597.0,3,17.7,1524.68,19.912,1,-1.1851,-1.1517,-0.1223,0.3351,-0.1773,-0.1476,-0.2599,0.4348,0.0556,0.0,-0.9559,-0.1303,-1.2061,-1.2195,-0.3145,0,0,0,1
2026-02-24 21:01:37+05:30,2598.0,3,17.7,1524.7,19.913,1,-1.1851,-1.1517,-0.209,0.2735,-0.0819,-0.4665,-0.3064,0.5066,-0.0602,0.0,-0.9559,-0.1303,-1.2061,-1.2195,-0.3145,0,0,0,1
2026-02-24 21:01:39+05:30,2600.0,3,17.7,1524.74,19.913,1,-1.1851,-1.1517,-0.26,0.2011,-0.4705,-0.6792,-0.4896,0.6937,-0.2948,0.0,-0.9559,-0.1303,-1.2061,-1.2195,-0.3145,0,0,0,1
2026-02-24 21:01:40+05:30,2601.0,3,17.7,1524.76,19.913,1,-1.1851,-1.1517,-0.3059,0.154,1.4299,-0.7572,-2.4129,1.5404,10.7371,0.0,-0.9559,-0.1303,-1.2061,-1.2195,-0.3145,0,0,0,1
2026-02-24 21:01:40+05:30,2601.0,3,17.7,1524.76,19.913,1,-1.1851,-1.1517,-0.334,0.125,6.1788,7.9823,-0.3598,0.2689,10.6673,0.0,-0.9559,-0.1303,-1.2061,-1.2195,-0.3145,0,0,0,1
2026-02-24 21:01:40+05:30,2601.0,3,17.7,1524.76,19.913,1,-1.1851,-1.1517,-0.334,0.0997,8.9164,7.9823,-0.3598,0.267,-0.658,0.0,-0.9559,-0.1303,-1.2061,-1.2195,-0.3145,0,0,0,1
2026-02-24 21:01:40+05:30,2601.0,3,17.7,1524.76,19.913,1,-1.1851,-1.1517,-0.3314,0.0707,6.1674,7.9823,-0.3598,0.267,10.6673,0.0,-0.9559,-0.1303,-1.2061,-1.2195,-0.3145,0,0,0,1
2026-02-24 21:01:40+05:30,2601.0,3,17.7,1524.76,19.913,1,-1.1851,-1.1517,-0.3365,0.0924,1.4442,-0.7572,-3.6454,0.267,10.6261,0.0,-0.9559,-0.1303,-1.2061,-1.2195,-0.3145,0,0,0,1
2026-02-24 21:01:40+05:30,2601.0,3,17.7,1524.76,19.913,1,-1.1851,-1.1517,-0.3314,0.1286,-0.3334,-0.7146,-1.2294,0.267,-0.4407,0.0,-0.9559,-0.1303,-1.2061,-1.2195,-0.3145,0,0,0,1
2026-02-24 21:01:40+05:30,2601.0,3,17.7,1524.76,19.913,1,-1.1851,-1.1517,-0.3263,0.0127,0.3376,-0.5941,-0.6612,0.267,-0.3075,0.0,-0.9559,-0.1303,-1.2061,-1.2195,-0.3145,0,0,0,1
2026-02-24 21:01:40+05:30,2601.0,3,17.7,1524.76,19.913,1,-1.1851,-1.1517,-0.3697,-0.2191,0.6921,-0.4028,-0.5079,-0.136,-0.1727,2.0081,-0.9559,-0.1303,-1.2061,-1.2195,-0.3145,0,0,0,1
2026-02-24 21:01:51+05:30,2606.0,3,17.7222,1527.38,19.948,0,-0.6417,-0.6285,-0.4972,-0.3422,0.7041,-0.1476,-0.6568,-0.0471,0.3553,2.1336,0.2589,-0.3184,-0.423,-0.4223,-0.3173,1,0,0,0
2026-02-24 21:01:52+05:30,2607.0,3,17.7269,1527.76,19.953,0,-0.6077,-0.6216,-0.7675,-0.3241,1.1808,0.4762,-0.565,0.1819,0.4584,0.1255,0.2021,-0.2646,-0.6494,-0.6518,-0.3173,0,1,0,0
2026-02-24 21:01:53+05:30,2608.0,3,17.7317,1528.14,19.958,0,-0.6077,-0.6182,-1.1168,-0.2626,1.623,0.8518,-0.6905,0.1071,-0.0459,0.0,0.2099,-0.2646,-0.652,-0.6545,-0.318,0,1,0,0
2026-02-24 21:01:54+05:30,2609.0,3,17.7364,1528.52,19.963,0,-0.6077,-0.6162,-1.2163,-0.1322,1.6718,1.029,-0.6572,0.2923,-0.4502,0.0,0.2142,-0.2646,-0.6514,-0.654,-0.3187,0,1,0,0
2026-02-24 21:01:55+05:30,2610.0,3,17.7411,1528.9,19.968,0,-0.6077,-0.6115,-0.7828,0.0816,1.6563,0.9014,-0.5555,0.1763,-0.5295,0.0,0.2244,-0.2646,-0.6485,-0.651,-0.3187,0,1,0,0
2026-02-24 21:01:56+05:30,2611.0,3,17.7458,1529.29,19.974,0,-0.6077,-0.604,-0.056,0.2337,1.6426,0.9652,-0.2936,0.3807,-0.0855,0.0,0.2408,-0.2723,-0.6303,-0.6325,-0.3194,0,1,0,0
2026-02-24 21:01:57+05:30,2612.0,3,17.7506,1529.72,19.979,0,-0.6077,-0.5993,0.4718,0.2192,1.3006,0.5116,-0.0067,0.2314,0.7755,0.0,0.251,-0.2838,-0.5716,-0.5727,-0.3201,0,1,0,0
2026-02-24 21:01:58+05:30,2613.0,3,17.7553,1530.15,19.985,0,-0.6077,-0.5933,0.6478,0.1902,0.57,-0.2539,0.5139,0.4703,1.2861,0.0,0.2643,-0.2838,-0.5729,-0.574,-0.3201,0,1,0,0
2026-02-24 21:01:59+05:30,2614.0,3,17.76,1530.59,19.991,0,-0.6077,-0.5915,0.5942,0.2156,-0.1243,-0.2539,0.7319,0.267,0.7359,0.0,0.268,-0.2877,-0.5586,-0.5599,-0.3208,0,1,0,0
2026-02-24 21:02:00+05:30,2615.0,3,17.7647,1531.0,19.996,0,-0.6077,-0.5933,0.4361,0.0598,-0.4294,-0.0696,0.1301,0.3316,-0.2679,0.0,0.2637,-0.28,-0.5949,-0.5964,-0.3215,0,1,0,0
2026-02-24 21:02:01+05:30,2616.0,3,17.7694,1531.42,20.002,0,-0.6077,-0.607,0.403,-0.2589,-0.4443,0.0438,0.1356,0.0258,-0.5375,0.0,0.2341,-0.2838,-0.5846,-0.5863,-0.3215,0,1,0,0
2026-02-24 21:02:02+05:30,2617.0,3,17.7742,1531.86,20.008,0,-0.6077,-0.6191,0.6605,-0.3567,-0.421,-0.0129,0.2944,0.0674,-0.566,-0.1255,0.2075,-0.2877,-0.569,-0.5705,-0.3222,0,1,0,0
2026-02-24 21:02:03+05:30,2618.0,3,17.7786,1532.29,20.014,0,-0.6417,-0.6354,0.9308,-0.2082,-0.461,0.0863,0.4703,0.0905,-0.4661,-0.1255,0.2426,-0.2877,-0.5651,-0.5665,-0.3229,0,1,0,0
2026-02-24 21:02:04+05:30,2619.0,3,17.7831,1532.72,20.019,0,-0.6417,-0.6505,0.8492,-0.23,-0.5587,0.1643,0.3306,0.154,-0.3868,-0.1255,0.2075,-0.2877,-0.5755,-0.5771,-0.3229,0,1,0,0
2026-02-24 21:02:05+05:30,2620.0,3,17.7872,1533.1,20.024,0,-0.6757,-0.6676,0.5126,-0.4908,-0.6731,0.2777,0.0255,0.0217,-0.3947,-0.1255,0.2426,-0.2685,-0.6494,-0.6518,-0.3236,0,1,0,0
2026-02-24 21:02:06+05:30,2621.0,3,17.7914,1533.46,20.029,0,-0.6757,-0.673,0.227,-0.527,-0.7416,0.3627,-0.0934,0.0394,-0.539,0.0,0.2293,-0.2646,-0.6676,-0.6703,-0.3236,0,1,0,0
2026-02-24 21:02:07+05:30,2622.0,3,17.7956,1533.82,20.034,0,-0.6757,-0.673,0.0511,-0.1503,-0.7547,0.3486,-0.2222,0.1725,-0.658,0.0,0.2293,-0.2608,-0.691,-0.6941,-0.3243,0,1,0,0
2026-02-24 21:02:08+05:30,2623.0,3,17.7997,1534.17,20.038,0,-0.6757,-0.6676,-0.0713,0.2735,-0.7547,0.3486,-0.2614,0.3615,-0.658,0.0,0.2426,-0.2608,-0.6939,-0.6971,-0.3243,0,1,0,0
2026-02-24 21:02:09+05:30,2624.0,3,17.8039,1534.51,20.043,0,-0.6757,-0.6582,-0.1249,0.4365,-0.7363,0.3486,-0.3137,0.3615,-0.5026,0.1255,0.2661,-0.257,-0.7017,-0.7051,-0.325,0,1,0,0
2026-02-24 21:02:10+05:30,2625.0,3,17.8083,1534.89,20.048,0,-0.6417,-0.6474,-0.1249,0.2735,-0.6618,0.2281,-0.2504,0.3728,-0.4407,0.1255,0.2148,-0.2685,-0.6575,-0.6602,-0.3257,0,1,0,0
2026-02-24 21:02:11+05:30,2626.0,3,17.8128,1535.25,20.053,0,-0.6417,-0.6357,-0.1759,-0.2408,-0.5724,0.1572,-0.4,0.1044,-0.4994,0.0,0.242,-0.2646,-0.6754,-0.6782,-0.3257,0,1,0,0
2026-02-24 21:02:12+05:30,2627.0,3,17.8172,1535.62,20.058,0,-0.6417,-0.6239,-0.3569,-0.7914,-0.5509,0.1005,-0.3027,-0.1333,-0.5438,0.1255,0.2692,-0.2685,-0.6705,-0.6734,-0.3264,0,1,0,0
2026-02-24 21:02:13+05:30,2628.0,3,17.8219,1536.0,20.063,0,-0.6077,-0.6183,-0.4946,-0.7986,-0.5891,0.2139,-0.651,-0.1499,-0.5438,0.1255,0.2093,-0.2723,-0.6507,-0.6532,-0.3264,0,1,0,0
2026-02-24 21:02:14+05:30,2629.0,3,17.8267,1536.39,20.068,0,-0.6077,-0.6161,-0.2447,-0.2698,-0.604,0.1643,-0.1959,0.1536,-0.5787,0.0,0.2142,-0.28,-0.6267,-0.629,-0.3271,0,1,0,0
2026-02-24 21:02:15+05:30,2630.0,3,17.8314,1536.79,20.073,0,-0.6077,-0.6141,0.3826,0.0779,-0.5497,0.1218,-0.1392,0.2159,-0.4693,0.0,0.2184,-0.28,-0.6186,-0.6206,-0.3278,0,1,0,0
2026-02-24 21:02:16+05:30,2631.0,3,17.8361,1537.25,20.08,0,-0.6077,-0.6118,0.862,-0.1358,-0.4407,0.0792,0.5881,0.2137,-0.2806,0.0,0.2238,-0.3068,-0.5171,-0.5177,-0.3278,0,1,0,0
2026-02-24 21:02:17+05:30,2632.0,3,17.8408,1537.69,20.085,0,-0.6077,-0.6179,0.7727,-0.5052,-0.2923,-0.1547,0.4451,-0.2248,-0.1585,-0.1255,0.2105,-0.2915,-0.569,-0.5705,-0.3285,0,1,0,0
2026-02-24 21:02:18+05:30,2633.0,3,17.8453,1538.08,20.09,0,-0.6417,-0.6339,0.3086,-0.6248,-0.0659,-0.3957,0.5512,-0.4134,-0.0459,-0.1255,0.2462,-0.28,-0.6274,-0.6299,-0.3292,0,1,0,0
2026-02-24 21:02:19+05:30,2634.0,3,17.8497,1538.44,20.095,0,-0.6417,-0.646,-0.1733,-0.6827,0.2041,-0.6225,-0.0832,-2.7399,-0.1394,-0.1255,0.2178,-0.2685,-0.6793,-0.6826,-0.3292,0,1,0,0
2026-02-24 21:02:20+05:30,2635.0,3,17.8539,1538.77,20.1,0,-0.6757,-0.6567,-0.4768,-0.8204,0.2768,-0.5729,-1.0578,-1.5999,-0.2837,-0.1255,0.2698,-0.257,-0.7195,-0.7231,-0.3299,0,1,0,0
2026-02-24 21:02:21+05:30,2636.0,3,17.8581,1539.11,20.104,0,-0.6757,-0.6694,-0.4513,-0.6501,0.0295,-0.5091,-0.895,-1.0949,0.0318,0.0,0.2383,-0.257,-0.7195,-0.7231,-0.3299,0,1,0,0
2026-02-24 21:02:22+05:30,2637.0,3,17.8622,1539.46,20.109,0,-0.6757,-0.6755,-0.13,-0.0633,-0.1993,-0.2893,-0.1439,0.1747,-0.3392,0.0,0.2232,-0.2646,-0.6975,-0.7007,-0.3306,0,1,0,0
2026-02-24 21:02:23+05:30,2638.0,3,17.8664,1539.82,20.114,0,-0.6757,-0.6615,0.1352,0.3206,-0.0718,-0.4382,0.0818,0.5803,-0.0919,0.1255,0.2577,-0.2685,-0.6777,-0.6809,-0.3306,0,1,0,0
2026-02-24 21:02:24+05:30,2639.0,3,17.8708,1540.22,20.119,0,-0.6417,-0.6438,0.1225,0.2047,0.1838,-0.6437,2.6277,0.5894,-0.2552,0.1255,0.2232,-0.2838,-0.6186,-0.6211,-0.3313,0,1,0,0
2026-02-24 21:02:25+05:30,2640.0,3,17.8753,1540.58,20.124,0,-0.6417,-0.6281,-0.0407,0.1323,0.1707,-0.7359,-0.3528,0.267,-0.3186,0.1255,0.2595,-0.2723,-0.6718,-0.6747,-0.3313,0,1,0,0
2026-02-24 21:02:26+05:30,2641.0,3,17.88,1540.98,20.129,0,-0.6077,-0.6134,-0.1657,0.4039,-0.0408,-0.4878,0.1458,0.7822,-0.2124,0.1255,0.2202,-0.2838,-0.6173,-0.6197,-0.332,0,1,0,0
2026-02-24 21:02:27+05:30,2642.0,3,17.8847,1541.36,20.134,0,-0.6077,-0.6055,-0.2575,0.5778,-0.1374,-0.3248,-0.58,0.7051,-0.4328,0.0,0.2371,-0.2761,-0.6533,-0.6562,-0.3327,0,1,0,0
2026-02-24 21:02:28+05:30,2643.0,3,17.8894,1541.74,20.139,0,-0.6077,-0.6108,-0.4028,0.422,-0.0742,-0.5162,-0.5167,0.837,-0.4201,-0.1255,0.2257,-0.2761,-0.6546,-0.6576,-0.3327,0,1,0,0
2026-02-24 21:02:29+05:30,2644.0,3,17.8939,1542.09,20.144,0,-0.6417,-0.6228,-0.5456,0.2627,0.0313,-0.5091,-1.0589,0.4321,-0.3836,-0.1255,0.2716,-0.2685,-0.6871,-0.6905,-0.3334,0,1,0,0
2026-02-24 21:02:30+05:30,2645.0,3,17.8983,1542.45,20.149,0,-0.6417,-0.6342,-0.515,0.2735,0.1505,-0.6721,-2.2812,1.2259,-0.3012,0.0,0.2456,-0.2685,-0.6871,-0.6905,-0.3334,0,1,0,0
2026-02-24 21:02:31+05:30,2646.0,3,17.9028,1542.8,20.153,0,-0.6417,-0.6455,-0.3085,0.2228,0.2267,-0.7288,-0.3528,1.1439,-0.5295,-0.1255,0.219,-0.2685,-0.6871,-0.6905,-0.3341,0,1,0,0
2026-02-24 21:02:32+05:30,2647.0,3,17.9069,1543.14,20.158,0,-0.6757,-0.6534,-0.1555,-0.0054,0.1886,-0.7288,-0.3528,-0.6099,-0.4946,-0.1255,0.2782,-0.2646,-0.7195,-0.7235,-0.3341,0,1,0,0
2026-02-24 21:02:33+05:30,2648.0,3,17.9111,1543.48,20.162,0,-0.6757,-0.6606,-0.1325,-0.3024,0.1064,-0.6579,0.4927,-1.0223,-0.5295,0.0,0.2601,-0.2685,-0.7013,-0.7051,-0.3348,0,1,0,0
2026-02-24 21:02:34+05:30,2649.0,3,17.9153,1543.82,20.167,0,-0.6757,-0.6673,-0.0815,-0.5161,0.0831,-0.58,-0.1337,-1.1028,-0.566,0.0,0.2438,-0.2646,-0.7117,-0.7156,-0.3355,0,1,0,0
2026-02-24 21:02:35+05:30,2650.0,3,17.9194,1544.17,20.171,0,-0.6757,-0.6786,-0.005,-0.5052,0.1141,-0.6154,0.5636,-1.4729,-0.5501,-0.1255,0.2154,-0.2685,-0.6936,-0.6971,-0.3355,0,1,0,0
2026-02-24 21:02:36+05:30,2651.0,3,17.9233,1544.5,20.176,0,-0.7096,-0.6946,-0.0968,-0.306,0.1505,-0.6721,0.6105,-1.2196,-0.5771,-0.1255,0.2571,-0.2608,-0.7338,-0.738,-0.3362,0,1,0,0
2026-02-24 21:02:37+05:30,2652.0,3,17.9272,1544.81,20.18,0,-0.7096,-0.705,-0.3238,-0.1466,0.1868,-0.7146,-1.911,-1.3429,-0.5549,0.0,0.2293,-0.257,-0.752,-0.7565,-0.3362,0,1,0,0
2026-02-24 21:02:38+05:30,2653.0,3,17.9311,1545.13,20.184,0,-0.7096,-0.71,-0.487,-0.1684,0.2196,-0.7146,-1.911,-1.3429,-0.6104,-0.1255,0.216,-0.257,-0.752,-0.7565,-0.3369,0,1,0,0
2026-02-24 21:02:39+05:30,2654.0,3,17.9347,1545.42,20.188,0,-0.7436,-0.7238,-0.5278,-0.2734,0.2095,-0.6721,-2.271,-1.1531,-0.5771,-0.1255,0.2668,-0.2493,-0.7844,-0.7895,-0.3369,0,1,0,0
2026-02-24 21:02:40+05:30,2655.0,3,17.9383,1545.71,20.192,0,-0.7436,-0.7292,-0.4156,-0.2952,0.1487,-0.6863,-1.4441,-1.4449,-0.4978,0.0,0.251,-0.2493,-0.7844,-0.7895,-0.3376,0,1,0,0
2026-02-24 21:02:41+05:30,2656.0,3,17.9419,1546.01,20.196,0,-0.7436,-0.7389,-0.1529,-0.2082,0.1058,-0.6225,-0.0733,-0.7275,-0.539,0.0,0.2232,-0.2531,-0.7766,-0.7816,-0.3376,0,1,0,0
2026-02-24 21:02:42+05:30,2657.0,3,17.9456,1546.33,20.2,0,-0.7436,-0.7433,0.0154,-0.2481,0.1421,-0.6863,1.3041,-0.8606,-0.4978,0.1255,0.2111,-0.2608,-0.7461,-0.7503,-0.3376,0,1,0,0
2026-02-24 21:02:43+05:30,2658.0,3,17.9494,1546.67,20.205,0,-0.7096,-0.7145,-0.1529,-0.4799,0.219,-0.665,0.0134,-2.7565,-0.547,0.251,0.2039,-0.2685,-0.7049,-0.7086,-0.3383,1,0,0,0
2026-02-24 21:02:44+05:30,2659.0,3,17.9536,1547.04,20.209,0,-0.6757,-0.6648,-0.4921,-0.5234,0.2416,-0.6367,-1.3969,-1.7862,-0.5771,0.3765,0.2498,-0.2761,-0.6715,-0.6747,-0.339,1,0,0,0
2026-02-24 21:02:45+05:30,2660.0,3,17.9583,1547.45,20.215,0,-0.6077,-0.6179,-0.5507,-0.1865,0.1737,-0.6792,-2.5347,-0.7793,-0.3805,0.502,0.2105,-0.2953,-0.6001,-0.6022,-0.339,1,0,0,0
2026-02-24 21:02:46+05:30,2661.0,3,17.9636,1547.91,20.221,0,-0.5398,-0.5556,-0.158,0.1178,0.0694,-0.5941,-0.1209,0.267,-0.4058,0.502,0.2093,-0.3145,-0.521,-0.5221,-0.3398,1,0,0,0
2026-02-24 21:02:47+05:30,2662.0,3,17.9694,1548.43,20.228,0,-0.4719,-0.4957,0.3392,0.0272,-0.02,-0.502,0.9233,0.267,-0.4058,0.251,0.2045,-0.3376,-0.4269,-0.4267,-0.3405,1,0,0,0
2026-02-24 21:02:48+05:30,2663.0,3,17.9753,1548.94,20.235,0,-0.4719,-0.4789,0.4846,-0.201,-0.1147,-0.3319,0.5622,-0.0736,-0.3805,0.0,0.2341,-0.3337,-0.4476,-0.4478,-0.3412,0,1,0,0
2026-02-24 21:02:49+05:30,2664.0,3,17.9811,1549.43,20.241,0,-0.4719,-0.4813,0.2245,-0.1937,-0.2101,-0.2893,0.2523,0.0508,-0.5295,0.0,0.2299,-0.326,-0.473,-0.4733,-0.3412,0,1,0,0
2026-02-24 21:02:50+05:30,2665.0,3,17.9869,1549.9,20.248,0,-0.4719,-0.4902,-0.0841,-0.0488,-0.2214,-0.2681,-0.2668,0.1781,-0.4693,-0.1255,0.2142,-0.3184,-0.5171,-0.5182,-0.3419,0,1,0,0
2026-02-24 21:02:51+05:30,2666.0,3,17.9925,1550.34,20.253,0,-0.5059,-0.5136,-0.1835,0.0272,-0.0963,-0.4311,-0.1856,0.1377,-0.2362,-2.6356,0.2293,-0.3107,-0.5469,-0.5485,-0.3426,0,0,1,0
2026-02-24 21:02:52+05:30,2667.0,3,17.9925,1550.36,20.254,1,-1.1851,-1.1517,-0.1657,0.0598,0.0861,-0.6437,-0.1439,0.267,-0.2584,-2.5101,-0.9559,-0.1533,-1.2061,-1.2195,-0.3426,0,0,0,1
2026-02-24 21:02:54+05:30,2669.0,3,17.9925,1550.41,20.254,1,-1.1851,-1.1517,-0.1478,0.0924,0.1975,-0.7642,2.9398,0.267,-0.4756,0.0,-0.9559,-0.1533,-1.2061,-1.2195,-0.3426,0,0,0,1
2026-02-24 21:02:55+05:30,2670.0,3,17.9925,1550.43,20.255,1,-1.1851,-1.1517,-0.1121,0.096,0.2124,-0.7501,2.9398,0.267,-0.658,0.0,-0.9559,-0.1533,-1.2061,-1.2195,-0.3426,0,0,0,1
2026-02-24 21:02:57+05:30,2672.0,3,17.9925,1550.47,20.255,1,-1.1851,-1.1517,-0.0535,0.0852,0.2005,-0.7359,2.9398,0.267,-0.658,0.0,-0.9559,-0.1533,-1.2061,-1.2195,-0.3426,0,0,0,1
2026-02-24 21:02:58+05:30,2673.0,3,17.9925,1550.49,20.255,1,-1.1851,-1.1517,-0.0254,0.0924,0.2029,-0.7288,2.9398,0.267,-0.658,0.0,-0.9559,-0.1533,-1.2061,-1.2195,-0.3426,0,0,0,1
2026-02-24 21:02:58+05:30,2673.0,3,17.9925,1550.49,20.255,1,-1.1851,-1.1517,-0.0305,0.0888,0.2071,-0.7288,2.9398,0.267,-0.658,0.0,-0.9559,-0.1533,-1.2061,-1.2195,-0.3426,0,0,0,1
2026-02-24 21:02:58+05:30,2673.0,3,17.9925,1550.49,20.255,1,-1.1851,-1.1517,-0.0305,0.0816,0.2023,-0.7288,2.9398,0.267,-0.658,0.0,-0.9559,-0.1533,-1.2061,-1.2195,-0.3426,0,0,0,1
2026-02-24 21:02:58+05:30,2673.0,3,17.9925,1550.49,20.255,1,-1.1851,-1.1517,-0.0203,0.096,0.2017,-0.7288,2.9398,0.267,-0.658,0.0,-0.9559,-0.1533,-1.2061,-1.2195,-0.3426,0,0,0,1
2026-02-24 21:02:58+05:30,2673.0,3,17.9925,1550.49,20.255,1,-1.1851,-1.1517,-0.0305,0.0997,0.2124,-0.7288,2.9398,0.267,-0.658,0.0,-0.9559,-0.1533,-1.2061,-1.2195,-0.3426,0,0,0,1
2026-02-24 21:02:58+05:30,2673.0,3,17.9925,1550.49,20.255,1,-1.1851,-1.1517,-0.0407,0.049,0.1952,-0.7288,2.9398,0.267,-0.5026,0.0,-0.9559,-0.1533,-1.2061,-1.2195,-0.3426,0,0,0,1
2026-02-24 21:02:58+05:30,2673.0,3,17.9925,1550.49,20.255,1,-1.1851,-1.1517,0.0919,0.125,0.1052,-0.6367,0.9357,0.267,-0.3646,2.3846,-0.9559,-0.1533,-1.2061,-1.2195,-0.3426,0,0,0,1
2026-02-24 21:03:08+05:30,2678.0,3,18.0189,1553.7,20.298,0,-0.5398,-0.5374,0.3596,0.4619,-0.0146,-0.4665,0.7802,0.7557,-0.4154,2.2591,0.245,-0.3836,-0.2378,-0.2359,-0.3461,1,0,0,0
2026-02-24 21:03:09+05:30,2679.0,3,18.0239,1554.14,20.304,0,-0.5738,-0.5649,0.4285,0.6756,-0.0784,-0.3815,0.6855,0.925,-0.5501,-0.1255,0.2547,-0.3107,-0.5521,-0.5538,-0.3468,0,1,0,0
2026-02-24 21:03:10+05:30,2680.0,3,18.0289,1554.56,20.31,0,-0.5738,-0.5834,0.1225,0.3387,-0.0873,-0.4169,0.1755,0.5588,-0.631,-0.1255,0.2166,-0.303,-0.5884,-0.5907,-0.3468,0,1,0,0
2026-02-24 21:03:11+05:30,2681.0,3,18.0336,1554.94,20.315,0,-0.6077,-0.5922,-0.1835,-0.2336,-0.1094,-0.424,-0.2295,-0.1598,-0.539,-0.1255,0.2668,-0.2877,-0.6468,-0.6496,-0.3475,0,1,0,0
2026-02-24 21:03:12+05:30,2682.0,3,18.0383,1555.32,20.32,0,-0.6077,-0.5943,-0.158,-0.4219,-0.1523,-0.3319,-0.3528,-0.1738,-0.5501,0.1255,0.2619,-0.2877,-0.653,-0.6558,-0.3482,0,1,0,0
2026-02-24 21:03:13+05:30,2683.0,3,18.0433,1555.74,20.325,0,-0.5738,-0.5888,-0.005,-0.2227,-0.1678,-0.346,0.0884,-0.0827,-0.631,0.1255,0.2057,-0.3068,-0.5774,-0.5793,-0.3482,0,1,0,0
2026-02-24 21:03:14+05:30,2684.0,3,18.0483,1556.17,20.331,0,-0.5738,-0.5719,0.0766,-0.0959,-0.1463,-0.3531,-0.0071,0.1604,-0.5945,0.1255,0.2408,-0.3068,-0.5807,-0.5828,-0.3489,0,1,0,0
2026-02-24 21:03:15+05:30,2685.0,3,18.0536,1556.62,20.337,0,-0.5398,-0.5576,0.2449,-0.114,-0.1165,-0.3886,0.2925,-0.004,-0.5945,0.1255,0.2057,-0.3184,-0.5317,-0.5331,-0.3496,0,1,0,0
2026-02-24 21:03:16+05:30,2686.0,3,18.0589,1557.09,20.343,0,-0.5398,-0.5439,0.3596,-0.1249,-0.1034,-0.3602,0.6277,0.0133,-0.658,0.0,0.2323,-0.326,-0.5057,-0.5067,-0.3496,0,1,0,0
2026-02-24 21:03:17+05:30,2687.0,3,18.0642,1557.53,20.349,0,-0.5398,-0.5298,0.0383,-0.3821,-0.1243,-0.4028,-0.0825,-0.1337,-0.5945,0.1255,0.2601,-0.3107,-0.5589,-0.5608,-0.3503,0,1,0,0
2026-02-24 21:03:18+05:30,2688.0,3,18.0697,1557.97,20.355,0,-0.5059,-0.5182,-0.4156,-1.0196,-0.1427,-0.2964,-0.4446,-0.8209,-0.5549,0.1255,0.2208,-0.3145,-0.5515,-0.5533,-0.351,0,1,0,0
2026-02-24 21:03:19+05:30,2689.0,3,18.0753,1558.41,20.361,0,-0.5059,-0.5178,-0.3365,-1.3854,-0.0802,-0.339,-0.6894,-1.2366,-0.3599,0.0,0.2214,-0.3145,-0.5567,-0.5586,-0.351,0,1,0,0
2026-02-24 21:03:20+05:30,2690.0,3,18.0808,1558.88,20.367,0,-0.5059,-0.5168,0.074,-0.9073,0.0676,-0.5091,0.5841,-1.3716,-0.2853,0.0,0.2232,-0.326,-0.5122,-0.5133,-0.3517,0,1,0,0
2026-02-24 21:03:21+05:30,2691.0,3,18.0864,1559.34,20.373,0,-0.5059,-0.5157,0.1148,-0.0778,0.2047,-0.6792,1.9045,-0.8027,-0.409,0.0,0.225,-0.3222,-0.5213,-0.5226,-0.3524,0,1,0,0
2026-02-24 21:03:22+05:30,2692.0,3,18.0919,1559.79,20.379,0,-0.5059,-0.5125,-0.0994,0.1612,0.2422,-0.7146,0.264,1.8768,-0.5771,0.0,0.2311,-0.3184,-0.5443,-0.5459,-0.3531,0,1,0,0
2026-02-24 21:03:23+05:30,2693.0,3,18.0975,1560.25,20.385,0,-0.5059,-0.5056,0.0001,-0.3133,0.1898,-0.6437,0.7476,-1.942,-0.4994,0.1255,0.2438,-0.3222,-0.5232,-0.5248,-0.3531,0,1,0,0
2026-02-24 21:03:24+05:30,2694.0,3,18.1033,1560.75,20.392,0,-0.4719,-0.4965,0.3112,-0.8095,0.1242,-0.5516,1.2554,-1.1365,-0.5232,0.1255,0.2027,-0.3376,-0.4577,-0.4584,-0.3538,0,1,0,0
2026-02-24 21:03:25+05:30,2695.0,3,18.1092,1561.25,20.399,0,-0.4719,-0.4904,0.4361,-0.7842,0.0873,-0.4949,0.9053,-1.3032,-0.547,0.0,0.2136,-0.3376,-0.4652,-0.4658,-0.3545,0,1,0,0
2026-02-24 21:03:26+05:30,2696.0,3,18.115,1561.76,20.405,0,-0.4719,-0.4969,0.431,-0.2263,0.0438,-0.4949,1.3696,-0.105,-0.5232,-0.1255,0.2021,-0.3414,-0.447,-0.4474,-0.3552,0,1,0,0
2026-02-24 21:03:27+05:30,2697.0,3,18.1206,1562.23,20.412,0,-0.5059,-0.51,0.4922,0.422,-0.023,-0.4736,0.7967,0.6121,-0.566,-0.251,0.2359,-0.3299,-0.4976,-0.4988,-0.3552,0,0,1,0
2026-02-24 21:03:28+05:30,2698.0,3,18.1258,1562.71,20.418,0,-0.5398,-0.5316,0.5483,0.5778,-0.0194,-0.3957,1.1932,0.9473,-0.566,-0.1255,0.2565,-0.3337,-0.4937,-0.4949,-0.3559,0,1,0,0
2026-02-24 21:03:29+05:30,2699.0,3,18.1311,1563.17,20.424,0,-0.5398,-0.5537,0.5024,0.2264,0.0807,-0.5374,1.1263,0.267,-0.4154,-0.1255,0.213,-0.326,-0.5301,-0.5318,-0.3566,0,1,0,0
2026-02-24 21:03:30+05:30,2700.0,3,18.1361,1563.61,20.43,0,-0.5738,-0.5745,0.4412,-0.0344,0.0915,-0.5658,2.4594,0.267,-0.233,-0.251,0.2353,-0.3222,-0.5443,-0.5459,-0.3573,0,0,1,0
2026-02-24 21:03:31+05:30,2701.0,3,18.1408,1564.03,20.436,0,-0.6077,-0.5937,0.4718,0.1069,-0.0796,-0.3177,0.5325,0.1683,-0.1854,-0.1255,0.2631,-0.3107,-0.5846,-0.5868,-0.3573,0,1,0,0
2026-02-24 21:03:32+05:30,2702.0,3,18.1456,1564.45,20.441,0,-0.6077,-0.6122,0.5075,0.3206,-0.1993,-0.3319,0.5622,0.6075,-0.631,-0.1255,0.2226,-0.3145,-0.5846,-0.5868,-0.358,0,1,0,0
2026-02-24 21:03:33+05:30,2703.0,3,18.15,1564.84,20.447,0,-0.6417,-0.6247,0.25,0.2953,-0.0724,-0.3602,0.3536,0.3743,-0.1363,-0.1255,0.2674,-0.303,-0.6352,-0.6382,-0.358,0,1,0,0
2025-04-06 02:04:37+05:30,2703.0,3,18.15,1564.84,20.447,0,-0.6417,-1.1517,-0.0994,0.154,0.1481,-0.7146,2.3288,0.8982,-0.1363,0.1255,-0.9559,-0.2953,-0.6611,-0.6646,-0.358,0,1,0,0
2024-05-16 07:05:41+05:30,2703.0,3,18.15,1564.84,20.447,0,-0.6077,-1.1517,0.0613,0.096,0.2315,-0.7642,2.9398,0.267,-0.658,0.1255,-0.9559,-0.2992,-0.6468,-0.6501,-0.358,0,1,0,0
2023-06-26 12:06:45+05:30,2703.0,3,18.15,1564.84,20.447,0,-0.6077,-1.1517,-0.107,0.0924,0.2047,-0.7855,-0.3528,0.267,-0.658,0.1255,-0.9559,-0.2992,-0.6546,-0.658,-0.358,0,1,0,0
2022-08-05 17:07:48+05:30,2703.0,3,18.15,1564.84,20.447,0,-0.5738,-1.1517,-1.0964,0.0888,0.1952,-0.7855,-0.3528,0.267,-0.658,0.1255,-0.9559,-0.3068,-0.6222,-0.625,-0.358,0,1,0,0
2021-09-14 22:08:52+05:30,2703.0,3,18.15,1564.84,20.447,0,-0.5738,-1.1517,1.0915,0.0888,0.2077,-0.7855,-0.3528,0.267,-0.658,0.0,-0.9559,-0.3068,-0.6222,-0.625,-0.358,0,1,0,0
2021-09-14 22:08:52+05:30,2703.0,3,18.15,1564.84,20.447,0,-0.5738,-1.1517,10.3352,0.0888,0.2059,2.4962,2.9398,0.267,-0.658,0.0,-0.9559,-0.5909,0.5795,0.5807,-0.358,0,1,0,0
2021-09-14 22:08:52+05:30,2703.0,3,18.15,1564.84,20.447,0,-0.5738,-1.1517,21.6496,0.0888,0.2017,4.9628,2.9398,0.267,-0.658,0.0,-0.9559,-0.8058,1.4826,1.4712,-0.358,0,1,0,0
2019-01-14 13:12:04+05:30,2703.0,3,18.15,1564.84,20.447,0,-0.5738,-1.1517,25.0768,0.0852,0.2047,6.6002,2.9398,0.267,-0.658,0.0,-0.9559,-0.9517,2.0822,2.0542,-0.358,0,1,0,0
2019-12-05 08:11:03+05:30,2708.0,3,18.175,1572.51,20.55,0,-0.5738,-1.1517,18.3065,0.0888,0.2047,4.1406,2.9398,0.267,-0.658,0.0,-0.9559,-0.7406,1.1816,1.1757,-0.3671,0,1,0,0
2020-10-25 03:10:02+05:30,2713.0,3,18.2,1577.37,20.615,0,-0.5738,-1.1517,8.5859,0.096,0.2023,1.6811,2.9398,0.267,-0.658,0.0,-0.9559,-0.5256,0.281,0.2835,-0.372,0,1,0,0
2021-09-14 22:09:00+05:30,2718.0,3,18.225,1580.31,20.655,0,-0.5738,-1.1517,2.3843,0.0779,0.2053,0.0367,2.9398,0.267,-0.658,0.0,-0.9559,-0.3836,-0.3211,-0.3207,-0.3755,0,1,0,0
2022-08-05 17:07:59+05:30,2723.0,3,18.25,1582.29,20.681,0,-0.5738,-1.1517,0.0766,0.0816,0.2065,-0.7855,-0.3528,0.267,-0.658,0.0,-0.9559,-0.3145,-0.6222,-0.625,-0.3776,0,1,0,0
2023-06-26 12:06:58+05:30,2728.0,3,18.275,1584.28,20.707,0,-0.5738,-1.1517,-0.3263,0.1323,0.1981,-0.7855,-0.3528,0.267,-0.658,0.0,-0.9559,-0.3145,-0.6222,-0.625,-0.3798,0,1,0,0
2023-06-26 12:06:58+05:30,2728.0,3,18.275,1584.28,20.707,0,-0.5738,-1.1517,-0.3289,0.0345,0.2059,-0.7855,-0.3528,0.267,-0.5945,0.0,-0.9559,-0.3145,-0.6222,-0.625,-0.3798,0,1,0,0
2023-06-26 12:06:58+05:30,2728.0,3,18.275,1584.28,20.707,0,-0.5738,-1.1517,-0.5813,-0.3604,0.2565,-0.6083,-2.3123,-0.9248,-0.4978,0.6275,-0.9559,-0.4028,-0.2511,-0.2504,-0.3798,1,0,0,0
2026-02-24 21:03:54+05:30,2733.0,3,18.3069,1587.96,20.757,0,-0.404,-0.4073,-0.7955,-0.7334,0.3018,-0.5374,-1.4193,-1.2915,-0.5501,0.6275,0.2462,-0.4412,-0.0885,-0.0868,-0.384,1,0,0,0
2026-02-24 21:03:55+05:30,2734.0,3,18.3133,1588.46,20.763,0,-0.404,-0.4065,-0.7114,-0.6501,0.2875,-0.5587,-2.0288,-1.1909,-0.5771,0.0,0.2474,-0.3567,-0.46,-0.461,-0.3847,0,1,0,0
2026-02-24 21:03:56+05:30,2735.0,3,18.3197,1588.96,20.77,0,-0.404,-0.4134,-0.6629,-0.2444,0.2571,-0.6367,-1.7577,-0.8118,-0.6247,0.0,0.2365,-0.3567,-0.46,-0.461,-0.3854,0,1,0,0
2026-02-24 21:03:57+05:30,2736.0,3,18.3261,1589.46,20.777,0,-0.404,-0.4297,-0.8593,0.0272,0.2839,-0.587,-2.9712,0.267,-0.5073,-2.8866,0.2099,-0.3567,-0.46,-0.461,-0.3854,0,0,1,0
2026-02-24 21:03:59+05:30,2738.0,3,18.3261,1589.5,20.777,1,-1.1851,-1.1517,-1.0531,0.049,0.3435,-0.4878,-2.17,0.112,-0.501,-2.8866,-0.9559,-0.1802,-1.2061,-1.22,-0.3854,0,0,0,1
2026-02-24 21:04:01+05:30,2740.0,3,18.3261,1589.54,20.778,1,-1.1851,-1.1517,-1.0964,0.0526,0.362,-0.4949,-2.2863,0.267,-0.6183,0.0,-0.9559,-0.1802,-1.2061,-1.22,-0.3854,0,0,0,1
2026-02-24 21:04:03+05:30,2742.0,3,18.3261,1589.59,20.778,1,-1.1851,-1.1517,-1.1066,0.0924,0.3364,-0.4949,-2.4692,0.267,-0.6104,0.0,-0.9559,-0.1802,-1.2061,-1.22,-0.3854,0,0,0,1
2026-02-24 21:04:05+05:30,2744.0,3,18.3261,1589.63,20.779,1,-1.1851,-1.1517,-1.15,0.096,0.3143,-0.4949,-2.6277,0.267,-0.6183,0.0,-0.9559,-0.1802,-1.2061,-1.22,-0.3861,0,0,0,1
2026-02-24 21:04:07+05:30,2746.0,3,18.3261,1589.67,20.779,1,-1.1851,-1.1517,-1.1857,0.0852,0.306,-0.4949,-2.7425,0.267,-0.6342,0.0,-0.9559,-0.1802,-1.2061,-1.22,-0.3861,0,0,0,1
2026-02-24 21:04:07+05:30,2746.0,3,18.3261,1589.67,20.779,1,-1.1851,-1.1517,-1.1933,0.0924,0.3006,-0.4949,-2.8102,0.267,-0.6485,0.0,-0.9559,-0.1802,-1.2061,-1.22,-0.3861,0,0,0,1
2026-02-24 21:04:07+05:30,2746.0,3,18.3261,1589.67,20.779,1,-1.1851,-1.1517,-1.1984,0.0779,0.2988,-0.4949,-2.8102,0.267,-0.658,0.0,-0.9559,-0.1802,-1.2061,-1.22,-0.3861,0,0,0,1
2026-02-24 21:04:07+05:30,2746.0,3,18.3261,1589.67,20.779,1,-1.1851,-1.1517,-1.2163,0.0852,0.2994,-0.4949,-2.8102,0.267,-0.658,0.0,-0.9559,-0.1802,-1.2061,-1.22,-0.3861,0,0,0,1
2026-02-24 21:04:07+05:30,2746.0,3,18.3261,1589.67,20.779,1,-1.1851,-1.1517,-1.1984,0.125,0.2977,-0.4949,-2.8102,0.267,-0.612,0.0,-0.9559,-0.1802,-1.2061,-1.22,-0.3861,0,0,0,1
2026-02-24 21:04:07+05:30,2746.0,3,18.3261,1589.67,20.779,1,-1.1851,-1.1517,-1.1653,0.0526,0.278,-0.502,-3.055,0.267,-0.5708,0.0,-0.9559,-0.1802,-1.2061,-1.22,-0.3861,0,0,0,1
2026-02-24 21:04:07+05:30,2746.0,3,18.3261,1589.67,20.779,1,-1.1851,-1.1517,-1.2596,0.0236,0.2166,-0.5162,-3.3711,0.267,-0.4249,0.0,-0.9559,-0.1802,-1.2061,-1.22,-0.3861,0,0,0,1
2026-02-24 21:04:07+05:30,2746.0,3,18.3261,1589.67,20.779,1,-1.1851,-1.1517,-1.3132,0.3061,0.1278,-0.4665,-2.8391,0.267,-0.4566,8.6599,-0.9559,-0.1802,-1.2061,-1.22,-0.3861,0,0,0,1
2026-02-24 21:04:22+05:30,2751.0,3,18.4219,1600.45,20.926,0,1.1584,1.0211,-0.923,0.3025,0.0712,-0.5091,-2.4396,0.9965,-0.566,9.2874,0.2136,-0.9862,2.1912,2.1589,-0.398,1,0,0,0
2026-02-24 21:04:23+05:30,2752.0,3,18.4425,1602.09,20.948,0,1.3282,1.1736,-0.2524,-0.7516,0.0813,-0.5091,0.1842,-1.3644,-0.4994,1.1295,0.2111,-0.7905,1.361,1.3511,-0.4001,1,0,0,0
2026-02-24 21:04:24+05:30,2753.0,3,18.4642,1603.79,20.971,0,1.4641,1.3029,0.0281,-2.1026,0.1248,-0.3602,-0.4567,-2.8616,-0.4867,0.502,0.213,-0.8135,1.4453,1.4333,-0.4015,1,0,0,0
2026-02-24 21:04:25+05:30,2754.0,3,18.4858,1605.49,20.994,0,1.4641,1.4164,-0.4105,-2.3562,0.1689,-0.3035,-0.137,-2.7444,-0.5137,0.0,0.2668,-0.8173,1.4502,1.4377,-0.4036,0,1,0,0
2026-02-24 21:04:26+05:30,2755.0,3,18.5075,1607.17,21.017,0,1.4641,1.5189,-1.2341,-1.5484,0.2375,-0.2823,-2.1133,-1.2949,-0.4407,0.0,0.3157,-0.8097,1.421,1.4092,-0.4057,0,1,0,0
2026-02-24 21:04:27+05:30,2756.0,3,18.5292,1608.84,21.04,0,1.4641,1.6102,-1.6625,-0.7733,0.3114,-0.4311,-2.4967,-0.6171,-0.5501,-0.1255,0.3592,-0.8097,1.4087,1.3969,-0.4071,0,1,0,0
2026-02-24 21:04:28+05:30,2757.0,3,18.5506,1610.49,21.062,0,1.4301,1.6884,-1.0454,-0.3821,0.3084,-0.4311,-2.4967,-0.4784,-0.4867,-0.1255,0.4142,-0.7982,1.3626,1.352,-0.4092,0,1,0,0
2026-02-24 21:04:29+05:30,2758.0,3,18.5719,1612.16,21.085,0,1.4301,1.752,0.1378,0.1105,0.2232,-0.6437,2.6277,0.5894,-0.3947,0.0,0.4444,-0.8097,1.3983,1.3867,-0.4113,0,1,0,0
2026-02-24 21:04:30+05:30,2759.0,3,18.5933,1613.82,21.107,0,1.4301,1.798,0.4948,0.7662,0.1189,-0.5445,1.535,1.3847,-0.4439,0.0,0.4668,-0.8135,1.3999,1.3876,-0.4127,0,1,0,0
2026-02-24 21:04:31+05:30,2760.0,3,18.6147,1615.47,21.13,0,1.4301,1.8281,0.0332,0.9654,0.0307,-0.4878,0.5252,1.788,-0.4439,0.0,0.4813,-0.802,1.3577,1.3467,-0.4148,0,1,0,0
2026-02-24 21:04:32+05:30,2761.0,3,18.6361,1617.09,21.151,0,1.4301,1.8418,0.4208,0.4003,-0.0021,-0.4949,0.1594,0.4242,-0.4439,0.0,0.488,-0.7982,1.323,1.3124,-0.4162,0,1,0,0
2026-02-24 21:04:33+05:30,2762.0,3,18.6575,1618.83,21.175,0,1.4301,1.8389,1.6015,-0.2988,0.0754,-0.1618,2.6288,0.267,-0.4106,0.0,0.4868,-0.8442,1.5177,1.5028,-0.4184,0,1,0,0
2026-02-24 21:04:34+05:30,2763.0,3,18.6789,1620.52,21.198,0,1.4301,1.8071,1.4587,-0.1575,0.2035,-0.3177,2.0702,-0.5094,-0.3551,0.0,0.471,-0.8289,1.4476,1.4342,-0.4205,0,1,0,0
2026-02-24 21:04:35+05:30,2764.0,3,18.7003,1622.14,21.22,0,1.4301,1.7547,-0.1172,0.6502,0.2285,-0.5091,0.0233,2.4328,-0.3551,0.0,0.4463,-0.7982,1.3101,1.2992,-0.4219,0,1,0,0
2026-02-24 21:04:36+05:30,2765.0,3,18.7217,1623.74,21.242,0,1.4301,1.6699,-0.8567,0.9907,0.2166,-0.5445,-2.5966,0.9099,0.0635,0.0,0.4052,-0.7943,1.2919,1.2812,-0.424,0,1,0,0
2026-02-24 21:04:37+05:30,2766.0,3,18.7431,1625.36,21.264,0,1.4301,1.5509,-0.0586,0.8096,0.5706,-0.183,-0.0301,1.1329,0.9309,0.0,0.3477,-0.8058,1.3256,1.3142,-0.4261,0,1,0,0
2026-02-24 21:04:38+05:30,2767.0,3,18.7644,1627.01,21.286,0,1.4301,1.4002,0.7192,1.1574,1.4353,0.5683,0.0119,0.4605,1.3543,-0.1255,0.2752,-0.8212,1.3775,1.3648,-0.4275,0,1,0,0
2026-02-24 21:04:39+05:30,2768.0,3,18.7856,1628.66,21.308,0,1.3961,1.2365,0.6937,2.0303,2.0592,1.6173,-0.0861,0.6722,0.6518,-0.8785,0.2111,-0.8212,1.371,1.3582,-0.4296,0,0,1,0
2026-02-24 21:04:40+05:30,2769.0,3,18.805,1630.16,21.328,0,1.1924,1.0532,0.6733,2.2332,1.4072,0.6037,-0.1066,0.8819,2.5817,-1.5061,0.2142,-0.7636,1.1245,1.1163,-0.431,0,0,1,0
2026-02-24 21:04:41+05:30,2770.0,3,18.8228,1631.6,21.348,0,0.9886,0.8673,0.9971,1.3131,-0.3549,-0.0554,1.0334,1.021,3.5997,-1.3806,0.216,-0.7444,1.0336,1.0266,-0.4331,0,0,1,0
2026-02-24 21:04:42+05:30,2771.0,3,18.8392,1632.91,21.366,0,0.8187,0.6878,1.1603,-0.0488,-1.7231,1.7166,-0.0967,0.2364,1.7064,-1.2551,0.2021,-0.6945,0.8195,0.8155,-0.4345,0,0,1,0
2026-02-24 21:04:43+05:30,2772.0,3,18.8542,1634.14,21.382,0,0.6489,0.5609,1.2011,-1.3166,-1.7249,1.4543,0.0686,0.0126,0.479,-0.753,0.222,-0.6677,0.7092,0.7065,-0.4359,0,0,1,0
2026-02-24 21:04:44+05:30,2773.0,3,18.8689,1635.37,21.399,0,0.615,0.5021,1.6117,-2.3019,-1.0158,0.8518,0.2918,-0.3696,0.9595,-0.1255,0.2033,-0.6677,0.695,0.6924,-0.4373,0,1,0,0
2026-02-24 21:04:45+05:30,2774.0,3,18.8836,1636.67,21.416,0,0.615,0.5273,2.0656,-2.8669,-0.4711,0.3344,0.8665,-0.9282,0.5472,0.502,0.2208,-0.6907,0.8007,0.7971,-0.4387,1,0,0,0
2026-02-24 21:04:46+05:30,2775.0,3,18.8994,1638.06,21.435,0,0.7508,0.6258,1.5428,-3.0553,-0.048,0.1359,0.9811,-1.2389,0.3363,0.8785,0.2021,-0.7291,0.9516,0.9457,-0.4401,1,0,0,0
2026-02-24 21:04:47+05:30,2776.0,3,18.9161,1639.37,21.453,0,0.8527,0.7455,-0.056,-2.8778,0.222,-0.1547,-0.3528,-2.6454,0.173,0.753,0.2184,-0.7022,0.8377,0.8331,-0.4415,1,0,0,0
2026-02-24 21:04:48+05:30,2777.0,3,18.9336,1640.72,21.471,0,0.9546,0.8214,-1.3591,-2.0483,-0.2327,-0.0625,-1.2005,-0.9207,1.5367,0.3765,0.2075,-0.7137,0.8805,0.8753,-0.4429,1,0,0,0
2026-02-24 21:04:49+05:30,2778.0,3,18.9511,1642.04,21.489,0,0.9546,0.8312,-1.2494,-0.6356,-1.3125,1.0432,-0.7037,0.0398,1.9062,-0.1255,0.213,-0.706,0.8377,0.8331,-0.4443,0,1,0,0
2026-02-24 21:04:50+05:30,2779.0,3,18.9683,1643.33,21.506,0,0.9206,0.7976,-0.2549,0.5017,-2.1116,2.0497,-0.3528,0.3588,0.701,-0.3765,0.2118,-0.6984,0.8053,0.801,-0.4457,0,0,1,0
2026-02-24 21:04:51+05:30,2780.0,3,18.985,1644.64,21.524,0,0.8527,0.7377,0.5024,0.8024,-2.3023,2.0851,-0.1816,0.3739,-0.149,-0.502,0.2136,-0.706,0.826,0.8212,-0.4471,0,0,1,0
2026-02-24 21:04:52+05:30,2781.0,3,19.0011,1645.91,21.541,0,0.7848,0.6801,0.7727,0.7263,-2.4156,2.4608,-0.2156,0.3142,-0.0316,-0.502,0.2172,-0.6907,0.7533,0.7491,-0.4485,0,0,1,0
2026-02-24 21:04:53+05:30,2782.0,3,19.0167,1647.18,21.558,0,0.7169,0.6045,0.9028,0.5416,-2.7582,2.6451,-0.1055,0.3698,-0.0395,-0.6275,0.2087,-0.6907,0.7585,0.7544,-0.4499,0,0,1,0
2026-02-24 21:04:54+05:30,2783.0,3,19.0314,1648.34,21.574,0,0.615,0.5081,0.9053,0.1178,-2.8851,2.9995,-0.235,0.2386,0.5139,-0.753,0.2075,-0.6523,0.5911,0.5886,-0.4513,0,0,1,0
2026-02-24 21:04:55+05:30,2784.0,3,19.0453,1649.47,21.589,0,0.5131,0.4274,0.5662,0.0453,-2.1605,1.9788,-0.0997,0.2836,2.4659,-0.6275,0.2172,-0.6408,0.5379,0.5359,-0.4527,0,0,1,0
2026-02-24 21:04:56+05:30,2785.0,3,19.0586,1650.48,21.603,0,0.4451,0.37,0.0434,0.7191,-0.6075,0.2352,-0.3967,0.4631,3.3381,-0.251,0.2214,-0.5986,0.3511,0.3503,-0.4534,0,0,1,0
2026-02-24 21:04:57+05:30,2786.0,3,19.0719,1651.52,21.616,0,0.4451,0.3582,-0.2677,1.4073,0.8971,0.1005,-0.2354,1.0286,2.3089,0.251,0.2124,-0.6101,0.3926,0.3912,-0.4548,1,0,0,0
2026-02-24 21:04:58+05:30,2787.0,3,19.0858,1652.64,21.632,0,0.5131,0.417,-0.2498,1.4978,1.4579,0.788,-0.381,0.5894,0.1999,0.753,0.2093,-0.6408,0.5165,0.5143,-0.4562,1,0,0,0
2026-02-24 21:04:59+05:30,2788.0,3,19.1008,1653.89,21.648,0,0.6489,0.56,0.1378,0.8857,1.1129,0.221,-0.1611,0.6181,0.5868,1.1295,0.2214,-0.6907,0.7254,0.7214,-0.4577,1,0,0,0
2026-02-24 21:05:00+05:30,2789.0,3,19.1172,1655.29,21.667,0,0.8187,0.71,0.9028,-0.7769,0.5533,-0.2114,0.943,-0.2728,0.4774,1.2551,0.216,-0.7521,0.9727,0.965,-0.4591,1,0,0,0
2026-02-24 21:05:01+05:30,2790.0,3,19.135,1656.81,21.688,0,0.9886,0.8465,1.5785,-2.9285,0.1517,-0.0058,1.037,-1.697,0.452,1.004,0.2039,-0.7982,1.1725,1.1616,-0.4612,1,0,0,0
2026-02-24 21:05:02+05:30,2791.0,3,19.1536,1658.4,21.709,0,1.0905,0.9627,1.5938,-3.6892,-0.1731,0.2706,0.7539,-1.3878,0.0857,0.8785,0.216,-0.825,1.2727,1.2597,-0.4626,1,0,0,0
2026-02-24 21:05:03+05:30,2792.0,3,19.1733,1660.03,21.731,0,1.2263,1.0684,1.2547,-2.588,-0.4484,0.1501,0.6017,-1.0832,-0.1934,0.753,0.2057,-0.8404,1.3376,1.323,-0.4647,1,0,0,0
2026-02-24 21:05:04+05:30,2793.0,3,19.1936,1661.65,21.753,0,1.2942,1.1428,1.196,-1.3384,-0.4598,0.2493,0.3807,-0.2274,0.2713,0.251,0.2118,-0.8404,1.3305,1.3159,-0.4661,1,0,0,0
2026-02-24 21:05:05+05:30,2794.0,3,19.2139,1663.26,21.775,0,1.2942,1.1456,1.0762,-0.6248,-0.0188,-0.3177,2.0073,-0.4981,0.8612,-0.1255,0.213,-0.8404,1.3178,1.3032,-0.4682,0,1,0,0
2026-02-24 21:05:06+05:30,2795.0,3,19.2339,1664.79,21.796,0,1.2603,1.1009,0.3673,0.6285,0.6618,-0.3531,0.3449,0.6223,0.7264,-0.3765,0.2063,-0.8097,1.1816,1.1695,-0.4696,0,0,1,0
2026-02-24 21:05:07+05:30,2796.0,3,19.2533,1666.25,21.816,0,1.1924,1.0571,-0.2753,2.1861,1.0354,0.4265,-0.4388,1.1397,0.1397,-0.3765,0.216,-0.7828,1.0648,1.0547,-0.4717,0,0,1,0
2026-02-24 21:05:08+05:30,2797.0,3,19.2725,1667.72,21.836,0,1.1584,1.0238,-0.0305,2.494,0.8358,0.0367,0.0112,1.4467,0.3743,-0.1255,0.2154,-0.7905,1.0843,1.0737,-0.4731,0,1,0,0
2026-02-24 21:05:09+05:30,2798.0,3,19.2917,1669.21,21.856,0,1.1584,1.0155,0.6886,1.4544,0.3704,-0.4169,0.4707,2.1558,0.2982,0.251,0.2105,-0.7982,1.1076,1.0965,-0.4745,1,0,0,0
2026-02-24 21:05:10+05:30,2799.0,3,19.3114,1670.81,21.878,0,1.2263,1.0706,0.7141,0.154,0.0384,-0.3744,2.0808,0.3044,-0.0728,0.6275,0.2069,-0.8442,1.3094,1.2944,-0.4766,1,0,0,0
2026-02-24 21:05:11+05:30,2800.0,3,19.3319,1672.41,21.899,0,1.3282,1.1651,-0.2345,-0.9544,-0.048,-0.4098,-0.7476,-0.8806,-0.4645,0.753,0.2069,-0.8404,1.2838,1.2693,-0.478,1,0,0,0
2026-02-24 21:05:12+05:30,2801.0,3,19.3533,1674.05,21.922,0,1.4301,1.2499,-0.8363,-2.0374,0.0605,-0.2823,-0.9543,-2.1166,-0.2584,0.6275,0.2027,-0.8634,1.3704,1.3538,-0.4801,1,0,0,0
2026-02-24 21:05:13+05:30,2802.0,3,19.3753,1675.75,21.945,0,1.498,1.3229,-0.028,-3.001,0.2267,-0.2326,-0.1655,-2.8971,-0.3155,0.251,0.2075,-0.8826,1.4434,1.4246,-0.4822,1,0,0,0
2026-02-24 21:05:14+05:30,2803.0,3,19.3972,1677.49,21.968,0,1.498,1.3873,0.9589,-3.1314,0.2857,-0.0271,0.5102,-2.1714,-0.4185,-0.1255,0.2377,-0.9056,1.5287,1.5077,-0.4836,0,1,0,0
2026-02-24 21:05:15+05:30,2804.0,3,19.4189,1679.19,21.991,0,1.4641,1.444,0.329,-2.0121,0.1856,-0.3319,0.7872,-1.8577,-0.3012,-0.1255,0.28,-0.8903,1.4625,1.443,-0.4857,0,1,0,0
2026-02-24 21:05:16+05:30,2805.0,3,19.4406,1680.84,22.014,0,1.4641,1.4926,-1.1474,-0.3495,-0.0426,-0.3886,-2.4557,-0.2429,0.1095,0.0,0.303,-0.8711,1.3733,1.356,-0.4878,0,1,0,0
2026-02-24 21:05:17+05:30,2806.0,3,19.4622,1682.49,22.036,0,1.4641,1.542,-1.3259,0.9654,-0.3209,0.0154,-1.1123,0.7115,0.0382,-0.1255,0.3266,-0.8711,1.3688,1.3511,-0.4892,0,1,0,0
2026-02-24 21:05:18+05:30,2807.0,3,19.4836,1684.1,22.058,0,1.4301,1.5815,-0.4385,1.8202,-0.4884,0.0296,-0.4809,1.2437,-0.4756,-0.1255,0.3622,-0.8596,1.3156,1.2992,-0.4913,0,1,0,0
2026-02-24 21:05:19+05:30,2808.0,3,19.505,1685.7,22.08,0,1.4301,1.5896,-0.2447,2.0738,-0.4556,0.1572,-0.3056,1.1031,-0.233,0.0,0.3665,-0.8596,1.2997,1.2834,-0.4934,0,1,0,0
2026-02-24 21:05:20+05:30,2809.0,3,19.5264,1687.3,22.101,0,1.4301,1.5618,-0.6604,1.3602,-0.284,-0.183,-0.925,1.4111,0.008,0.0,0.3532,-0.8596,1.2919,1.2755,-0.4948,0,1,0,0
2026-02-24 21:05:22+05:30,2811.0,3,19.5692,1690.49,22.145,0,1.4301,1.3866,-0.6578,0.3677,0.036,-0.4807,-1.1954,0.267,0.8072,-0.1255,0.2686,-0.8596,1.2919,1.2755,-0.4984,0,1,0,0
2026-02-24 21:05:23+05:30,2812.0,3,19.5903,1692.07,22.166,0,1.3961,1.2449,-0.4691,0.5162,0.7196,-0.0484,-0.3528,0.6211,1.5081,-0.6275,0.2154,-0.8519,1.2594,1.2438,-0.5005,0,0,1,0
2026-02-24 21:05:24+05:30,2813.0,3,19.6103,1693.57,22.186,0,1.2603,1.0937,-0.2473,1.6282,1.7523,0.8873,-0.4417,0.6075,1.727,-1.1295,0.2027,-0.825,1.1297,1.1163,-0.5019,0,0,1,0
2026-02-24 21:05:25+05:30,2814.0,3,19.6289,1695.0,22.206,0,1.0905,0.9404,0.3571,1.9579,2.4191,2.1064,-0.2347,0.5864,0.7803,-1.2551,0.2039,-0.802,1.0272,1.0156,-0.5033,0,0,1,0
2026-02-24 21:05:26+05:30,2815.0,3,19.6461,1696.34,22.224,0,0.9206,0.7833,0.3443,0.8821,1.9227,1.0928,-0.115,0.3732,2.1012,-1.3806,0.2033,-0.7674,0.8831,0.874,-0.5054,0,0,1,0
2026-02-24 21:05:27+05:30,2816.0,3,19.6617,1697.52,22.24,0,0.7169,0.6218,-1.1729,-0.4473,0.4282,-0.2752,-1.6977,0.0254,3.3523,-1.2551,0.2202,-0.706,0.6106,0.6049,-0.5061,0,0,1,0
2026-02-24 21:05:28+05:30,2817.0,3,19.6761,1698.61,22.254,0,0.581,0.4991,-2.4122,-1.016,-1.1278,1.0219,-1.0205,-0.0309,2.8132,-0.753,0.2232,-0.6753,0.4808,0.4765,-0.5075,0,0,1,0
2026-02-24 21:05:29+05:30,2818.0,3,19.69,1699.66,22.269,0,0.5131,0.4157,-1.5248,-1.0305,-2.0628,1.8796,-0.7055,0.1056,0.7961,-0.3765,0.2087,-0.66,0.416,0.4119,-0.5089,0,0,1,0
2026-02-24 21:05:30+05:30,2819.0,3,19.7036,1700.74,22.283,0,0.4791,0.3846,0.0511,-1.2695,-2.269,2.1914,-0.2178,0.0602,-0.0919,0.0,0.2087,-0.6715,0.4536,0.4492,-0.5103,0,1,0,0
2026-02-24 21:05:31+05:30,2820.0,3,19.7175,1701.83,22.298,0,0.5131,0.41,0.1658,-1.994,-1.85,1.7024,-0.3111,-0.0611,0.9515,0.3765,0.2039,-0.6792,0.4893,0.4844,-0.511,1,0,0,0
2026-02-24 21:05:32+05:30,2821.0,3,19.7319,1702.99,22.313,0,0.581,0.4951,-0.487,-2.5228,-1.0843,0.8518,-0.4435,-0.4973,1.2465,0.753,0.2202,-0.7022,0.5756,0.5697,-0.5124,1,0,0,0
2026-02-24 21:05:33+05:30,2822.0,3,19.7475,1704.23,22.33,0,0.7169,0.5999,-0.3314,-1.9252,-0.4615,0.0296,-0.4073,-0.5604,0.5995,1.004,0.2057,-0.7367,0.7229,0.7153,-0.5138,1,0,0,0
2026-02-24 21:05:34+05:30,2823.0,3,19.7642,1705.6,22.349,0,0.8527,0.7206,0.3112,-0.3314,-0.1755,-0.2681,0.3145,-0.644,-0.1394,0.8785,0.2033,-0.7866,0.9207,0.9101,-0.5152,1,0,0,0
2026-02-24 21:05:35+05:30,2824.0,3,19.7817,1707.03,22.368,0,0.9546,0.8418,0.5203,0.748,0.0241,-0.3248,0.5797,1.701,0.0287,0.8785,0.2196,-0.8135,1.0314,1.0191,-0.5173,1,0,0,0
2026-02-24 21:05:36+05:30,2825.0,3,19.8003,1708.54,22.389,0,1.0905,0.9633,0.431,0.1866,0.2035,-0.5303,1.2423,-0.7902,-0.1394,1.004,0.2166,-0.8442,1.1501,1.1352,-0.5187,1,0,0,0
2026-02-24 21:05:37+05:30,2826.0,3,19.82,1710.13,22.41,0,1.2263,1.0783,0.505,-1.1645,0.1564,-0.4595,1.2423,-0.698,-0.1981,0.8785,0.2105,-0.8788,1.2903,1.2724,-0.5201,1,0,0,0
2026-02-24 21:05:38+05:30,2827.0,3,19.8406,1711.78,22.433,0,1.3282,1.1838,0.709,-1.534,-0.0861,-0.2823,0.6664,-1.5712,0.0128,0.753,0.2166,-0.9018,1.3762,1.356,-0.5222,1,0,0,0
2026-02-24 21:05:39+05:30,2828.0,3,19.8619,1713.48,22.456,0,1.4301,1.2708,0.7166,-0.3966,-0.3316,0.0013,0.418,0.0133,0.1825,0.502,0.2124,-0.921,1.4564,1.4342,-0.5243,1,0,0,0
2026-02-24 21:05:40+05:30,2829.0,3,19.8836,1715.14,22.478,0,1.4641,1.3053,0.4591,1.0632,-0.6558,0.2352,0.0584,0.7689,0.4473,0.1255,0.2142,-0.9095,1.4041,1.3832,-0.5264,0,1,0,0
2026-02-24 21:05:41+05:30,2830.0,3,19.9053,1716.78,22.501,0,1.4641,1.2851,0.301,1.4834,-1.2148,0.9085,-0.2215,0.5391,0.8723,-0.251,0.2045,-0.9018,1.3633,1.3432,-0.5278,0,0,1,0
2026-02-24 21:05:42+05:30,2831.0,3,19.9264,1718.43,22.523,0,1.3961,1.2298,0.5662,0.7662,-1.7422,1.5819,-0.0883,0.4424,0.2427,-0.502,0.2081,-0.9056,1.3684,1.3476,-0.5299,0,0,1,0
2026-02-24 21:05:43+05:30,2832.0,3,19.9469,1720.02,22.544,0,1.3282,1.1654,1.0022,-0.2626,-1.8077,1.6386,-0.1501,0.1592,-0.1204,-0.6275,0.2069,-0.8864,1.2802,1.2614,-0.5313,0,0,1,0
2026-02-24 21:05:44+05:30,2833.0,3,19.9667,1721.6,22.566,0,1.2263,1.0912,1.0634,-0.7842,-1.4859,1.2417,0.1652,0.1381,0.2174,-0.3765,0.2172,-0.8864,1.2789,1.2601,-0.5334,0,0,1,0
2026-02-24 21:05:45+05:30,2834.0,3,19.9864,1723.1,22.586,0,1.2263,1.0687,0.5993,-0.5886,-1.1314,0.8589,-0.2354,0.0145,0.3854,0.1255,0.2057,-0.8557,1.1375,1.1216,-0.5348,0,1,0,0
2026-02-24 21:05:46+05:30,2835.0,3,20.0064,1724.65,22.607,0,1.2603,1.1041,-0.1172,-0.1394,-0.7321,0.2635,-0.0693,0.3108,0.3173,0.251,0.2075,-0.8749,1.2179,1.2003,-0.537,1,0,0,0
2026-02-24 21:05:47+05:30,2836.0,3,20.0267,1726.19,22.628,0,1.2942,1.1418,-0.7012,0.346,-0.3132,0.0154,-0.8573,0.267,-0.2647,0.251,0.2111,-0.8711,1.1923,1.1752,-0.5384,1,0,0,0
2026-02-24 21:05:48+05:30,2837.0,3,20.0472,1727.74,22.649,0,1.3282,1.1645,-0.6298,1.0777,-0.5694,-0.0413,-0.6126,0.8933,1.8332,0.1255,0.2063,-0.8749,1.2156,1.1981,-0.5405,0,1,0,0
2026-02-24 21:05:49+05:30,2838.0,3,20.0678,1729.3,22.671,0,1.3282,1.1842,0.2704,1.6427,-1.921,1.9079,-0.2423,0.5127,3.2223,-0.1255,0.2166,-0.8864,1.2465,1.228,-0.5419,0,1,0,0
2026-02-24 21:05:50+05:30,2839.0,3,20.0881,1730.91,22.692,0,1.2942,1.1288,1.2292,1.2805,-3.3762,3.4035,-0.1575,0.3879,1.7064,-0.502,0.2045,-0.9018,1.3049,1.2847,-0.544,0,0,1,0
2026-02-24 21:05:51+05:30,2840.0,3,20.1075,1732.46,22.713,0,1.1924,1.0437,1.3235,0.3677,-3.6581,3.9493,-0.1487,0.2897,0.4774,-0.8785,0.2087,-0.8826,1.2335,1.2152,-0.5454,0,0,1,0
2026-02-24 21:05:52+05:30,2841.0,3,20.1258,1733.9,22.733,0,1.0565,0.9181,0.7982,0.0308,-3.0031,2.9215,-0.2006,0.267,0.8802,-1.2551,0.2087,-0.8365,1.0336,1.0196,-0.5468,0,0,1,0
2026-02-24 21:05:53+05:30,2842.0,3,20.1425,1735.21,22.751,0,0.8527,0.7431,0.6962,0.2916,-2.6116,2.6238,-0.2003,0.267,-0.3012,-1.2551,0.2172,-0.7905,0.8312,0.8204,-0.5489,0,0,1,0
2026-02-24 21:05:54+05:30,2843.0,3,20.1581,1736.47,22.768,0,0.7169,0.5999,1.0966,0.1685,-2.7445,2.6876,-0.1172,0.3244,-0.5945,-0.8785,0.2057,-0.7751,0.7533,0.7434,-0.5503,0,0,1,0
2026-02-24 21:05:55+05:30,2844.0,3,20.1728,1737.65,22.784,0,0.615,0.522,0.9232,-0.2191,-2.5568,2.6309,-0.1699,0.177,1.2338,-0.6275,0.2172,-0.7444,0.6223,0.6141,-0.551,0,0,1,0
2026-02-24 21:05:56+05:30,2845.0,3,20.1869,1738.74,22.798,0,0.547,0.4625,-0.13,0.2916,-1.5729,1.1779,-0.2771,0.3686,2.3565,-0.1255,0.2196,-0.7099,0.4743,0.4677,-0.5524,0,1,0,0
2026-02-24 21:05:57+05:30,2846.0,3,20.2014,1739.86,22.813,0,0.581,0.4721,-0.7955,1.5594,-0.2661,0.0013,-0.9276,1.0044,2.439,0.502,0.2039,-0.7252,0.5344,0.5271,-0.5538,1,0,0,0
2026-02-24 21:05:58+05:30,2847.0,3,20.2167,1741.09,22.83,0,0.6829,0.5696,-0.1861,2.0919,0.7541,0.1147,-0.2368,1.2769,1.6794,0.753,0.2063,-0.7636,0.6937,0.6845,-0.5552,1,0,0,0
2026-02-24 21:05:59+05:30,2848.0,3,20.2328,1742.41,22.848,0,0.7848,0.6675,0.5942,1.266,1.3918,0.547,-0.0177,0.6484,0.6725,0.753,0.2093,-0.802,0.8549,0.8432,-0.5566,1,0,0,0
2026-02-24 21:06:00+05:30,2849.0,3,20.2497,1743.76,22.866,0,0.8867,0.7731,0.0434,-0.0633,1.8381,1.1991,-0.2555,0.2129,0.5979,0.753,0.216,-0.8135,0.9006,0.8881,-0.558,1,0,0,0
2026-02-24 21:06:01+05:30,2850.0,3,20.2675,1745.14,22.885,0,0.9886,0.8562,-1.4279,-0.882,2.1968,1.6528,-0.64,0.1222,0.192,0.6275,0.2093,-0.825,0.9396,0.9263,-0.5594,1,0,0,0
2026-02-24 21:06:02+05:30,2851.0,3,20.2858,1746.52,22.904,0,1.0565,0.9127,-2.1751,-0.9616,2.5711,2.0284,-0.7787,0.0867,0.4457,0.1255,0.2057,-0.8289,0.9486,0.9351,-0.5615,0,1,0,0
2026-02-24 21:06:03+05:30,2852.0,3,20.3039,1747.87,22.922,0,1.0225,0.8836,-1.7696,-0.5415,3.0049,2.6238,-0.602,0.2084,0.2475,-0.502,0.2069,-0.8173,0.9026,0.8898,-0.5629,0,0,1,0
2026-02-24 21:06:04+05:30,2853.0,3,20.3211,1749.17,22.939,0,0.9206,0.811,-1.127,0.0743,3.167,2.716,-0.4929,0.245,-0.076,-0.6275,0.2196,-0.7943,0.8053,0.794,-0.5643,0,0,1,0
2026-02-24 21:06:05+05:30,2854.0,3,20.3378,1750.42,22.956,0,0.8527,0.7388,-0.5839,0.538,2.692,2.2198,-0.452,0.3437,1.1767,-0.3765,0.2142,-0.779,0.7404,0.7302,-0.5657,0,0,1,0
2026-02-24 21:06:06+05:30,2855.0,3,20.3542,1751.69,22.974,0,0.8187,0.7075,0.1786,0.8857,1.8178,1.1212,-0.1736,0.4684,1.5367,0.0,0.2148,-0.7866,0.7676,0.757,-0.5671,0,1,0,0
2026-02-24 21:06:07+05:30,2856.0,3,20.3708,1753.03,22.992,0,0.8527,0.7212,0.8008,1.5304,1.0992,0.306,0.1012,0.6926,0.7961,0.502,0.2033,-0.8173,0.8815,0.8687,-0.5685,1,0,0,0
2026-02-24 21:06:08+05:30,2857.0,3,20.3883,1754.48,23.011,0,0.9546,0.8185,0.6325,2.1426,0.6802,0.0651,0.4177,1.6202,0.3252,0.8785,0.2057,-0.8596,1.0654,1.0495,-0.5699,1,0,0,0
2026-02-24 21:06:09+05:30,2858.0,3,20.4069,1755.96,23.032,0,1.0905,0.9541,-0.0254,1.7586,0.3674,-0.502,-0.3528,2.3504,0.1444,1.1295,0.2118,-0.8711,1.1057,1.0886,-0.572,1,0,0,0
2026-02-24 21:06:10+05:30,2859.0,3,20.4269,1757.54,23.053,0,1.2603,1.096,-0.3799,0.5814,0.1272,-0.5729,-0.5621,2.6747,-0.2489,1.1295,0.2033,-0.9095,1.2656,1.2447,-0.5734,1,0,0,0
2026-02-24 21:06:11+05:30,2860.0,3,20.4481,1759.19,23.075,0,1.3961,1.2266,-0.3773,-0.201,0.0307,-0.5303,-0.5295,-1.2544,-0.4661,1.004,0.2063,-0.9402,1.3834,1.3595,-0.5756,1,0,0,0
2026-02-24 21:06:12+05:30,2861.0,3,20.4703,1760.91,23.099,0,1.532,1.3449,-0.4232,-0.1829,0.0033,-0.502,-1.0498,0.6495,-0.5787,0.502,0.2033,-0.967,1.4998,1.4729,-0.5777,1,0,0,0
2026-02-24 21:06:13+05:30,2862.0,3,20.4925,1762.63,23.122,0,1.532,1.4485,-0.6374,0.2228,-0.0289,-0.5374,-0.9568,-0.167,-0.5438,0.0,0.251,-0.967,1.4869,1.4602,-0.5791,0,1,0,0
2026-02-24 21:06:14+05:30,2863.0,3,20.5147,1764.33,23.145,0,1.532,1.5405,-1.0097,0.8132,-0.0188,-0.3177,-1.6084,1.1851,-0.4201,0.0,0.294,-0.9632,1.4755,1.4492,-0.5812,0,1,0,0
2026-02-24 21:06:15+05:30,2864.0,3,20.5369,1766.04,23.169,0,1.532,1.6214,-1.382,1.103,0.0414,-0.4665,-2.3522,1.2558,-0.4201,0.0,0.3314,-0.9632,1.4667,1.4404,-0.5833,0,1,0,0
2026-02-24 21:06:16+05:30,2865.0,3,20.5592,1767.73,23.192,0,1.532,1.6962,-1.2877,0.4583,0.0736,-0.339,-2.2885,1.0808,-0.539,0.0,0.3665,-0.9632,1.456,1.4298,-0.5847,0,1,0,0
2026-02-24 21:06:17+05:30,2866.0,3,20.5814,1769.42,23.215,0,1.532,1.7552,-0.6094,-0.3422,0.0706,-0.5516,-0.9894,-1.7685,-0.5549,0.0,0.3937,-0.9594,1.4421,1.4162,-0.5868,0,1,0,0
2026-02-24 21:06:18+05:30,2867.0,3,20.6036,1771.12,23.238,0,1.532,1.802,0.1658,-0.0054,0.0891,-0.5729,0.8958,0.9953,-0.5549,0.0,0.4154,-0.9709,1.4745,1.4474,-0.5889,0,1,0,0
2026-02-24 21:06:19+05:30,2868.0,3,20.6258,1772.85,23.261,0,1.532,1.8376,0.839,0.9219,0.1302,-0.502,2.0651,0.9753,-0.539,0.0,0.4318,-0.9786,1.5128,1.4848,-0.591,0,1,0,0
2026-02-24 21:06:20+05:30,2869.0,3,20.6481,1774.62,23.286,0,1.532,1.8573,1.4459,0.9328,0.1511,-0.2326,1.9806,1.2127,-0.658,0.0,0.4408,-0.9977,1.5832,1.553,-0.5924,0,1,0,0
2026-02-24 21:06:21+05:30,2870.0,3,20.6703,1776.38,23.31,0,1.532,1.8625,1.5505,-0.0814,0.1439,-0.2964,2.4364,-0.1435,-0.658,0.0,0.4432,-0.9939,1.5644,1.5345,-0.5945,0,1,0,0
2026-02-24 21:06:22+05:30,2871.0,3,20.6925,1778.12,23.333,0,1.532,1.86,0.992,-1.0377,0.1433,-0.3602,1.8968,-0.7381,-0.5945,0.0,0.4426,-0.9862,1.5268,1.498,-0.5966,0,1,0,0
2026-02-24 21:06:23+05:30,2872.0,3,20.7147,1779.81,23.356,0,1.532,1.8377,0.482,-1.1572,0.1826,-0.5091,0.7853,-1.9442,-0.5771,0.0,0.4318,-0.967,1.4411,1.4144,-0.5987,0,1,0,0
2026-02-24 21:06:24+05:30,2873.0,3,20.7369,1781.51,23.379,0,1.532,1.788,0.4234,-0.3459,0.2208,-0.5232,1.9425,-0.7634,-0.631,0.0,0.4088,-0.9786,1.4749,1.447,-0.6008,0,1,0,0
2026-02-24 21:06:25+05:30,2874.0,3,20.7592,1783.2,23.402,0,1.532,1.707,0.3775,0.5488,0.1612,-0.6012,1.4471,1.7808,-0.5137,0.0,0.3713,-0.9709,1.4411,1.414,-0.6022,0,1,0,0
2026-02-24 21:06:26+05:30,2875.0,3,20.7814,1784.89,23.425,0,1.532,1.6043,0.2729,0.154,0.1278,-0.58,1.6056,0.267,0.146,0.0,0.3236,-0.9747,1.4489,1.4215,-0.6043,0,1,0,0
2026-02-24 21:06:27+05:30,2876.0,3,20.8036,1786.58,23.448,0,1.532,1.472,0.5075,-1.2224,0.5968,-0.1688,0.2088,-0.5771,1.1514,-0.1255,0.2619,-0.9747,1.4489,1.4215,-0.6064,0,1,0,0
2026-02-24 21:06:28+05:30,2877.0,3,20.8256,1788.29,23.472,0,1.498,1.3408,0.8339,-1.5158,1.6242,0.788,0.1242,-0.2259,1.5874,-0.6275,0.216,-0.9862,1.4865,1.458,-0.6078,0,0,1,0
2026-02-24 21:06:29+05:30,2878.0,3,20.8464,1789.89,23.493,0,1.3622,1.213,0.6452,-0.4328,2.1241,1.7733,-0.1959,0.1891,1.3369,-1.004,0.2154,-0.9402,1.2971,1.2737,-0.6099,0,0,1,0
2026-02-24 21:06:30+05:30,2879.0,3,20.8661,1791.38,23.514,0,1.2263,1.0878,0.046,-0.0525,1.0485,0.0013,-0.0316,0.3252,3.4094,-1.004,0.2154,-0.9056,1.1414,1.1211,-0.6113,0,0,1,0
2026-02-24 21:06:31+05:30,2880.0,3,20.8847,1792.78,23.533,0,1.0905,0.9559,-0.5048,-0.9218,-0.8787,0.3344,-0.5782,-0.2437,3.254,-0.8785,0.2124,-0.8672,0.9675,0.951,-0.6135,0,0,1,0
2026-02-24 21:06:32+05:30,2881.0,3,20.9025,1794.11,23.551,0,0.9886,0.859,-0.9001,-1.4036,-1.8941,1.9434,-0.4618,0.0587,1.1656,-0.753,0.2111,-0.8442,0.8701,0.8551,-0.6149,0,0,1,0
2026-02-24 21:06:33+05:30,2882.0,3,20.9194,1795.38,23.568,0,0.8867,0.7498,-1.0811,-1.1102,-1.5008,1.1424,-0.6393,0.0031,1.1101,-0.8785,0.2021,-0.8212,0.7728,0.7597,-0.6163,0,0,1,0
2026-02-24 21:06:34+05:30,2883.0,3,20.9353,1796.57,23.584,0,0.7508,0.6526,-0.7955,-1.0703,-0.7595,0.384,-0.6459,-0.1692,0.5932,-0.753,0.2196,-0.7905,0.643,0.6317,-0.6177,0,0,1,0
2026-02-24 21:06:35+05:30,2884.0,3,20.9506,1797.74,23.6,0,0.6829,0.5769,-0.1045,-1.1029,-0.4085,0.0438,-0.1739,-0.2928,0.1349,-0.502,0.2111,-0.7828,0.6041,0.5935,-0.6184,0,0,1,0
2026-02-24 21:06:36+05:30,2885.0,3,20.9653,1798.88,23.615,0,0.615,0.5245,0.5483,-0.2698,-0.1898,-0.3177,0.3877,-0.2932,-0.0126,-0.502,0.219,-0.7751,0.573,0.5627,-0.6198,0,0,1,0
2026-02-24 21:06:37+05:30,2886.0,3,20.9794,1800.03,23.631,0,0.547,0.4594,0.8237,0.8676,0.0235,-0.3106,1.4131,1.2724,-0.4233,-0.3765,0.2172,-0.779,0.5782,0.5675,-0.6212,0,0,1,0
2026-02-24 21:06:38+05:30,2887.0,3,20.9933,1801.13,23.646,0,0.5131,0.4141,0.7319,1.0052,-0.1451,-0.3106,0.6134,0.919,0.4124,-0.3765,0.2069,-0.7598,0.4938,0.4844,-0.6226,0,0,1,0
2026-02-24 21:06:39+05:30,2888.0,3,21.0067,1802.19,23.66,0,0.4451,0.372,0.4744,0.3713,-0.7726,0.3769,0.0727,0.3993,1.0879,-0.3765,0.2232,-0.7483,0.4367,0.4277,-0.624,0,0,1,0
2026-02-24 21:06:40+05:30,2889.0,3,21.0197,1803.21,23.674,0,0.4112,0.3185,0.2602,0.1468,-1.3775,1.185,-0.2244,0.267,0.4267,-0.3765,0.2057,-0.7291,0.3627,0.3547,-0.6247,0,0,1,0
2026-02-24 21:06:41+05:30,2890.0,3,21.0322,1804.19,23.687,0,0.3433,0.2515,0.3392,0.4039,-1.5539,1.2062,-0.1812,0.3441,-0.631,-0.6275,0.2021,-0.7175,0.3134,0.3054,-0.6261,0,0,1,0
2026-02-24 21:06:42+05:30,2891.0,3,21.0439,1805.15,23.7,0,0.2414,0.1807,0.8849,0.2264,-1.362,1.1991,-0.0301,0.29,-0.0031,-0.6275,0.2226,-0.7099,0.268,0.2606,-0.6268,0,0,1,0
2026-02-24 21:06:43+05:30,2892.0,3,21.055,1806.12,23.713,0,0.1734,0.0985,1.6856,-0.5813,-1.092,0.788,0.3913,0.1007,0.0556,-0.753,0.2051,-0.7137,0.2914,0.2839,-0.6282,0,0,1,0
2026-02-24 21:06:44+05:30,2893.0,3,21.065,1807.04,23.725,0,0.0376,-0.0191,2.2186,-1.0413,-0.918,0.7526,0.5768,-0.0641,-0.3012,-1.004,0.2124,-0.6945,0.2031,0.196,-0.6289,0,0,1,0
2026-02-24 21:06:45+05:30,2894.0,3,21.0739,1807.88,23.737,0,-0.0983,-0.1533,2.1242,-0.5089,-0.7678,0.5612,0.7674,0.0734,-0.0506,-1.2551,0.2027,-0.6677,0.0837,0.0772,-0.6303,0,0,1,0
2026-02-24 21:06:46+05:30,2895.0,3,21.0811,1808.53,23.746,0,-0.3021,-0.3104,1.4408,0.259,-0.5015,0.1501,0.639,0.3823,0.1365,-1.6316,0.2456,-0.5986,-0.2069,-0.2126,-0.631,0,0,1,0
2026-02-24 21:06:47+05:30,2896.0,3,21.0864,1809.01,23.752,0,-0.5398,-0.5439,0.5636,0.3822,-0.1564,-0.2681,0.7546,0.4737,0.1904,-1.7571,0.2323,-0.5333,-0.4937,-0.5001,-0.631,0,0,1,0
2026-02-24 21:06:48+05:30,2897.0,3,21.0897,1809.28,23.756,0,-0.7776,-0.758,-0.0382,0.1286,0.1123,-0.7146,0.2581,0.267,-0.1727,-1.5061,0.2625,-0.4565,-0.8091,-0.8176,-0.6317,0,0,1,0
2026-02-24 21:06:49+05:30,2898.0,3,21.0917,1809.45,23.758,0,-0.9474,-0.9281,-0.2065,0.0381,0.2005,-0.7146,0.2581,0.267,-0.658,-1.2551,0.2305,-0.4182,-0.9713,-0.9816,-0.6317,0,0,1,0
2026-02-24 21:06:50+05:30,2899.0,3,21.0922,1809.52,23.759,0,-1.1172,-1.0617,-0.2396,0.0816,0.0718,-0.7146,-0.3528,0.267,0.0096,-0.8785,0.7152,-0.3798,-1.1413,-1.154,-0.6317,0,0,1,0
2026-02-24 21:06:51+05:30,2900.0,3,21.0922,1809.54,23.759,1,-1.1851,-1.1478,-0.3952,0.0671,-0.2268,-0.1972,-0.5292,0.1891,0.3981,0.251,-0.9559,-0.3644,-1.2061,-1.22,-0.6317,0,0,0,1
2026-02-24 21:06:52+05:30,2901.0,3,21.0933,1809.76,23.762,0,-1.0493,-1.0143,-0.4793,-0.1575,-0.6773,0.2281,-0.4992,0.2216,0.8564,1.3806,0.3205,-0.4374,-0.896,-0.9056,-0.6324,1,0,0,0
2026-02-24 21:06:53+05:30,2902.0,3,21.0964,1810.17,23.768,0,-0.8115,-0.7863,-0.1835,-0.8276,-1.3965,1.1424,-0.3298,0.0273,1.3797,2.0081,0.2776,-0.5103,-0.5956,-0.6026,-0.6324,1,0,0,0
2026-02-24 21:06:54+05:30,2903.0,3,21.1019,1810.8,23.776,0,-0.5059,-0.5208,0.3749,-1.9034,-2.204,2.078,-0.2387,-0.0018,0.617,2.1336,0.216,-0.5909,-0.2442,-0.2499,-0.6331,1,0,0,0
2026-02-24 21:06:55+05:30,2904.0,3,21.1097,1811.63,23.787,0,-0.2341,-0.2725,0.6248,-2.6677,-2.269,2.234,-0.1805,-0.142,1.0736,2.1336,0.2105,-0.6638,0.0571,0.0508,-0.6338,1,0,0,0
2026-02-24 21:06:56+05:30,2905.0,3,21.12,1812.58,23.8,0,0.0715,0.0093,0.0715,-2.1497,-1.0461,0.8306,-0.2427,-0.3087,3.3952,1.8826,0.2093,-0.7137,0.2645,0.2566,-0.6352,1,0,0,0
2026-02-24 21:06:57+05:30,2906.0,3,21.1319,1813.59,23.814,0,0.2753,0.207,-1.048,-0.3857,0.6445,-0.098,-1.0827,-0.0248,2.8402,1.2551,0.2178,-0.7367,0.355,0.3463,-0.6366,1,0,0,0
2026-02-24 21:06:58+05:30,2907.0,3,21.145,1814.66,23.828,0,0.4112,0.3423,-1.8869,1.0487,1.4895,0.7597,-0.9685,0.4964,0.3347,1.004,0.2244,-0.7598,0.4471,0.4374,-0.6373,1,0,0,0
2026-02-24 21:06:59+05:30,2908.0,3,21.1592,1815.81,23.844,0,0.547,0.4648,-1.9073,0.6249,1.2958,0.6392,-1.0984,0.5153,0.3347,1.2551,0.2214,-0.7943,0.5915,0.5798,-0.6387,1,0,0,0
2026-02-24 21:07:00+05:30,2909.0,3,21.175,1817.1,23.861,0,0.7508,0.6294,-1.3693,-0.9146,0.7845,-0.0484,-1.1145,-0.52,0.5773,1.2551,0.2045,-0.8442,0.8001,0.7852,-0.6401,1,0,0,0
2026-02-24 21:07:01+05:30,2910.0,3,21.1919,1818.46,23.88,0,0.8867,0.7799,-0.7751,-1.3601,0.3412,-0.3815,-1.6428,-1.0658,0.5424,1.004,0.2202,-0.8711,0.9084,0.8916,-0.6415,1,0,0,0
2026-02-24 21:07:02+05:30,2911.0,3,21.21,1819.92,23.899,0,1.0225,0.9016,-0.107,-0.3096,-0.107,-0.3177,0.3877,-0.2932,0.4711,1.004,0.2172,-0.9133,1.0774,1.0569,-0.6436,1,0,0,0
2026-02-24 21:07:03+05:30,2912.0,3,21.2292,1821.44,23.92,0,1.1584,1.0109,0.9232,0.183,-0.4675,-0.0129,0.0339,0.4061,-0.1981,0.8785,0.2081,-0.9402,1.1864,1.1634,-0.645,1,0,0,0
2026-02-24 21:07:04+05:30,2913.0,3,21.2492,1823.16,23.944,0,1.2603,1.1065,1.8514,-1.0667,-0.4371,0.3557,1.2295,-0.1401,0.1952,0.753,0.2087,-1.0131,1.5031,1.4716,-0.6471,1,0,0,0
2026-02-24 21:07:05+05:30,2914.0,3,21.27,1824.85,23.967,0,1.3622,1.1871,1.7749,-2.5011,0.0682,-0.098,0.8523,-1.8184,0.8168,0.6275,0.2021,-1.0016,1.4395,1.4096,-0.6492,1,0,0,0
2026-02-24 21:07:06+05:30,2915.0,3,21.2914,1826.57,23.99,0,1.4301,1.2567,0.6835,-2.4359,0.6892,-0.0058,0.785,-0.9781,0.4663,0.502,0.2057,-1.0169,1.5037,1.472,-0.6506,1,0,0,0
2026-02-24 21:07:07+05:30,2916.0,3,21.3133,1828.23,24.013,0,1.498,1.3152,-0.3926,-1.447,0.8733,0.1714,-0.7124,-0.5563,0.0271,0.3765,0.2039,-0.9977,1.41,1.3806,-0.6528,1,0,0,0
2026-02-24 21:07:08+05:30,2917.0,3,21.3356,1829.93,24.036,0,1.532,1.3631,-0.3595,-0.9182,0.4711,-0.4665,0.1202,-0.9036,0.6344,0.1255,0.2118,-1.0093,1.4616,1.4307,-0.6549,0,1,0,0
2026-02-24 21:07:09+05:30,2918.0,3,21.3578,1831.64,24.059,0,1.532,1.4081,0.7192,-0.9906,-0.0587,-0.4028,0.4447,-1.0125,0.2855,-0.1255,0.2323,-1.0169,1.4862,1.4545,-0.6563,0,1,0,0
2026-02-24 21:07:10+05:30,2919.0,3,21.3797,1833.42,24.084,0,1.498,1.4533,1.349,-0.7914,-0.2452,0.0438,1.2247,-0.2943,-0.3345,-0.1255,0.2686,-1.0476,1.6066,1.571,-0.6584,0,1,0,0
2026-02-24 21:07:11+05:30,2920.0,3,21.4017,1835.12,24.107,0,1.498,1.4926,0.76,0.0743,-0.1415,-0.3602,0.62,0.6276,-0.3551,0.0,0.2873,-1.0131,1.4667,1.4355,-0.6605,0,1,0,0
2026-02-24 21:07:12+05:30,2921.0,3,21.4236,1836.83,24.13,0,1.498,1.5336,0.4718,0.9292,-0.0414,-0.3957,0.9928,0.662,-0.5501,-0.1255,0.3066,-1.0208,1.4817,1.4496,-0.6626,0,1,0,0
2026-02-24 21:07:13+05:30,2922.0,3,21.4453,1838.57,24.154,0,1.4641,1.5714,1.6678,0.835,-0.0241,-0.1688,1.6034,1.1084,-0.631,-0.1255,0.3405,-1.0361,1.5427,1.509,-0.6647,0,1,0,0
2026-02-24 21:07:14+05:30,2923.0,3,21.4669,1840.38,24.179,0,1.4641,1.6072,2.6291,0.0562,-0.0462,0.0651,2.2165,0.1407,-0.5026,0.0,0.358,-1.063,1.6513,1.6141,-0.6668,0,1,0,0
2026-02-24 21:07:15+05:30,2924.0,3,21.4886,1842.13,24.203,0,1.4641,1.6393,1.474,0.1612,-0.1338,-0.1051,1.6041,0.267,-0.3392,0.0,0.3731,-1.04,1.5553,1.5209,-0.6682,0,1,0,0
2026-02-24 21:07:16+05:30,2925.0,3,21.5103,1843.76,24.225,0,1.4641,1.6698,-0.2651,1.7695,-0.2691,-0.098,-0.7205,1.512,-0.409,0.0,0.3876,-0.9939,1.3513,1.3225,-0.6703,0,1,0,0
2026-02-24 21:07:17+05:30,2926.0,3,21.5319,1845.39,24.247,0,1.4641,1.6933,-0.2014,3.3126,-0.3203,0.058,-0.1757,1.87,-0.547,0.0,0.3991,-0.9977,1.3564,1.3274,-0.6724,0,1,0,0
2026-02-24 21:07:18+05:30,2927.0,3,21.5536,1847.07,24.27,0,1.4641,1.6823,0.8824,3.1894,-0.2172,0.1288,0.3606,2.1138,-0.2489,0.0,0.3937,-1.0169,1.4359,1.4048,-0.6738,0,1,0,0
2026-02-24 21:07:19+05:30,2928.0,3,21.5753,1848.75,24.293,0,1.4641,1.6449,0.9563,1.8311,-0.039,-0.2893,1.1812,1.4667,-0.2282,0.0,0.3755,-1.0208,1.4463,1.4144,-0.6759,0,1,0,0
2026-02-24 21:07:20+05:30,2929.0,3,21.5969,1850.39,24.315,0,1.4641,1.5812,0.1684,0.6611,0.1081,-0.5516,0.4923,1.9286,-0.3646,0.0,0.3453,-1.0016,1.3581,1.3287,-0.678,0,1,0,0
2026-02-24 21:07:22+05:30,2931.0,3,21.6403,1853.61,24.359,0,1.4641,-1.1517,-0.2753,0.1902,0.188,-0.7855,-0.3528,0.267,-0.4756,0.0,-0.9559,-0.9939,1.3243,1.2957,-0.6815,0,1,0,0
2026-02-24 21:07:23+05:30,2932.0,3,21.6619,1855.71,24.388,0,1.4641,-1.1517,-0.2447,0.0779,0.2101,-0.7855,-0.3528,0.267,-0.658,0.0,-0.9559,-1.1858,2.1347,2.0789,-0.6836,0,1,0,0
2026-02-24 21:07:25+05:30,2934.0,3,21.7053,1859.92,24.446,0,1.4641,0.4739,-0.2065,0.0743,0.2047,-0.7855,-0.3528,0.267,-0.658,0.0,-0.1817,-1.1897,2.1347,2.0784,-0.6885,0,1,0,0
2026-02-24 21:07:26+05:30,2935.0,3,21.7269,1861.53,24.468,0,1.4641,0.4739,-0.2371,0.096,0.2017,-0.7855,-0.3528,0.267,-0.658,0.0,-0.1817,-0.9977,1.3243,1.2953,-0.6906,0,1,0,0
2026-02-24 21:07:28+05:30,2937.0,3,21.7703,1864.75,24.511,0,1.4641,0.4739,-0.2396,0.0924,0.2047,-0.7855,-0.3528,0.267,-0.658,0.0,-0.1817,-0.9977,1.3243,1.2953,-0.6942,0,1,0,0
2026-02-24 21:07:28+05:30,2937.0,3,21.7703,1864.75,24.511,0,1.4641,0.4739,-0.2269,0.0852,0.2053,-0.7855,-0.3528,0.267,-0.658,0.0,-0.1817,-1.0016,1.3243,1.2953,-0.6942,0,1,0,0
2026-02-24 21:07:28+05:30,2937.0,3,21.7703,1864.75,24.511,0,1.4641,0.4739,-0.2269,0.0816,0.2029,-0.7855,-0.3528,0.267,-0.658,0.0,-0.1817,-1.0016,1.3243,1.2953,-0.6942,0,1,0,0
2026-02-24 21:07:28+05:30,2937.0,3,21.7703,1864.75,24.511,0,1.4641,0.4739,-0.2422,0.0997,0.2035,-0.7855,-0.3528,0.267,-0.658,0.0,-0.1817,-1.0016,1.3243,1.2953,-0.6942,0,1,0,0
2026-02-24 21:07:28+05:30,2937.0,3,21.7703,1864.75,24.511,0,1.4641,0.4739,-0.2345,0.096,0.2065,-0.7855,-0.3528,0.267,-0.658,0.0,-0.1817,-1.0054,1.3243,1.2948,-0.6942,0,1,0,0
2026-02-24 21:07:28+05:30,2937.0,3,21.7703,1864.75,24.511,0,1.4641,0.4739,-0.2039,0.0526,0.2035,-0.7855,-0.3528,0.267,-0.658,0.0,-0.1817,-1.0208,1.3843,1.3529,-0.6942,0,1,0,0
2026-02-24 21:07:28+05:30,2937.0,3,21.7703,1864.75,24.511,0,1.4641,0.5945,-0.2549,0.1105,0.1975,-0.7855,-0.3528,0.267,-0.658,0.0,-0.1243,-1.0361,1.4447,1.4114,-0.6942,0,1,0,0
2026-02-24 21:07:28+05:30,2937.0,3,21.7703,1864.75,24.511,0,1.4641,0.7151,-0.2881,0.1794,0.2154,-0.7855,-0.3528,0.267,-0.658,0.0,-0.0669,-1.0361,1.4447,1.4114,-0.6942,0,1,0,0
2026-02-24 21:07:28+05:30,2937.0,3,21.7703,1864.75,24.511,0,1.4641,0.8357,-0.0713,-0.1539,0.1922,-0.7855,-0.3528,0.267,-0.1727,0.0,-0.0095,-1.0361,1.4447,1.4114,-0.6942,0,1,0,0
2026-02-24 21:07:28+05:30,2937.0,3,21.7703,1864.75,24.511,0,1.4641,0.9563,0.0409,-0.6864,-0.0861,-0.339,0.2179,-0.8035,0.4378,-0.8785,0.048,-1.0476,1.4888,1.454,-0.6942,0,0,1,0
2026-02-24 21:07:44+05:30,2942.0,3,21.8689,1872.3,24.614,0,1.2263,1.0769,-0.3824,-0.5922,-0.6725,0.1926,-0.4596,0.1094,0.8279,-0.8785,0.2099,-0.9747,1.1641,1.1379,-0.7026,0,0,1,0
2026-02-24 21:07:45+05:30,2943.0,3,21.8886,1873.8,24.635,0,1.2263,1.0901,-0.5864,0.0997,-1.151,0.9227,-0.501,0.177,0.1698,0.3765,0.2166,-0.967,1.1378,1.1123,-0.704,1,0,0,0
2026-02-24 21:07:46+05:30,2944.0,3,21.9092,1875.4,24.656,0,1.3282,1.1583,0.2678,0.4583,-1.0598,0.6746,-0.1179,0.5096,0.1444,0.6275,0.2033,-1.0131,1.3175,1.2874,-0.7061,1,0,0,0
2026-02-24 21:07:47+05:30,2945.0,3,21.9303,1877.08,24.679,0,1.3961,1.2172,1.2521,0.2844,-0.5921,0.2777,0.4048,0.1657,0.1444,0.251,0.2021,-1.0438,1.4408,1.407,-0.7075,1,0,0,0
2026-02-24 21:07:48+05:30,2946.0,3,21.9514,1878.75,24.702,0,1.3961,1.2459,1.0328,0.1504,-0.4389,0.0651,0.7487,0.4484,0.035,0.0,0.216,-1.04,1.4249,1.3916,-0.7096,0,1,0,0
2026-02-24 21:07:49+05:30,2947.0,3,21.9725,1880.34,24.724,0,1.3961,1.2369,0.278,0.1431,-0.9299,0.5612,-0.2427,0.233,1.0736,-0.1255,0.2111,-1.0093,1.2854,1.2557,-0.7117,0,1,0,0
2026-02-24 21:07:50+05:30,2948.0,3,21.9933,1881.92,24.745,0,1.3622,1.1959,0.2933,0.1685,-1.6742,1.4897,-0.2218,0.3142,0.9515,-0.753,0.2069,-1.0093,1.2789,1.2491,-0.7131,0,0,1,0
2026-02-24 21:07:51+05:30,2949.0,3,22.0128,1883.44,24.766,0,1.1924,1.0492,0.6376,0.4945,-2.1492,2.0001,-0.1015,0.2836,0.211,-1.1295,0.2118,-0.9862,1.1868,1.1598,-0.7152,0,0,1,0
2026-02-24 21:07:52+05:30,2950.0,3,22.0311,1884.82,24.785,0,1.0565,0.908,0.4667,0.8929,-2.3131,2.2552,-0.3042,0.4337,-0.3234,-1.1295,0.2033,-0.9363,0.961,0.9391,-0.7166,0,0,1,0
2026-02-24 21:07:53+05:30,2951.0,3,22.0481,1886.15,24.803,0,0.8867,0.7628,0.2168,0.748,-2.3852,2.234,-0.1904,0.3025,-0.5771,-1.2551,0.2099,-0.9095,0.8585,0.8388,-0.718,0,0,1,0
2026-02-24 21:07:54+05:30,2952.0,3,22.0636,1887.33,24.819,0,0.7169,0.6152,0.329,0.1504,-2.3178,2.2978,-0.3045,0.3316,0.1967,-1.004,0.216,-0.8596,0.6366,0.6207,-0.7194,0,0,1,0
2026-02-24 21:07:55+05:30,2953.0,3,22.0783,1888.49,24.835,0,0.615,0.5087,0.3953,-0.3133,-1.8685,1.6173,-0.1487,0.1199,1.107,-0.3765,0.2075,-0.8519,0.5989,0.5838,-0.7208,0,0,1,0
2026-02-24 21:07:56+05:30,2954.0,3,22.0931,1889.63,24.85,0,0.615,0.5097,0.1123,-0.5704,-1.0068,0.7242,-0.2544,0.1959,1.8744,0.1255,0.2081,-0.8442,0.5629,0.5482,-0.7222,0,1,0,0
2026-02-24 21:07:57+05:30,2955.0,3,22.1081,1890.8,24.866,0,0.6489,0.5564,-0.2065,-0.8312,0.0253,-0.5091,-0.3528,-1.9548,1.9188,0.502,0.219,-0.8557,0.6135,0.5979,-0.7229,1,0,0,0
2026-02-24 21:07:58+05:30,2956.0,3,22.1239,1892.06,24.883,0,0.7508,0.6455,-0.2218,-1.0631,0.9198,0.0225,-0.2976,-0.3095,1.2243,0.8785,0.2154,-0.8941,0.7624,0.7439,-0.7243,1,0,0,0
2026-02-24 21:07:59+05:30,2957.0,3,22.1408,1893.41,24.901,0,0.8867,0.78,-0.0382,-1.255,1.4525,0.7739,-0.2859,-0.0596,0.5028,0.8785,0.2202,-0.9248,0.901,0.8802,-0.7264,1,0,0,0
2026-02-24 21:08:00+05:30,2958.0,3,22.1586,1894.78,24.92,0,0.9886,0.8661,-0.0382,-1.4941,1.7016,1.029,-0.3283,-0.1855,0.1761,0.502,0.2154,-0.9363,0.9383,0.9162,-0.7278,1,0,0,0
2026-02-24 21:08:01+05:30,2959.0,3,22.1767,1896.13,24.939,0,1.0225,0.901,-0.4997,-1.6064,2.1152,1.4968,-0.3528,0.0443,0.8659,0.1255,0.2172,-0.9325,0.9143,0.8925,-0.7292,0,1,0,0
2026-02-24 21:08:02+05:30,2960.0,3,22.1947,1897.48,24.957,0,1.0225,0.8893,-1.0964,-1.2116,2.8696,2.3757,-0.5742,0.0088,1.1434,-0.1255,0.2105,-0.9287,0.9026,0.8815,-0.7307,0,1,0,0
2026-02-24 21:08:03+05:30,2961.0,3,22.2125,1898.81,24.975,0,0.9886,0.8443,-1.201,-0.306,3.372,3.0987,-0.4564,0.2946,0.2443,-0.3765,0.2027,-0.9248,0.8701,0.8494,-0.7321,0,0,1,0
2026-02-24 21:08:04+05:30,2962.0,3,22.2297,1900.1,24.992,0,0.9206,0.7848,-0.7394,0.5814,3.0341,2.4821,-0.4757,0.253,0.9896,-0.3765,0.2039,-0.9095,0.8053,0.7856,-0.7335,0,0,1,0
2026-02-24 21:08:05+05:30,2963.0,3,22.2467,1901.38,25.01,0,0.8867,0.7644,-0.0739,0.94,2.1504,1.6386,-0.2917,0.5017,1.4875,0.0,0.2105,-0.9095,0.8046,0.7852,-0.7349,0,1,0,0
2026-02-24 21:08:06+05:30,2964.0,3,22.2639,1902.75,25.029,0,0.9206,0.7964,0.5662,0.8567,1.4293,0.5825,-0.0254,0.4133,0.8548,0.502,0.2111,-0.944,0.9379,0.9153,-0.737,1,0,0,0
2026-02-24 21:08:07+05:30,2965.0,3,22.2819,1904.24,25.049,0,1.0225,0.8741,1.1246,0.6973,1.0831,0.4336,0.302,0.5062,0.1,0.753,0.2015,-0.9901,1.1326,1.1053,-0.7384,1,0,0,0
2026-02-24 21:08:08+05:30,2966.0,3,22.3008,1905.83,25.071,0,1.1244,0.9822,1.5224,0.3061,0.8465,0.0651,0.9551,0.3936,0.1904,0.8785,0.2099,-1.0285,1.2945,1.2632,-0.7398,1,0,0,0
2026-02-24 21:08:09+05:30,2967.0,3,22.3208,1907.5,25.093,0,1.2603,1.1008,1.5454,-0.5342,0.5164,-0.1476,1.4179,-0.1465,0.1745,1.004,0.2063,-1.0592,1.4233,1.3881,-0.7419,1,0,0,0
2026-02-24 21:08:10+05:30,2968.0,3,22.3419,1909.23,25.117,0,1.3961,1.2225,1.1195,-1.2587,0.1552,-0.2964,1.6667,-1.025,0.1444,0.8785,0.2045,-1.086,1.5235,1.4848,-0.744,1,0,0,0
2026-02-24 21:08:11+05:30,2969.0,3,22.3639,1910.99,25.141,0,1.498,1.3341,0.8467,-1.5992,-0.0271,-0.2539,0.8226,-1.1947,-0.363,0.3765,0.213,-1.0975,1.566,1.5257,-0.7461,1,0,0,0
2026-02-24 21:08:12+05:30,2970.0,3,22.3858,1912.77,25.165,0,1.498,1.4337,1.4128,-2.2584,0.0795,-0.1547,1.3041,-1.3432,-0.2378,0.0,0.2595,-1.1091,1.6144,1.5727,-0.7482,0,1,0,0
2026-02-24 21:08:13+05:30,2971.0,3,22.4078,1914.6,25.191,0,1.498,1.5227,2.2058,-3.1784,0.2881,0.1926,1.288,-1.4283,-0.3345,0.0,0.3012,-1.1282,1.6925,1.6479,-0.7503,0,1,0,0
2026-02-24 21:08:14+05:30,2972.0,3,22.4297,1916.42,25.215,0,1.498,1.6025,1.9865,-2.9647,0.306,0.0721,1.412,-1.2321,-0.3345,0.0,0.3387,-1.1244,1.6659,1.622,-0.7524,0,1,0,0
2026-02-24 21:08:15+05:30,2973.0,3,22.4517,1918.16,25.239,0,1.498,1.6744,0.9793,-1.2913,0.135,-0.3177,1.1365,-1.4517,-0.2203,-0.1255,0.3725,-1.0937,1.5352,1.4958,-0.7538,0,1,0,0
2026-02-24 21:08:16+05:30,2974.0,3,22.4733,1919.84,25.262,0,1.4641,1.7367,0.431,-0.0633,0.0116,-0.502,1.1782,0.4276,-0.539,-0.1255,0.4197,-1.0745,1.4509,1.414,-0.7559,0,1,0,0
2026-02-24 21:08:17+05:30,2975.0,3,22.495,1921.53,25.285,0,1.4641,1.7876,0.5611,-0.661,0.0289,-0.4382,1.2009,-0.6459,-0.566,0.0,0.4438,-1.0783,1.4528,1.4158,-0.758,0,1,0,0
2026-02-24 21:08:18+05:30,2976.0,3,22.5167,1923.21,25.308,0,1.4641,1.8224,0.7243,-1.5521,0.0784,-0.3035,0.86,-1.6823,-0.566,0.0,0.4602,-1.0783,1.4496,1.4122,-0.7594,0,1,0,0
2026-02-24 21:08:19+05:30,2977.0,3,22.5383,1924.88,25.331,0,1.4641,1.8464,0.6682,-1.016,0.0956,-0.4665,1.3765,-0.8972,-0.566,0.0,0.4716,-1.0745,1.4272,1.3907,-0.7615,0,1,0,0
2026-02-24 21:08:20+05:30,2978.0,3,22.56,1926.52,25.354,0,1.4641,1.8571,0.2194,0.0236,0.1284,-0.6225,1.791,-0.39,-0.5501,0.0,0.4771,-1.0668,1.3824,1.3467,-0.7636,0,1,0,0
2026-02-24 21:08:21+05:30,2979.0,3,22.5817,1928.13,25.375,0,1.4641,1.8586,-0.8236,0.1938,0.191,-0.6012,-2.6225,1.1205,-0.4867,0.0,0.4777,-1.0515,1.3243,1.2904,-0.765,0,1,0,0
2026-02-24 21:08:22+05:30,2980.0,3,22.6033,1929.73,25.397,0,1.4641,1.8522,-1.79,0.0236,0.2226,-0.3319,-3.1033,-0.1753,-0.5026,0.0,0.4747,-1.0553,1.3243,1.2904,-0.7671,0,1,0,0
2026-02-24 21:08:23+05:30,2981.0,3,22.625,1931.34,25.419,0,1.4641,1.8397,-1.6166,0.4583,0.2029,-0.3602,-2.7817,1.1186,-0.5232,0.0,0.4686,-1.0553,1.3243,1.2904,-0.7692,0,1,0,0
2026-02-24 21:08:24+05:30,2982.0,3,22.6467,1932.95,25.441,0,1.4641,1.7995,-0.5533,1.4145,0.1826,-0.5729,-1.2294,2.7632,-0.4978,0.0,0.4493,-1.0553,1.3243,1.2904,-0.7707,0,1,0,0
2026-02-24 21:08:25+05:30,2983.0,3,22.6683,1934.56,25.463,0,1.4641,1.7259,-0.1631,1.9398,0.2869,-0.3957,-0.2376,3.1347,0.2316,0.0,0.4142,-1.0592,1.3321,1.2975,-0.7728,0,1,0,0
2026-02-24 21:08:26+05:30,2984.0,3,22.69,1936.17,25.485,0,1.4641,1.6351,-1.2724,1.0342,0.7726,0.0296,-1.0955,0.8956,0.8247,0.0,0.3713,-1.0592,1.3243,1.29,-0.7742,0,1,0,0
2026-02-24 21:08:27+05:30,2985.0,3,22.7117,1937.77,25.507,0,1.4641,1.5268,-2.7361,-0.5994,1.5503,0.8164,-1.3154,-0.0218,0.8247,0.0,0.3193,-1.0592,1.3243,1.29,-0.7763,0,1,0,0
2026-02-24 21:08:28+05:30,2986.0,3,22.7333,1939.38,25.529,0,1.4641,1.4023,-2.6009,-0.7516,1.6915,1.3692,-0.9832,0.1955,1.7825,-0.1255,0.2601,-1.0592,1.3243,1.29,-0.7777,0,1,0,0
2026-02-24 21:08:29+05:30,2987.0,3,22.7547,1940.96,25.551,0,1.4301,1.2671,-0.589,0.8241,0.3972,-0.6296,-2.6734,0.267,3.7091,-0.6275,0.2105,-1.0553,1.2919,1.2579,-0.7798,0,0,1,0
2026-02-24 21:08:30+05:30,2988.0,3,22.775,1942.56,25.573,0,1.2942,1.1238,1.0838,1.8383,-1.6093,1.1779,0.0814,0.8767,3.4094,-1.2551,0.2021,-1.0592,1.3101,1.2759,-0.7819,0,0,1,0
2026-02-24 21:08:31+05:30,2989.0,3,22.7936,1943.99,25.592,0,1.0905,0.9428,0.3035,1.7224,-2.6408,2.9286,-0.2606,0.3373,1.4859,-1.5061,0.2051,-0.9939,1.0272,1.0002,-0.7833,0,0,1,0
2026-02-24 21:08:32+05:30,2990.0,3,22.8106,1945.25,25.609,0,0.8867,0.7784,-1.9915,2.3672,-2.0026,1.7378,-0.8105,0.7772,2.2439,-1.1295,0.219,-0.9363,0.7728,0.7513,-0.7847,0,0,1,0
2026-02-24 21:08:33+05:30,2991.0,3,22.8267,1946.46,25.626,0,0.7848,0.6607,-3.0905,3.6748,-0.6463,0.6675,-1.4544,1.1685,1.8855,-0.6275,0.2045,-0.9133,0.6755,0.6559,-0.7861,0,0,1,0
2026-02-24 21:08:34+05:30,2992.0,3,22.8422,1947.62,25.641,0,0.7169,0.6202,-1.9685,3.3416,0.1022,0.1572,-1.6479,2.2933,0.479,0.0,0.219,-0.8979,0.6106,0.5921,-0.7875,0,1,0,0
2026-02-24 21:08:35+05:30,2993.0,3,22.8583,1948.89,25.659,0,0.7848,0.6599,-0.0611,1.2479,-0.2089,-0.3319,0.0781,0.8521,1.1276,0.6275,0.2045,-0.9402,0.7803,0.7588,-0.7889,1,0,0,0
2026-02-24 21:08:36+05:30,2994.0,3,22.8753,1950.29,25.678,0,0.8867,0.763,0.964,-0.4183,-1.0968,0.8802,0.0694,0.2023,1.5288,0.753,0.2099,-0.9901,0.9879,0.9615,-0.7903,1,0,0,0
2026-02-24 21:08:37+05:30,2995.0,3,22.8931,1951.73,25.697,0,0.9886,0.8465,1.0889,-0.7588,-1.8274,1.6031,-0.0598,0.1192,0.6487,0.502,0.2039,-1.0054,1.0505,1.0226,-0.7917,1,0,0,0
2026-02-24 21:08:38+05:30,2996.0,3,22.9111,1953.18,25.717,0,1.0225,0.8803,1.1017,-0.527,-2.1015,2.0355,-0.0514,0.1581,-0.1823,0.1255,0.2051,-1.0131,1.0716,1.0429,-0.7938,0,1,0,0
2026-02-24 21:08:39+05:30,2997.0,3,22.9292,1954.6,25.736,0,1.0225,0.8885,0.9461,-0.4183,-2.0145,1.8087,-0.1059,0.1899,-0.1585,-0.251,0.2099,-0.9977,1.0142,0.987,-0.7952,0,0,1,0
2026-02-24 21:08:40+05:30,2998.0,3,22.9467,1955.93,25.755,0,0.9546,0.8425,0.2143,-0.4111,-1.7082,1.5606,-0.2259,0.2016,-0.233,-0.6275,0.2196,-0.9709,0.8896,0.8652,-0.7966,0,0,1,0
2026-02-24 21:08:41+05:30,2999.0,3,22.9633,1957.18,25.772,0,0.8527,0.7324,-0.6017,0.0453,-1.6135,1.4118,-0.4542,0.211,-0.0855,-1.004,0.2105,-0.9363,0.7404,0.7192,-0.798,0,0,1,0
2026-02-24 21:08:42+05:30,3000.0,3,22.9786,1958.32,25.787,0,0.6829,0.5807,-0.5584,0.864,-2.213,1.915,-0.4355,0.4091,1.1847,-1.2551,0.2142,-0.8979,0.5782,0.56,-0.7994,0,0,1,0
2026-02-24 21:08:43+05:30,3001.0,3,22.9925,1959.4,25.802,0,0.5131,0.4275,0.1939,0.998,-2.8113,3.0278,-0.2826,0.3796,1.1387,-1.2551,0.2172,-0.8711,0.4627,0.4462,-0.8008,0,0,1,0
2026-02-24 21:08:44+05:30,3002.0,3,23.005,1960.39,25.815,0,0.3433,0.2642,0.5483,0.4039,-1.8447,1.4756,-0.1355,0.2874,4.0453,-1.004,0.213,-0.8442,0.3394,0.3248,-0.8015,0,0,1,0
2026-02-24 21:08:45+05:30,3003.0,3,23.0167,1961.29,25.827,0,0.2414,0.1661,0.1199,0.2011,0.7148,-0.424,0.0569,0.5626,5.5296,-0.3765,0.2093,-0.8058,0.1824,0.1696,-0.8029,0,0,1,0
2026-02-24 21:08:46+05:30,3004.0,3,23.0283,1962.18,25.839,0,0.2414,0.1576,-0.464,0.4329,2.7058,2.4962,-0.3846,0.2999,2.7514,0.0,0.2021,-0.802,0.1606,0.148,-0.8036,0,1,0,0
2026-02-24 21:08:47+05:30,3005.0,3,23.04,1963.09,25.852,0,0.2414,0.1746,-0.8057,0.2228,2.5157,1.7733,-0.4864,0.3089,1.8459,0.3765,0.2172,-0.8135,0.2083,0.1951,-0.8043,1,0,0,0
2026-02-24 21:08:48+05:30,3006.0,3,23.0525,1964.1,25.865,0,0.3433,0.2615,-0.9995,-0.277,1.0598,0.3202,-0.7571,0.0867,2.4136,0.8785,0.2105,-0.8519,0.3569,0.3419,-0.8057,1,0,0,0
2026-02-24 21:08:49+05:30,3007.0,3,23.0661,1965.19,25.88,0,0.4791,0.3815,-1.0148,-0.2481,0.0807,-0.4878,-2.0423,-0.2592,1.0372,0.8785,0.2063,-0.8826,0.4948,0.4778,-0.8071,1,0,0,0
2026-02-24 21:08:50+05:30,3008.0,3,23.0806,1966.34,25.896,0,0.581,0.4847,-0.7522,0.3822,-0.0563,-0.4665,-1.4646,0.8948,-0.5787,0.753,0.213,-0.9056,0.5808,0.5618,-0.8085,1,0,0,0
2026-02-24 21:08:51+05:30,3009.0,3,23.0958,1967.56,25.913,0,0.6829,0.5817,-0.3416,1.2153,0.0182,-0.4949,-0.3528,1.6712,-0.6167,1.004,0.2148,-0.9363,0.707,0.6858,-0.81,1,0,0,0
2026-02-24 21:08:52+05:30,3010.0,3,23.1125,1968.92,25.931,0,0.8527,0.7434,0.1174,1.592,-0.0075,-0.3602,-0.0001,2.1142,-0.5533,1.2551,0.2172,-0.9862,0.9136,0.8881,-0.8114,1,0,0,0
2026-02-24 21:08:53+05:30,3011.0,3,23.1306,1970.39,25.951,0,1.0225,0.8775,0.5815,0.4438,0.0343,-0.4878,1.5313,0.6805,-0.2473,1.004,0.2033,-1.0323,1.1115,1.0811,-0.8128,1,0,0,0
2026-02-24 21:08:54+05:30,3012.0,3,23.1494,1971.91,25.972,0,1.1244,0.9906,0.6095,-1.9107,0.2959,-0.3531,0.8431,-1.8089,0.2729,0.753,0.2142,-1.0515,1.1887,1.1559,-0.8149,1,0,0,0
2026-02-24 21:08:55+05:30,3013.0,3,23.1692,1973.44,25.993,0,1.2263,1.0845,-0.1096,-2.8633,0.719,0.1147,-0.2376,-1.4306,0.3648,0.753,0.2142,-1.0553,1.202,1.1691,-0.8163,1,0,0,0
2026-02-24 21:08:56+05:30,3014.0,3,23.1897,1975.01,26.014,0,1.3282,1.1643,-0.8771,-1.0884,1.0717,0.2493,-0.7874,-0.1367,-0.1061,0.6275,0.2063,-1.0745,1.2653,1.2298,-0.8177,1,0,0,0
2026-02-24 21:08:57+05:30,3015.0,3,23.2108,1976.61,26.036,0,1.3961,1.2266,-0.6629,1.0052,1.0878,0.3415,-0.4849,0.5815,0.0461,0.502,0.2063,-1.086,1.3195,1.2825,-0.8198,1,0,0,0
2026-02-24 21:08:58+05:30,3016.0,3,23.2325,1978.27,26.059,0,1.4641,1.2847,0.3112,0.9835,0.6999,-0.2185,-0.0887,1.1042,0.6423,0.3765,0.2045,-1.1091,1.4067,1.367,-0.8219,1,0,0,0
2026-02-24 21:08:59+05:30,3017.0,3,23.2544,1980.0,26.083,0,1.498,1.3396,0.6401,-0.0706,0.1064,-0.4169,2.338,-0.2788,0.7391,0.1255,0.2154,-1.1398,1.5384,1.4945,-0.824,0,1,0,0
2026-02-24 21:09:00+05:30,3018.0,3,23.2764,1981.66,26.105,0,1.498,1.3886,-0.4079,-0.1358,-0.3692,-0.0342,-0.8134,0.267,0.2396,0.0,0.2383,-1.1091,1.4032,1.3634,-0.8254,0,1,0,0
2026-02-24 21:09:01+05:30,3019.0,3,23.2983,1983.31,26.128,0,1.498,1.4327,-1.8436,0.3894,-0.4604,0.0509,-1.2674,0.3951,-0.3361,0.0,0.2589,-1.1129,1.4002,1.3604,-0.8275,0,1,0,0
2026-02-24 21:09:02+05:30,3020.0,3,23.3203,1984.96,26.15,0,1.498,1.4756,-2.0731,-0.1358,-0.1815,-0.0271,-2.1283,0.064,0.1777,0.0,0.2794,-1.1129,1.3983,1.3582,-0.8296,0,1,0,0
2026-02-24 21:09:03+05:30,3021.0,3,23.3422,1986.6,26.173,0,1.498,1.5162,-0.7292,-1.8274,0.1445,-0.4453,-1.2634,-2.1827,-0.03,0.0,0.2982,-1.1129,1.3944,1.3546,-0.831,0,1,0,0
2026-02-24 21:09:04+05:30,3022.0,3,23.3642,1988.33,26.197,0,1.498,1.5508,0.8416,-3.0118,0.244,0.0084,0.6192,-2.1306,-0.631,0.0,0.3145,-1.1436,1.5196,1.4756,-0.8331,0,1,0,0
2026-02-24 21:09:05+05:30,3023.0,3,23.3861,1990.04,26.22,0,1.498,1.5828,1.1476,-2.4938,0.1648,-0.2823,1.0019,-1.7352,-0.3836,0.0,0.3296,-1.1398,1.4979,1.4545,-0.8352,0,1,0,0
2026-02-24 21:09:06+05:30,3024.0,3,23.4081,1991.73,26.243,0,1.498,1.6099,0.2857,-1.2695,0.0742,-0.3106,0.7268,-1.5576,-0.3836,0.0,0.3423,-1.1321,1.4687,1.4263,-0.8366,0,1,0,0
2026-02-24 21:09:07+05:30,3025.0,3,23.43,1993.36,26.265,0,1.498,1.6358,-0.4717,-1.121,-0.0253,-0.4736,-1.4987,-0.9169,-0.2917,0.0,0.3544,-1.1129,1.3694,1.3296,-0.8387,0,1,0,0
2026-02-24 21:09:08+05:30,3026.0,3,23.4519,1995.0,26.288,0,1.498,1.6355,-0.3646,-2.1316,-0.1833,-0.098,-0.2017,-1.381,-0.1934,0.0,0.3544,-1.1129,1.3749,1.3353,-0.8408,0,1,0,0
2026-02-24 21:09:09+05:30,3027.0,3,23.4739,1996.63,26.31,0,1.498,1.6069,0.2041,-2.7981,-0.3138,0.0509,-0.2288,-1.3398,-0.5232,0.0,0.3411,-1.1167,1.3749,1.3348,-0.8422,0,1,0,0
2026-02-24 21:09:10+05:30,3028.0,3,23.4958,1998.31,26.333,0,1.498,1.5485,0.4948,-2.3055,-0.2917,-0.02,0.3778,-1.0771,-0.2282,0.0,0.3139,-1.1359,1.4528,1.41,-0.8443,0,1,0,0
2026-02-24 21:09:11+05:30,3029.0,3,23.5178,1999.96,26.356,0,1.498,1.463,0.3418,-1.208,0.0158,-0.3886,0.2973,-1.3591,1.0118,0.1255,0.2734,-1.1244,1.4009,1.3599,-0.8464,0,1,0,0
2026-02-24 21:09:12+05:30,3030.0,3,23.54,2001.62,26.379,0,1.532,1.3457,-0.0535,-0.1285,0.837,0.0651,-0.2306,0.177,1.7761,-0.3765,0.2033,-1.1282,1.4074,1.3661,-0.8479,0,0,1,0
2026-02-24 21:09:13+05:30,3031.0,3,23.5611,2003.18,26.4,0,1.3961,1.2212,-0.6374,0.585,1.9895,1.1283,-0.4304,0.363,1.5636,-1.1295,0.2039,-1.0937,1.2594,1.2223,-0.85,0,0,1,0
2026-02-24 21:09:14+05:30,3032.0,3,23.5808,2004.65,26.42,0,1.2263,1.0805,-1.201,0.5778,2.3714,2.071,-0.5979,0.3584,1.5636,-1.2551,0.2118,-1.0553,1.0972,1.0649,-0.8514,0,0,1,0
2026-02-24 21:09:15+05:30,3033.0,3,23.5992,2006.01,26.439,0,1.0565,0.9191,-1.2928,-0.0126,1.0771,0.1005,-0.9144,0.1453,4.0786,-1.3806,0.2093,-1.0169,0.935,0.907,-0.8528,0,0,1,0
2026-02-24 21:09:16+05:30,3034.0,3,23.6158,2007.25,26.455,0,0.8527,0.7486,-0.9256,-0.5197,-1.0932,0.6321,-0.7,0.1264,4.1024,-1.2551,0.2202,-0.9747,0.7404,0.7166,-0.8542,0,0,1,0
2026-02-24 21:09:17+05:30,3035.0,3,23.6314,2008.42,26.471,0,0.7169,0.5942,-0.821,-0.6103,-2.5014,2.6238,-0.4531,0.1634,1.8586,-1.004,0.2021,-0.944,0.6106,0.5895,-0.8556,0,0,1,0
2026-02-24 21:09:18+05:30,3036.0,3,23.6458,2009.5,26.486,0,0.581,0.4835,-1.507,-0.4364,-2.6945,2.5104,-0.5467,0.2205,-0.2282,-0.753,0.2118,-0.9133,0.4808,0.462,-0.857,0,0,1,0
2026-02-24 21:09:19+05:30,3037.0,3,23.6597,2010.54,26.5,0,0.5131,0.4265,-2.2108,-0.1901,-2.2928,2.3049,-0.7739,0.2023,0.6376,-0.251,0.2166,-0.8979,0.416,0.3982,-0.8584,0,0,1,0
2026-02-24 21:09:20+05:30,3038.0,3,23.6736,2011.61,26.515,0,0.5131,0.4319,-1.711,-0.0996,-1.6045,1.4259,-0.711,0.267,1.5208,0.251,0.2202,-0.9056,0.4484,0.4299,-0.8591,1,0,0,0
2026-02-24 21:09:21+05:30,3039.0,3,23.6881,2012.75,26.53,0,0.581,0.4916,-0.1886,-0.5668,-0.71,0.3131,-0.3122,-0.0562,1.4447,0.6275,0.2178,-0.9363,0.5684,0.5477,-0.8605,1,0,0,0
2026-02-24 21:09:22+05:30,3040.0,3,23.7033,2014.02,26.547,0,0.6829,0.5918,0.9665,-1.6499,-0.0897,-0.2681,0.8669,-1.1017,0.414,0.8785,0.2214,-0.9901,0.7858,0.7606,-0.8619,1,0,0,0
2026-02-24 21:09:23+05:30,3041.0,3,23.7197,2015.4,26.566,0,0.8187,0.7,0.9002,-2.6424,0.0301,-0.0554,0.8805,-1.6668,-0.5501,1.004,0.2099,-1.0323,0.9665,0.9369,-0.8633,1,0,0,0
2026-02-24 21:09:24+05:30,3042.0,3,23.7372,2016.78,26.585,0,0.9546,0.8138,0.0026,-2.6786,0.0474,-0.1901,-0.5288,-2.0353,-0.2647,0.8785,0.2027,-1.0285,0.9529,0.9237,-0.8654,1,0,0,0
2026-02-24 21:09:25+05:30,3043.0,3,23.7556,2018.21,26.605,0,1.0565,0.9311,-0.844,-1.7404,0.1177,-0.4028,-0.6257,-2.735,-0.1315,0.8785,0.216,-1.0553,1.0512,1.0191,-0.8668,1,0,0,0
2026-02-24 21:09:26+05:30,3044.0,3,23.775,2019.72,26.625,0,1.1924,1.0471,-1.2596,-0.6682,-0.0271,-0.1972,-1.9384,-0.2596,0.1032,0.8785,0.2105,-1.086,1.1728,1.1374,-0.8682,1,0,0,0
2026-02-24 21:09:27+05:30,3045.0,3,23.7953,2021.28,26.647,0,1.2942,1.1482,-1.3285,-0.0452,-0.3912,-0.1405,-0.9835,0.267,0.3854,0.753,0.2142,-1.1052,1.252,1.2139,-0.8703,1,0,0,0
2026-02-24 21:09:28+05:30,3046.0,3,23.8164,2022.88,26.669,0,1.3961,1.2272,-0.974,0.2156,-0.8191,0.547,-0.8361,0.1865,0.7708,0.502,0.2069,-1.1206,1.3162,1.2764,-0.8717,1,0,0,0
2026-02-24 21:09:29+05:30,3047.0,3,23.8378,2024.5,26.691,0,1.4301,1.262,0.0052,0.2264,-1.4251,1.1141,-0.1966,0.4284,0.9674,0.0,0.2081,-1.1321,1.3516,1.3102,-0.8738,0,1,0,0
2026-02-24 21:09:30+05:30,3048.0,3,23.8589,2026.14,26.713,0,1.3961,1.2425,1.3414,0.1286,-2.1486,1.9859,-0.0678,0.1729,0.8865,-0.753,0.2142,-1.1436,1.397,1.3542,-0.8759,0,0,1,0
2026-02-24 21:09:31+05:30,3049.0,3,23.8786,2027.78,26.736,0,1.2263,1.0736,2.2798,0.2301,-2.4054,2.5671,0.1257,0.3584,0.3981,-1.2551,0.2081,-1.1398,1.3749,1.3327,-0.8773,0,0,1,0
2026-02-24 21:09:32+05:30,3050.0,3,23.8969,2029.28,26.756,0,1.0565,0.9155,2.2262,0.5343,-1.8918,1.6102,0.1923,0.267,1.0483,-1.1295,0.2075,-1.0899,1.1608,1.1251,-0.8794,0,0,1,0
2026-02-24 21:09:33+05:30,3051.0,3,23.9142,2030.67,26.775,0,0.9206,0.7952,1.196,0.7589,-1.1474,1.0361,0.1992,0.4945,0.7232,-0.753,0.2105,-1.0476,0.9791,0.9483,-0.8808,0,0,1,0
2026-02-24 21:09:34+05:30,3052.0,3,23.9308,2031.91,26.792,0,0.8527,0.733,-0.0943,0.7589,-0.8084,0.306,-0.4483,0.4503,0.0905,-0.251,0.2105,-0.9901,0.7404,0.7153,-0.8822,0,0,1,0
2026-02-24 21:09:35+05:30,3053.0,3,23.9475,2033.21,26.81,0,0.8527,0.7303,-0.5227,0.5669,-0.8674,0.5896,-0.3203,0.4571,-0.3281,0.6275,0.2093,-1.0131,0.8247,0.7975,-0.8836,1,0,0,0
2026-02-24 21:09:36+05:30,3054.0,3,23.9656,2034.66,26.83,0,1.0225,0.8863,0.4336,0.2409,-0.9377,0.5116,-0.2383,0.267,-0.5787,1.2551,0.2087,-1.0745,1.0852,1.0512,-0.885,1,0,0,0
2026-02-24 21:09:37+05:30,3055.0,3,23.985,2036.33,26.853,0,1.1924,1.0444,1.7366,-0.0452,-0.8751,0.6888,0.583,0.298,-0.6183,1.1295,0.2093,-1.159,1.4324,1.3876,-0.8872,1,0,0,0
2026-02-24 21:09:38+05:30,3056.0,3,24.0056,2038.03,26.876,0,1.3282,1.1551,1.8488,-0.0452,-0.9371,0.6392,0.4722,0.1267,0.0334,0.753,0.2021,-1.1705,1.481,1.4347,-0.8893,1,0,0,0
2026-02-24 21:09:39+05:30,3057.0,3,24.0267,2039.68,26.898,0,1.3961,1.2183,0.8288,0.049,-1.3125,1.0928,-0.0353,0.324,0.173,0.251,0.2021,-1.1513,1.398,1.3542,-0.8914,1,0,0,0
2026-02-24 21:09:40+05:30,3058.0,3,24.0478,2041.26,26.92,0,1.3961,1.2245,0.023,-0.0235,-1.5896,1.2346,-0.2573,0.2292,-0.409,-1.004,0.2051,-1.1282,1.2932,1.2526,-0.8928,0,0,1,0
2026-02-24 21:09:41+05:30,3059.0,3,24.0667,2042.67,26.939,0,1.1244,0.9931,0.0205,0.1178,-1.1564,1.0219,-0.2954,0.2246,1.2069,-1.7571,0.2154,-1.063,1.0181,0.9857,-0.8942,0,0,1,0
2026-02-24 21:09:42+05:30,3060.0,3,24.0839,2043.99,26.957,0,0.9206,0.8026,0.2831,0.6285,-0.3352,-0.2468,0.2914,0.9927,1.015,-1.5061,0.2148,-1.0285,0.8649,0.8362,-0.8956,0,0,1,0
2026-02-24 21:09:43+05:30,3061.0,3,24.0994,2045.18,26.974,0,0.7169,0.6001,0.1607,0.8241,-0.2059,-0.2256,-0.0053,0.5429,0.3284,-1.3806,0.2057,-0.9786,0.6443,0.6207,-0.897,0,0,1,0
2026-02-24 21:09:44+05:30,3062.0,3,24.1136,2046.24,26.988,0,0.547,0.4461,-0.5303,0.2627,-0.8954,0.4974,-0.4688,0.4227,0.8199,-1.004,0.2075,-0.9325,0.4484,0.4286,-0.8984,0,0,1,0
2026-02-24 21:09:45+05:30,3063.0,3,24.1269,2047.25,27.002,0,0.4451,0.3466,-1.4075,-0.5886,-1.3161,1.1141,-0.722,0.081,0.0715,0.0,0.2033,-0.9133,0.3621,0.3433,-0.8998,0,1,0,0
2026-02-24 21:09:46+05:30,3064.0,3,24.1411,2048.37,27.017,0,0.547,0.4683,-1.7263,-0.8856,-0.9055,0.6108,-0.9671,-0.0301,1.053,0.753,0.2238,-0.9594,0.5493,0.5271,-0.9005,1,0,0,0
2026-02-24 21:09:47+05:30,3065.0,3,24.1561,2049.56,27.033,0,0.6489,0.5493,-1.1959,-0.4111,-0.2065,-0.3106,-1.8213,-0.0589,0.858,0.8785,0.2142,-0.9824,0.644,0.6199,-0.9019,1,0,0,0
2026-02-24 21:09:48+05:30,3066.0,3,24.1722,2050.82,27.05,0,0.7848,0.6653,-0.5354,-0.0887,0.3602,-0.6863,-0.8163,-2.4519,0.9373,0.8785,0.2075,-1.0169,0.7829,0.7557,-0.9033,1,0,0,0
2026-02-24 21:09:49+05:30,3067.0,3,24.1892,2052.14,27.068,0,0.8867,0.7648,-0.6374,-0.7407,0.8954,0.2493,-0.7432,0.1184,0.858,0.6275,0.2111,-1.0323,0.8578,0.8292,-0.9054,1,0,0,0
2026-02-24 21:09:50+05:30,3068.0,3,24.2067,2053.47,27.087,0,0.9546,0.8356,-1.3336,-1.4869,1.3947,0.547,-0.6879,-0.3987,0.6788,0.3765,0.216,-1.04,0.8864,0.8569,-0.9068,1,0,0,0
2026-02-24 21:09:51+05:30,3069.0,3,24.2244,2054.79,27.105,0,0.9886,0.8622,-1.66,-0.9508,1.853,1.4259,-0.8277,0.1279,0.7153,0.0,0.213,-1.04,0.8701,0.8406,-0.9082,0,1,0,0
2026-02-24 21:09:52+05:30,3070.0,3,24.2419,2056.1,27.122,0,0.9546,0.8195,-1.2571,0.346,2.4459,1.6528,-0.5357,0.2859,0.904,-0.502,0.2063,-1.0323,0.8377,0.8089,-0.9096,0,0,1,0
2026-02-24 21:09:53+05:30,3071.0,3,24.2586,2057.34,27.139,0,0.8527,0.7193,-0.668,0.7336,2.9447,2.6947,-0.4384,0.3554,0.5091,-0.8785,0.2021,-1.0093,0.7404,0.714,-0.911,0,0,1,0
2026-02-24 21:09:54+05:30,3072.0,3,24.2742,2058.5,27.155,0,0.7169,0.6182,-0.2269,-0.0199,2.8249,2.2127,-0.3678,0.2515,0.5091,-0.753,0.2178,-0.9786,0.6106,0.5869,-0.9124,0,0,1,0
2026-02-24 21:09:55+05:30,3073.0,3,24.2892,2059.66,27.171,0,0.6489,0.5506,0.1913,-0.6393,2.2004,1.6598,-0.2127,0.1222,0.8215,-0.251,0.2148,-0.9786,0.6054,0.582,-0.9138,0,0,1,0
2026-02-24 21:09:56+05:30,3074.0,3,24.3042,2060.83,27.187,0,0.6489,0.5519,0.4183,-0.172,1.6647,0.9014,-0.2028,0.2398,0.5646,0.251,0.216,-0.9862,0.6242,0.6001,-0.9145,1,0,0,0
2026-02-24 21:09:57+05:30,3075.0,3,24.3197,2062.09,27.204,0,0.7169,0.6192,0.0919,1.295,1.3179,0.6108,-0.107,0.5985,0.3395,0.8785,0.2184,-1.0208,0.7722,0.7447,-0.9159,1,0,0,0
2026-02-24 21:09:58+05:30,3076.0,3,24.3367,2063.44,27.223,0,0.8867,0.7562,-0.668,2.9793,0.8662,0.2139,-0.7563,1.5729,0.7153,1.1295,0.2057,-1.0553,0.9143,0.8832,-0.918,1,0,0,0
2026-02-24 21:09:59+05:30,3077.0,3,24.3547,2064.87,27.242,0,1.0225,0.9032,-1.3285,3.8378,0.3704,0.0296,-1.0395,2.8577,0.341,1.1295,0.2184,-1.0899,1.0469,1.0121,-0.9194,1,0,0,0
2026-02-24 21:10:00+05:30,3078.0,3,24.3742,2066.4,27.263,0,1.1924,1.046,-1.3463,3.1967,0.1201,-0.1405,-1.3834,2.5889,-0.3345,1.1295,0.2099,-1.1244,1.2001,1.1612,-0.9208,1,0,0,0
2026-02-24 21:10:01+05:30,3079.0,3,24.3947,2068.0,27.285,0,1.3282,1.1744,-0.4819,1.0958,0.1087,-0.4878,-1.2228,2.2136,-0.5501,1.004,0.2118,-1.1551,1.3214,1.2781,-0.9229,1,0,0,0
2026-02-24 21:10:02+05:30,3080.0,3,24.4164,2069.73,27.309,0,1.4641,1.3003,0.5662,-1.3891,0.129,-0.3602,1.1903,-1.4793,-0.566,0.502,0.2118,-1.2089,1.5469,1.4958,-0.925,1,0,0,0
2026-02-24 21:10:03+05:30,3081.0,3,24.4381,2071.44,27.332,0,1.4641,1.4124,0.607,-2.262,0.0998,-0.2823,0.4601,-2.0739,-0.566,0.0,0.2649,-1.2012,1.4979,1.4483,-0.9272,0,1,0,0
2026-02-24 21:10:04+05:30,3082.0,3,24.4597,2073.1,27.355,0,1.4641,1.5082,-0.2753,-0.824,0.0658,-0.5091,-0.19,-1.9442,-0.5945,0.0,0.3109,-1.182,1.4233,1.3766,-0.9286,0,1,0,0
2026-02-24 21:10:05+05:30,3083.0,3,24.4814,2074.75,27.378,0,1.4641,1.5954,-0.7904,0.8205,0.0694,-0.4311,-1.536,1.8103,-0.547,0.0,0.352,-1.182,1.4054,1.359,-0.9307,0,1,0,0
2026-02-24 21:10:06+05:30,3084.0,3,24.5031,2076.39,27.4,0,1.4641,1.6707,-0.538,1.0668,0.0956,-0.6154,-1.2693,2.0068,-0.5438,0.0,0.3882,-1.1781,1.3921,1.3463,-0.9328,0,1,0,0
2026-02-24 21:10:07+05:30,3085.0,3,24.5247,2078.03,27.423,0,1.4641,1.7313,-0.3391,1.4399,0.0974,-0.4382,-0.3528,2.6052,-0.5771,0.0,0.4166,-1.1781,1.3795,1.3335,-0.9342,0,1,0,0
2026-02-24 21:10:08+05:30,3086.0,3,24.5464,2079.66,27.445,0,1.4641,1.7811,-0.5533,2.9793,0.0617,-0.2326,-0.8943,2.8683,-0.5771,0.0,0.4408,-1.1743,1.3688,1.3234,-0.9363,0,1,0,0
2026-02-24 21:10:09+05:30,3087.0,3,24.5681,2081.28,27.467,0,1.4641,1.8206,-0.8797,3.2148,0.0343,-0.0767,-0.7761,2.8679,-0.5771,0.0,0.4596,-1.1743,1.3564,1.3111,-0.9377,0,1,0,0
2026-02-24 21:10:10+05:30,3088.0,3,24.5897,2082.89,27.489,0,1.4641,1.8454,-1.2673,0.3206,0.0748,-0.4382,-2.5768,0.5758,-0.4709,0.0,0.471,-1.1705,1.3441,1.2992,-0.9398,0,1,0,0
2026-02-24 21:10:11+05:30,3089.0,3,24.6114,2084.49,27.511,0,1.4641,1.8605,-1.4152,-2.8524,0.1475,-0.098,-1.3124,-2.1294,-0.5232,0.0,0.4783,-1.1705,1.3334,1.2887,-0.9419,0,1,0,0
2026-02-24 21:10:12+05:30,3090.0,3,24.6331,2086.09,27.533,0,1.4641,1.8635,-0.6425,-2.7872,0.1594,-0.2114,-0.9565,-2.453,-0.631,0.0,0.4801,-1.1705,1.3243,1.2799,-0.9433,0,1,0,0
2026-02-24 21:10:13+05:30,3091.0,3,24.6547,2087.76,27.556,0,1.4641,1.8467,0.6299,-0.6574,0.1189,-0.4595,1.8712,-0.7112,-0.5026,0.0,0.4716,-1.1935,1.4281,1.3801,-0.9454,0,1,0,0
2026-02-24 21:10:14+05:30,3092.0,3,24.6764,2089.44,27.579,0,1.4641,1.8065,1.0609,0.1504,0.0915,-0.3815,1.8964,0.3811,-0.5232,0.0,0.4529,-1.2012,1.4541,1.4052,-0.9475,0,1,0,0
2026-02-24 21:10:15+05:30,3093.0,3,24.6981,2091.07,27.602,0,1.4641,1.7477,0.4591,-0.7262,0.0432,-0.5232,1.067,-1.2,-0.5295,0.0,0.4245,-1.1858,1.384,1.3375,-0.9489,0,1,0,0
2026-02-24 21:10:16+05:30,3094.0,3,24.7197,2092.69,27.624,0,1.4641,1.6584,-0.1657,-1.3746,0.0575,-0.3744,0.0086,-1.7639,0.1936,0.0,0.3822,-1.182,1.3503,1.3045,-0.951,0,1,0,0
2026-02-24 21:10:17+05:30,3095.0,3,24.7414,2094.29,27.646,0,1.4641,1.5502,-0.4819,-1.1862,0.5324,-0.261,-1.019,-0.3291,1.1133,0.0,0.3308,-1.1743,1.3243,1.2794,-0.9524,0,1,0,0
2026-02-24 21:10:18+05:30,3096.0,3,24.7631,2095.89,27.668,0,1.4641,1.4355,-1.0913,-0.8457,1.4859,0.6037,-0.4918,-0.2569,1.348,0.1255,0.2758,-1.1781,1.3243,1.279,-0.9545,0,1,0,0
2026-02-24 21:10:19+05:30,3097.0,3,24.785,2097.51,27.69,0,1.498,1.312,-1.9762,-0.6864,1.9203,1.5748,-0.9455,0.2866,1.0958,-0.502,0.2027,-1.1858,1.3568,1.3107,-0.9566,0,0,1,0
2026-02-24 21:10:20+05:30,3098.0,3,24.8056,2099.03,27.711,0,1.3282,1.1679,-2.3689,-0.5632,0.9412,0.0934,-1.4087,-0.4981,3.0463,-1.3806,0.2081,-1.1474,1.1946,1.1537,-0.958,0,0,1,0
2026-02-24 21:10:21+05:30,3099.0,3,24.8244,2100.43,27.73,0,1.1244,0.9771,-1.9889,-0.3821,-0.7738,0.4407,-1.5023,0.3925,2.8846,-1.7571,0.2069,-1.1052,0.9999,0.9646,-0.9594,0,0,1,0
2026-02-24 21:10:22+05:30,3100.0,3,24.8411,2101.67,27.747,0,0.8527,0.747,-1.2851,-0.2082,-1.7463,1.6811,-0.4915,0.0988,0.9436,-1.6316,0.2196,-1.0438,0.7404,0.7118,-0.9608,0,0,1,0
2026-02-24 21:10:23+05:30,3101.0,3,24.8564,2102.81,27.762,0,0.6829,0.5804,-0.7751,-0.1249,-1.5336,1.1991,-0.6312,0.321,0.6392,-1.004,0.2136,-1.0054,0.5782,0.553,-0.9622,0,0,1,0
2026-02-24 21:10:24+05:30,3102.0,3,24.8708,2103.89,27.777,0,0.581,0.4864,-0.6451,-0.067,-0.8662,0.5116,-0.3872,0.1487,0.609,-0.3765,0.2142,-0.9824,0.4808,0.4576,-0.9636,0,0,1,0
2026-02-24 21:10:25+05:30,3103.0,3,24.8853,2105.0,27.792,0,0.581,0.4748,-0.5839,-0.1032,-0.4711,0.0651,-0.7556,0.1411,-0.1093,0.3765,0.2057,-0.9939,0.5256,0.5016,-0.9651,1,0,0,0
2026-02-24 21:10:26+05:30,3104.0,3,24.9006,2106.24,27.809,0,0.6829,0.5763,-0.158,-0.7334,-0.6004,0.143,-0.2409,-0.0142,0.3807,1.1295,0.2111,-1.0438,0.7345,0.7056,-0.9665,1,0,0,0
2026-02-24 21:10:27+05:30,3105.0,3,24.9175,2107.63,27.828,0,0.8867,0.7518,0.5534,-1.8129,-1.207,0.9581,-0.096,-0.2403,1.1434,1.1295,0.2033,-1.1091,0.9931,0.9571,-0.9679,1,0,0,0
2026-02-24 21:10:28+05:30,3106.0,3,24.9353,2109.09,27.848,0,0.9886,0.8623,1.196,-1.8201,-1.9049,1.8016,-0.0239,-0.0305,0.682,0.502,0.213,-1.1321,1.0937,1.0552,-0.9693,1,0,0,0
2026-02-24 21:10:29+05:30,3107.0,3,24.9533,2110.56,27.868,0,1.0225,0.9034,1.7239,-0.1068,-2.2046,2.0993,0.0255,0.2137,-0.2774,0.251,0.2184,-1.1398,1.1141,1.0745,-0.9714,1,0,0,0
2026-02-24 21:10:30+05:30,3108.0,3,24.9717,2112.08,27.889,0,1.0565,0.9066,2.2033,1.2624,-2.1069,2.1347,0.1769,0.4616,-0.3313,-0.1255,0.2027,-1.159,1.2023,1.1603,-0.9728,0,1,0,0
2026-02-24 21:10:31+05:30,3109.0,3,24.9894,2113.55,27.909,0,0.9886,0.8564,2.3843,0.6321,-2.0503,1.8654,0.1561,0.3652,-0.3155,-0.6275,0.2093,-1.1359,1.1037,1.0649,-0.9742,0,0,1,0
2026-02-24 21:10:32+05:30,3110.0,3,25.0064,2114.98,27.929,0,0.8867,0.7562,2.0452,-0.3676,-2.1128,2.1702,0.1905,0.163,-0.0395,-1.004,0.2057,-1.1244,1.0505,1.013,-0.9763,0,0,1,0
2026-02-24 21:10:33+05:30,3111.0,3,25.0219,2116.23,27.946,0,0.7169,0.6057,1.6091,0.1721,-1.7833,1.5464,-0.014,0.3131,1.2655,-1.2551,0.2099,-1.0553,0.7482,0.7183,-0.9777,0,0,1,0
2026-02-24 21:10:34+05:30,3112.0,3,25.0361,2117.43,27.962,0,0.547,0.4379,1.655,1.2443,-0.753,0.5683,0.6767,0.6434,2.3089,-1.2551,0.2015,-1.04,0.682,0.6537,-0.9791,0,0,1,0
2026-02-24 21:10:35+05:30,3113.0,3,25.0489,2118.5,27.977,0,0.3772,0.2829,1.8488,1.2914,0.5015,-0.1476,1.5145,1.0029,2.1028,-1.004,0.2027,-0.9901,0.4679,0.4444,-0.9798,0,0,1,0
2026-02-24 21:10:36+05:30,3114.0,3,25.0608,2119.51,27.991,0,0.2753,0.1999,1.2827,0.8205,1.213,0.5825,0.3888,0.5251,0.4473,-0.3765,0.2118,-0.967,0.3627,0.3411,-0.9812,0,0,1,0
2026-02-24 21:10:37+05:30,3115.0,3,25.0728,2120.44,28.003,0,0.2753,0.1951,-0.0764,0.9147,1.2023,0.306,-0.3122,0.5486,-0.3345,0.3765,0.2075,-0.9402,0.2443,0.2245,-0.9826,1,0,0,0
2026-02-24 21:10:38+05:30,3116.0,3,25.0856,2121.49,28.018,0,0.3772,0.2955,-1.1092,1.4544,0.9549,0.2706,-0.82,0.8544,-0.2203,1.1295,0.2124,-0.9824,0.4231,0.4004,-0.9833,1,0,0,0
2026-02-24 21:10:39+05:30,3117.0,3,25.1,2122.68,28.034,0,0.581,0.4697,-1.1882,1.6862,0.884,0.0438,-1.1416,1.0819,-0.3408,1.3806,0.2021,-1.04,0.658,0.63,-0.9847,1,0,0,0
2026-02-24 21:10:40+05:30,3118.0,3,25.1158,2123.96,28.051,0,0.7508,0.6506,-1.1704,1.5775,0.8423,0.1359,-0.7904,0.9953,0.0921,1.2551,0.2184,-1.0745,0.8053,0.7738,-0.9861,1,0,0,0
2026-02-24 21:10:41+05:30,3119.0,3,25.1331,2125.32,28.07,0,0.9206,0.7951,-1.5554,1.6101,0.4538,-0.2397,-2.2388,1.3586,0.6756,1.1295,0.2105,-1.1091,0.9386,0.9035,-0.9875,1,0,0,0
2026-02-24 21:10:42+05:30,3120.0,3,25.1514,2126.75,28.09,0,1.0565,0.918,-1.303,1.621,-0.1821,-0.2256,-1.3805,1.7608,0.571,0.8785,0.2087,-1.1359,1.0479,1.0095,-0.9896,1,0,0,0
2026-02-24 21:10:43+05:30,3121.0,3,25.1706,2128.22,28.11,0,1.1584,1.0217,-0.0356,0.8784,-0.4103,0.1076,-0.3528,0.4915,0.3791,0.753,0.2142,-1.1513,1.1225,1.082,-0.991,1,0,0,0
2026-02-24 21:10:44+05:30,3122.0,3,25.1906,2129.82,28.132,0,1.2603,1.0987,0.7192,-0.7008,0.1225,-0.4169,2.3702,-0.2811,1.2084,0.6275,0.2051,-1.205,1.3298,1.2821,-0.9931,1,0,0,0
2026-02-24 21:10:45+05:30,3123.0,3,25.2111,2131.38,28.153,0,1.3282,1.163,-0.079,-1.9505,0.9317,0.1147,-0.4684,-0.8575,0.8358,0.502,0.2057,-1.1858,1.2546,1.2095,-0.9945,1,0,0,0
2026-02-24 21:10:46+05:30,3124.0,3,25.2322,2132.97,28.175,0,1.3961,1.219,-1.3438,-1.3963,1.3101,0.625,-0.7015,-0.1375,0.0017,0.3765,0.2027,-1.2012,1.3097,1.2627,-0.9966,1,0,0,0
2026-02-24 21:10:47+05:30,3125.0,3,25.2536,2134.57,28.197,0,1.4301,1.2641,-1.5274,0.7118,1.092,0.3415,-1.1624,0.4439,0.387,0.251,0.2093,-1.2089,1.337,1.2887,-0.998,1,0,0,0
2026-02-24 21:10:48+05:30,3126.0,3,25.2753,2136.21,28.219,0,1.4641,1.3096,-0.3697,2.1788,0.6022,-0.1547,-0.2822,1.9668,0.4885,0.3765,0.216,-1.2204,1.3805,1.3309,-1.0001,1,0,0,0
2026-02-24 21:10:49+05:30,3127.0,3,25.2975,2137.95,28.243,0,1.532,1.3609,1.168,1.5486,0.1832,-0.3602,1.5386,1.709,0.1856,0.0,0.2105,-1.2626,1.5615,1.505,-1.0022,0,1,0,0
2026-02-24 21:10:50+05:30,3128.0,3,25.3192,2139.71,28.268,0,1.4641,1.4106,1.8208,-0.1865,-0.0206,-0.098,1.9666,0.1109,-0.2742,-0.502,0.2643,-1.2741,1.5959,1.538,-1.0044,0,0,1,0
2026-02-24 21:10:51+05:30,3129.0,3,25.3403,2141.37,28.29,0,1.3961,1.4529,1.117,-1.3854,-0.0039,-0.2752,1.2554,-1.008,-0.4154,-0.502,0.3169,-1.2357,1.4314,1.3797,-1.0058,0,0,1,0
2026-02-24 21:10:52+05:30,3130.0,3,25.3608,2142.92,28.312,0,1.3282,1.4955,-0.3059,-1.8708,0.1207,-0.3673,-0.4604,-2.6371,-0.4154,-0.6275,0.3725,-1.1897,1.2332,1.188,-1.0079,0,0,1,0
2026-02-24 21:10:53+05:30,3131.0,3,25.3806,2144.4,28.332,0,1.2263,1.5304,-1.7314,-2.2294,0.1969,-0.1972,-2.0514,-1.3773,-0.5787,-0.6275,0.4475,-1.1666,1.131,1.089,-1.0093,0,0,1,0
2026-02-24 21:10:54+05:30,3132.0,3,25.3997,2145.83,28.352,0,1.1584,1.5629,-2.8355,-2.233,0.1552,0.0792,-2.2885,-1.1274,-0.4265,-0.251,0.5055,-1.1513,1.0632,1.0235,-1.0107,0,0,1,0
2026-02-24 21:10:55+05:30,3133.0,3,25.4189,2147.27,28.371,0,1.1584,1.5924,-2.9069,-1.5992,0.0235,0.0721,-2.7513,-0.4637,-0.2615,0.0,0.5212,-1.1513,1.0551,1.0152,-1.0128,0,1,0,0
2026-02-24 21:10:56+05:30,3134.0,3,25.4381,2148.69,28.391,0,1.1584,1.6085,-1.558,-1.2949,-0.1243,-0.1547,-1.6915,-0.8262,-0.3551,0.0,0.5297,-1.1474,1.0324,0.9932,-1.0142,0,1,0,0
2026-02-24 21:10:57+05:30,3135.0,3,25.4572,2150.12,28.41,0,1.1584,1.5859,-0.181,-1.8889,-0.2136,-0.2043,-0.1739,-1.0522,-0.5501,0.0,0.5176,-1.1513,1.0505,1.0108,-1.0156,0,1,0,0
2026-02-24 21:10:58+05:30,3136.0,3,25.4764,2151.53,28.43,0,1.1584,1.5431,-0.26,-2.0519,-0.1928,-0.0838,-0.4165,-1.4328,-0.4233,0.0,0.4946,-1.1474,1.0324,0.9932,-1.0177,0,1,0,0
2026-02-24 21:10:59+05:30,3137.0,3,25.4956,2152.95,28.449,0,1.1584,1.4837,-1.0454,-0.7479,-0.0676,-0.3886,-1.6808,-0.2429,-0.2615,0.0,0.4626,-1.1513,1.0324,0.9927,-1.0191,0,1,0,0
2026-02-24 21:11:00+05:30,3138.0,3,25.5147,2154.37,28.469,0,1.1584,1.4034,-1.1168,0.7625,0.0933,-0.4807,-2.5058,0.7723,-0.317,0.0,0.4197,-1.1513,1.0324,0.9927,-1.0205,0,1,0,0
2026-02-24 21:11:02+05:30,3140.0,3,25.5531,2157.21,28.508,0,1.1584,-1.1517,-0.5201,0.9473,0.2017,-0.5516,-0.5427,3.4726,-0.4756,0.0,-0.9559,-1.1513,1.0324,0.9927,-1.024,0,1,0,0
2026-02-24 21:11:04+05:30,3142.0,3,25.5914,2160.05,28.546,0,1.1584,-1.1517,0.0485,0.3931,0.2011,-0.7855,-0.3528,0.267,-0.4376,0.0,-0.9559,-1.1551,1.0324,0.9923,-1.0268,0,1,0,0
2026-02-24 21:11:06+05:30,3144.0,3,25.6297,2163.88,28.599,0,1.1584,-1.1517,0.2168,0.5524,0.0664,-0.502,1.2039,1.2195,-0.0681,-2.6356,-0.9559,-1.347,1.8483,1.7785,-1.0317,0,0,1,0
2026-02-24 21:11:08+05:30,3146.0,3,25.6564,2166.75,28.639,0,0.4451,0.3445,-0.3493,1.3022,-0.2327,-0.2114,-0.6901,1.1738,0.3236,-3.0121,0.2021,-1.1628,1.0606,1.02,-1.0345,0,0,1,0
2026-02-24 21:11:09+05:30,3147.0,3,25.6689,2167.69,28.651,0,0.3433,0.2717,-1.2494,1.458,-0.6737,0.306,-0.7223,0.7924,0.4219,-0.3765,0.219,-0.9709,0.2537,0.2324,-1.0359,0,0,1,0
2026-02-24 21:11:10+05:30,3148.0,3,25.6814,2168.64,28.664,0,0.3433,0.2608,-1.1933,0.7408,-1.0521,0.7597,-0.9085,0.4662,-0.0173,0.251,0.2099,-0.9786,0.2807,0.2588,-1.0366,1,0,0,0
2026-02-24 21:11:11+05:30,3149.0,3,25.6944,2169.72,28.679,0,0.4112,0.3257,-0.0407,-0.1285,-1.0944,0.8093,-0.1004,0.1706,-0.2219,0.6275,0.2118,-1.0246,0.4743,0.4488,-1.038,1,0,0,0
2026-02-24 21:11:12+05:30,3150.0,3,25.7083,2170.87,28.695,0,0.5131,0.4328,0.8212,-0.4763,-0.834,0.4336,-0.0232,0.1415,0.1048,0.8785,0.2208,-1.0553,0.5983,0.5697,-1.0394,1,0,0,0
2026-02-24 21:11:13+05:30,3151.0,3,25.7233,2172.14,28.712,0,0.6489,0.551,0.7753,-0.0778,-0.548,0.1856,0.4312,0.1086,0.0794,1.1295,0.2154,-1.1052,0.803,0.7694,-1.0408,1,0,0,0
2026-02-24 21:11:14+05:30,3152.0,3,25.7397,2173.48,28.731,0,0.8187,0.6885,0.5993,0.7046,-0.278,-0.1972,0.2373,0.7954,0.0128,1.1295,0.2027,-1.1321,0.9045,0.8679,-1.0422,1,0,0,0
2026-02-24 21:11:15+05:30,3153.0,3,25.7572,2174.94,28.751,0,0.9546,0.8253,0.8288,0.835,0.0438,-0.2964,1.3487,0.9046,0.062,1.004,0.2099,-1.1781,1.095,1.0525,-1.0437,1,0,0,0
2026-02-24 21:11:16+05:30,3154.0,3,25.7758,2176.47,28.772,0,1.0905,0.9444,1.2062,-0.2626,0.1201,-0.4098,2.2754,-0.1469,0.3759,0.8785,0.2063,-1.205,1.2108,1.1647,-1.0458,1,0,0,0
2026-02-24 21:11:17+05:30,3155.0,3,25.7953,2178.08,28.794,0,1.1924,1.0533,1.3235,-1.5484,-0.315,0.221,0.6811,-0.4017,0.7517,0.753,0.2142,-1.2396,1.3431,1.2922,-1.0472,1,0,0,0
2026-02-24 21:11:18+05:30,3156.0,3,25.8156,2179.67,28.816,0,1.2942,1.1541,0.7651,-1.5267,-0.9174,0.3982,0.0247,-0.3896,0.6883,0.753,0.2172,-1.2357,1.3289,1.2786,-1.0493,1,0,0,0
2026-02-24 21:11:19+05:30,3157.0,3,25.8367,2181.26,28.838,0,1.3961,1.2317,-0.5941,-0.3604,-1.2511,1.1991,-0.3528,0.2129,0.3521,0.502,0.2087,-1.2319,1.3117,1.2619,-1.0514,1,0,0,0
2026-02-24 21:11:20+05:30,3158.0,3,25.8581,2182.84,28.859,0,1.4301,1.2587,-1.7084,0.7372,-1.4728,1.0432,-0.9539,0.4098,0.3252,0.0,0.2069,-1.228,1.2919,1.2425,-1.0528,0,1,0,0
2026-02-24 21:11:21+05:30,3159.0,3,25.8792,2184.4,28.881,0,1.3961,1.2216,-1.1959,1.3964,-1.8578,1.83,-0.5061,0.4605,0.5599,-0.6275,0.2039,-1.2242,1.2594,1.2108,-1.0549,0,0,1,0
2026-02-24 21:11:22+05:30,3160.0,3,25.8992,2185.91,28.901,0,1.2603,1.117,0.5534,1.6934,-2.1516,2.0001,-0.2303,0.5263,-0.4756,-0.8785,0.2142,-1.2089,1.1894,1.1431,-1.0563,0,0,1,0
2026-02-24 21:11:23+05:30,3161.0,3,25.9183,2187.47,28.923,0,1.1584,1.0262,1.8667,1.1537,-2.055,1.9717,0.137,0.4344,-0.1838,-0.6275,0.2166,-1.228,1.2659,1.217,-1.0584,0,0,1,0
2026-02-24 21:11:24+05:30,3162.0,3,25.9369,2188.99,28.944,0,1.0905,0.9605,2.2033,-0.1539,-1.7547,1.6598,0.2003,0.2042,0.1698,-0.251,0.2148,-1.2127,1.201,1.1546,-1.0598,0,0,1,0
2026-02-24 21:11:25+05:30,3163.0,3,25.9556,2190.54,28.965,0,1.0905,0.9447,2.2925,-1.0812,-1.4698,1.2842,0.38,0.0663,0.1856,0.1255,0.2063,-1.2242,1.2426,1.1941,-1.0619,0,1,0,0
2026-02-24 21:11:26+05:30,3164.0,3,25.9744,2192.14,28.987,0,1.1244,0.9915,2.369,-0.8168,-1.0819,0.9936,0.5318,-0.018,0.701,0.502,0.2148,-1.2472,1.3373,1.2856,-1.0633,1,0,0,0
2026-02-24 21:11:27+05:30,3165.0,3,25.9942,2193.78,29.01,0,1.2263,1.0854,2.0401,0.1069,-0.5009,0.2068,1.1087,0.4216,0.7961,0.6275,0.2142,-1.2626,1.4041,1.3502,-1.0654,1,0,0,0
2026-02-24 21:11:28+05:30,3166.0,3,26.0144,2195.39,29.032,0,1.2942,1.1387,1.4434,0.6647,-0.0128,-0.2256,1.5851,0.4594,-0.0348,0.251,0.2093,-1.2511,1.348,1.2957,-1.0675,1,0,0,0
2026-02-24 21:11:29+05:30,3167.0,3,26.0347,2196.97,29.053,0,1.2942,1.1305,1.0048,0.5198,-0.0522,-0.339,1.562,0.9647,0.5107,-0.251,0.2051,-1.2396,1.2919,1.2416,-1.0689,0,0,1,0
2026-02-24 21:11:30+05:30,3168.0,3,26.0544,2198.49,29.074,0,1.2263,1.0855,0.7651,-0.0814,-0.7452,0.4336,0.1385,0.1033,1.6191,-0.6275,0.2142,-1.2204,1.201,1.1537,-1.071,0,0,1,0
2026-02-24 21:11:31+05:30,3169.0,3,26.0733,2199.95,29.094,0,1.1244,0.9973,0.7345,-0.8566,-1.7273,1.5039,-0.1117,0.1528,1.4368,-0.753,0.2178,-1.1973,1.0959,1.0521,-1.0724,0,0,1,0
2026-02-24 21:11:32+05:30,3170.0,3,26.0914,2201.35,29.114,0,1.0225,0.8854,0.9334,-1.4977,-2.3786,2.2978,-0.1454,0.0028,0.5297,-0.8785,0.2081,-1.1781,1.0142,0.9725,-1.0738,0,0,1,0
2026-02-24 21:11:33+05:30,3171.0,3,26.1083,2202.7,29.132,0,0.8867,0.7519,0.9589,-1.7368,-2.4662,2.5317,-0.115,0.0678,-0.39,-1.004,0.2033,-1.1551,0.9104,0.8718,-1.0752,0,0,1,0
2026-02-24 21:11:34+05:30,3172.0,3,26.1242,2203.92,29.149,0,0.7508,0.6297,0.6146,-1.4941,-2.5204,2.3545,-0.2251,0.0368,0.0842,-1.1295,0.2051,-1.1091,0.7131,0.6801,-1.0766,0,0,1,0
2026-02-24 21:11:35+05:30,3173.0,3,26.1386,2205.04,29.164,0,0.581,0.4943,0.3545,-0.9146,-2.9316,2.9853,-0.2464,0.1445,0.2158,-1.2551,0.2196,-1.0707,0.5509,0.5218,-1.078,0,0,1,0
2026-02-24 21:11:36+05:30,3174.0,3,26.1517,2206.05,29.178,0,0.4112,0.3383,0.352,-0.2807,-2.9733,3.042,-0.2753,0.2549,1.1022,-1.004,0.2214,-1.0285,0.3705,0.3455,-1.0794,0,0,1,0
2026-02-24 21:11:37+05:30,3175.0,3,26.1639,2206.99,29.191,0,0.3093,0.2408,0.1276,0.288,-1.8554,1.6457,-0.2489,0.2481,3.1097,-0.3765,0.2196,-1.0054,0.2654,0.2421,-1.0801,0,0,1,0
2026-02-24 21:11:38+05:30,3176.0,3,26.1761,2207.92,29.203,0,0.3093,0.2207,-0.5329,0.9002,-0.1987,-0.2681,-0.726,1.0827,2.9401,0.1255,0.2027,-0.9977,0.232,0.2091,-1.0815,0,1,0,0
2026-02-24 21:11:39+05:30,3177.0,3,26.1886,2208.9,29.217,0,0.3433,0.2622,-1.2749,1.6608,0.8089,0.1005,-1.0918,1.105,1.1054,0.502,0.2111,-1.0208,0.3264,0.3019,-1.0823,1,0,0,0
2026-02-24 21:11:40+05:30,3178.0,3,26.2019,2209.98,29.232,0,0.4451,0.3668,-1.7951,2.599,1.0688,0.3627,-1.1087,1.0479,-0.1585,1.1295,0.219,-1.0592,0.4925,0.4646,-1.0837,1,0,0,0
2026-02-24 21:11:41+05:30,3179.0,3,26.2169,2211.21,29.248,0,0.6489,0.5461,-1.9456,3.0264,1.2654,0.6888,-1.0728,1.3185,0.395,1.3806,0.2118,-1.1129,0.7173,0.6841,-1.0851,1,0,0,0
2026-02-24 21:11:42+05:30,3180.0,3,26.2333,2212.51,29.266,0,0.8187,0.7112,-1.6957,2.1354,1.6659,1.1779,-0.8105,0.6045,0.4584,1.1295,0.2166,-1.1474,0.8481,0.8107,-1.0865,1,0,0,0
2026-02-24 21:11:43+05:30,3181.0,3,26.2508,2213.86,29.285,0,0.9546,0.8271,-1.3081,0.8024,2.179,1.4118,-0.5764,0.4768,0.8675,0.753,0.2105,-1.1666,0.9256,0.8859,-1.0879,1,0,0,0
2026-02-24 21:11:44+05:30,3182.0,3,26.2689,2215.22,29.303,0,1.0225,0.8878,-0.9791,0.7263,2.7761,2.4183,-0.5526,0.315,0.8675,0.3765,0.2093,-1.1705,0.9422,0.9022,-1.0893,1,0,0,0
2026-02-24 21:11:45+05:30,3183.0,3,26.2872,2216.59,29.322,0,1.0565,0.9064,-0.5558,1.5956,3.2045,2.7018,-0.34,0.4567,-0.2774,0.0,0.2021,-1.1743,0.9467,0.9066,-1.0914,0,1,0,0
2026-02-24 21:11:46+05:30,3184.0,3,26.3053,2217.92,29.34,0,1.0225,0.8954,0.0026,1.3059,3.0639,2.723,-0.3825,0.4424,0.6106,-0.1255,0.2136,-1.1628,0.9026,0.8635,-1.0928,0,1,0,0
2026-02-24 21:11:47+05:30,3185.0,3,26.3233,2219.32,29.36,0,1.0225,0.8786,0.3928,-0.632,2.375,1.7449,-0.1172,0.0844,1.4289,0.0,0.2045,-1.1897,1.0064,0.9642,-1.0942,0,1,0,0
2026-02-24 21:11:48+05:30,3186.0,3,26.3414,2220.69,29.378,0,1.0225,0.8815,0.3673,-2.0411,1.5431,0.8802,-0.2636,-0.1692,1.191,0.1255,0.2057,-1.1781,0.9532,0.9123,-1.0956,0,1,0,0
2026-02-24 21:11:49+05:30,3187.0,3,26.3597,2222.12,29.398,0,1.0565,0.9278,0.0562,-1.2804,0.9067,0.1572,0.0108,-0.6194,0.7597,0.502,0.2142,-1.2012,1.0573,1.0134,-1.0977,1,0,0,0
2026-02-24 21:11:50+05:30,3188.0,3,26.3789,2223.6,29.418,0,1.1584,1.0072,-0.2014,0.3206,0.5658,-0.3673,-0.7121,1.1401,0.0223,0.753,0.2063,-1.2204,1.1229,1.0767,-1.0991,1,0,0,0
2026-02-24 21:11:51+05:30,3189.0,3,26.3989,2225.16,29.44,0,1.2603,1.1096,-0.2116,0.4945,0.393,-0.4878,0.3042,0.1128,-0.1569,0.8785,0.2105,-1.2549,1.2692,1.2179,-1.1005,1,0,0,0
2026-02-24 21:11:52+05:30,3190.0,3,26.42,2226.78,29.462,0,1.3961,1.2195,-0.1351,-0.5813,0.1886,-0.6863,-2.0097,-0.8606,-0.0427,0.8785,0.2027,-1.2818,1.3684,1.3133,-1.1026,1,0,0,0
2026-02-24 21:11:53+05:30,3191.0,3,26.4419,2228.46,29.485,0,1.498,1.3283,-0.4895,-0.393,-0.0241,-0.4878,-0.2036,-0.8031,-0.3519,0.3765,0.2099,-1.3048,1.4664,1.4074,-1.1047,1,0,0,0
2026-02-24 21:11:54+05:30,3192.0,3,26.4639,2230.13,29.508,0,1.498,1.424,-1.3591,2.0158,-0.0522,-0.183,-1.7719,1.6364,-0.4693,0.0,0.2553,-1.301,1.4466,1.3885,-1.1068,0,1,0,0
2026-02-24 21:11:55+05:30,3193.0,3,26.4858,2231.79,29.531,0,1.498,1.5087,-1.7237,3.9501,0.101,0.1359,-1.233,2.6925,-0.2362,-0.1255,0.2952,-1.301,1.4359,1.3779,-1.1082,0,1,0,0
2026-02-24 21:11:56+05:30,3194.0,3,26.5075,2233.42,29.554,0,1.4641,1.5828,-0.7598,2.867,0.2255,-0.2681,-1.1478,2.79,-0.4201,-0.1255,0.3459,-1.2895,1.3941,1.3375,-1.1103,0,1,0,0
2026-02-24 21:11:57+05:30,3195.0,3,26.5292,2235.12,29.577,0,1.4641,1.6485,0.6146,0.5959,0.2267,-0.4595,1.8382,1.3945,-0.539,0.0,0.3774,-1.3163,1.4917,1.4312,-1.1124,0,1,0,0
2026-02-24 21:11:58+05:30,3196.0,3,26.5508,2236.81,29.6,0,1.4641,1.7102,0.8441,0.5416,0.1677,-0.5232,2.77,0.267,-0.5295,0.0,0.407,-1.3125,1.4752,1.4153,-1.1138,0,1,0,0
2026-02-24 21:11:59+05:30,3197.0,3,26.5725,2238.44,29.623,0,1.4641,1.7584,-0.1045,2.5266,0.0956,-0.2043,-0.0978,3.1453,-0.4946,0.0,0.4299,-1.2933,1.3928,1.3362,-1.1159,0,1,0,0
2026-02-24 21:12:00+05:30,3198.0,3,26.5942,2240.05,29.645,0,1.4641,1.7956,-0.9205,3.6386,0.0748,-0.0838,-1.0684,2.7586,-0.5549,0.0,0.4475,-1.2856,1.3558,1.3006,-1.118,0,1,0,0
2026-02-24 21:12:01+05:30,3199.0,3,26.6158,2241.66,29.667,0,1.4641,1.8214,-0.8363,2.704,0.1648,-0.2185,-0.8811,3.0569,-0.3345,0.0,0.4596,-1.2856,1.3438,1.2887,-1.1194,0,1,0,0
2026-02-24 21:12:02+05:30,3200.0,3,26.6375,2243.27,29.689,0,1.4641,1.8345,-0.1325,1.074,0.2589,-0.58,0.1502,2.2083,-0.436,0.0,0.4662,-1.2856,1.3477,1.2922,-1.1216,0,1,0,0
2026-02-24 21:12:03+05:30,3201.0,3,26.6592,2244.9,29.712,0,1.4641,1.8321,0.6274,-0.0488,0.2333,-0.6225,2.668,0.267,-0.4756,0.0,0.465,-1.2971,1.384,1.3269,-1.123,0,1,0,0
2026-02-24 21:12:04+05:30,3202.0,3,26.6808,2246.57,29.735,0,1.4641,1.8039,0.7574,-0.8566,0.1552,-0.3531,1.8558,-0.8469,-0.5026,0.0,0.4517,-1.3163,1.4619,1.4017,-1.1251,0,1,0,0
2026-02-24 21:12:05+05:30,3203.0,3,26.7025,2248.17,29.757,0,1.4641,1.7755,-0.0076,-1.7911,0.1004,-0.424,-0.4757,-2.2549,-0.4407,0.0,0.4378,-1.2856,1.3243,1.2693,-1.1272,0,1,0,0
2026-02-24 21:12:06+05:30,3204.0,3,26.7242,2249.76,29.779,0,1.4641,1.7492,-0.77,-2.2801,0.036,-0.2397,-0.7073,-2.1884,-0.4994,0.0,0.4257,-1.2856,1.3243,1.2693,-1.1286,0,1,0,0
2026-02-24 21:12:07+05:30,3205.0,3,26.7458,2251.35,29.801,0,1.4641,1.6923,-0.566,-1.371,0.0795,-0.4807,-1.3611,-1.9575,-0.1125,0.0,0.3985,-1.2895,1.3243,1.2689,-1.1307,0,1,0,0
2026-02-24 21:12:08+05:30,3206.0,3,26.7675,2252.98,29.823,0,1.4641,1.6066,0.1403,0.5995,0.5402,-0.4807,0.6555,0.7723,1.2687,0.0,0.3574,-1.301,1.3762,1.319,-1.1328,0,1,0,0
2026-02-24 21:12:09+05:30,3207.0,3,26.7892,2254.6,29.845,0,1.4641,1.5074,0.3367,2.11,1.3989,0.8447,-0.1703,0.8687,1.5684,0.0,0.3103,-1.301,1.3762,1.319,-1.1342,0,1,0,0
2026-02-24 21:12:10+05:30,3208.0,3,26.8108,2256.22,29.868,0,1.4641,1.3881,0.0511,2.139,2.1527,1.4614,-0.2668,0.5894,0.6915,-0.251,0.2535,-1.301,1.3581,1.3014,-1.1363,0,0,1,0
2026-02-24 21:12:11+05:30,3209.0,3,26.8319,2257.77,29.889,0,1.3961,1.2191,-0.079,0.8314,2.4632,1.9859,-0.3528,0.4333,-0.011,-1.1295,0.2027,-1.2779,1.2594,1.2064,-1.1377,0,0,1,0
2026-02-24 21:12:12+05:30,3210.0,3,26.8511,2259.21,29.909,0,1.1584,1.0119,-0.0764,-0.7371,2.4906,1.8867,-0.2581,0.0942,-0.52,-2.5101,0.2087,-1.2357,1.0765,1.0297,-1.1398,0,0,1,0
2026-02-24 21:12:13+05:30,3211.0,3,26.8667,2260.37,29.925,0,0.7169,0.6131,-0.3263,-0.8566,2.4221,1.8796,-0.4476,0.1517,-0.3377,-3.3886,0.2148,-1.1244,0.6106,0.5776,-1.1412,0,0,1,0
2026-02-24 21:12:14+05:30,3212.0,3,26.8783,2261.24,29.937,0,0.2414,0.1751,-0.7369,1.1175,2.2058,1.6315,-0.396,0.3944,0.146,-3.5141,0.2172,-1.0169,0.1564,0.1331,-1.1419,0,0,1,0
2026-02-24 21:12:15+05:30,3213.0,3,26.8861,2261.84,29.945,0,-0.2341,-0.2586,-0.8389,3.2655,1.875,1.2913,-0.5892,0.9965,0.2047,-2.7611,0.2287,-0.9133,-0.2978,-0.3146,-1.1426,0,0,1,0
2026-02-24 21:12:16+05:30,3214.0,3,26.8917,2262.27,29.951,0,-0.5059,-0.507,-0.4819,3.2112,1.5783,0.9581,-0.4125,0.9859,0.2047,-1.3806,0.2414,-0.8519,-0.5573,-0.5718,-1.1433,0,0,1,0
2026-02-24 21:12:17+05:30,3215.0,3,26.8964,2262.67,29.956,0,-0.6077,-0.608,-0.1504,1.1574,1.2028,0.4195,-0.2668,0.6892,0.6598,0.3765,0.2323,-0.8404,-0.5949,-0.6092,-1.1433,1,0,0,0
2026-02-24 21:12:18+05:30,3216.0,3,26.9028,2263.32,29.965,0,-0.404,-0.4236,-0.3595,-0.6393,0.567,-0.2752,-0.7333,-0.4368,1.1704,2.0081,0.2196,-0.9325,-0.2121,-0.2301,-1.144,1,0,0,0
2026-02-24 21:12:19+05:30,3217.0,3,26.9119,2264.23,29.977,0,-0.0643,-0.1106,-0.923,-0.719,-0.1177,-0.3035,-0.8804,-0.3771,0.9515,2.7611,0.216,-1.0323,0.2044,0.1801,-1.1454,1,0,0,0
2026-02-24 21:12:20+05:30,3218.0,3,26.9244,2265.36,29.993,0,0.3433,0.2588,-1.2571,0.4365,-0.6016,0.221,-1.1057,0.3736,0.4045,2.5101,0.2081,-1.1206,0.5704,0.5381,-1.1468,1,0,0,0
2026-02-24 21:12:21+05:30,3219.0,3,26.9392,2266.59,30.01,0,0.615,0.5245,-1.1551,1.5051,-1.0146,0.6604,-0.6623,0.7274,0.4853,1.7571,0.219,-1.1628,0.741,0.7038,-1.1482,1,0,0,0
2026-02-24 21:12:22+05:30,3220.0,3,26.9556,2267.9,30.028,0,0.8187,0.7157,-0.9052,1.8238,-1.3882,1.2133,-0.554,0.5988,0.0191,1.2551,0.2196,-1.1897,0.8572,0.8168,-1.1496,1,0,0,0
2026-02-24 21:12:23+05:30,3221.0,3,26.9731,2269.24,30.046,0,0.9546,0.8237,-0.6451,1.6862,-1.4037,1.1141,-0.509,0.6725,-0.2489,0.6275,0.2087,-1.2012,0.9065,0.8648,-1.151,1,0,0,0
2026-02-24 21:12:24+05:30,3222.0,3,26.9908,2270.56,30.064,0,0.9886,0.8533,-0.2039,1.4435,-1.1188,0.8376,-0.2888,0.5512,-0.3725,0.0,0.2075,-1.1973,0.8883,0.8468,-1.1524,0,1,0,0
2026-02-24 21:12:25+05:30,3223.0,3,27.0083,2271.89,30.082,0,0.9546,0.8223,0.4285,0.9038,-1.2499,0.9865,-0.1845,0.5278,0.5424,-0.502,0.2081,-1.2012,0.8896,0.8481,-1.1538,0,0,1,0
2026-02-24 21:12:26+05:30,3224.0,3,27.025,2273.21,30.1,0,0.8527,0.7325,0.9334,-0.0054,-2.1349,1.837,-0.0689,0.2261,2.0758,-0.8785,0.2105,-1.1973,0.8701,0.8292,-1.1552,0,0,1,0
2026-02-24 21:12:27+05:30,3225.0,3,27.0406,2274.43,30.117,0,0.7169,0.6108,0.9206,-0.8602,-2.9954,3.3893,-0.1995,0.1676,1.1085,-1.1295,0.213,-1.1628,0.7222,0.6854,-1.1566,0,0,1,0
2026-02-24 21:12:28+05:30,3226.0,3,27.0547,2275.53,30.132,0,0.547,0.4574,0.3724,-1.4144,-2.8422,2.397,-0.2361,0.0886,1.0657,-1.2551,0.216,-1.1129,0.5133,0.4818,-1.158,0,0,1,0
2026-02-24 21:12:29+05:30,3227.0,3,27.0675,2276.48,30.145,0,0.3772,0.2838,-0.3212,-1.6607,-1.6087,1.8867,-0.3806,-0.0388,3.3222,-1.004,0.2033,-1.0592,0.2862,0.2597,-1.1594,0,0,1,0
2026-02-24 21:12:30+05:30,3228.0,3,27.0794,2277.38,30.158,0,0.2753,0.1885,-0.7802,-1.5122,-0.0522,-0.424,-1.2038,-1.8512,3.3397,-0.502,0.2015,-1.04,0.1889,0.1643,-1.1601,0,0,1,0
2026-02-24 21:12:31+05:30,3229.0,3,27.0911,2278.26,30.17,0,0.2414,0.1636,-0.844,-1.1754,1.0539,-0.0342,-0.8515,-0.461,1.0863,0.0,0.2075,-1.0323,0.1623,0.1383,-1.1609,0,1,0,0
2026-02-24 21:12:32+05:30,3230.0,3,27.1031,2279.2,30.182,0,0.2753,0.1999,-0.5533,-0.9399,1.474,0.9085,-0.4582,0.0126,0.4774,0.6275,0.2118,-1.0592,0.2674,0.2412,-1.1623,1,0,0,0
2026-02-24 21:12:33+05:30,3231.0,3,27.1161,2280.27,30.197,0,0.4112,0.3208,-0.26,-0.6864,1.3858,0.5896,-0.385,0.0099,0.1127,1.2551,0.2075,-1.1091,0.4756,0.4448,-1.1637,1,0,0,0
2026-02-24 21:12:34+05:30,3232.0,3,27.1308,2281.48,30.214,0,0.615,0.5148,-0.3569,-0.6719,1.0717,0.2139,-0.3528,-0.0403,0.1587,1.3806,0.2118,-1.159,0.6888,0.6524,-1.1651,1,0,0,0
2026-02-24 21:12:35+05:30,3233.0,3,27.1469,2282.76,30.231,0,0.7848,0.6729,-0.5405,-1.61,0.6904,-0.0554,-0.7604,-0.754,0.6407,1.1295,0.2124,-1.1935,0.8202,0.7799,-1.1665,1,0,0,0
2026-02-24 21:12:36+05:30,3234.0,3,27.1642,2284.16,30.25,0,0.9206,0.8051,0.1352,-3.0263,0.1433,-0.1476,0.2892,-2.3018,0.9309,1.004,0.2166,-1.2357,0.9996,0.9536,-1.1679,1,0,0,0
2026-02-24 21:12:37+05:30,3235.0,3,27.1825,2285.67,30.271,0,1.0565,0.922,1.7392,-3.2545,-0.5366,0.3415,0.4147,-1.2038,0.636,0.8785,0.2111,-1.2818,1.1913,1.1387,-1.1693,1,0,0,0
2026-02-24 21:12:38+05:30,3236.0,3,27.2017,2287.35,30.294,0,1.1584,1.0226,2.624,-1.9324,-0.797,0.866,0.9624,-0.1722,0.3458,0.753,0.2148,-1.3509,1.4791,1.4153,-1.1714,1,0,0,0
2026-02-24 21:12:39+05:30,3237.0,3,27.2217,2288.94,30.316,0,1.2603,1.1046,1.4281,-0.4799,-0.1886,-0.2539,0.9269,-0.4081,1.5081,0.6275,0.2081,-1.3125,1.3162,1.2592,-1.1735,1,0,0,0
2026-02-24 21:12:40+05:30,3238.0,3,27.2422,2290.49,30.338,0,1.3282,1.1727,-0.7318,0.5054,0.7905,-0.1334,-0.4209,0.7402,1.2909,0.502,0.2105,-1.301,1.2568,1.2016,-1.1749,1,0,0,0
2026-02-24 21:12:41+05:30,3239.0,3,27.2633,2292.07,30.36,0,1.3961,1.2299,-1.5656,1.8347,1.2154,0.6392,-1.022,0.6684,0.2443,0.3765,0.2081,-1.3163,1.3107,1.2531,-1.177,1,0,0,0
2026-02-24 21:12:42+05:30,3240.0,3,27.2847,2293.67,30.382,0,1.4301,1.2752,-0.5864,3.356,0.8614,0.1572,-0.5577,2.1062,0.7486,0.3765,0.2148,-1.3202,1.3354,1.2772,-1.1784,1,0,0,0
2026-02-24 21:12:43+05:30,3241.0,3,27.3067,2295.38,30.405,0,1.498,1.3171,0.6299,3.7581,0.1463,-0.0271,0.5179,2.7439,1.1466,0.3765,0.2045,-1.3662,1.5112,1.4457,-1.1805,1,0,0,0
2026-02-24 21:12:44+05:30,3242.0,3,27.3289,2297.09,30.429,0,1.532,1.3614,0.9206,2.9685,-0.5426,0.3627,0.0771,1.385,0.8786,0.1255,0.2111,-1.3701,1.5203,1.454,-1.1826,0,1,0,0
2026-02-24 21:12:45+05:30,3243.0,3,27.3511,2298.81,30.453,0,1.532,1.408,0.6554,2.0086,-0.8727,0.5329,0.1363,0.8929,-0.3694,0.0,0.2323,-1.3739,1.5436,1.4764,-1.1847,0,1,0,0
2026-02-24 21:12:46+05:30,3244.0,3,27.3733,2300.5,30.476,0,1.532,1.4472,0.4106,0.7879,-0.6385,0.299,-0.036,0.5085,0.3521,0.0,0.2504,-1.3624,1.4891,1.4241,-1.1861,0,1,0,0
2026-02-24 21:12:47+05:30,3245.0,3,27.3956,2302.19,30.499,0,1.532,1.4889,0.3418,-1.1754,-0.1445,-0.339,0.3269,-0.6961,0.4996,0.0,0.2698,-1.3624,1.4813,1.4166,-1.1882,0,1,0,0
2026-02-24 21:12:48+05:30,3246.0,3,27.4178,2303.9,30.523,0,1.532,1.5282,0.5891,-2.5337,0.1338,-0.1405,0.5234,-2.2126,-0.2615,0.0,0.2885,-1.3739,1.5222,1.4558,-1.1903,0,1,0,0
2026-02-24 21:12:49+05:30,3247.0,3,27.44,2305.62,30.547,0,1.532,1.563,1.1527,-1.6318,0.1975,-0.3248,1.4739,-1.1599,-0.4693,0.0,0.3042,-1.3816,1.5446,1.4769,-1.1924,0,1,0,0
2026-02-24 21:12:50+05:30,3248.0,3,27.4622,2307.36,30.571,0,1.532,1.5796,1.5556,0.6249,0.219,-0.2823,2.522,0.5712,-0.4265,0.0,0.3121,-1.3893,1.5722,1.5033,-1.1945,0,1,0,0
2026-02-24 21:12:51+05:30,3249.0,3,27.4844,2309.09,30.595,0,1.532,1.5656,1.2088,2.168,0.0861,-0.1405,1.2565,1.9297,0.0477,0.0,0.3054,-1.3854,1.5527,1.4844,-1.1959,0,1,0,0
2026-02-24 21:12:52+05:30,3250.0,3,27.5067,2310.74,30.617,0,1.532,1.5396,0.352,2.7692,-0.2029,-0.0413,-0.0923,1.8496,-0.0792,0.0,0.2933,-1.3547,1.423,1.3599,-1.198,0,1,0,0
2026-02-24 21:12:53+05:30,3251.0,3,27.5289,2312.39,30.64,0,1.532,1.5138,-0.1198,2.8634,-0.3436,0.0013,-0.1073,1.8163,-0.6025,0.0,0.2819,-1.3547,1.423,1.3599,-1.2002,0,1,0,0
2026-02-24 21:12:54+05:30,3252.0,3,27.5511,2314.04,30.663,0,1.532,1.4706,0.148,1.7405,-0.1987,-0.1051,-0.1348,1.6383,-0.0157,0.0,0.2613,-1.3547,1.4152,1.3524,-1.2016,0,1,0,0
2026-02-24 21:12:55+05:30,3253.0,3,27.5733,2315.73,30.686,0,1.532,1.4025,0.6962,-0.3495,0.0748,-0.4665,1.6912,-0.9036,0.0651,-0.1255,0.2299,-1.3739,1.4852,1.4193,-1.2037,0,1,0,0
2026-02-24 21:12:56+05:30,3254.0,3,27.5953,2317.41,30.71,0,1.498,1.3335,0.9155,-1.2876,0.3429,-0.3744,1.6129,-1.0363,0.1809,-0.502,0.2124,-1.3739,1.4788,1.4131,-1.2058,0,0,1,0
2026-02-24 21:12:57+05:30,3255.0,3,27.6164,2319.02,30.732,0,1.3961,1.2397,0.7141,-0.4292,0.6802,-0.0838,0.452,-0.1076,0.8802,-0.8785,0.213,-1.347,1.3555,1.2944,-1.2079,0,0,1,0
2026-02-24 21:12:58+05:30,3256.0,3,27.6364,2320.52,30.752,0,1.2603,1.1034,0.4463,0.643,1.3858,0.6675,-0.1479,0.4786,1.3845,-1.1295,0.2075,-1.3048,1.1816,1.1273,-1.2093,0,0,1,0
2026-02-24 21:12:59+05:30,3257.0,3,27.655,2321.96,30.772,0,1.0905,0.9488,0.4208,1.237,2.4394,1.6953,-0.1128,0.434,1.4606,-1.2551,0.2087,-1.2818,1.0713,1.0209,-1.2107,0,0,1,0
2026-02-24 21:13:00+05:30,3258.0,3,27.6722,2323.29,30.79,0,0.9206,0.7951,1.0736,1.8528,2.7695,2.5742,-0.2068,0.496,1.987,-1.2551,0.2105,-1.2396,0.8909,0.8463,-1.2121,0,0,1,0
2026-02-24 21:13:01+05:30,3259.0,3,27.6881,2324.66,30.809,0,0.7508,0.6397,2.5756,1.9072,1.2434,0.6037,1.1292,0.8271,4.8953,-1.1295,0.2111,-1.2587,0.9727,0.9255,-1.2142,0,0,1,0
2026-02-24 21:13:02+05:30,3260.0,3,27.7028,2325.98,30.828,0,0.615,0.5027,3.7205,0.6865,-1.3799,1.1283,0.7897,0.4276,5.0285,-0.8785,0.2033,-1.2357,0.8766,0.8327,-1.2156,0,0,1,0
2026-02-24 21:13:03+05:30,3261.0,3,27.7167,2327.23,30.845,0,0.5131,0.4131,2.9555,-0.4871,-2.9793,3.4177,0.1356,0.194,2.1408,-0.6275,0.2063,-1.2127,0.7715,0.7307,-1.217,0,0,1,0
2026-02-24 21:13:04+05:30,3262.0,3,27.73,2328.3,30.859,0,0.4451,0.3672,0.9946,-0.2807,-2.7308,2.4962,-0.1395,0.2061,1.2449,-0.1255,0.2196,-1.1436,0.4731,0.44,-1.2184,0,1,0,0
2026-02-24 21:13:05+05:30,3263.0,3,27.7436,2329.35,30.874,0,0.4791,0.3764,0.1888,-0.0416,-1.7338,1.6031,-0.3342,0.312,1.4289,0.3765,0.2021,-1.1359,0.4309,0.3991,-1.2191,1,0,0,0
2026-02-24 21:13:06+05:30,3264.0,3,27.7578,2330.55,30.89,0,0.547,0.4463,0.7804,-1.2587,-1.0009,0.7101,0.2205,-0.2509,0.95,0.6275,0.2081,-1.1935,0.6842,0.6458,-1.2205,1,0,0,0
2026-02-24 21:13:07+05:30,3265.0,3,27.7728,2331.79,30.907,0,0.6489,0.5526,0.9334,-2.559,-0.5486,0.3273,0.1466,-0.5839,0.3759,0.8785,0.2166,-1.2127,0.7524,0.7118,-1.2219,1,0,0,0
2026-02-24 21:13:08+05:30,3266.0,3,27.7889,2333.1,30.925,0,0.7848,0.6684,0.4514,-1.8455,-0.3179,-0.0838,0.2292,-1.3527,-0.0792,1.004,0.2099,-1.2396,0.8646,0.8204,-1.2233,1,0,0,0
2026-02-24 21:13:09+05:30,3267.0,3,27.8061,2334.5,30.944,0,0.9206,0.7917,0.5381,0.2192,-0.3173,-0.0129,0.2922,0.5259,-0.3281,1.004,0.2081,-1.2741,1.0126,0.9633,-1.2254,1,0,0,0
2026-02-24 21:13:10+05:30,3268.0,3,27.8244,2335.97,30.965,0,1.0565,0.9127,0.8008,1.1755,-0.2232,-0.2185,0.5329,1.094,0.0017,0.8785,0.2057,-1.3048,1.1352,1.0816,-1.2268,1,0,0,0
2026-02-24 21:13:11+05:30,3269.0,3,27.8436,2337.49,30.986,0,1.1584,1.0213,0.1072,0.1395,0.076,-0.5232,1.6509,-0.1484,-0.2282,0.753,0.2136,-1.324,1.2137,1.1572,-1.2282,1,0,0,0
2026-02-24 21:13:12+05:30,3270.0,3,27.8636,2339.02,31.007,0,1.2603,1.1201,-0.8618,-1.697,0.123,-0.339,-2.1155,-1.0907,-0.1093,0.753,0.216,-1.3278,1.2228,1.166,-1.2303,1,0,0,0
2026-02-24 21:13:13+05:30,3271.0,3,27.8844,2340.59,31.029,0,1.3622,1.2078,-0.7369,-2.751,-0.3722,0.0651,-0.3528,-1.5613,1.172,0.502,0.2124,-1.347,1.2899,1.2302,-1.2317,1,0,0,0
2026-02-24 21:13:14+05:30,3272.0,3,27.9056,2342.14,31.05,0,1.3961,1.2463,0.0842,-2.2512,-1.0825,0.9865,-0.3781,-0.232,1.0118,0.1255,0.216,-1.3432,1.2669,1.2078,-1.2338,0,1,0,0
2026-02-24 21:13:15+05:30,3273.0,3,27.9267,2343.75,31.072,0,1.3961,1.2231,0.3545,-0.853,-1.6093,1.2062,-0.0762,0.0353,0.2697,-0.3765,0.2045,-1.3624,1.3555,1.2931,-1.2359,0,0,1,0
2026-02-24 21:13:16+05:30,3274.0,3,27.9469,2345.24,31.093,0,1.2942,1.151,0.0205,0.0381,-1.8292,1.7449,-0.3704,0.267,-0.0221,-0.6275,0.2154,-1.3202,1.1621,1.1066,-1.2373,0,0,1,0
2026-02-24 21:13:17+05:30,3275.0,3,27.9667,2346.72,31.113,0,1.2263,1.0841,-0.1708,0.1069,-1.7195,1.5039,-0.2687,0.287,0.0968,-0.502,0.2136,-1.3125,1.131,1.0767,-1.2388,0,0,1,0
2026-02-24 21:13:18+05:30,3276.0,3,27.9858,2348.13,31.132,0,1.1584,1.0287,-0.0382,0.3279,-1.4275,1.0786,-0.3689,0.267,-0.0221,-0.251,0.2178,-1.2895,1.0324,0.9817,-1.2409,0,0,1,0
2026-02-24 21:13:19+05:30,3277.0,3,28.005,2349.59,31.153,0,1.1584,1.0216,0.1123,1.2515,-1.1939,0.9936,-0.1439,0.6128,-0.0491,0.1255,0.2142,-1.3086,1.1109,1.0574,-1.2423,0,1,0,0
2026-02-24 21:13:20+05:30,3278.0,3,28.0244,2351.04,31.173,0,1.1924,1.0561,0.1046,2.1426,-0.9895,0.6037,-0.374,0.8241,0.1143,0.3765,0.2154,-1.3086,1.1063,1.053,-1.2437,1,0,0,0
2026-02-24 21:13:21+05:30,3279.0,3,28.0444,2352.58,31.194,0,1.2603,1.1047,-0.0331,2.0122,-0.6415,0.3698,-0.0034,1.0422,0.3363,0.251,0.2081,-1.3394,1.2325,1.1743,-1.2458,1,0,0,0
2026-02-24 21:13:22+05:30,3280.0,3,28.0644,2354.05,31.214,0,1.2603,1.1218,-0.1759,0.8205,-0.2208,-0.2681,-0.9367,0.8702,0.2966,0.0,0.2166,-1.3163,1.13,1.0754,-1.2472,0,1,0,0
2026-02-24 21:13:23+05:30,3281.0,3,28.0844,2355.57,31.235,0,1.2603,1.1056,-0.0764,-0.306,0.0009,-0.4595,1.119,-0.3473,-0.3155,-0.251,0.2087,-1.3355,1.2075,1.1502,-1.2493,0,0,1,0
2026-02-24 21:13:24+05:30,3282.0,3,28.1039,2357.0,31.255,0,1.1924,1.0598,0.2984,-0.3531,-0.1987,-0.261,-0.4381,-0.0275,0.5202,-0.502,0.2172,-1.301,1.0648,1.0125,-1.2507,0,0,1,0
2026-02-24 21:13:25+05:30,3283.0,3,28.1228,2358.46,31.275,0,1.1244,0.9927,0.4744,0.1323,-0.8799,0.5116,0.1912,0.2314,1.4511,-0.502,0.2154,-1.3163,1.1219,1.0675,-1.2521,0,0,1,0
2026-02-24 21:13:26+05:30,3284.0,3,28.1411,2359.82,31.294,0,1.0565,0.9236,0.1199,0.1069,-1.8173,1.6031,-0.3342,0.3312,1.6683,-0.753,0.2118,-1.2741,0.9428,0.8947,-1.2542,0,0,1,0
2026-02-24 21:13:27+05:30,3285.0,3,28.1583,2361.11,31.311,0,0.9206,0.8017,-0.0739,-0.0778,-2.5437,2.5458,-0.3082,0.1887,0.7977,-1.004,0.2142,-1.2511,0.8312,0.7865,-1.2556,0,0,1,0
2026-02-24 21:13:28+05:30,3286.0,3,28.1744,2362.35,31.329,0,0.7848,0.656,0.6478,0.125,-2.8798,2.8577,-0.2182,0.3089,-0.187,-1.004,0.2015,-1.2319,0.7611,0.7188,-1.257,0,0,1,0
2026-02-24 21:13:29+05:30,3287.0,3,28.1894,2363.58,31.345,0,0.6489,0.5483,1.627,-0.1539,-2.9918,2.9853,-0.0642,0.2261,-0.5438,-0.8785,0.2136,-1.228,0.7352,0.6937,-1.2584,0,0,1,0
2026-02-24 21:13:30+05:30,3288.0,3,28.2036,2364.76,31.362,0,0.547,0.4595,1.6627,-1.3891,-2.7666,2.9286,-0.0437,0.1014,1.0102,-0.502,0.2172,-1.2089,0.6482,0.6093,-1.2598,0,0,1,0
2026-02-24 21:13:31+05:30,3289.0,3,28.2175,2365.85,31.377,0,0.5131,0.4116,0.8084,-2.099,-1.9198,1.674,-0.1289,-0.1091,2.2519,0.0,0.2051,-1.1743,0.512,0.4769,-1.2605,0,1,0,0
2026-02-24 21:13:32+05:30,3290.0,3,28.2317,2366.98,31.392,0,0.547,0.4451,0.2092,-0.9073,-0.6379,0.306,-0.0803,-0.1567,2.5389,0.502,0.2069,-1.1897,0.5655,0.5288,-1.2619,1,0,0,0
2026-02-24 21:13:33+05:30,3291.0,3,28.2467,2368.19,31.409,0,0.6489,0.5425,0.5534,1.2008,0.5736,-0.2397,0.4839,1.2236,2.19,0.753,0.2093,-1.2242,0.7141,0.6731,-1.2633,1,0,0,0
2026-02-24 21:13:34+05:30,3292.0,3,28.2625,2369.51,31.427,0,0.7508,0.6267,1.2904,2.0013,1.3995,0.7809,0.1938,0.7912,0.9579,0.6275,0.2027,-1.2626,0.874,0.8278,-1.2647,1,0,0,0
2026-02-24 21:13:35+05:30,3293.0,3,28.2789,2370.88,31.446,0,0.8187,0.7093,1.3771,0.8603,1.8304,1.1283,0.197,0.4276,0.2951,0.502,0.2154,-1.2856,0.9642,0.9149,-1.2661,1,0,0,0
2026-02-24 21:13:36+05:30,3294.0,3,28.2958,2372.2,31.464,0,0.8867,0.7764,0.556,-0.795,2.0491,1.5464,-0.2061,0.1154,-0.03,0.502,0.2178,-1.2664,0.887,0.8406,-1.2682,1,0,0,0
2026-02-24 21:13:37+05:30,3295.0,3,28.3133,2373.5,31.482,0,0.9546,0.8187,-0.6196,-1.6028,2.2743,1.5819,-0.4157,-0.0585,-0.0031,0.1255,0.2057,-1.2626,0.8546,0.8089,-1.2696,0,1,0,0
2026-02-24 21:13:38+05:30,3296.0,3,28.3306,2374.78,31.499,0,0.9206,0.8101,-1.711,-1.3311,2.5264,2.0922,-0.6638,0.0908,0.0176,-0.251,0.219,-1.2511,0.8053,0.761,-1.271,0,0,1,0
2026-02-24 21:13:39+05:30,3297.0,3,28.3475,2376.03,31.517,0,0.8867,0.7501,-2.4632,-0.2879,2.6277,2.1702,-0.794,0.1785,-0.4978,-0.251,0.2021,-1.2434,0.7728,0.7298,-1.2724,0,0,1,0
2026-02-24 21:13:40+05:30,3298.0,3,28.3642,2377.26,31.533,0,0.8527,0.7214,-2.3459,0.6285,2.5466,2.0213,-0.7951,0.36,-0.3408,-0.1255,0.2039,-1.2357,0.7404,0.6981,-1.2738,0,1,0,0
2026-02-24 21:13:41+05:30,3299.0,3,28.3808,2378.5,31.551,0,0.8527,0.719,-1.1041,0.212,2.3643,1.83,-0.5409,0.3082,0.1539,0.0,0.2021,-1.2396,0.7527,0.71,-1.2752,0,1,0,0
2026-02-24 21:13:42+05:30,3300.0,3,28.3975,2379.79,31.568,0,0.8527,0.7462,0.3596,-0.7697,1.946,1.2842,-0.2306,0.0663,0.8913,0.3765,0.219,-1.2587,0.8358,0.7905,-1.2766,1,0,0,0
2026-02-24 21:13:43+05:30,3301.0,3,28.415,2381.22,31.588,0,0.9546,0.8216,0.635,0.1142,1.2076,0.4832,0.2033,0.267,1.3258,0.8785,0.2075,-1.3163,1.0648,1.0116,-1.2781,1,0,0,0
2026-02-24 21:13:44+05:30,3302.0,3,28.4336,2382.67,31.608,0,1.0905,0.9573,-0.1937,2.7765,0.4806,-0.1901,-0.6777,2.5368,0.8421,1.004,0.213,-1.324,1.0989,1.0442,-1.2802,1,0,0,0
2026-02-24 21:13:45+05:30,3303.0,3,28.4533,2384.2,31.629,0,1.2263,1.085,-0.6068,4.1529,0.129,0.0651,-0.4051,3.481,-0.1648,1.004,0.2142,-1.3509,1.2182,1.1594,-1.2816,1,0,0,0
2026-02-24 21:13:46+05:30,3304.0,3,28.4742,2385.79,31.651,0,1.3622,1.2003,-0.1198,2.9069,0.0855,-0.2964,-0.5643,3.089,-0.5232,0.8785,0.2087,-1.3816,1.3393,1.2755,-1.2837,1,0,0,0
2026-02-24 21:13:47+05:30,3305.0,3,28.4958,2387.5,31.675,0,1.4641,1.3101,0.2729,1.0378,0.0807,-0.3886,0.9558,1.8148,-0.5787,0.3765,0.2166,-1.4238,1.5138,1.4426,-1.2851,1,0,0,0
2026-02-24 21:13:48+05:30,3306.0,3,28.5175,2389.15,31.698,0,1.4641,1.4085,0.227,0.3206,0.0188,-0.6083,0.241,-0.3465,-0.4534,0.0,0.2631,-1.4046,1.4359,1.3678,-1.2872,0,1,0,0
2026-02-24 21:13:49+05:30,3307.0,3,28.5392,2390.84,31.721,0,1.4641,1.4974,0.3877,0.4546,-0.0259,-0.346,0.7067,1.2437,-0.4534,0.0,0.3054,-1.42,1.4856,1.4153,-1.2893,0,1,0,0
2026-02-24 21:13:50+05:30,3308.0,3,28.5608,2392.51,31.744,0,1.4641,1.576,0.5585,0.7988,0.0033,-0.5162,1.2869,0.4367,-0.4756,0.0,0.3429,-1.4161,1.4693,1.3995,-1.2914,0,1,0,0
2026-02-24 21:13:51+05:30,3309.0,3,28.5825,2394.16,31.767,0,1.4641,1.648,-0.0662,1.132,0.0664,-0.4311,0.1989,2.2763,-0.566,0.0,0.3774,-1.4046,1.4252,1.3577,-1.2928,0,1,0,0
2026-02-24 21:13:52+05:30,3310.0,3,28.6042,2395.78,31.789,0,1.4641,1.7109,-0.8542,0.8603,0.095,-0.5162,-2.2292,1.2588,-0.5787,0.0,0.407,-1.3969,1.3814,1.3155,-1.2949,0,1,0,0
2026-02-24 21:13:53+05:30,3311.0,3,28.6258,2397.4,31.812,0,1.4641,1.7628,-0.464,-0.3785,0.0646,-0.587,-1.1112,-0.7687,-0.539,0.0,0.4318,-1.3931,1.3694,1.3041,-1.297,0,1,0,0
2026-02-24 21:13:54+05:30,3312.0,3,28.6475,2399.08,31.835,0,1.4641,1.8015,0.7421,-2.0302,0.0158,-0.2326,0.8669,-1.5005,-0.5597,0.0,0.4505,-1.42,1.4697,1.3995,-1.2984,0,1,0,0
2026-02-24 21:13:55+05:30,3313.0,3,28.6692,2400.78,31.858,0,1.4641,1.8306,1.4128,-3.24,0.0027,0.0509,0.8314,-1.7072,-0.6025,0.0,0.4644,-1.4315,1.5115,1.4395,-1.3005,0,1,0,0
2026-02-24 21:13:56+05:30,3314.0,3,28.6908,2402.46,31.882,0,1.4641,1.8491,1.3286,-3.537,0.02,0.0509,0.6994,-1.9095,-0.6009,0.0,0.4729,-1.4238,1.4752,1.4048,-1.3026,0,1,0,0
2026-02-24 21:13:57+05:30,3315.0,3,28.7125,2404.13,31.905,0,1.4641,1.8365,1.0354,-3.0517,0.0313,-0.0129,0.7992,-1.7314,-0.5533,0.0,0.4668,-1.4238,1.4723,1.4017,-1.3047,0,1,0,0
2026-02-24 21:13:58+05:30,3316.0,3,28.7342,2405.77,31.928,0,1.4641,1.8061,0.7829,-2.1787,0.0551,-0.2823,0.6551,-1.897,-0.5232,0.0,0.4523,-1.4084,1.41,1.3423,-1.3061,0,1,0,0
2026-02-24 21:13:59+05:30,3317.0,3,28.7558,2407.41,31.95,0,1.4641,1.7714,0.4948,-1.1645,0.132,-0.3957,1.0085,-1.5148,-0.4867,0.0,0.436,-1.4084,1.41,1.3423,-1.3082,0,1,0,0
2026-02-24 21:14:00+05:30,3318.0,3,28.7775,2409.0,31.972,0,1.4641,1.7148,-0.1351,-0.393,0.1928,-0.7359,-0.3528,-3.1349,-0.5137,0.0,0.4088,-1.3893,1.3243,1.2601,-1.3096,0,1,0,0
2026-02-24 21:14:01+05:30,3319.0,3,28.7992,2410.59,31.994,0,1.4641,1.6321,-0.9791,-0.4292,0.182,-0.5658,-2.1338,-1.2741,-0.2504,0.0,0.3695,-1.3893,1.3243,1.2601,-1.3117,0,1,0,0
2026-02-24 21:14:02+05:30,3320.0,3,28.8208,2412.17,32.016,0,1.4641,1.5411,-1.0072,-1.0631,0.4186,-0.339,-1.6728,-0.695,0.5171,0.0,0.3266,-1.3931,1.3243,1.2597,-1.3138,0,1,0,0
2026-02-24 21:14:03+05:30,3321.0,3,28.8425,2413.78,32.038,0,1.4641,1.4396,0.0536,-1.016,1.1885,0.2493,-0.2094,-0.2263,1.3559,0.1255,0.2782,-1.3969,1.3503,1.2847,-1.3152,0,1,0,0
2026-02-24 21:14:04+05:30,3322.0,3,28.8644,2415.46,32.062,0,1.498,1.3195,0.7523,0.4909,1.7868,1.3338,-0.0012,0.3392,0.8421,-0.3765,0.2057,-1.4315,1.4865,1.4149,-1.3174,0,0,1,0
2026-02-24 21:14:05+05:30,3323.0,3,28.8853,2417.0,32.083,0,1.3622,1.1976,0.352,2.215,1.0717,0.1785,-0.2449,1.2554,2.8402,-1.1295,0.2075,-1.3739,1.2452,1.1836,-1.3188,0,0,1,0
2026-02-24 21:14:06+05:30,3324.0,3,28.9047,2418.49,32.103,0,1.1924,1.0518,0.3188,2.2476,-0.7887,0.3557,0.1725,1.136,3.882,-1.2551,0.2136,-1.3585,1.1686,1.1101,-1.3209,0,0,1,0
2026-02-24 21:14:07+05:30,3325.0,3,28.9228,2419.9,32.123,0,1.0225,0.9035,1.6576,0.6502,-2.3208,2.4253,-0.1209,0.3006,2.2344,-1.004,0.2184,-1.3278,1.0324,0.9787,-1.3223,0,0,1,0
2026-02-24 21:14:08+05:30,3326.0,3,28.94,2421.41,32.144,0,0.9206,0.7829,2.9096,-0.7008,-2.6748,2.6947,0.2984,0.2227,-0.4344,-0.8785,0.2033,-1.3662,1.1946,1.1348,-1.3244,0,0,1,0
2026-02-24 21:14:09+05:30,3327.0,3,28.9561,2422.74,32.162,0,0.7848,0.6807,2.5093,-0.4111,-2.4114,2.3899,0.0566,0.1366,-0.26,-0.6275,0.2178,-1.2971,0.9013,0.852,-1.3258,0,0,1,0
2026-02-24 21:14:10+05:30,3328.0,3,28.9719,2424.02,32.18,0,0.7508,0.6387,1.1986,0.9183,-2.2457,2.2198,-0.0199,0.4359,-0.371,0.0,0.2105,-1.2779,0.8182,0.772,-1.3272,0,1,0,0
2026-02-24 21:14:11+05:30,3329.0,3,28.9881,2425.29,32.197,0,0.7848,0.6833,0.4667,1.5775,-2.2147,2.0851,-0.2339,0.465,-0.5343,0.6275,0.219,-1.2779,0.8101,0.7641,-1.3286,1,0,0,0
2026-02-24 21:14:12+05:30,3330.0,3,29.0053,2426.67,32.216,0,0.9206,0.7892,0.5356,1.0632,-2.2082,2.0922,-0.1977,0.411,-0.4788,0.753,0.2069,-1.3163,0.9727,0.9211,-1.33,1,0,0,0
2026-02-24 21:14:13+05:30,3331.0,3,29.0231,2428.09,32.236,0,0.9886,0.8628,0.9334,0.5235,-2.3029,2.234,-0.1062,0.3331,-0.317,0.502,0.213,-1.3355,1.0586,1.0037,-1.3314,1,0,0,0
2026-02-24 21:14:14+05:30,3332.0,3,29.0414,2429.55,32.256,0,1.0565,0.9073,1.4536,0.7263,-2.4758,2.4112,-0.0733,0.3486,-0.3599,0.1255,0.2027,-1.3509,1.1118,1.0547,-1.3335,0,1,0,0
2026-02-24 21:14:15+05:30,3333.0,3,29.0594,2431.01,32.276,0,1.0225,0.9051,1.8157,0.9183,-2.5371,2.5317,0.0211,0.3596,-0.539,-0.251,0.2196,-1.3509,1.118,1.0609,-1.3349,0,0,1,0
2026-02-24 21:14:16+05:30,3334.0,3,29.0772,2432.45,32.296,0,0.9886,0.8438,1.6168,0.0997,-2.4883,2.5246,-0.0053,0.3135,-0.658,-0.753,0.2021,-1.3432,1.07,1.0143,-1.337,0,0,1,0
2026-02-24 21:14:17+05:30,3335.0,3,29.0936,2433.72,32.313,0,0.8187,0.6918,1.1297,-1.4289,-2.6223,2.5175,-0.1589,0.0012,-0.0443,-1.2551,0.2045,-1.2818,0.8195,0.7729,-1.3384,0,0,1,0
2026-02-24 21:14:18+05:30,3336.0,3,29.1086,2434.93,32.33,0,0.6489,0.5413,0.9716,-2.7438,-2.8768,2.9995,-0.1168,0.0111,-0.0094,-1.1295,0.2087,-1.2549,0.7014,0.6585,-1.3398,0,0,1,0
2026-02-24 21:14:19+05:30,3337.0,3,29.1225,2436.01,32.345,0,0.5131,0.4069,0.9104,-3.3885,-2.5133,2.5175,-0.2178,-0.2342,1.9093,-1.004,0.2021,-1.205,0.4938,0.4572,-1.3405,0,0,1,0
2026-02-24 21:14:20+05:30,3338.0,3,29.1353,2437.02,32.359,0,0.3772,0.3098,0.278,-2.9611,-1.0813,0.866,-0.0188,-0.4618,3.5775,-0.6275,0.2238,-1.182,0.3822,0.3481,-1.3419,0,0,1,0
2026-02-24 21:14:21+05:30,3339.0,3,29.1478,2437.96,32.372,0,0.3433,0.274,-0.6731,-1.476,0.7011,-0.0767,-1.0582,-0.8677,3.1621,0.1255,0.2208,-1.1551,0.2654,0.2342,-1.3426,0,1,0,0
2026-02-24 21:14:22+05:30,3340.0,3,29.1608,2438.99,32.386,0,0.4112,0.3332,-1.0148,-0.1068,1.676,1.0645,-0.5138,0.2919,0.8326,0.753,0.2178,-1.1858,0.4049,0.3705,-1.344,1,0,0,0
2026-02-24 21:14:23+05:30,3341.0,3,29.175,2440.12,32.401,0,0.547,0.4475,-0.6451,-0.0235,1.5884,0.7597,-0.5643,0.1381,0.1619,1.1295,0.2087,-1.228,0.5811,0.5416,-1.3454,1,0,0,0
2026-02-24 21:14:24+05:30,3342.0,3,29.1906,2441.36,32.418,0,0.7169,0.5997,-0.4003,-0.9544,1.0843,0.3344,-0.419,0.0334,0.5139,1.1295,0.2057,-1.2703,0.7585,0.7135,-1.3468,1,0,0,0
2026-02-24 21:14:25+05:30,3343.0,3,29.2072,2442.68,32.437,0,0.8527,0.7441,-0.6859,-1.5195,0.6427,-0.1334,-0.6978,-1.1894,0.6439,1.004,0.2178,-1.301,0.8744,0.8252,-1.3482,1,0,0,0
2026-02-24 21:14:26+05:30,3344.0,3,29.225,2444.06,32.456,0,0.9886,0.8682,-0.7139,-0.9979,0.1677,-0.5658,-2.0851,-1.2359,0.7486,1.004,0.2166,-1.3278,0.986,0.9329,-1.3496,1,0,0,0
2026-02-24 21:14:27+05:30,3345.0,3,29.2439,2445.53,32.476,0,1.1244,0.9766,0.1735,-0.1684,-0.4633,-0.0129,-0.025,0.0084,0.8183,0.753,0.2063,-1.3624,1.129,1.0706,-1.3517,1,0,0,0
2026-02-24 21:14:28+05:30,3346.0,3,29.2633,2447.06,32.497,0,1.1924,1.0384,1.0328,-0.0054,-0.9222,0.625,0.1784,0.267,0.0271,0.251,0.2063,-1.3854,1.2312,1.1691,-1.3531,1,0,0,0
2026-02-24 21:14:29+05:30,3347.0,3,29.2828,2448.54,32.517,0,1.1924,1.0504,0.4871,-0.2807,-0.7238,0.3486,0.0423,0.1317,0.7898,0.0,0.2124,-1.3662,1.1482,1.089,-1.3552,0,1,0,0
2026-02-24 21:14:30+05:30,3348.0,3,29.3022,2449.97,32.537,0,1.1924,1.0498,-0.9485,0.0272,0.0664,-0.5303,-2.4023,0.0871,1.3575,0.0,0.2124,-1.347,1.0648,1.009,-1.3567,0,1,0,0
2026-02-24 21:14:31+05:30,3349.0,3,29.3217,2451.39,32.557,0,1.1924,1.0468,-1.4815,1.0994,0.7946,0.0084,-1.319,0.7924,0.5916,0.0,0.2105,-1.3509,1.0648,1.0086,-1.3581,0,1,0,0
2026-02-24 21:14:32+05:30,3350.0,3,29.3411,2452.83,32.577,0,1.1924,1.0431,-0.5329,1.6681,0.9567,0.1997,-0.5043,1.0161,-0.1268,0.1255,0.2087,-1.3547,1.0758,1.0191,-1.3602,0,1,0,0
2026-02-24 21:14:33+05:30,3351.0,3,29.3608,2454.37,32.598,0,1.2263,1.0692,0.8594,0.8024,0.6165,-0.2326,0.8684,0.7417,0.4283,0.3765,0.2057,-1.3969,1.2559,1.1924,-1.3616,1,0,0,0
2026-02-24 21:14:34+05:30,3352.0,3,29.3811,2456.02,32.621,0,1.2942,1.1373,1.6652,-0.6646,0.1201,-0.2468,2.3475,-0.3095,0.4996,0.502,0.2087,-1.4353,1.4213,1.3507,-1.3637,1,0,0,0
2026-02-24 21:14:35+05:30,3353.0,3,29.4019,2457.7,32.644,0,1.3622,1.2088,1.5403,-1.3347,-0.2536,0.0367,1.0092,-0.4973,0.0873,0.502,0.213,-1.4507,1.4745,1.4012,-1.3651,1,0,0,0
2026-02-24 21:14:36+05:30,3354.0,3,29.4233,2459.35,32.667,0,1.4301,1.2696,0.6784,-0.8349,-0.3769,-0.0554,0.4198,-0.2221,-0.566,0.502,0.2118,-1.443,1.4444,1.3727,-1.3672,1,0,0,0
2026-02-24 21:14:37+05:30,3355.0,3,29.4453,2461.0,32.69,0,1.498,1.3222,-0.1606,0.0707,-0.2756,-0.1972,-0.2775,0.0848,-0.3012,0.251,0.2069,-1.4391,1.4161,1.3454,-1.3693,1,0,0,0
2026-02-24 21:14:38+05:30,3356.0,3,29.4672,2462.63,32.712,0,1.498,1.3731,-0.4895,0.2989,-0.0921,-0.3957,-1.0055,0.9413,-0.1585,0.0,0.2311,-1.4353,1.4048,1.3344,-1.3714,0,1,0,0
2026-02-24 21:14:39+05:30,3357.0,3,29.4892,2464.26,32.735,0,1.498,1.4185,-0.8159,-0.3821,0.0587,-0.5374,-0.959,-1.6369,-0.3456,0.0,0.2522,-1.4353,1.3989,1.3287,-1.3728,0,1,0,0
2026-02-24 21:14:40+05:30,3358.0,3,29.5111,2465.89,32.758,0,1.498,1.4577,-1.1627,-1.15,0.1737,-0.4098,-2.6609,-0.5759,-0.3456,0.0,0.271,-1.4353,1.3951,1.3252,-1.3749,0,1,0,0
2026-02-24 21:14:41+05:30,3359.0,3,29.5331,2467.52,32.78,0,1.498,1.4951,-0.487,-1.2659,0.2536,-0.4098,-0.629,-2.3717,-0.4154,0.0,0.2885,-1.4353,1.3928,1.323,-1.3763,0,1,0,0
2026-02-24 21:14:42+05:30,3360.0,3,29.555,2469.22,32.804,0,1.498,1.53,1.0277,-0.9363,0.2333,-0.4028,2.1342,-0.5559,-0.4487,0.0,0.3048,-1.466,1.5187,1.443,-1.3784,0,1,0,0
2026-02-24 21:14:43+05:30,3361.0,3,29.5769,2470.94,32.828,0,1.498,1.5596,1.5607,-0.7986,0.1111,-0.2539,2.1382,-0.5257,-0.2948,0.0,0.3187,-1.4737,1.5504,1.4734,-1.3805,0,1,0,0
2026-02-24 21:14:44+05:30,3362.0,3,29.5989,2472.59,32.85,0,1.498,1.5541,0.4922,-0.7153,-0.0182,-0.3673,0.77,-0.6039,-0.3186,0.0,0.3163,-1.4468,1.4346,1.3626,-1.3826,0,1,0,0
2026-02-24 21:14:45+05:30,3363.0,3,29.6208,2474.2,32.873,0,1.498,1.5124,-0.5329,-0.1756,-0.0951,-0.4524,-0.9356,-0.0543,-0.6389,0.0,0.2964,-1.4315,1.3568,1.2878,-1.384,0,1,0,0
2026-02-24 21:14:46+05:30,3364.0,3,29.6428,2475.8,32.895,0,1.498,1.4411,-0.2651,0.4184,-0.0629,-0.4665,-0.6824,0.7557,-0.3186,0.0,0.2631,-1.4315,1.3568,1.2878,-1.3861,0,1,0,0
2026-02-24 21:14:47+05:30,3365.0,3,29.6647,2477.47,32.918,0,1.498,1.3295,0.4565,0.3605,0.2345,-0.4949,2.4313,0.6366,0.9959,-0.6275,0.2105,-1.4545,1.4606,1.3876,-1.3882,0,0,1,0
2026-02-24 21:14:48+05:30,3366.0,3,29.6853,2479.02,32.939,0,1.3282,1.177,0.6478,-0.0416,0.9657,0.3131,-0.04,0.225,1.4955,-1.2551,0.213,-1.4084,1.2543,1.1897,-1.3896,0,0,1,0
2026-02-24 21:14:49+05:30,3367.0,3,29.7044,2480.47,32.959,0,1.1584,1.0218,0.4259,-0.0778,1.9978,1.0857,-0.1384,0.2095,1.6968,-1.2551,0.2142,-1.3739,1.1024,1.0437,-1.3917,0,0,1,0
2026-02-24 21:14:50+05:30,3368.0,3,29.7222,2481.8,32.978,0,0.9886,0.8694,-0.0739,0.3279,2.617,2.3828,-0.2731,0.3154,1.0403,-1.2551,0.2172,-1.3278,0.9143,0.8626,-1.3931,0,0,1,0
2026-02-24 21:14:51+05:30,3369.0,3,29.7386,2483.01,32.994,0,0.8187,0.7051,-0.7216,1.2081,1.9758,1.0857,-0.6473,0.5134,2.7609,-1.2551,0.213,-1.2818,0.7079,0.6629,-1.3945,0,0,1,0
2026-02-24 21:14:52+05:30,3370.0,3,29.7536,2484.12,33.01,0,0.6489,0.5485,-0.8822,2.7439,0.1099,-0.2752,-0.5559,3.1124,4.4402,-1.004,0.2136,-1.2434,0.5457,0.506,-1.3953,0,0,1,0
2026-02-24 21:14:53+05:30,3371.0,3,29.7678,2485.18,33.024,0,0.547,0.4391,-0.1325,3.9247,-1.884,2.0001,-0.4062,0.8816,3.6695,-0.753,0.2027,-1.2204,0.4484,0.4114,-1.3967,0,0,1,0
2026-02-24 21:14:54+05:30,3372.0,3,29.7811,2486.26,33.039,0,0.4451,0.3724,1.0813,3.0409,-2.9078,2.8719,-0.1209,0.6038,0.5599,-0.3765,0.2232,-1.2319,0.499,0.4602,-1.3981,0,0,1,0
2026-02-24 21:14:55+05:30,3373.0,3,29.7944,2487.38,33.055,0,0.4451,0.3528,1.729,0.4148,-2.8089,2.8932,-0.0287,0.3085,0.506,0.1255,0.2081,-1.2511,0.5707,0.5297,-1.3995,0,1,0,0
2026-02-24 21:14:56+05:30,3374.0,3,29.8081,2488.52,33.07,0,0.4791,0.3967,1.3159,-1.6499,-2.1206,1.9788,-0.0671,-0.0116,1.3242,0.502,0.2178,-1.2549,0.5911,0.5499,-1.4009,1,0,0,0
2026-02-24 21:14:57+05:30,3375.0,3,29.8225,2489.72,33.087,0,0.581,0.4935,0.4846,-1.9505,-1.3125,1.1424,-0.0664,-0.1908,1.3242,0.8785,0.219,-1.2779,0.68,0.6357,-1.4023,1,0,0,0
2026-02-24 21:14:58+05:30,3376.0,3,29.8381,2490.94,33.104,0,0.7169,0.6038,0.0791,-1.3565,-0.6284,0.1856,-0.3071,-0.2596,0.923,1.004,0.2081,-1.2895,0.7329,0.6871,-1.4037,1,0,0,0
2026-02-24 21:14:59+05:30,3377.0,3,29.8547,2492.29,33.122,0,0.8527,0.7235,0.2347,-0.7986,-0.191,-0.2114,0.358,-0.7581,0.1206,1.004,0.2051,-1.3394,0.9298,0.8771,-1.4051,1,0,0,0
2026-02-24 21:15:00+05:30,3378.0,3,29.8725,2493.7,33.142,0,0.9886,0.8433,0.4693,-0.3567,0.0188,-0.4878,0.6829,0.4212,-0.2806,0.8785,0.2021,-1.3624,1.0362,0.9795,-1.4065,1,0,0,0
2026-02-24 21:15:01+05:30,3379.0,3,29.8911,2495.16,33.162,0,1.0905,0.9527,0.1429,0.1395,0.0414,-0.5658,1.1098,-0.6659,-0.4407,0.753,0.2105,-1.3854,1.1235,1.0635,-1.4079,1,0,0,0
2026-02-24 21:15:02+05:30,3380.0,3,29.9106,2496.65,33.182,0,1.1924,1.0521,-0.8695,0.346,-0.0688,-0.3815,-1.3911,0.925,-0.2378,0.753,0.2136,-1.3931,1.1592,1.0978,-1.41,1,0,0,0
2026-02-24 21:15:03+05:30,3381.0,3,29.9308,2498.18,33.204,0,1.2942,1.1418,-1.762,-0.5306,-0.1797,-0.098,-1.7463,-0.2501,-0.4328,0.6275,0.2111,-1.4161,1.2426,1.1774,-1.4114,1,0,0,0
2026-02-24 21:15:04+05:30,3382.0,3,29.9517,2499.73,33.225,0,1.3622,1.2136,-1.6013,-2.0845,-0.3054,-0.0554,-1.4913,-0.9093,0.2174,0.3765,0.2154,-1.4238,1.2692,1.2029,-1.4135,1,0,0,0
2026-02-24 21:15:05+05:30,3383.0,3,29.9728,2501.28,33.246,0,1.3961,1.2265,-0.7165,-2.3417,-0.6814,0.5258,-0.6137,-0.661,0.7708,0.0,0.2063,-1.42,1.2594,1.1937,-1.4149,0,1,0,0
2026-02-24 21:15:06+05:30,3384.0,3,29.9936,2502.82,33.268,0,1.3622,1.1878,-0.1937,-0.8312,-1.3948,0.9936,-0.269,0.1199,1.2148,-0.502,0.2027,-1.42,1.253,1.1875,-1.417,0,0,1,0
2026-02-24 21:15:07+05:30,3385.0,3,30.0136,2504.3,33.288,0,1.2603,1.0962,0.0995,0.1975,-2.1033,2.0497,-0.3162,0.2507,0.7993,-0.8785,0.2039,-1.3969,1.1478,1.0864,-1.4184,0,0,1,0
2026-02-24 21:15:08+05:30,3386.0,3,30.0325,2505.75,33.308,0,1.1244,0.977,0.9793,-0.5994,-2.3071,2.1844,-0.1373,0.2152,-0.168,-1.004,0.2069,-1.3893,1.1115,1.0512,-1.4205,0,0,1,0
2026-02-24 21:15:09+05:30,3387.0,3,30.0503,2507.2,33.328,0,0.9886,0.8696,1.7341,-1.5195,-1.9239,1.8583,0.1586,-0.0657,0.5726,-0.6275,0.2172,-1.3854,1.1037,1.0442,-1.4219,0,0,1,0
2026-02-24 21:15:10+05:30,3388.0,3,30.0678,2508.57,33.347,0,0.9546,0.8124,1.298,-0.9906,-1.3566,1.1141,0.0167,0.1052,0.6931,-0.1255,0.2021,-1.3547,0.9597,0.9052,-1.4233,0,1,0,0
2026-02-24 21:15:11+05:30,3389.0,3,30.0853,2509.94,33.366,0,0.9546,0.8129,0.584,0.2192,-0.9329,0.5754,0.121,0.267,0.2554,0.251,0.2021,-1.3585,0.9837,0.9285,-1.4247,1,0,0,0
2026-02-24 21:15:12+05:30,3390.0,3,30.1033,2511.38,33.386,0,1.0225,0.8815,0.9691,1.1356,-0.6421,0.3273,0.1188,0.6835,0.0937,0.6275,0.2057,-1.3816,1.0804,1.0213,-1.4268,1,0,0,0
2026-02-24 21:15:13+05:30,3391.0,3,30.1222,2512.98,33.408,0,1.1244,0.9874,1.9024,1.5667,-0.4192,0.1926,1.239,0.8547,-0.1997,0.753,0.2124,-1.4468,1.347,1.2772,-1.4282,1,0,0,0
2026-02-24 21:15:14+05:30,3392.0,3,30.1419,2514.61,33.431,0,1.2263,1.0832,2.1523,0.94,-0.3769,0.2493,0.9997,0.7141,-0.3646,0.6275,0.213,-1.4622,1.4067,1.334,-1.4303,1,0,0,0
2026-02-24 21:15:15+05:30,3393.0,3,30.1622,2516.26,33.454,0,1.2942,1.1497,1.882,-0.7479,-0.6856,0.3273,0.8183,-0.1084,0.7724,0.3765,0.2148,-1.466,1.422,1.3485,-1.4324,1,0,0,0
2026-02-24 21:15:16+05:30,3394.0,3,30.1828,2517.89,33.476,0,1.3282,1.1727,1.8488,-1.9215,-1.3226,1.2984,0.2388,-0.1549,1.1403,0.0,0.2105,-1.4622,1.4074,1.3348,-1.4338,0,1,0,0
2026-02-24 21:15:17+05:30,3395.0,3,30.2031,2519.51,33.499,0,1.2942,1.1297,1.8973,-1.4506,-2.0169,1.8016,0.14,0.047,0.8247,-0.6275,0.2051,-1.4583,1.3827,1.3111,-1.436,0,0,1,0
2026-02-24 21:15:18+05:30,3396.0,3,30.2222,2521.02,33.52,0,1.1584,1.0029,1.4944,-0.201,-2.4674,2.5317,-0.0605,0.1884,0.4346,-1.2551,0.2039,-1.4161,1.201,1.137,-1.4374,0,0,1,0
2026-02-24 21:15:19+05:30,3397.0,3,30.2397,2522.37,33.538,0,0.9546,0.8163,0.7115,0.4257,-2.6724,2.6309,-0.1787,0.3702,-0.3884,-1.6316,0.2045,-1.3547,0.9415,0.8872,-1.4395,0,0,1,0
2026-02-24 21:15:20+05:30,3398.0,3,30.2553,2523.53,33.554,0,0.7169,0.6211,0.0179,0.1033,-2.8232,2.7372,-0.3232,0.1929,-0.4693,-1.5061,0.2196,-1.2818,0.6288,0.5851,-1.4409,0,0,1,0
2026-02-24 21:15:21+05:30,3399.0,3,30.2694,2524.59,33.569,0,0.547,0.4576,-0.2804,-0.661,-2.7034,2.7797,-0.3528,0.2541,0.9262,-1.1295,0.216,-1.2396,0.4484,0.4101,-1.4416,0,0,1,0
2026-02-24 21:15:22+05:30,3400.0,3,30.2825,2525.56,33.582,0,0.4112,0.3316,-0.2116,-1.2043,-1.819,1.5606,-0.3528,-0.0615,2.3581,-0.6275,0.216,-1.2089,0.3186,0.2839,-1.443,0,0,1,0
2026-02-24 21:15:23+05:30,3401.0,3,30.2953,2526.53,33.595,0,0.3772,0.2828,0.0842,-0.9544,-0.4222,0.1005,-0.1348,-0.0804,2.6721,0.0,0.2021,-1.2127,0.3199,0.2848,-1.4437,0,1,0,0
2026-02-24 21:15:24+05:30,3402.0,3,30.3083,2527.59,33.61,0,0.4112,0.3264,0.4846,-0.009,0.5855,-0.098,0.238,0.1109,1.386,0.502,0.2124,-1.2434,0.4607,0.422,-1.4451,1,0,0,0
2026-02-24 21:15:25+05:30,3403.0,3,30.3222,2528.74,33.626,0,0.5131,0.4276,0.6809,0.9944,1.0038,0.0367,0.3255,0.7738,0.3823,0.8785,0.2172,-1.2818,0.6203,0.5768,-1.4465,1,0,0,0
2026-02-24 21:15:26+05:30,3404.0,3,30.3372,2529.97,33.643,0,0.6489,0.5441,0.3851,1.6645,1.4061,0.7668,-0.1318,0.696,0.7771,1.004,0.2105,-1.3086,0.7329,0.6858,-1.4479,1,0,0,0
2026-02-24 21:15:27+05:30,3405.0,3,30.3533,2531.24,33.66,0,0.7848,0.6835,-0.2371,1.9325,1.9019,1.2771,-0.3312,0.6404,0.146,1.004,0.2196,-1.3317,0.816,0.7658,-1.4493,1,0,0,0
2026-02-24 21:15:28+05:30,3406.0,3,30.3706,2532.58,33.679,0,0.9206,0.8105,-0.7904,1.726,2.0961,1.4472,-0.5529,0.5913,-0.3392,0.8785,0.2196,-1.3547,0.9152,0.8617,-1.4507,1,0,0,0
2026-02-24 21:15:29+05:30,3407.0,3,30.3886,2533.94,33.698,0,1.0225,0.9043,-1.1474,1.2117,2.0681,1.5464,-0.4995,0.4647,-0.5026,0.502,0.219,-1.3662,0.9587,0.9035,-1.4521,1,0,0,0
2026-02-24 21:15:30+05:30,3408.0,3,30.4069,2535.29,33.716,0,1.0565,0.9232,-1.0633,0.7227,2.2981,1.5606,-0.6517,0.3785,0.6518,-0.1255,0.2118,-1.3624,0.935,0.8802,-1.4542,0,1,0,0
2026-02-24 21:15:31+05:30,3409.0,3,30.4247,2536.62,33.735,0,0.9886,0.8547,-0.1351,0.096,2.8243,2.5458,-0.2771,0.267,0.6201,-0.6275,0.2087,-1.3547,0.9143,0.8604,-1.4556,0,0,1,0
2026-02-24 21:15:32+05:30,3410.0,3,30.4417,2537.94,33.753,0,0.8867,0.7599,1.2011,-0.8494,3.1443,2.5175,-0.1589,0.16,-0.6025,-0.753,0.2081,-1.3509,0.8844,0.8314,-1.457,0,0,1,0
2026-02-24 21:15:33+05:30,3411.0,3,30.4578,2539.27,33.771,0,0.7848,0.6695,1.7137,-1.2732,2.8255,2.5955,0.0449,0.0852,1.1545,-0.6275,0.2105,-1.3547,0.9091,0.8555,-1.4584,0,0,1,0
2026-02-24 21:15:34+05:30,3412.0,3,30.4733,2540.48,33.788,0,0.7169,0.6004,1.0022,-0.7081,1.9221,1.1353,-0.0656,0.0508,1.9569,-0.251,0.2063,-1.3086,0.7066,0.6599,-1.4598,0,0,1,0
2026-02-24 21:15:35+05:30,3413.0,3,30.4889,2541.69,33.805,0,0.7169,0.6105,0.0587,-0.4147,0.9383,0.2139,-0.0554,0.267,1.3559,0.3765,0.213,-1.3125,0.7183,0.6713,-1.4612,1,0,0,0
2026-02-24 21:15:36+05:30,3414.0,3,30.5053,2542.97,33.822,0,0.8187,0.7124,-0.2728,-1.2297,0.3704,-0.3957,-0.7326,-2.4847,0.5186,1.004,0.2178,-1.3394,0.8241,0.7733,-1.4626,1,0,0,0
2026-02-24 21:15:37+05:30,3415.0,3,30.5231,2544.37,33.842,0,0.9886,0.8435,-0.3671,-2.0954,0.2047,-0.4453,-0.2222,-2.6616,-0.3694,1.1295,0.2021,-1.3854,1.0165,0.9584,-1.464,1,0,0,0
2026-02-24 21:15:38+05:30,3416.0,3,30.5419,2545.85,33.862,0,1.1244,0.9905,-0.6859,-2.0519,0.0927,-0.261,-1.019,-2.2103,-0.206,1.1295,0.2142,-1.4161,1.1443,1.0811,-1.4661,1,0,0,0
2026-02-24 21:15:39+05:30,3417.0,3,30.5622,2547.41,33.884,0,1.2942,1.133,-0.7828,-1.5158,-0.0527,-0.3106,-0.9905,-1.2484,-0.4407,1.1295,0.2063,-1.4507,1.2961,1.2267,-1.4675,1,0,0,0
2026-02-24 21:15:40+05:30,3418.0,3,30.5836,2549.05,33.906,0,1.4301,1.2595,-0.2141,-1.1065,-0.0396,-0.4595,-0.3528,-1.0983,-0.3805,0.8785,0.2069,-1.4814,1.4106,1.3362,-1.4696,1,0,0,0
2026-02-24 21:15:41+05:30,3419.0,3,30.6058,2550.78,33.93,0,1.532,1.3713,0.5075,-0.6067,0.1433,-0.4736,1.2035,-1.341,-0.2853,0.3765,0.2154,-1.5198,1.5728,1.491,-1.4717,1,0,0,0
2026-02-24 21:15:42+05:30,3420.0,3,30.6281,2552.51,33.954,0,1.532,1.4716,0.5662,0.2953,0.2565,-0.5303,1.7208,1.3352,-0.4756,0.0,0.2619,-1.5159,1.5602,1.4786,-1.4739,0,1,0,0
2026-02-24 21:15:43+05:30,3421.0,3,30.6503,2554.19,33.978,0,1.532,1.5583,-0.0382,0.9364,0.1743,-0.665,0.9953,2.2034,-0.3345,0.0,0.3024,-1.5044,1.4963,1.4175,-1.4753,0,1,0,0
2026-02-24 21:15:44+05:30,3422.0,3,30.6725,2555.86,34.001,0,1.532,1.6347,-0.413,0.5343,0.0521,-0.5091,-0.895,1.6288,-0.4439,0.0,0.3375,-1.4967,1.4593,1.3823,-1.4774,0,1,0,0
2026-02-24 21:15:45+05:30,3423.0,3,30.6947,2557.54,34.024,0,1.532,1.6992,0.1633,-0.5741,0.0784,-0.5162,0.6072,-1.6717,-0.4439,-0.1255,0.3677,-1.5044,1.4898,1.4114,-1.4795,0,1,0,0
2026-02-24 21:15:46+05:30,3424.0,3,30.7167,2559.26,34.048,0,1.498,1.7478,1.2419,-1.3492,0.2053,-0.339,2.0076,-0.6901,-0.4201,-0.1255,0.4076,-1.5159,1.5466,1.4654,-1.4816,0,1,0,0
2026-02-24 21:15:47+05:30,3425.0,3,30.7386,2561.0,34.072,0,1.498,1.7833,1.7009,-1.2333,0.2595,-0.1263,1.701,-0.9664,-0.4709,0.0,0.4239,-1.5274,1.5861,1.5028,-1.4837,0,1,0,0
2026-02-24 21:15:48+05:30,3426.0,3,30.7606,2562.69,34.096,0,1.498,1.807,1.0634,-0.7153,0.1701,-0.4169,2.3621,-0.1526,-0.317,0.0,0.4354,-1.5082,1.5041,1.4246,-1.4851,0,1,0,0
2026-02-24 21:15:49+05:30,3427.0,3,30.7825,2564.31,34.118,0,1.498,1.8188,-0.056,-0.7081,0.0015,-0.4807,-0.01,-1.4052,-0.317,0.0,0.4408,-1.4814,1.3785,1.3045,-1.4872,0,1,0,0
2026-02-24 21:15:50+05:30,3428.0,3,30.8044,2565.91,34.14,0,1.498,1.814,-0.7598,-1.5521,-0.1016,-0.2823,-0.9502,-1.1391,-0.4756,0.0,0.4384,-1.4775,1.3568,1.2838,-1.4893,0,1,0,0
2026-02-24 21:15:51+05:30,3429.0,3,30.8264,2567.51,34.163,0,1.498,1.7908,-0.8236,-2.6641,-0.0259,-0.1618,-1.0102,-1.8698,-0.3075,0.0,0.4275,-1.4775,1.3568,1.2838,-1.4907,0,1,0,0
2026-02-24 21:15:52+05:30,3430.0,3,30.8483,2569.11,34.185,0,1.498,1.7566,-0.5278,-2.7438,0.1368,-0.1901,-0.4282,-2.8639,-0.3281,0.0,0.4112,-1.4775,1.3568,1.2838,-1.4928,0,1,0,0
2026-02-24 21:15:53+05:30,3431.0,3,30.8703,2570.72,34.207,0,1.498,1.7016,0.1123,-1.2043,0.1904,-0.5516,-0.1629,-2.9387,-0.5771,0.0,0.3858,-1.4814,1.3646,1.2909,-1.4942,0,1,0,0
2026-02-24 21:15:54+05:30,3432.0,3,30.8922,2572.4,34.231,0,1.498,1.6173,0.8849,0.3713,0.2291,-0.4311,2.6965,0.4824,0.2998,0.0,0.3459,-1.5082,1.4865,1.4078,-1.4963,0,1,0,0
2026-02-24 21:15:55+05:30,3433.0,3,30.9142,2574.07,34.254,0,1.498,1.5184,0.8441,-0.009,0.7076,0.0084,0.4755,0.3637,1.0308,0.0,0.2994,-1.5082,1.4684,1.3898,-1.4984,0,1,0,0
2026-02-24 21:15:56+05:30,3434.0,3,30.9361,2575.67,34.276,0,1.498,1.4185,-0.413,-1.7151,1.6748,0.7668,-0.4772,-0.3537,1.4733,-0.1255,0.2522,-1.4814,1.3568,1.2834,-1.4998,0,1,0,0
2026-02-24 21:15:57+05:30,3435.0,3,30.9578,2577.26,34.298,0,1.4641,1.2963,-1.6931,-2.3345,2.1438,1.8867,-0.6151,-0.0388,1.2798,-0.6275,0.2099,-1.4737,1.3243,1.2522,-1.5019,0,0,1,0
2026-02-24 21:15:58+05:30,3436.0,3,30.9783,2578.76,34.319,0,1.3282,1.1556,-1.5886,-0.9182,1.1772,0.2919,-1.3084,-0.3386,3.124,-1.1295,0.2021,-1.443,1.1946,1.1282,-1.5033,0,0,1,0
2026-02-24 21:15:59+05:30,3437.0,3,30.9975,2580.17,34.338,0,1.1584,1.0125,-0.4487,0.9473,-0.5617,0.0154,-0.2968,0.9515,2.7577,-1.2551,0.2093,-1.4084,1.0401,0.98,-1.5054,0,0,1,0
2026-02-24 21:16:00+05:30,3438.0,3,31.0153,2581.49,34.356,0,0.9886,0.8528,0.1225,1.3095,-1.4973,1.348,-0.2833,0.4684,0.8913,-1.1295,0.2075,-1.3739,0.8961,0.8415,-1.5068,0,0,1,0
2026-02-24 21:16:01+05:30,3439.0,3,31.0319,2582.72,34.373,0,0.8527,0.7413,-0.4207,0.4981,-1.1677,0.8518,-0.4435,0.408,0.8405,-0.6275,0.216,-1.3394,0.7404,0.6911,-1.5082,0,0,1,0
2026-02-24 21:16:02+05:30,3440.0,3,31.0483,2583.93,34.39,0,0.8187,0.6968,-1.1627,0.1685,-0.5623,0.0438,-0.8961,0.1744,0.2903,0.0,0.2075,-1.3317,0.7079,0.6594,-1.5096,0,1,0,0
2026-02-24 21:16:03+05:30,3441.0,3,31.065,2585.19,34.408,0,0.8527,0.7259,-1.252,0.3532,-0.5795,0.3415,-1.0227,0.5123,0.1444,0.502,0.2063,-1.3547,0.7997,0.7483,-1.511,1,0,0,0
2026-02-24 21:16:04+05:30,3442.0,3,31.0825,2586.55,34.426,0,0.9546,0.8162,-0.4997,-0.2118,-1.1361,0.7313,-0.3236,0.0644,0.877,0.8785,0.2045,-1.3893,0.9529,0.896,-1.5125,1,0,0,0
2026-02-24 21:16:05+05:30,3443.0,3,31.1011,2588.02,34.447,0,1.0905,0.9413,0.992,-1.5557,-1.7922,1.6457,-0.1509,0.0583,0.9975,0.753,0.2045,-1.4353,1.1452,1.0807,-1.5146,1,0,0,0
2026-02-24 21:16:06+05:30,3444.0,3,31.1203,2589.65,34.469,0,1.1584,1.0007,2.6801,-2.2874,-2.2976,2.3686,0.253,-0.1091,0.1999,0.1255,0.2027,-1.4967,1.3886,1.3129,-1.516,0,1,0,0
2026-02-24 21:16:07+05:30,3445.0,3,31.1392,2591.24,34.491,0,1.1244,0.9947,3.3941,-1.9288,-2.4704,2.5104,0.2549,0.0338,-0.4756,-0.251,0.2166,-1.4852,1.3451,1.2715,-1.5181,0,0,1,0
2026-02-24 21:16:08+05:30,3446.0,3,31.1578,2592.78,34.513,0,1.0905,0.9388,2.4379,-1.5195,-2.3095,2.3757,0.1696,0.0579,-0.5549,-0.753,0.2027,-1.466,1.253,1.1831,-1.5195,0,0,1,0
2026-02-24 21:16:09+05:30,3447.0,3,31.175,2594.11,34.531,0,0.9206,0.8064,0.8033,-1.371,-2.3733,2.3403,-0.1483,0.0557,0.1999,-1.2551,0.2172,-1.3854,0.9169,0.8608,-1.5209,0,0,1,0
2026-02-24 21:16:10+05:30,3448.0,3,31.1908,2595.29,34.547,0,0.7508,0.6307,0.1811,-0.5523,-3.1181,2.9499,-0.3407,0.1849,1.4352,-1.5061,0.2057,-1.324,0.6508,0.604,-1.5223,0,0,1,0
2026-02-24 21:16:11+05:30,3449.0,3,31.2047,2596.41,34.563,0,0.5131,0.4353,0.788,0.8929,-3.6801,4.1761,-0.1728,0.36,1.394,-1.5061,0.2232,-1.3048,0.5717,0.5275,-1.5237,0,0,1,0
2026-02-24 21:16:12+05:30,3450.0,3,31.2172,2597.42,34.577,0,0.3433,0.2766,1.4893,1.8383,-2.6897,2.3828,-0.1318,0.4465,3.6584,-1.004,0.2232,-1.2587,0.3757,0.3375,-1.5251,0,0,1,0
2026-02-24 21:16:13+05:30,3451.0,3,31.2289,2598.44,34.591,0,0.2414,0.1677,1.6678,1.8601,-0.4449,0.5612,0.7206,0.9999,4.6955,-0.502,0.2111,-1.2664,0.3978,0.3587,-1.5258,0,0,1,0
2026-02-24 21:16:14+05:30,3452.0,3,31.2403,2599.38,34.604,0,0.2074,0.1477,1.5275,1.4254,1.2928,0.8943,0.1202,0.4499,2.8037,0.1255,0.2214,-1.2396,0.2826,0.2465,-1.5272,0,1,0,0
2026-02-24 21:16:15+05:30,3453.0,3,31.2522,2600.44,34.618,0,0.2753,0.2098,1.1629,1.0088,1.6969,0.8731,0.2559,0.6673,-0.5501,0.8785,0.2202,-1.2818,0.4679,0.4268,-1.5286,1,0,0,0
2026-02-24 21:16:16+05:30,3454.0,3,31.2656,2601.56,34.634,0,0.4451,0.3584,0.4769,0.8458,1.4937,0.7597,-0.1604,0.3365,-0.3694,1.2551,0.2124,-1.3048,0.56,0.5161,-1.53,1,0,0,0
2026-02-24 21:16:17+05:30,3455.0,3,31.2803,2602.75,34.65,0,0.615,0.525,-0.334,0.6865,1.2166,0.547,-0.3528,0.4975,0.7264,1.2551,0.219,-1.3317,0.6726,0.6247,-1.5307,1,0,0,0
2026-02-24 21:16:18+05:30,3456.0,3,31.2964,2604.02,34.668,0,0.7848,0.6781,-0.7114,0.1576,0.6206,-0.3744,-1.0893,0.7553,1.3797,1.1295,0.216,-1.3662,0.8156,0.7628,-1.5328,1,0,0,0
2026-02-24 21:16:19+05:30,3457.0,3,31.3136,2605.36,34.686,0,0.9206,0.8061,-0.3034,-0.0561,-0.281,-0.2539,-0.4366,-0.5294,1.4526,1.004,0.2172,-1.3931,0.9243,0.8674,-1.5342,1,0,0,0
2026-02-24 21:16:20+05:30,3458.0,3,31.3319,2606.8,34.706,0,1.0565,0.9172,0.3928,0.9871,-1.008,0.7809,-0.134,0.7924,0.6376,0.8785,0.2081,-1.4353,1.0969,1.0332,-1.5356,1,0,0,0
2026-02-24 21:16:21+05:30,3459.0,3,31.3511,2608.31,34.727,0,1.1584,1.0114,0.431,2.5048,-1.123,0.7384,-0.0598,0.6408,0.0889,0.6275,0.2087,-1.4583,1.1946,1.1269,-1.5377,1,0,0,0
2026-02-24 21:16:22+05:30,3460.0,3,31.3708,2609.79,34.748,0,1.2263,1.0866,-0.1682,2.9395,-0.4723,0.4053,-0.3528,1.7585,1.6556,0.502,0.2148,-1.4507,1.1654,1.0992,-1.5391,1,0,0,0
2026-02-24 21:16:23+05:30,3461.0,3,31.3911,2611.31,34.769,0,1.2942,1.1481,-0.3671,2.378,0.5533,-0.183,-0.5255,1.4157,1.616,0.502,0.2142,-1.466,1.2179,1.1488,-1.5405,1,0,0,0
2026-02-24 21:16:24+05:30,3462.0,3,31.4119,2612.88,34.79,0,1.3622,1.1985,0.0383,2.0412,1.1349,0.3415,-0.1816,1.1034,-0.0681,0.3765,0.2081,-1.4852,1.3049,1.2324,-1.5426,1,0,0,0
2026-02-24 21:16:25+05:30,3463.0,3,31.4331,2614.47,34.812,0,1.3961,1.2368,0.199,2.0303,0.8548,0.1572,-0.0832,1.2841,0.6899,0.251,0.2111,-1.4967,1.3402,1.2658,-1.5447,1,0,0,0
2026-02-24 21:16:26+05:30,3464.0,3,31.4544,2616.07,34.835,0,1.4301,1.2719,0.0307,1.7043,0.16,-0.5232,0.2234,2.6698,0.9309,0.251,0.213,-1.5006,1.3542,1.279,-1.5461,1,0,0,0
2026-02-24 21:16:27+05:30,3465.0,3,31.4761,2617.71,34.857,0,1.4641,1.3099,0.3316,1.0596,-0.2667,-0.1476,0.1147,1.1806,-0.0744,0.3765,0.216,-1.5159,1.4145,1.3366,-1.5482,1,0,0,0
2026-02-24 21:16:28+05:30,3466.0,3,31.4983,2619.43,34.881,0,1.532,1.3487,0.9946,0.2301,-0.2643,-0.1547,0.9053,0.1936,-0.436,0.251,0.2051,-1.5505,1.5563,1.4716,-1.5503,1,0,0,0
2026-02-24 21:16:29+05:30,3467.0,3,31.5206,2621.15,34.905,0,1.532,1.385,1.0175,-0.4618,-0.0849,-0.261,1.2141,-0.0282,-0.2584,0.0,0.222,-1.5505,1.5556,1.4707,-1.5518,0,1,0,0
2026-02-24 21:16:30+05:30,3468.0,3,31.5428,2622.83,34.929,0,1.532,1.4221,0.3851,-0.2517,0.0646,-0.5374,1.1486,-0.5567,-0.3281,0.0,0.239,-1.5351,1.4849,1.4034,-1.5539,0,1,0,0
2026-02-24 21:16:31+05:30,3469.0,3,31.565,2624.49,34.952,0,1.532,1.4572,0.1199,0.6249,0.107,-0.6225,0.9372,1.5997,-0.5232,0.0,0.2553,-1.5274,1.4554,1.3753,-1.556,0,1,0,0
2026-02-24 21:16:32+05:30,3470.0,3,31.5872,2626.16,34.975,0,1.532,1.4871,0.3469,0.7299,0.0497,-0.4595,0.733,1.6103,-0.4629,0.0,0.2692,-1.5351,1.4771,1.396,-1.5581,0,1,0,0
2026-02-24 21:16:33+05:30,3471.0,3,31.6094,2627.82,34.998,0,1.532,1.5139,0.0511,-0.2517,-0.0307,-0.4665,0.2549,-0.8817,-0.4978,0.0,0.2819,-1.5274,1.4479,1.3683,-1.5595,0,1,0,0
2026-02-24 21:16:34+05:30,3472.0,3,31.6317,2629.45,35.021,0,1.532,1.5374,-0.9715,-0.8349,-0.0891,-0.3673,-1.4676,-0.1008,-0.5232,0.0,0.2927,-1.5198,1.4132,1.3348,-1.5616,0,1,0,0
2026-02-24 21:16:35+05:30,3473.0,3,31.6539,2631.08,35.043,0,1.532,1.5621,-1.5503,-0.0923,-0.1147,-0.2326,-1.9088,-0.3779,-0.6104,0.0,0.3042,-1.5198,1.4109,1.3327,-1.5637,0,1,0,0
2026-02-24 21:16:36+05:30,3474.0,3,31.6761,2632.71,35.066,0,1.532,1.5813,-0.9485,1.1211,-0.0724,-0.2752,-1.1617,1.8141,-0.4693,0.0,0.3127,-1.5198,1.3947,1.3168,-1.5651,0,1,0,0
2026-02-24 21:16:37+05:30,3475.0,3,31.6983,2634.35,35.089,0,1.532,1.5735,0.0919,2.0122,0.0277,-0.4169,0.1802,2.1849,-0.4201,0.0,0.3091,-1.5274,1.423,1.3436,-1.5672,0,1,0,0
2026-02-24 21:16:38+05:30,3476.0,3,31.7206,2636.01,35.112,0,1.532,1.5333,0.4642,2.8924,0.0938,-0.1618,0.3009,2.8652,-0.4439,0.0,0.2909,-1.5351,1.4593,1.3784,-1.5693,0,1,0,0
2026-02-24 21:16:39+05:30,3477.0,3,31.7428,2637.64,35.134,0,1.532,1.4606,-0.0407,3.5082,0.2029,-0.1121,-0.1988,3.4957,0.4187,0.0,0.2571,-1.5236,1.4074,1.3291,-1.5707,0,1,0,0
2026-02-24 21:16:40+05:30,3478.0,3,31.765,2639.26,35.157,0,1.532,1.3558,-0.7165,2.7548,0.7714,0.1359,-0.6276,1.5374,1.4114,-0.502,0.2081,-1.5198,1.3892,1.3115,-1.5728,0,0,1,0
2026-02-24 21:16:41+05:30,3479.0,3,31.7861,2640.8,35.178,0,1.3961,1.2213,-0.7394,0.7553,1.9048,1.0503,-0.5394,0.4344,1.9617,-1.1295,0.2039,-1.489,1.2594,1.1875,-1.5749,0,0,1,0
2026-02-24 21:16:42+05:30,3480.0,3,31.8058,2642.25,35.198,0,1.2263,1.0741,-0.1912,-0.7407,2.5997,2.319,-0.3386,0.1532,1.2243,-1.2551,0.2087,-1.4545,1.105,1.0398,-1.5763,0,0,1,0
2026-02-24 21:16:43+05:30,3481.0,3,31.8242,2643.62,35.217,0,1.0565,0.9152,0.0766,-0.7153,1.6367,0.7384,-0.2262,-0.0056,3.7615,-1.2551,0.2075,-1.4238,0.9688,0.9088,-1.5777,0,0,1,0
2026-02-24 21:16:44+05:30,3482.0,3,31.8411,2644.87,35.235,0,0.8867,0.7569,-0.1096,-0.1177,-0.6356,0.0438,-0.2277,0.3225,4.8953,-1.2551,0.2063,-1.3816,0.791,0.7377,-1.5791,0,0,1,0
2026-02-24 21:16:45+05:30,3483.0,3,31.8567,2646.02,35.25,0,0.7169,0.6102,-0.1351,0.0852,-2.5479,2.6663,-0.3828,0.236,2.9956,-1.1295,0.213,-1.3394,0.6106,0.5636,-1.5805,0,0,1,0
2026-02-24 21:16:46+05:30,3484.0,3,31.8711,2647.14,35.266,0,0.581,0.4719,0.125,0.3858,-3.1116,3.0491,-0.2248,0.307,-0.1854,-1.004,0.2039,-1.3278,0.5665,0.5209,-1.5819,0,0,1,0
2026-02-24 21:16:47+05:30,3485.0,3,31.8844,2648.14,35.28,0,0.4451,0.374,0.4948,1.103,-2.7034,2.6947,-0.3228,0.3993,0.7882,-0.6275,0.2244,-1.2818,0.3692,0.3296,-1.5833,0,0,1,0
2026-02-24 21:16:48+05:30,3486.0,3,31.8975,2649.22,35.295,0,0.4112,0.3361,1.0507,1.3348,-1.9376,1.8441,0.0452,0.4424,1.5652,0.0,0.2196,-1.3163,0.5003,0.4567,-1.584,0,1,0,0
2026-02-24 21:16:49+05:30,3487.0,3,31.9108,2650.31,35.31,0,0.4451,0.366,1.3439,0.4655,-1.0455,0.7384,0.0694,0.4382,1.589,0.3765,0.2184,-1.3202,0.5133,0.469,-1.5854,1,0,0,0
2026-02-24 21:16:50+05:30,3488.0,3,31.9247,2651.49,35.326,0,0.5131,0.4374,0.8008,-0.6501,-0.2983,-0.0484,0.9423,-0.3042,0.8025,0.753,0.2244,-1.3547,0.6648,0.6155,-1.5868,1,0,0,0
2026-02-24 21:16:51+05:30,3489.0,3,31.9397,2652.68,35.342,0,0.6489,0.5529,0.2347,-0.7842,0.0271,-0.5162,-0.1864,-0.9384,-0.2314,1.004,0.2166,-1.3585,0.6774,0.6278,-1.5882,1,0,0,0
2026-02-24 21:16:52+05:30,3490.0,3,31.9558,2654.01,35.361,0,0.7848,0.6858,0.7396,-0.0814,0.0116,-0.3886,1.4874,-0.0052,-0.5771,1.1295,0.2208,-1.4161,0.9188,0.8604,-1.5896,1,0,0,0
2026-02-24 21:16:53+05:30,3491.0,3,31.9733,2655.48,35.381,0,0.9546,0.8172,1.423,0.2554,-0.0831,-0.2256,1.753,0.4582,-0.4265,1.004,0.2051,-1.466,1.1323,1.0653,-1.5911,1,0,0,0
2026-02-24 21:16:54+05:30,3492.0,3,31.9917,2656.95,35.401,0,1.0565,0.9282,0.7957,-0.4364,-0.1278,-0.2397,0.8,-0.218,-0.4867,0.753,0.2148,-1.4699,1.1433,1.0758,-1.5932,1,0,0,0
2026-02-24 21:16:55+05:30,3493.0,3,32.0108,2658.41,35.422,0,1.1584,1.0271,-0.589,-1.6644,-0.1725,-0.2468,-0.827,-1.1811,-0.2251,0.753,0.2166,-1.466,1.1251,1.0583,-1.5946,1,0,0,0
2026-02-24 21:16:56+05:30,3494.0,3,32.0308,2659.91,35.443,0,1.2603,1.1144,-1.2979,-2.1751,-0.4085,0.1288,-1.0135,-0.7804,0.5186,0.6275,0.213,-1.4852,1.1985,1.1282,-1.5967,1,0,0,0
2026-02-24 21:16:57+05:30,3495.0,3,32.0514,2661.43,35.464,0,1.3282,1.1654,-1.2775,-1.1464,-1.0044,0.7101,-0.752,-0.1768,1.0086,0.251,0.2069,-1.4929,1.2234,1.1519,-1.5981,1,0,0,0
2026-02-24 21:16:58+05:30,3496.0,3,32.0719,2662.93,35.484,0,1.3282,1.1721,-1.28,0.5669,-1.7416,1.4897,-0.6345,0.4492,0.8152,-0.251,0.2105,-1.4852,1.1946,1.1247,-1.6002,0,0,1,0
2026-02-24 21:16:59+05:30,3497.0,3,32.0919,2664.4,35.505,0,1.2603,1.1133,-1.5401,1.2696,-1.9966,1.9859,-0.6217,0.3611,0.3743,-0.502,0.2124,-1.4699,1.1297,1.0622,-1.6016,0,0,1,0
2026-02-24 21:17:00+05:30,3498.0,3,32.1114,2665.82,35.524,0,1.1924,1.0486,-1.8538,0.5887,-1.4347,1.107,-0.861,0.5111,1.3559,-9.0364,0.2118,-1.4583,1.0648,0.9998,-1.603,0,0,1,0
2026-02-24 21:17:01+05:30,3499.0,3,32.1114,2665.84,35.525,1,-1.1851,-1.1517,-2.0297,-0.2263,-0.4973,0.299,-1.368,-0.0607,1.3797,-8.7854,-0.9559,-0.921,-1.2061,-1.2204,-1.603,0,0,0,1
2026-02-24 21:17:03+05:30,3501.0,3,32.1114,2665.88,35.525,1,-1.1851,-1.1517,-2.0629,-0.2082,0.1248,-0.2823,-3.6454,0.267,0.5599,0.0,-0.9559,-0.921,-1.2061,-1.2204,-1.603,0,0,0,1
2026-02-24 21:17:04+05:30,3502.0,3,32.1114,2665.9,35.526,1,-1.1851,-1.1517,-2.0578,0.1359,0.253,-0.2752,-3.6454,0.267,-0.658,0.0,-0.9559,-0.921,-1.2061,-1.2204,-1.603,0,0,0,1
2026-02-24 21:17:06+05:30,3504.0,3,32.1114,2665.94,35.526,1,-1.1851,-1.1517,-2.0654,0.1504,0.1963,-0.2752,-3.6454,0.267,-0.658,0.0,-0.9559,-0.921,-1.2061,-1.2204,-1.6037,0,0,0,1
2026-02-24 21:17:07+05:30,3505.0,3,32.1114,2665.96,35.526,1,-1.1851,-1.1517,-2.0756,0.049,0.1922,-0.2752,-3.6454,0.267,-0.658,0.0,-0.9559,-0.921,-1.2061,-1.2204,-1.6037,0,0,0,1
2026-02-24 21:17:07+05:30,3505.0,3,32.1114,2665.96,35.526,1,-1.1851,-1.1517,-2.0858,0.0816,0.2112,-0.2681,-3.6454,0.267,-0.658,0.0,-0.9559,-0.921,-1.2061,-1.2204,-1.6037,0,0,0,1
2026-02-24 21:17:07+05:30,3505.0,3,32.1114,2665.96,35.526,1,-1.1851,-1.1517,-2.096,0.1105,0.2053,-0.2681,-3.6454,0.267,-0.658,0.0,-0.9559,-0.921,-1.2061,-1.2204,-1.6037,0,0,0,1
2026-02-24 21:17:07+05:30,3505.0,3,32.1114,2665.96,35.526,1,-1.1851,-1.1517,-2.096,0.0816,0.2011,-0.2681,-3.6454,0.267,-0.658,0.0,-0.9559,-0.921,-1.2061,-1.2204,-1.6037,0,0,0,1
2026-02-24 21:17:07+05:30,3505.0,3,32.1114,2665.96,35.526,1,-1.1851,-1.1517,-2.0909,0.0707,0.2053,-0.2681,-3.6454,0.267,-0.658,0.0,-0.9559,-0.921,-1.2061,-1.2204,-1.6037,0,0,0,1
2026-02-24 21:17:07+05:30,3505.0,3,32.1114,2665.96,35.526,1,-1.1851,-1.1517,-2.0935,0.1178,0.2047,-0.2681,-3.6454,0.267,-0.658,0.0,-0.9559,-0.921,-1.2061,-1.2204,-1.6037,0,0,0,1
2026-02-24 21:17:07+05:30,3505.0,3,32.1114,2665.96,35.526,1,-1.1851,-1.1517,-2.096,0.0888,0.2029,-0.2681,-3.6454,0.267,-0.658,0.0,-0.9559,-0.921,-1.2061,-1.2204,-1.6037,0,0,0,1
2026-02-24 21:17:07+05:30,3505.0,3,32.1114,2665.96,35.526,1,-1.1851,-1.1517,-2.0884,0.0743,0.2047,-0.2681,-3.6454,0.267,-0.658,0.0,-0.9559,-0.921,-1.2061,-1.2204,-1.6037,0,0,0,1
2026-02-24 21:17:07+05:30,3505.0,3,32.1114,2665.96,35.526,1,-1.1851,-1.1517,-2.0884,1.1537,0.2041,-0.2185,-2.7553,1.1866,-0.6389,0.0,-0.9559,-0.921,-1.2061,-1.2204,-1.6037,0,0,0,1
2026-02-24 21:17:07+05:30,3505.0,3,32.1114,2665.96,35.526,1,-1.1851,-1.1517,-2.1113,4.1095,0.1922,0.0934,-1.6743,2.3028,-0.6088,0.0,-0.9559,-0.921,-1.2061,-1.2204,-1.6037,0,0,0,1
2026-02-24 21:17:07+05:30,3505.0,3,32.1114,2665.96,35.526,1,-1.1851,-1.1517,-2.0833,6.8732,0.1665,0.7242,-1.086,2.9087,-0.5787,0.0,-0.9559,-0.921,-1.2061,-1.2204,-1.6037,0,0,0,1
2026-02-24 21:17:07+05:30,3505.0,3,32.1114,2665.96,35.526,1,-1.1851,-1.1517,-2.0527,6.406,0.135,0.5116,-1.2148,2.7658,-0.5628,0.0,-0.9559,-0.921,-1.2061,-1.2204,-1.6037,0,0,0,1
2026-02-24 21:17:07+05:30,3505.0,3,32.1114,2665.96,35.526,1,-1.1851,-1.1517,-2.1802,3.5227,0.0974,0.1005,-1.6589,2.2725,-0.5628,0.0,-0.9559,-0.921,-1.2061,-1.2204,-1.6037,0,0,0,1
2026-02-24 21:17:07+05:30,3505.0,3,32.1114,2665.96,35.526,1,-1.1851,-1.1517,-2.0884,1.7079,0.0557,-0.1688,-2.5311,1.2184,-0.5787,8.9109,-0.9559,-1.1858,-0.0882,-0.1167,-1.6037,0,0,0,1
2026-02-24 21:17:27+05:30,3510.0,3,32.21,2676.71,35.677,0,1.2263,1.0913,-1.0403,1.5884,0.0432,-0.339,-1.4335,2.0953,-0.5945,9.4129,0.2172,-1.7462,2.2755,2.1483,-1.6156,1,0,0,0
2026-02-24 21:17:28+05:30,3511.0,3,32.2308,2678.33,35.699,0,1.3622,1.2121,0.3367,0.8531,0.0843,-0.5374,0.7136,1.8254,-0.539,1.004,0.2148,-1.5351,1.3912,1.312,-1.6177,1,0,0,0
2026-02-24 21:17:29+05:30,3512.0,3,32.2528,2680.05,35.723,0,1.498,1.3325,0.2831,-1.0413,0.1236,-0.424,1.1135,-1.4797,-0.5945,0.502,0.2118,-1.5773,1.556,1.4685,-1.6198,1,0,0,0
2026-02-24 21:17:30+05:30,3513.0,3,32.2747,2681.71,35.746,0,1.498,1.44,-1.0888,-2.349,0.0861,-0.2114,-1.6486,-1.6596,-0.4978,0.0,0.2625,-1.5543,1.4583,1.3757,-1.6212,0,1,0,0
2026-02-24 21:17:31+05:30,3514.0,3,32.2967,2683.36,35.769,0,1.498,1.5363,-1.5631,-2.3381,0.0074,-0.1547,-1.416,-1.708,-0.539,0.0,0.3079,-1.5505,1.4476,1.3656,-1.6233,0,1,0,0
2026-02-24 21:17:32+05:30,3515.0,3,32.3186,2685.01,35.792,0,1.498,1.622,-0.4895,-1.7658,0.0068,-0.3531,-1.0552,-1.646,-0.4756,0.0,0.3483,-1.5505,1.4369,1.3551,-1.6254,0,1,0,0
2026-02-24 21:17:33+05:30,3516.0,3,32.3406,2686.69,35.816,0,1.498,1.6971,0.2015,-1.15,0.132,-0.4169,0.9459,-1.6509,-0.2584,0.0,0.3834,-1.5658,1.5015,1.4166,-1.6275,0,1,0,0
2026-02-24 21:17:34+05:30,3517.0,3,32.3625,2688.32,35.838,0,1.498,1.756,-0.4972,-0.7298,0.2971,-0.5658,-1.8074,-0.9777,-0.3075,0.0,0.4112,-1.5466,1.408,1.3274,-1.6289,0,1,0,0
2026-02-24 21:17:35+05:30,3518.0,3,32.3844,2689.95,35.861,0,1.498,1.8002,-1.3055,-0.9218,0.387,-0.3602,-1.8854,-0.9962,-0.539,0.0,0.4318,-1.5428,1.3947,1.3146,-1.6311,0,1,0,0
2026-02-24 21:17:36+05:30,3519.0,3,32.4064,2691.56,35.883,0,1.498,1.8324,-1.2749,-1.3565,0.3847,-0.3602,-1.8854,-0.9962,-0.5945,0.0,0.4469,-1.5428,1.3824,1.3027,-1.6332,0,1,0,0
2026-02-24 21:17:37+05:30,3520.0,3,32.4283,2693.17,35.906,0,1.498,1.8515,-0.9409,-0.69,0.334,-0.4595,-1.653,-1.2537,-0.4709,0.0,0.4559,-1.5389,1.3675,1.2887,-1.6346,0,1,0,0
2026-02-24 21:17:38+05:30,3521.0,3,32.4503,2694.77,35.928,0,1.498,1.8539,-0.617,1.3095,0.2607,-0.4736,-1.184,2.736,-0.4899,0.0,0.4571,-1.5351,1.3568,1.2786,-1.6367,0,1,0,0
2026-02-24 21:17:39+05:30,3522.0,3,32.4722,2696.38,35.95,0,1.498,1.8321,-0.0076,2.7294,0.1963,-0.2823,-0.0558,3.3483,-0.5438,0.0,0.4469,-1.5428,1.3827,1.3032,-1.6381,0,1,0,0
2026-02-24 21:17:40+05:30,3523.0,3,32.4942,2698.03,35.973,0,1.498,1.7964,0.5866,1.9832,0.188,-0.3531,0.7191,2.5284,-0.566,0.0,0.4299,-1.5581,1.4346,1.3524,-1.6402,0,1,0,0
2026-02-24 21:17:41+05:30,3524.0,3,32.5161,2699.68,35.996,0,1.498,1.7714,0.4922,0.3025,0.1695,-0.5374,2.1971,0.891,-0.6025,0.0,0.4185,-1.5581,1.4424,1.3599,-1.6423,0,1,0,0
2026-02-24 21:17:42+05:30,3525.0,3,32.5381,2701.28,36.018,0,1.498,1.7249,-0.0407,-0.009,0.0676,-0.6508,-0.0137,-1.406,-0.5787,0.0,0.3967,-1.5428,1.3646,1.2852,-1.6437,0,1,0,0
2026-02-24 21:17:43+05:30,3526.0,3,32.56,2702.88,36.041,0,1.498,1.6483,-0.2651,0.6032,0.1785,-0.58,-0.3528,2.2903,0.6059,0.0,0.3604,-1.5389,1.3568,1.2781,-1.6458,0,1,0,0
2026-02-24 21:17:44+05:30,3527.0,3,32.5819,2704.48,36.063,0,1.498,1.558,-0.5405,-0.0525,0.8793,0.0934,-0.5734,0.2144,1.4368,0.0,0.3181,-1.5428,1.3568,1.2777,-1.6479,0,1,0,0
2026-02-24 21:17:45+05:30,3528.0,3,32.6039,2706.08,36.085,0,1.498,1.457,-1.6778,-1.5376,1.7374,1.0432,-0.7863,-0.1809,0.4679,0.0,0.2704,-1.5428,1.3568,1.2777,-1.6493,0,1,0,0
2026-02-24 21:17:46+05:30,3529.0,3,32.6258,2707.67,36.107,0,1.498,1.3142,-2.7922,-1.4217,1.6075,1.1141,-1.1804,-0.0006,1.7317,-1.1295,0.2033,-1.5428,1.3568,1.2777,-1.6514,0,0,1,0
2026-02-24 21:17:47+05:30,3530.0,3,32.6453,2709.1,36.127,0,1.1924,1.0584,-2.1292,0.48,0.104,-0.2256,-3.2342,0.3497,3.8106,-2.0081,0.2166,-1.4737,1.0648,0.9989,-1.6528,0,0,1,0
2026-02-24 21:17:48+05:30,3531.0,3,32.6628,2710.4,36.145,0,0.9546,0.826,-0.0637,1.9108,-1.6367,1.5039,-0.2881,0.651,2.7276,-1.8826,0.2099,-1.4276,0.8637,0.8054,-1.6542,0,0,1,0
2026-02-24 21:17:49+05:30,3532.0,3,32.6781,2711.61,36.162,0,0.6829,0.5803,1.2037,1.4037,-2.3369,2.2765,-0.0755,0.4325,0.23,-1.6316,0.2136,-1.3969,0.7261,0.6731,-1.6556,0,0,1,0
2026-02-24 21:17:50+05:30,3533.0,3,32.6919,2712.71,36.177,0,0.5131,0.4086,0.8926,-0.2481,-1.9674,1.7166,-0.0967,0.2057,0.7739,-1.1295,0.2033,-1.3509,0.5276,0.4813,-1.657,0,0,1,0
2026-02-24 21:17:51+05:30,3534.0,3,32.7047,2713.67,36.19,0,0.3772,0.3123,0.0664,-1.3782,-1.1629,0.9865,-0.2859,-0.0551,1.478,-0.1255,0.2263,-1.2971,0.3069,0.2676,-1.6584,0,1,0,0
2026-02-24 21:17:52+05:30,3535.0,3,32.7183,2714.74,36.205,0,0.4791,0.3915,-0.5405,-1.2949,-0.3537,-0.1192,-0.4648,-0.7668,1.2195,0.8785,0.2136,-1.3394,0.4864,0.4413,-1.6591,1,0,0,0
2026-02-24 21:17:53+05:30,3536.0,3,32.7331,2715.93,36.221,0,0.615,0.5184,-0.8159,-0.8457,0.1129,-0.502,-1.9768,-1.0586,-0.1268,1.3806,0.2142,-1.3854,0.6781,0.6264,-1.6605,1,0,0,0
2026-02-24 21:17:54+05:30,3537.0,3,32.7497,2717.26,36.24,0,0.8527,0.7222,-0.3977,-1.0631,-0.0092,-0.4311,-0.6444,-1.1112,0.2269,1.3806,0.2039,-1.443,0.9087,0.8485,-1.6626,1,0,0,0
2026-02-24 21:17:55+05:30,3538.0,3,32.7675,2718.69,36.26,0,0.9886,0.856,0.8237,-1.3565,-0.5897,0.1997,0.3727,-0.4168,1.275,0.753,0.2093,-1.4852,1.0862,1.0187,-1.664,1,0,0,0
2026-02-24 21:17:56+05:30,3539.0,3,32.7858,2720.19,36.281,0,1.0565,0.9106,2.2874,-0.6139,-1.3453,1.3054,0.2977,0.1199,1.1387,0.251,0.2045,-1.5121,1.1988,1.1264,-1.6654,1,0,0,0
2026-02-24 21:17:57+05:30,3540.0,3,32.8042,2721.76,36.302,0,1.0565,0.9166,3.157,0.4257,-2.0127,1.8512,0.4747,0.3426,0.5615,-0.1255,0.2081,-1.5389,1.3062,1.2289,-1.6675,0,1,0,0
2026-02-24 21:17:58+05:30,3541.0,3,32.8222,2723.25,36.323,0,1.0225,0.8931,2.6827,0.3134,-2.2362,2.3686,0.1367,0.2817,0.0556,-0.502,0.2124,-1.5082,1.1699,1.0987,-1.669,0,0,1,0
2026-02-24 21:17:59+05:30,3542.0,3,32.8394,2724.6,36.342,0,0.9206,0.7854,0.9053,-0.5161,-2.0848,2.0072,-0.0488,0.1955,-0.076,-0.6275,0.2045,-1.4545,0.9532,0.8912,-1.6711,0,0,1,0
2026-02-24 21:18:00+05:30,3543.0,3,32.8561,2725.83,36.359,0,0.8527,0.7146,-0.7624,-0.7081,-2.1808,1.7803,-0.5266,0.0874,0.1301,-0.6275,0.1997,-1.4046,0.7404,0.6862,-1.6718,0,0,1,0
2026-02-24 21:18:01+05:30,3544.0,3,32.8719,2726.99,36.375,0,0.7508,0.6439,-0.9485,-0.2517,-2.2404,2.4608,-0.4765,0.2813,1.5446,-0.6275,0.2142,-1.3854,0.643,0.5921,-1.6732,0,0,1,0
2026-02-24 21:18:02+05:30,3545.0,3,32.8872,2728.12,36.39,0,0.6829,0.5731,-0.3085,0.1069,-1.0724,0.5116,-0.3528,0.1135,3.8392,-0.502,0.2087,-1.3701,0.5782,0.5297,-1.6746,0,0,1,0
2026-02-24 21:18:03+05:30,3546.0,3,32.9019,2729.2,36.405,0,0.615,0.5023,-0.2575,0.2772,1.0288,0.0013,-0.3528,0.5992,3.752,-0.6275,0.2033,-1.3547,0.5133,0.4668,-1.676,0,0,1,0
2026-02-24 21:18:04+05:30,3547.0,3,32.9158,2730.23,36.42,0,0.5131,0.4315,-0.5201,0.6394,2.1998,1.8583,-0.4483,0.3074,1.4273,-0.6275,0.2202,-1.3317,0.416,0.3727,-1.6774,0,0,1,0
2026-02-24 21:18:05+05:30,3548.0,3,32.9292,2731.24,36.433,0,0.4451,0.3607,-0.1988,1.2805,1.8172,0.9369,-0.2925,0.5981,1.099,0.1255,0.2142,-1.324,0.3829,0.3406,-1.6781,0,1,0,0
2026-02-24 21:18:06+05:30,3549.0,3,32.9433,2732.37,36.449,0,0.547,0.4586,0.2347,1.5956,1.0652,0.3415,-0.1809,0.8188,0.59,0.8785,0.2166,-1.3739,0.5924,0.5433,-1.6795,1,0,0,0
2026-02-24 21:18:07+05:30,3550.0,3,32.9586,2733.6,36.466,0,0.6829,0.5823,0.0689,0.9074,0.6886,-0.1618,0.1253,0.837,0.3743,1.004,0.2148,-1.4123,0.7514,0.6968,-1.6809,1,0,0,0
2026-02-24 21:18:08+05:30,3551.0,3,32.975,2734.88,36.484,0,0.8187,0.7023,-0.0637,-0.2589,0.3149,-0.6154,-0.6129,-0.3677,0.6915,1.004,0.2111,-1.4315,0.8267,0.7689,-1.6823,1,0,0,0
2026-02-24 21:18:09+05:30,3552.0,3,32.9925,2736.28,36.503,0,0.9546,0.8202,0.4642,-0.6393,-0.2357,-0.1121,0.3902,-0.3563,0.5567,0.8785,0.2063,-1.4814,1.0346,0.9686,-1.6844,1,0,0,0
2026-02-24 21:18:10+05:30,3553.0,3,33.0108,2737.74,36.524,0,1.0565,0.9256,0.76,-0.1756,-0.6022,0.1359,0.2505,0.267,-0.3186,0.753,0.213,-1.5044,1.1242,1.0543,-1.6858,1,0,0,0
2026-02-24 21:18:11+05:30,3554.0,3,33.03,2739.2,36.544,0,1.1584,1.0072,-0.0662,0.2735,-0.4806,0.0509,-0.1757,0.3218,0.2998,0.6275,0.2063,-1.5044,1.1326,1.0622,-1.6872,1,0,0,0
2026-02-24 21:18:12+05:30,3555.0,3,33.0497,2740.68,36.564,0,1.2263,1.0747,-1.3234,0.6068,0.1314,-0.4028,-2.8578,0.6722,1.1529,0.502,0.2087,-1.5121,1.1605,1.089,-1.6893,1,0,0,0
2026-02-24 21:18:13+05:30,3556.0,3,33.07,2742.2,36.585,0,1.2942,1.1338,-1.8946,0.998,0.8286,0.1218,-1.3187,0.8309,0.682,0.3765,0.2069,-1.5274,1.2147,1.1405,-1.6907,1,0,0,0
2026-02-24 21:18:14+05:30,3557.0,3,33.0906,2743.72,36.607,0,1.3282,1.1805,-1.5886,1.0559,1.0485,0.3202,-1.1804,0.5036,-0.1823,0.3765,0.2148,-1.5313,1.2387,1.1638,-1.6928,1,0,0,0
2026-02-24 21:18:15+05:30,3558.0,3,33.1117,2745.29,36.628,0,1.3961,1.2225,-0.7955,0.8205,0.7231,-0.1405,-0.7472,1.0713,0.4552,0.3765,0.2045,-1.5505,1.3026,1.224,-1.6942,1,0,0,0
2026-02-24 21:18:16+05:30,3559.0,3,33.1331,2746.88,36.65,0,1.4301,1.2672,-0.028,0.9147,0.2273,-0.7288,0.4338,2.4888,0.4045,0.251,0.2111,-1.5581,1.3425,1.2623,-1.6963,1,0,0,0
2026-02-24 21:18:17+05:30,3560.0,3,33.1547,2748.53,36.673,0,1.4641,1.3081,0.4336,0.9726,-0.1403,-0.2893,0.6697,1.4652,0.008,0.3765,0.2154,-1.585,1.4483,1.363,-1.6984,1,0,0,0
2026-02-24 21:18:18+05:30,3561.0,3,33.1769,2750.22,36.697,0,1.532,1.3438,0.8084,0.1612,-0.2357,-0.1688,0.4674,0.267,-0.409,0.251,0.2027,-1.6004,1.5102,1.4219,-1.6998,1,0,0,0
2026-02-24 21:18:19+05:30,3562.0,3,33.1992,2751.95,36.721,0,1.532,1.3789,1.1578,-1.0087,-0.1678,-0.0554,0.9562,-0.6001,-0.3456,0.0,0.219,-1.6195,1.5787,1.4866,-1.7019,0,1,0,0
2026-02-24 21:18:20+05:30,3563.0,3,33.2214,2753.65,36.745,0,1.532,1.4115,0.8722,-1.5738,-0.2667,-0.3177,1.0133,-0.7559,0.3315,0.0,0.2341,-1.6042,1.5232,1.4342,-1.704,0,1,0,0
2026-02-24 21:18:21+05:30,3564.0,3,33.2436,2755.3,36.768,0,1.532,1.4396,-0.1096,-1.4108,-0.4472,0.4407,-0.2317,-0.4603,0.5599,0.0,0.2474,-1.5888,1.4427,1.3573,-1.7061,0,1,0,0
2026-02-24 21:18:22+05:30,3565.0,3,33.2658,2756.93,36.79,0,1.532,1.4668,-0.6323,-0.5994,-0.2715,-0.5658,-2.0851,-0.2218,0.4933,0.0,0.2595,-1.5812,1.4109,1.3269,-1.7075,0,1,0,0
2026-02-24 21:18:23+05:30,3566.0,3,33.2881,2758.56,36.813,0,1.532,1.4831,-0.0917,0.4728,0.1612,-0.2823,-0.0558,0.3588,0.4933,0.0,0.2674,-1.585,1.4252,1.3406,-1.7097,0,1,0,0
2026-02-24 21:18:24+05:30,3567.0,3,33.3103,2760.23,36.836,0,1.532,1.4868,0.5279,0.6611,0.2696,-0.2114,0.4451,0.7266,0.7153,0.0,0.2692,-1.5965,1.469,1.3819,-1.7118,0,1,0,0
2026-02-24 21:18:25+05:30,3568.0,3,33.3325,2761.88,36.859,0,1.532,1.4873,0.3673,-0.469,-0.0069,-0.1759,0.212,0.0912,0.5995,0.0,0.2692,-1.5927,1.4496,1.3634,-1.7132,0,1,0,0
2026-02-24 21:18:26+05:30,3569.0,3,33.3547,2763.5,36.882,0,1.532,1.4879,-0.1555,-1.61,-0.1231,-0.2893,-0.3528,-2.1725,-0.1854,0.0,0.2698,-1.5773,1.3892,1.3063,-1.7153,0,1,0,0
2026-02-24 21:18:27+05:30,3570.0,3,33.3769,2765.12,36.904,0,1.532,1.4848,-0.3314,-1.5992,0.073,-0.4665,-0.212,-1.3266,-0.2504,0.0,0.268,-1.5812,1.397,1.3133,-1.7174,0,1,0,0
2026-02-24 21:18:28+05:30,3571.0,3,33.3992,2766.74,36.927,0,1.532,1.4735,0.074,-1.0377,0.2196,-0.4665,-0.2131,-2.4832,-0.2504,0.0,0.2631,-1.5812,1.397,1.3133,-1.7188,0,1,0,0
2026-02-24 21:18:29+05:30,3572.0,3,33.4214,2768.43,36.951,0,1.532,1.4192,0.7472,-0.9218,0.3537,-0.4098,1.9443,-0.6629,0.7295,-0.1255,0.2377,-1.6119,1.5112,1.4215,-1.7209,0,1,0,0
2026-02-24 21:18:30+05:30,3573.0,3,33.4433,2770.09,36.974,0,1.498,1.3167,0.9844,-1.1898,1.0205,0.4265,0.1407,-0.1783,1.6191,-0.753,0.2045,-1.6004,1.4606,1.3735,-1.723,0,0,1,0
2026-02-24 21:18:31+05:30,3574.0,3,33.4639,2771.65,36.995,0,1.3282,1.1826,0.4897,-1.2406,2.2368,1.3551,-0.0956,-0.035,2.033,-1.3806,0.216,-1.5581,1.2906,1.2117,-1.7244,0,0,1,0
2026-02-24 21:18:32+05:30,3575.0,3,33.4828,2773.03,37.015,0,1.1244,0.9969,-0.1759,-0.9653,2.8672,2.7656,-0.3821,0.1676,1.635,-1.6316,0.2178,-1.4929,0.9999,0.9338,-1.7265,0,0,1,0
2026-02-24 21:18:33+05:30,3576.0,3,33.4997,2774.27,37.032,0,0.8867,0.7727,-0.5507,-0.5704,1.7833,0.7809,-0.419,0.0708,4.0215,-1.6316,0.216,-1.4391,0.7728,0.7157,-1.7279,0,0,1,0
2026-02-24 21:18:34+05:30,3577.0,3,33.515,2775.4,37.047,0,0.6829,0.5734,-0.5915,0.0055,-0.5462,-0.1405,-0.6524,0.1007,4.9619,-1.3806,0.2087,-1.3931,0.5782,0.5279,-1.7293,0,0,1,0
2026-02-24 21:18:35+05:30,3578.0,3,33.5289,2776.43,37.062,0,0.5131,0.4257,0.0689,0.5778,-2.5187,2.6734,-0.3184,0.369,3.3127,-1.1295,0.216,-1.3585,0.4367,0.3916,-1.73,0,0,1,0
2026-02-24 21:18:36+05:30,3579.0,3,33.5417,2777.47,37.076,0,0.3772,0.3119,1.2011,0.5271,-3.1968,3.1554,-0.145,0.267,-0.1347,-0.753,0.2257,-1.3585,0.4289,0.3837,-1.7314,0,0,1,0
2026-02-24 21:18:37+05:30,3580.0,3,33.5539,2778.46,37.09,0,0.3093,0.2498,0.9538,-0.1466,-2.8631,2.9002,-0.1428,0.2961,0.6106,-0.1255,0.2275,-1.3432,0.3563,0.3134,-1.7321,0,1,0,0
2026-02-24 21:18:38+05:30,3581.0,3,33.5664,2779.41,37.103,0,0.3433,0.2671,-1.535,-0.603,-2.142,2.0851,-0.6279,0.0957,1.3829,0.3765,0.2154,-1.3278,0.2988,0.258,-1.7335,1,0,0,0
2026-02-24 21:18:39+05:30,3582.0,3,33.5794,2780.43,37.117,0,0.4112,0.34,-3.8453,-0.3966,-1.384,1.3196,-1.4068,0.2303,1.2306,0.6275,0.2226,-1.3547,0.4007,0.3565,-1.7349,1,0,0,0
2026-02-24 21:18:40+05:30,3583.0,3,33.5933,2781.52,37.132,0,0.5131,0.4316,-3.4781,-0.0199,-0.7565,0.6959,-1.7635,0.2152,0.6947,0.8785,0.2202,-1.3816,0.5168,0.4686,-1.7356,1,0,0,0
2026-02-24 21:18:41+05:30,3584.0,3,33.6083,2782.69,37.148,0,0.6489,0.5423,-1.4636,0.1794,-0.3167,-0.0767,-1.2872,0.267,0.3236,1.004,0.2093,-1.4161,0.6658,0.6124,-1.737,1,0,0,0
2026-02-24 21:18:42+05:30,3585.0,3,33.6244,2783.96,37.166,0,0.7848,0.6723,-0.2983,0.4076,-0.0533,-0.4878,-0.5021,0.9458,-0.1061,1.004,0.2124,-1.4507,0.8017,0.743,-1.7384,1,0,0,0
2026-02-24 21:18:43+05:30,3586.0,3,33.6417,2785.29,37.184,0,0.9206,0.7953,-0.4105,0.6176,0.0688,-0.587,-1.3552,1.0505,-0.4201,0.8785,0.2105,-1.4775,0.9204,0.8573,-1.7405,1,0,0,0
2026-02-24 21:18:44+05:30,3587.0,3,33.6597,2786.67,37.203,0,1.0225,0.9031,-0.6553,0.3931,0.1457,-0.6579,-1.1983,2.0359,-0.539,0.8785,0.2184,-1.5006,1.0051,0.9382,-1.7419,1,0,0,0
2026-02-24 21:18:45+05:30,3588.0,3,33.6789,2788.13,37.224,0,1.1584,1.0008,-0.5176,-0.3604,0.1093,-0.5232,-1.7727,-0.7759,-0.1569,0.753,0.2027,-1.5274,1.1235,1.0517,-1.7433,1,0,0,0
2026-02-24 21:18:46+05:30,3589.0,3,33.6986,2789.62,37.244,0,1.2263,1.0861,-0.4819,-0.9689,-0.3191,-0.261,-0.2676,-0.4198,1.2148,0.6275,0.2148,-1.5428,1.1848,1.1101,-1.7454,1,0,0,0
2026-02-24 21:18:47+05:30,3590.0,3,33.7192,2791.15,37.266,0,1.3282,1.1611,-1.0097,-0.69,-1.1421,1.0078,-0.7113,0.0092,1.6096,0.502,0.2051,-1.5581,1.2445,1.1669,-1.7469,1,0,0,0
2026-02-24 21:18:48+05:30,3591.0,3,33.74,2792.67,37.287,0,1.3622,1.1865,-1.6498,0.0671,-1.9817,1.7378,-0.6067,0.3097,0.9515,0.0,0.2021,-1.5543,1.227,1.1502,-1.749,0,1,0,0
2026-02-24 21:18:49+05:30,3592.0,3,33.7606,2794.17,37.307,0,1.3282,1.1552,-1.3871,0.2627,-2.4704,2.4324,-0.617,0.2813,0.1777,-0.502,0.2021,-1.5466,1.1946,1.1194,-1.7504,0,0,1,0
2026-02-24 21:18:50+05:30,3593.0,3,33.7803,2795.62,37.328,0,1.2263,1.0919,-0.2269,-0.3422,-2.3464,2.3119,-0.3192,0.1827,0.7232,-0.6275,0.2178,-1.5313,1.1154,1.0433,-1.7518,0,0,1,0
2026-02-24 21:18:51+05:30,3594.0,3,33.7994,2797.05,37.348,0,1.1584,1.0068,0.4157,-1.447,-1.6236,1.3125,-0.1897,0.0247,1.2354,-0.6275,0.2057,-1.5236,1.092,1.0213,-1.7539,0,0,1,0
2026-02-24 21:18:52+05:30,3595.0,3,33.8178,2798.41,37.366,0,1.0565,0.9255,-0.1096,-2.6931,-0.8698,0.7597,-0.2566,-0.6205,0.7692,-0.502,0.213,-1.4967,0.961,0.8956,-1.7553,0,0,1,0
2026-02-24 21:18:53+05:30,3596.0,3,33.8358,2799.74,37.385,0,1.0225,0.9032,-0.7165,-3.1748,-0.6373,0.221,-0.8002,-1.0325,0.0382,0.1255,0.2184,-1.4852,0.911,0.8476,-1.7567,0,1,0,0
2026-02-24 21:18:54+05:30,3597.0,3,33.8544,2801.13,37.404,0,1.0905,0.9424,-0.77,-2.2294,-0.6469,0.5116,-0.4677,-0.6239,-0.095,0.502,0.2051,-1.5121,1.0262,0.958,-1.7581,1,0,0,0
2026-02-24 21:18:55+05:30,3598.0,3,33.8736,2802.59,37.424,0,1.1584,1.021,-0.9205,-0.9725,-0.4103,-0.0129,-0.9993,-0.2766,0.1508,0.753,0.2136,-1.5351,1.1235,1.0508,-1.7602,1,0,0,0
2026-02-24 21:18:56+05:30,3599.0,3,33.8939,2804.13,37.446,0,1.2942,1.1251,-1.1551,-0.8747,-0.2834,-0.2397,-1.2865,-0.2176,0.1761,0.753,0.2027,-1.5658,1.2568,1.1783,-1.7616,1,0,0,0
2026-02-24 21:18:57+05:30,3600.0,3,33.9147,2805.68,37.467,0,1.3622,1.2113,-0.7037,-1.2043,-0.7291,0.4903,-0.6221,-0.382,0.9515,0.502,0.2142,-1.5773,1.2899,1.2095,-1.7637,1,0,0,0
2026-02-24 21:18:58+05:30,3601.0,3,33.9361,2807.28,37.49,0,1.4301,1.2515,0.1684,-0.795,-1.4371,1.1353,-0.1981,0.1868,1.1466,0.1255,0.2033,-1.5927,1.3574,1.2737,-1.7658,0,1,0,0
2026-02-24 21:18:59+05:30,3602.0,3,33.9572,2808.86,37.512,0,1.3961,1.2386,0.4769,-0.5994,-2.0521,2.0426,-0.2109,0.1203,0.349,-0.502,0.2124,-1.5888,1.3295,1.2469,-1.7672,0,0,1,0
2026-02-24 21:19:00+05:30,3603.0,3,33.9775,2810.36,37.533,0,1.2942,1.1524,0.2449,-1.15,-2.1283,1.5677,-0.2453,0.0905,0.5916,-1.3806,0.2166,-1.5581,1.2062,1.1295,-1.7693,0,0,1,0
2026-02-24 21:19:01+05:30,3604.0,3,33.9956,2811.71,37.551,0,1.0225,0.9033,0.2423,-0.6682,-0.6171,0.9369,-0.1798,-0.0014,6.0814,-2.6356,0.2184,-1.5006,0.9545,0.889,-1.7707,0,0,1,0
2026-02-24 21:19:02+05:30,3605.0,3,34.01,2812.83,37.567,0,0.581,0.4821,0.5687,1.4145,2.238,2.4041,-0.2131,0.4741,6.0275,-3.3886,0.2111,-1.4084,0.5587,0.5082,-1.7721,0,0,1,0
2026-02-24 21:19:03+05:30,3606.0,3,34.0206,2813.68,37.579,0,0.1055,0.0611,0.7753,2.7185,3.897,2.9924,-0.1838,0.552,0.0746,-2.8866,0.2293,-1.3086,0.1383,0.101,-1.7728,0,0,1,0
2026-02-24 21:19:04+05:30,3607.0,3,34.0286,2814.34,37.588,0,-0.2002,-0.2278,0.6911,1.7478,2.7832,2.9711,-0.2343,0.4715,4.1674,-0.251,0.2275,-1.2319,-0.1875,-0.2165,-1.7735,0,0,1,0
2026-02-24 21:19:07+05:30,3610.0,3,34.0586,2816.75,37.621,0,0.0376,-1.1517,0.4693,0.2373,0.7035,-0.5374,2.7605,0.0818,4.1087,1.6316,-0.9559,-1.2895,0.0526,0.0174,-1.7763,1,0,0,0
2026-02-24 21:19:09+05:30,3612.0,3,34.0819,2819.47,37.659,0,0.2414,-1.1517,0.3061,0.1504,0.0426,-0.6367,1.31,1.0014,-0.095,1.6316,-0.9559,-1.5082,0.9717,0.9048,-1.7791,1,0,0,0
2026-02-24 21:19:12+05:30,3615.0,3,34.1228,2824.15,37.724,0,0.4791,0.4056,0.278,1.1103,0.5938,-0.2468,0.2669,1.0588,0.2538,1.6316,0.2244,-1.585,1.2951,1.2139,-1.7847,1,0,0,0
2026-02-24 21:19:13+05:30,3616.0,3,34.1381,2825.39,37.741,0,0.6829,0.5628,0.2219,1.9398,1.0318,0.1997,-0.0499,1.0645,0.2776,1.2551,0.2021,-1.4622,0.7728,0.714,-1.7862,1,0,0,0
2026-02-24 21:19:14+05:30,3617.0,3,34.1544,2826.68,37.759,0,0.8187,0.6923,0.1709,2.2042,1.2976,0.5967,-0.2131,0.9447,0.6027,0.8785,0.2051,-1.4814,0.8559,0.794,-1.7876,1,0,0,0
2026-02-24 21:19:15+05:30,3618.0,3,34.1717,2828.03,37.777,0,0.9206,0.792,0.3494,1.7731,1.8691,1.2629,-0.186,0.5901,0.9436,0.502,0.2087,-1.5006,0.9396,0.874,-1.789,1,0,0,0
2026-02-24 21:19:16+05:30,3619.0,3,34.1892,2829.37,37.796,0,0.9546,0.8417,0.4132,0.9654,2.5592,1.9717,-0.2072,0.4507,0.7581,0.1255,0.2196,-1.5006,0.9324,0.8674,-1.7911,0,1,0,0
2026-02-24 21:19:17+05:30,3620.0,3,34.2067,2830.65,37.814,0,0.9546,0.8415,-0.1861,0.643,2.9078,2.4962,-0.3528,0.267,-0.0554,0.0,0.219,-1.4775,0.8377,0.7764,-1.7925,0,1,0,0
2026-02-24 21:19:18+05:30,3621.0,3,34.2242,2831.93,37.832,0,0.9546,0.8138,-0.9919,0.8966,2.7755,2.234,-0.486,0.4707,0.1064,-0.251,0.2027,-1.4775,0.8377,0.7764,-1.7939,0,0,1,0
2026-02-24 21:19:19+05:30,3622.0,3,34.2411,2833.17,37.849,0,0.8867,0.7611,-0.8924,0.9871,2.3458,1.8229,-0.5237,0.3259,0.6296,-0.3765,0.2087,-1.466,0.7728,0.714,-1.7953,0,0,1,0
2026-02-24 21:19:20+05:30,3623.0,3,34.2578,2834.42,37.866,0,0.8527,0.7329,0.1403,0.9002,1.825,1.0999,-0.2186,0.5369,0.7755,0.0,0.2105,-1.4699,0.7845,0.7249,-1.7967,0,1,0,0
2026-02-24 21:19:21+05:30,3624.0,3,34.2747,2835.75,37.885,0,0.8867,0.756,0.7192,1.1936,1.2541,0.5754,0.0536,0.527,0.9087,0.3765,0.2057,-1.5006,0.9159,0.8511,-1.7981,1,0,0,0
2026-02-24 21:19:22+05:30,3625.0,3,34.2922,2837.1,37.903,0,0.9546,0.8271,-0.0203,1.7188,0.6641,-0.1901,-0.1033,1.644,0.7961,0.6275,0.2105,-1.5082,0.9467,0.8806,-1.7995,1,0,0,0
2026-02-24 21:19:23+05:30,3626.0,3,34.3106,2838.5,37.923,0,1.0565,0.9229,-1.1678,1.6753,0.1993,-0.3815,-1.9834,1.9516,0.192,0.8785,0.2118,-1.5313,1.0369,0.9668,-1.8016,1,0,0,0
2026-02-24 21:19:24+05:30,3627.0,3,34.33,2839.99,37.943,0,1.1924,1.0312,-1.5452,0.8676,-0.0057,-0.2964,-2.0361,1.131,-0.2726,0.8785,0.2021,-1.562,1.1744,1.0983,-1.803,1,0,0,0
2026-02-24 21:19:25+05:30,3628.0,3,34.3503,2841.53,37.965,0,1.2942,1.1431,-1.2775,0.049,0.0331,-0.4382,-2.3375,-0.1756,-0.4201,0.753,0.2118,-1.585,1.2689,1.1884,-1.8044,1,0,0,0
2026-02-24 21:19:26+05:30,3629.0,3,34.3714,2843.12,37.987,0,1.3961,1.2454,-1.0327,0.0381,0.1439,-0.5303,-2.7967,0.8782,-0.5026,0.753,0.2154,-1.608,1.3571,1.272,-1.8065,1,0,0,0
2026-02-24 21:19:27+05:30,3630.0,3,34.3933,2844.77,38.01,0,1.498,1.3389,-0.7904,0.9799,0.1457,-0.6012,-2.2058,1.4073,-0.5026,0.3765,0.2148,-1.6311,1.4453,1.356,-1.8086,1,0,0,0
2026-02-24 21:19:28+05:30,3631.0,3,34.4153,2846.42,38.033,0,1.498,1.4229,-0.1708,2.3092,0.0384,-0.2539,-0.3528,2.8717,-0.4201,0.0,0.2547,-1.6311,1.4427,1.3533,-1.81,0,1,0,0
2026-02-24 21:19:29+05:30,3632.0,3,34.4372,2848.11,38.057,0,1.498,1.5114,0.5917,3.1242,-0.0247,-0.1121,0.388,2.4234,-0.539,0.0,0.2964,-1.6503,1.5268,1.4329,-1.8121,0,1,0,0
2026-02-24 21:19:30+05:30,3633.0,3,34.4592,2849.82,38.081,0,1.498,1.5922,0.7625,2.9902,0.0378,-0.1121,0.6346,2.4442,-0.4201,0.0,0.3338,-1.6541,1.5449,1.4505,-1.8142,0,1,0,0
2026-02-24 21:19:31+05:30,3634.0,3,34.4811,2851.46,38.103,0,1.498,1.6651,0.0281,2.1317,0.1385,-0.3673,-0.3528,3.2992,-0.5137,0.0,0.3683,-1.6272,1.4242,1.3357,-1.8163,0,1,0,0
2026-02-24 21:19:32+05:30,3635.0,3,34.5031,2853.08,38.126,0,1.498,1.7275,-1.0021,1.0306,0.1463,-0.5658,-1.259,2.2956,-0.5771,0.0,0.3979,-1.6272,1.4129,1.3247,-1.8177,0,1,0,0
2026-02-24 21:19:33+05:30,3636.0,3,34.525,2854.71,38.149,0,1.498,1.7774,-1.2163,0.2989,0.0492,-0.339,-2.9518,0.4378,-0.409,0.0,0.4215,-1.6234,1.3996,1.312,-1.8198,0,1,0,0
2026-02-24 21:19:34+05:30,3637.0,3,34.5469,2856.33,38.171,0,1.498,1.8138,-0.3875,0.4438,-0.0075,-0.4524,0.2377,0.877,-0.3694,0.0,0.4384,-1.6272,1.4116,1.3234,-1.8219,0,1,0,0
2026-02-24 21:19:35+05:30,3638.0,3,34.5689,2857.94,38.194,0,1.498,1.8194,0.2908,1.3131,0.1201,-0.58,0.1627,2.9076,-0.1569,0.0,0.4408,-1.6195,1.3749,1.2882,-1.8233,0,1,0,0
2026-02-24 21:19:36+05:30,3639.0,3,34.5908,2859.56,38.216,0,1.498,1.7974,-0.0458,2.1245,0.3632,-0.2752,0.1473,2.8603,-0.1823,0.0,0.4305,-1.6272,1.4009,1.3129,-1.8255,0,1,0,0
2026-02-24 21:19:37+05:30,3640.0,3,34.6128,2861.15,38.239,0,1.498,1.7674,-0.6706,2.1426,0.4866,-0.2752,-1.034,1.6527,-0.39,0.0,0.4166,-1.6157,1.3568,1.2711,-1.8276,0,1,0,0
2026-02-24 21:19:38+05:30,3641.0,3,34.6347,2862.75,38.261,0,1.498,1.7132,-0.5686,1.1211,0.3972,-0.4028,-0.8624,2.2608,-0.3392,0.0,0.3913,-1.6195,1.3568,1.2706,-1.829,0,1,0,0
2026-02-24 21:19:39+05:30,3642.0,3,34.6567,2864.36,38.283,0,1.498,1.6366,-0.0662,-0.4147,0.2738,-0.5587,0.3222,-1.9525,-0.3963,0.0,0.355,-1.6234,1.3827,1.2957,-1.8311,0,1,0,0
2026-02-24 21:19:40+05:30,3643.0,3,34.6786,2865.95,38.305,0,1.498,1.5602,-0.1172,-1.1971,0.2327,-0.6225,-0.3528,-2.854,-0.4201,0.0,0.3193,-1.6195,1.3568,1.2706,-1.8332,0,1,0,0
2026-02-24 21:19:41+05:30,3644.0,3,34.7006,2867.55,38.328,0,1.498,1.48,-0.5788,-0.5704,0.2631,-0.4807,-0.6938,-1.615,-0.1585,0.0,0.2813,-1.6195,1.3568,1.2706,-1.8346,0,1,0,0
2026-02-24 21:19:42+05:30,3645.0,3,34.7225,2869.14,38.35,0,1.498,1.3833,-0.3212,0.4474,0.654,-0.3106,-0.7618,1.1643,1.1323,-0.1255,0.2359,-1.6195,1.3568,1.2706,-1.8367,0,1,0,0
2026-02-24 21:19:43+05:30,3646.0,3,34.7442,2870.8,38.373,0,1.4641,1.2901,0.9869,0.5814,1.6045,0.944,0.1418,0.2401,1.6096,-0.502,0.2069,-1.6503,1.4723,1.3801,-1.8381,0,0,1,0
2026-02-24 21:19:44+05:30,3647.0,3,34.765,2872.46,38.396,0,1.3622,1.1918,2.3053,-0.0923,2.2165,1.7378,0.2018,0.3278,0.747,-0.8785,0.2045,-1.6503,1.4684,1.3762,-1.8402,0,0,1,0
2026-02-24 21:19:45+05:30,3648.0,3,34.7847,2874.08,38.419,0,1.2263,1.0665,2.5705,-0.8638,1.2297,0.6746,0.8673,-0.1571,3.5363,-1.1295,0.2045,-1.6311,1.3905,1.3023,-1.8423,0,0,1,0
2026-02-24 21:19:46+05:30,3649.0,3,34.8031,2875.55,38.439,0,1.0565,0.9215,1.8335,-1.6354,-0.952,0.625,0.5494,-0.1382,4.3434,-1.2551,0.2105,-1.5735,1.1504,1.0741,-1.8437,0,0,1,0
2026-02-24 21:19:47+05:30,3650.0,3,34.82,2876.84,38.457,0,0.8867,0.7612,0.8135,-2.3888,-2.3566,2.5458,-0.2054,-0.0709,1.6144,-1.1295,0.2087,-1.5082,0.8585,0.7944,-1.8451,0,0,1,0
2026-02-24 21:19:48+05:30,3651.0,3,34.8358,2878.03,38.474,0,0.7508,0.6282,-0.1886,-2.3852,-1.9853,1.6528,-0.2738,-0.1764,1.4273,-0.8785,0.2039,-1.466,0.6768,0.6199,-1.8465,0,0,1,0
2026-02-24 21:19:49+05:30,3652.0,3,34.8508,2879.13,38.489,0,0.6489,0.5534,-1.1551,-1.1065,-0.8829,0.6817,-0.8324,-0.0161,1.3813,-0.251,0.2172,-1.4353,0.5457,0.4936,-1.8479,0,0,1,0
2026-02-24 21:19:50+05:30,3653.0,3,34.8661,2880.27,38.505,0,0.6829,0.5635,-1.507,0.6792,-0.3591,-0.1476,-1.3216,0.4359,0.3109,0.3765,0.2027,-1.4507,0.6151,0.5605,-1.8493,1,0,0,0
2026-02-24 21:19:51+05:30,3654.0,3,34.8819,2881.48,38.522,0,0.7508,0.6273,-0.7318,1.7297,-0.6326,0.4336,-0.7194,0.9965,0.4711,0.6275,0.2033,-1.4775,0.7212,0.6625,-1.8507,1,0,0,0
2026-02-24 21:19:52+05:30,3655.0,3,34.8986,2882.81,38.54,0,0.8527,0.7202,0.5075,1.8094,-1.2428,0.8306,-0.0111,0.62,0.414,0.6275,0.2027,-1.5236,0.9133,0.8468,-1.8521,1,0,0,0
2026-02-24 21:19:53+05:30,3656.0,3,34.9158,2884.18,38.559,0,0.9206,0.7818,1.145,1.5956,-1.5181,1.3622,0.0152,0.6038,-0.0522,0.251,0.2021,-1.5389,0.9863,0.9167,-1.8535,1,0,0,0
2026-02-24 21:19:54+05:30,3657.0,3,34.9331,2885.53,38.578,0,0.9206,0.8073,1.1221,1.4761,-1.3274,1.2346,-0.0053,0.572,-0.1236,0.1255,0.2178,-1.5313,0.9451,0.8771,-1.8556,0,1,0,0
2026-02-24 21:19:55+05:30,3658.0,3,34.9506,2886.89,38.597,0,0.9546,0.8173,0.8875,1.027,-2.0062,1.674,-0.032,0.3728,3.9169,0.0,0.2051,-1.5389,0.9753,0.9061,-1.857,0,1,0,0
2026-02-24 21:19:56+05:30,3659.0,3,34.9678,2888.18,38.615,0,0.9206,0.7824,0.5024,-0.3495,-4.5484,4.9345,-0.3009,0.267,5.9387,-0.6275,0.2027,-1.5121,0.8572,0.7927,-1.8584,0,0,1,0
2026-02-24 21:19:57+05:30,3660.0,3,34.9839,2889.4,38.631,0,0.7848,0.669,0.0893,-2.0121,-6.9153,7.5429,-0.317,0.1509,2.9654,-1.1295,0.2099,-1.4814,0.7274,0.6682,-1.8598,0,0,1,0
2026-02-24 21:19:58+05:30,3661.0,3,34.9986,2890.5,38.647,0,0.615,0.5271,0.2194,-2.7764,-6.6001,7.9327,-0.3305,0.1086,3.5474,-1.3806,0.2208,-1.4391,0.547,0.4945,-1.8612,0,0,1,0
2026-02-24 21:19:59+05:30,3662.0,3,35.0117,2891.56,38.661,0,0.4112,0.3416,1.2317,-3.3487,-5.0269,4.5163,-0.1929,0.064,3.2096,-2.2591,0.2244,-1.42,0.4666,0.4171,-1.8619,0,0,1,0
2026-02-24 21:20:00+05:30,3663.0,3,35.0214,2892.48,38.674,0,0.0036,-0.06,2.7464,-4.8845,-5.1627,6.7136,-0.1084,-0.0766,1.8142,-2.3846,0.2027,-1.3701,0.2486,0.2061,-1.8633,0,0,1,0
2026-02-24 21:20:01+05:30,3664.0,3,35.0292,2893.31,38.686,0,-0.2341,-0.2693,3.9143,-6.0617,-6.4529,6.3166,-0.0312,-0.0365,1.5097,-1.8826,0.2148,-1.3355,0.0993,0.0614,-1.8641,0,0,1,0
2026-02-24 21:20:02+05:30,3665.0,3,35.0347,2893.99,38.695,0,-0.5059,-0.5138,3.7486,-5.0439,-6.2545,8.1595,-0.0814,-0.0256,4.3878,-1.3806,0.2287,-1.2818,-0.1343,-0.1659,-1.8648,0,0,1,0
2026-02-24 21:20:03+05:30,3666.0,3,35.0394,2894.5,38.702,0,-0.6077,-0.5952,2.0018,-2.8271,-4.3082,3.5878,-0.0459,0.0561,5.612,-0.251,0.2601,-1.2127,-0.421,-0.4461,-1.8655,0,0,1,0
2026-02-24 21:20:04+05:30,3667.0,3,35.0444,2894.98,38.709,0,-0.5738,-0.57,0.046,-1.5955,-2.2487,2.8719,-0.3528,0.044,3.6457,1.2551,0.2444,-1.2012,-0.4765,-0.5006,-1.8662,1,0,0,0
2026-02-24 21:20:05+05:30,3668.0,3,35.0519,2895.67,38.718,0,-0.2681,-0.3027,-0.6451,-1.2478,-0.6379,-0.0413,-0.4128,-0.5797,4.1024,1.7571,0.2118,-1.2856,-0.1213,-0.1532,-1.8669,1,0,0,0
2026-02-24 21:20:06+05:30,3669.0,3,35.0608,2896.48,38.729,0,-0.0983,-0.151,-0.4768,-0.6936,0.6916,-0.2468,-0.9941,-0.3072,1.7032,1.7571,0.2057,-1.3278,0.0549,0.0183,-1.8676,1,0,0,0
2026-02-24 21:20:07+05:30,3670.0,3,35.0722,2897.48,38.743,0,0.2074,0.1443,-0.5966,-0.4582,1.3822,0.6321,-0.3528,0.1589,0.4885,2.0081,0.2178,-1.4046,0.3773,0.3305,-1.869,1,0,0,0
2026-02-24 21:20:08+05:30,3671.0,3,35.0856,2898.58,38.758,0,0.4451,0.3573,-0.9434,-0.8349,1.3256,0.6108,-0.7816,-0.0978,-0.1204,1.6316,0.2118,-1.443,0.5451,0.4928,-1.8704,1,0,0,0
2026-02-24 21:20:09+05:30,3672.0,3,35.1006,2899.78,38.775,0,0.6489,0.5332,-0.8006,-0.7117,1.0604,0.1997,-0.6096,0.0016,-0.1537,1.2551,0.2033,-1.4814,0.7053,0.6467,-1.8718,1,0,0,0
2026-02-24 21:20:10+05:30,3673.0,3,35.1167,2901.04,38.792,0,0.7848,0.6777,-0.2855,0.125,0.9317,0.1572,-0.3528,0.2182,0.0287,1.004,0.2154,-1.5082,0.8056,0.743,-1.8732,1,0,0,0
2026-02-24 21:20:11+05:30,3674.0,3,35.1339,2902.36,38.811,0,0.9206,0.7945,-0.1274,0.8024,0.6689,-0.3177,-0.4483,1.1817,0.5313,0.753,0.2099,-1.5313,0.9029,0.8362,-1.8746,1,0,0,0
2026-02-24 21:20:12+05:30,3675.0,3,35.1517,2903.69,38.829,0,0.9886,0.8738,-0.5609,1.1284,-0.0557,-0.6154,-0.6129,1.9513,1.4336,0.3765,0.2196,-1.5351,0.9204,0.8529,-1.876,1,0,0,0
2026-02-24 21:20:13+05:30,3676.0,3,35.1697,2905.02,38.848,0,1.0225,0.8953,-1.1704,1.4,-0.8137,0.6959,-0.8292,0.7912,0.7882,0.251,0.2136,-1.5351,0.9191,0.8516,-1.8774,1,0,0,0
2026-02-24 21:20:14+05:30,3677.0,3,35.1881,2906.36,38.866,0,1.0565,0.9071,-1.3769,1.7478,-0.7029,0.221,-0.9056,0.775,0.9611,0.1255,0.2027,-1.5428,0.9422,0.8736,-1.8795,0,1,0,0
2026-02-24 21:20:15+05:30,3678.0,3,35.2064,2907.7,38.885,0,1.0565,0.9096,-0.9026,2.3201,0.3346,-0.2256,-1.1694,2.8206,1.9379,0.0,0.2039,-1.5389,0.935,0.867,-1.8809,0,1,0,0
2026-02-24 21:20:16+05:30,3679.0,3,35.2247,2909.06,38.904,0,1.0565,0.9059,-0.0101,2.704,1.2332,0.6463,-0.2804,0.9194,0.9214,0.0,0.2021,-1.5466,0.9616,0.892,-1.8823,0,1,0,0
2026-02-24 21:20:17+05:30,3680.0,3,35.2431,2910.48,38.924,0,1.0565,0.9263,0.635,1.8999,1.1736,0.4053,0.1524,1.1019,0.506,0.251,0.2136,-1.5773,1.0791,1.0042,-1.8837,1,0,0,0
2026-02-24 21:20:18+05:30,3681.0,3,35.2619,2911.94,38.944,0,1.1244,0.9867,0.6401,0.1504,0.486,-0.3815,0.6767,0.0016,0.8485,0.502,0.2124,-1.5888,1.1245,1.0473,-1.8858,1,0,0,0
2026-02-24 21:20:19+05:30,3682.0,3,35.2814,2913.42,38.965,0,1.1924,1.0356,0.2908,-0.9182,-0.0468,-0.3957,0.7166,-0.8379,0.2538,0.3765,0.2045,-1.6004,1.1819,1.1022,-1.8872,1,0,0,0
2026-02-24 21:20:20+05:30,3683.0,3,35.3011,2914.89,38.985,0,1.2263,1.0812,-0.005,-0.8023,-0.1147,-0.3602,-0.2489,-0.4629,-0.3646,0.251,0.2124,-1.5965,1.1485,1.0701,-1.8886,1,0,0,0
2026-02-24 21:20:21+05:30,3684.0,3,35.3211,2916.38,39.006,0,1.2603,1.123,-0.1784,-0.6646,0.07,-0.5445,0.0778,-1.694,-0.2203,0.3765,0.2178,-1.6042,1.1874,1.1075,-1.8907,1,0,0,0
2026-02-24 21:20:22+05:30,3685.0,3,35.3417,2917.9,39.027,0,1.3282,1.1604,-0.1733,-1.2659,0.1844,-0.5729,-0.3528,-2.919,-0.5137,0.3765,0.2045,-1.6157,1.2306,1.1484,-1.8921,1,0,0,0
2026-02-24 21:20:23+05:30,3686.0,3,35.3625,2919.46,39.049,0,1.3622,1.1955,0.148,-2.2258,0.1177,-0.2468,0.0072,-2.5173,-0.4439,0.251,0.2063,-1.6311,1.2997,1.2144,-1.8942,1,0,0,0
2026-02-24 21:20:24+05:30,3687.0,3,35.3836,2921.08,39.071,0,1.3961,1.2382,0.5611,-2.943,0.0045,-0.1688,0.5662,-1.8826,-0.4978,0.3765,0.2124,-1.6579,1.3973,1.3067,-1.8963,1,0,0,0
2026-02-24 21:20:25+05:30,3688.0,3,35.4053,2922.7,39.094,0,1.4641,1.2797,0.5305,-3.1096,0.0039,-0.02,0.0357,-2.2727,-0.4978,0.3765,0.2021,-1.6618,1.4158,1.3243,-1.8977,1,0,0,0
2026-02-24 21:20:26+05:30,3689.0,3,35.4272,2924.35,39.117,0,1.498,1.3177,-0.0101,-2.751,0.0992,-0.2681,0.3203,-2.261,-0.4154,0.1255,0.2051,-1.6694,1.4457,1.3524,-1.8998,0,1,0,0
2026-02-24 21:20:27+05:30,3690.0,3,35.4492,2925.95,39.139,0,1.498,1.338,-0.3314,-1.8346,0.1362,-0.3177,-0.9934,-2.4322,-0.39,0.0,0.2148,-1.6503,1.3675,1.2781,-1.9019,0,1,0,0
2026-02-24 21:20:28+05:30,3691.0,3,35.4711,2927.58,39.162,0,1.498,1.3392,0.0256,-0.1648,0.02,-0.4595,0.7385,0.4076,-0.2552,0.0,0.2154,-1.6656,1.4165,1.3243,-1.9034,0,1,0,0
2026-02-24 21:20:29+05:30,3692.0,3,35.4931,2929.19,39.185,0,1.498,1.3292,0.3188,1.6065,-0.2083,-0.3319,0.0734,1.204,0.0096,-0.1255,0.2105,-1.6579,1.3905,1.3001,-1.9055,0,1,0,0
2026-02-24 21:20:30+05:30,3693.0,3,35.5147,2930.77,39.207,0,1.4641,1.2928,-0.2167,1.976,-0.4353,0.2139,-0.2486,1.4489,-0.095,-0.3765,0.2081,-1.6503,1.3425,1.2539,-1.9076,0,0,1,0
2026-02-24 21:20:31+05:30,3694.0,3,35.5358,2932.31,39.228,0,1.3961,1.2385,-0.9817,1.0994,-0.5533,0.0792,-0.9279,0.3917,-0.631,-0.502,0.2124,-1.6311,1.2594,1.1752,-1.909,0,0,1,0
2026-02-24 21:20:32+05:30,3695.0,3,35.5564,2933.8,39.249,0,1.3282,1.1681,-0.9205,1.0487,-0.4806,0.1359,-0.7904,0.9953,-0.095,-0.502,0.2087,-1.6157,1.1946,1.1132,-1.9111,0,0,1,0
2026-02-24 21:20:33+05:30,3696.0,3,35.5764,2935.26,39.269,0,1.2603,1.1013,-0.3901,2.3092,-0.1368,-0.261,-0.5507,1.7524,0.7739,-0.6275,0.2063,-1.6004,1.1297,1.0517,-1.9125,0,0,1,0
2026-02-24 21:20:34+05:30,3697.0,3,35.5956,2936.65,39.289,0,1.1584,1.0021,-0.5533,2.896,0.5384,-0.0271,-0.4896,2.4219,1.5906,-0.8785,0.2033,-1.5773,1.0324,0.9589,-1.9139,0,0,1,0
2026-02-24 21:20:35+05:30,3698.0,3,35.6136,2937.97,39.307,0,1.0225,0.8962,-1.2673,1.9579,1.536,0.8802,-0.7757,0.7039,1.9902,-0.8785,0.2142,-1.5466,0.9026,0.8344,-1.9153,0,0,1,0
2026-02-24 21:20:36+05:30,3699.0,3,35.6308,2939.23,39.324,0,0.9206,0.7814,-1.5733,1.0596,2.5925,2.0213,-0.6342,0.3762,1.3749,-1.004,0.2021,-1.5274,0.8053,0.7412,-1.9167,0,0,1,0
2026-02-24 21:20:37+05:30,3700.0,3,35.6467,2940.39,39.341,0,0.7508,0.6533,-1.4483,1.266,2.9775,2.6238,-0.5273,0.479,0.8025,-1.2551,0.2202,-1.489,0.643,0.5856,-1.9181,0,0,1,0
2026-02-24 21:20:38+05:30,3701.0,3,35.6611,2941.46,39.355,0,0.581,0.4927,-0.9842,1.7623,2.0038,1.3196,-0.6148,0.4862,3.3523,-1.004,0.2184,-1.4507,0.4808,0.4294,-1.9195,0,0,1,0
2026-02-24 21:20:39+05:30,3702.0,3,35.6747,2942.49,39.37,0,0.4791,0.3809,0.1786,1.4,0.0051,-0.3744,0.2753,2.5436,4.3609,-0.6275,0.2057,-1.4391,0.4276,0.378,-1.9209,0,0,1,0
2026-02-24 21:20:40+05:30,3703.0,3,35.6878,2943.55,39.384,0,0.4112,0.3175,1.2878,-0.1684,-1.7505,1.6669,0.0306,0.1608,2.7942,-0.3765,0.2051,-1.4507,0.4821,0.4303,-1.9216,0,0,1,0
2026-02-24 21:20:41+05:30,3704.0,3,35.7006,2944.56,39.398,0,0.3772,0.3028,0.9461,-1.994,-2.4471,2.3686,-0.1498,0.0232,0.2919,0.0,0.2184,-1.4315,0.3978,0.349,-1.923,0,1,0,0
2026-02-24 21:20:42+05:30,3705.0,3,35.7136,2945.55,39.412,0,0.4112,0.3178,-0.4207,-2.3453,-2.465,2.4253,-0.3667,-0.0834,-0.547,0.251,0.2051,-1.42,0.3517,0.3046,-1.9244,1,0,0,0
2026-02-24 21:20:43+05:30,3706.0,3,35.7269,2946.56,39.426,0,0.4451,0.3691,-0.997,-0.8276,-2.403,2.2978,-0.5314,0.1524,-0.3012,0.3765,0.2208,-1.4315,0.3994,0.3507,-1.9251,1,0,0,0
2026-02-24 21:20:44+05:30,3707.0,3,35.7408,2947.61,39.441,0,0.5131,0.4148,-0.3391,0.7263,-2.1271,2.071,-0.3528,0.3584,0.8707,0.3765,0.2075,-1.4507,0.4649,0.4136,-1.9265,1,0,0,0
2026-02-24 21:20:45+05:30,3708.0,3,35.755,2948.73,39.456,0,0.547,0.4675,0.3622,0.7806,-1.3727,1.0219,-0.1308,0.4624,1.5335,0.3765,0.2232,-1.4737,0.5691,0.5143,-1.9279,1,0,0,0
2026-02-24 21:20:46+05:30,3709.0,3,35.7697,2949.88,39.472,0,0.615,0.5167,0.5177,0.3532,-0.4949,0.1288,-0.0254,0.267,1.191,0.6275,0.213,-1.489,0.6301,0.5728,-1.9293,1,0,0,0
2026-02-24 21:20:47+05:30,3710.0,3,35.7853,2951.13,39.489,0,0.7169,0.598,0.4642,1.1682,0.0128,-0.3886,1.1596,1.8296,0.322,0.753,0.2045,-1.5274,0.7942,0.7302,-1.9307,1,0,0,0
2026-02-24 21:20:48+05:30,3711.0,3,35.8017,2952.41,39.507,0,0.8187,0.6924,0.2984,2.8562,0.1648,-0.261,0.0174,2.9575,-0.3836,0.753,0.2051,-1.5389,0.8335,0.7676,-1.9321,1,0,0,0
2026-02-24 21:20:49+05:30,3712.0,3,35.8189,2953.74,39.526,0,0.9206,0.7823,0.0077,3.6241,0.2065,-0.0413,-0.0115,3.2591,-0.409,0.6275,0.2027,-1.562,0.9269,0.8573,-1.9335,1,0,0,0
2026-02-24 21:20:50+05:30,3713.0,3,35.8367,2955.08,39.544,0,0.9886,0.848,-0.158,2.8055,0.1534,-0.261,-0.55,3.2368,-0.2362,0.3765,0.2045,-1.562,0.9269,0.8573,-1.9349,1,0,0,0
2026-02-24 21:20:51+05:30,3714.0,3,35.8547,2956.44,39.563,0,1.0225,0.8963,-0.1274,1.4978,-0.0682,-0.3673,0.2574,1.7286,0.1032,0.251,0.2142,-1.5773,0.9801,0.9079,-1.9363,1,0,0,0
2026-02-24 21:20:52+05:30,3715.0,3,35.8731,2957.78,39.582,0,1.0565,0.9152,-0.1147,0.7915,-0.4115,-0.0058,-0.5438,0.7236,0.349,0.0,0.2075,-1.5658,0.9376,0.8674,-1.9384,0,1,0,0
2026-02-24 21:20:53+05:30,3716.0,3,35.8911,2959.11,39.6,0,1.0225,0.9018,-0.3187,0.4872,-0.8346,0.4195,-0.2299,0.3558,0.5361,-0.251,0.2178,-1.5658,0.9285,0.8586,-1.9398,0,0,1,0
2026-02-24 21:20:54+05:30,3717.0,3,35.9089,2960.41,39.618,0,0.9886,0.8716,-0.6298,0.049,-1.3048,1.0432,-0.5398,0.2923,0.4409,-0.251,0.2184,-1.5505,0.8701,0.8028,-1.9412,0,0,1,0
2026-02-24 21:20:55+05:30,3718.0,3,35.9264,2961.69,39.636,0,0.9546,0.8281,-0.6731,-0.2155,-1.6552,1.3976,-0.4893,0.1967,-0.0665,-0.251,0.2111,-1.5428,0.8377,0.7716,-1.9427,0,0,1,0
2026-02-24 21:20:56+05:30,3719.0,3,35.9436,2962.98,39.654,0,0.9206,0.7818,-0.158,0.1323,-1.7082,1.5535,-0.2449,0.2473,-0.2362,-0.251,0.2027,-1.5466,0.8494,0.7826,-1.9441,0,0,1,0
2026-02-24 21:20:57+05:30,3720.0,3,35.9606,2964.26,39.672,0,0.8867,0.7633,1.0175,0.5597,-1.5247,1.192,-0.1498,0.4454,-0.1379,0.0,0.2099,-1.5466,0.8481,0.7817,-1.9455,0,1,0,0
2026-02-24 21:20:58+05:30,3721.0,3,35.9778,2965.75,39.693,0,0.9206,0.7925,2.4226,0.3025,-1.3167,1.3267,0.5684,0.2163,-0.1648,0.3765,0.2087,-1.6272,1.1816,1.0996,-1.9476,1,0,0,0
2026-02-24 21:20:59+05:30,3722.0,3,35.9956,2967.26,39.714,0,0.9886,0.857,3.0269,-0.5016,-1.1933,0.9581,0.6189,0.2405,-0.214,0.6275,0.2099,-1.6387,1.2289,1.1449,-1.949,1,0,0,0
2026-02-24 21:21:00+05:30,3723.0,3,36.0142,2968.84,39.736,0,1.0905,0.9395,2.3282,-1.179,-1.0509,1.0078,0.59,-0.1375,0.0889,0.6275,0.2033,-1.6656,1.3295,1.2399,-1.9511,1,0,0,0
2026-02-24 21:21:01+05:30,3724.0,3,36.0333,2970.36,39.757,0,1.1584,1.0106,1.1807,-1.3311,-0.6987,0.306,0.4414,-0.1575,0.4283,0.3765,0.2081,-1.6426,1.2332,1.1484,-1.9525,1,0,0,0
2026-02-24 21:21:02+05:30,3725.0,3,36.0528,2971.82,39.777,0,1.1924,1.0454,0.7727,-1.0522,-0.2232,-0.0909,0.2303,-0.5687,0.1904,0.1255,0.2099,-1.6234,1.1495,1.0688,-1.9546,0,1,0,0
2026-02-24 21:21:03+05:30,3726.0,3,36.0722,2973.33,39.799,0,1.1924,1.0398,0.9181,-0.6755,-0.1022,-0.2823,1.7417,-0.3484,0.3284,-0.1255,0.2069,-1.6426,1.2205,1.1361,-1.956,0,1,0,0
2026-02-24 21:21:04+05:30,3727.0,3,36.0914,2974.77,39.819,0,1.1584,1.0021,0.635,-0.3241,-0.6397,0.3415,0.0039,0.1717,1.2766,-0.3765,0.2033,-1.6157,1.1024,1.0235,-1.9581,0,0,1,0
2026-02-24 21:21:05+05:30,3728.0,3,36.11,2976.14,39.838,0,1.0905,0.9434,0.1072,-0.009,-1.5133,1.1779,-0.2771,0.1653,1.3734,-0.6275,0.2057,-1.5888,0.9934,0.9197,-1.9595,0,0,1,0
2026-02-24 21:21:06+05:30,3729.0,3,36.1278,2977.48,39.856,0,0.9886,0.8704,0.1072,-0.0452,-2.1945,2.1489,-0.2361,0.3191,0.7454,-0.753,0.2178,-1.5735,0.9298,0.8591,-1.9609,0,0,1,0
2026-02-24 21:21:07+05:30,3730.0,3,36.1447,2978.74,39.874,0,0.8867,0.7667,0.431,-0.632,-2.4954,2.3616,-0.2914,0.106,-0.2282,-0.8785,0.2124,-1.5466,0.8066,0.7408,-1.9623,0,0,1,0
2026-02-24 21:21:08+05:30,3731.0,3,36.1606,2979.96,39.891,0,0.7508,0.6255,0.4922,-1.2587,-2.5437,2.5458,-0.1607,0.1422,-0.4233,-1.004,0.2021,-1.5351,0.7546,0.6911,-1.9637,0,0,1,0
2026-02-24 21:21:09+05:30,3732.0,3,36.1753,2981.07,39.906,0,0.615,0.5063,0.4157,-1.4506,-2.5687,2.5671,-0.295,0.0375,-0.5501,-1.004,0.2057,-1.4852,0.547,0.4919,-1.9651,0,0,1,0
2026-02-24 21:21:10+05:30,3733.0,3,36.1889,2982.13,39.921,0,0.4791,0.406,0.5585,-1.418,-2.6372,2.475,-0.1842,0.0927,-0.5549,-0.753,0.225,-1.4699,0.4795,0.4268,-1.9665,0,0,1,0
2026-02-24 21:21:11+05:30,3734.0,3,36.2019,2983.15,39.935,0,0.4112,0.3309,0.7141,-1.3347,-2.3816,2.5175,-0.1864,0.081,1.2655,-0.3765,0.216,-1.4545,0.4147,0.3644,-1.9672,0,0,1,0
2026-02-24 21:21:12+05:30,3735.0,3,36.2147,2984.16,39.949,0,0.3772,0.3057,0.7268,-0.8131,-1.4579,1.0148,-0.0466,0.0364,2.1393,0.1255,0.2208,-1.4507,0.3962,0.3463,-1.9686,0,1,0,0
2026-02-24 21:21:13+05:30,3736.0,3,36.2281,2985.24,39.964,0,0.4451,0.3586,0.8161,0.1504,-0.2911,0.058,0.3269,0.3214,1.9125,0.502,0.213,-1.4814,0.5126,0.4585,-1.97,1,0,0,0
2026-02-24 21:21:14+05:30,3737.0,3,36.2419,2986.38,39.98,0,0.5131,0.4323,0.8033,0.672,0.4323,-0.1688,0.7806,0.6907,1.0927,0.6275,0.2208,-1.5044,0.6161,0.5583,-1.9714,1,0,0,0
2026-02-24 21:21:15+05:30,3738.0,3,36.2567,2987.58,39.996,0,0.615,0.5261,0.5407,0.3822,0.8703,-0.1547,0.4162,0.4371,0.9182,0.8785,0.2196,-1.5236,0.6927,0.6317,-1.9721,1,0,0,0
2026-02-24 21:21:16+05:30,3739.0,3,36.2725,2988.81,40.014,0,0.7508,0.6257,0.4004,0.1721,1.6319,0.9865,-0.2438,0.2931,1.8031,0.8785,0.2021,-1.5428,0.7735,0.7091,-1.9735,1,0,0,0
2026-02-24 21:21:17+05:30,3740.0,3,36.2892,2990.13,40.032,0,0.8527,0.7202,0.097,0.509,2.5317,2.0072,-0.1933,0.3218,0.9753,0.502,0.2027,-1.5735,0.8941,0.8243,-1.9756,1,0,0,0
2026-02-24 21:21:18+05:30,3741.0,3,36.3061,2991.39,40.049,0,0.8867,0.7781,-1.0454,0.3279,2.8982,2.4253,-0.5709,0.3006,-0.1997,0.251,0.219,-1.5543,0.8124,0.7461,-1.977,1,0,0,0
2026-02-24 21:21:19+05:30,3742.0,3,36.3233,2992.65,40.067,0,0.9206,0.7995,-2.2516,-0.9399,2.7618,2.3049,-0.6762,0.1524,-0.2837,0.0,0.213,-1.5543,0.8053,0.739,-1.9784,0,1,0,0
2026-02-24 21:21:20+05:30,3743.0,3,36.3403,2993.89,40.084,0,0.8867,0.7759,-2.0705,-1.6173,2.6366,2.156,-0.7746,-0.0313,-0.4265,-0.251,0.2178,-1.5466,0.7728,0.7082,-1.9798,0,0,1,0
2026-02-24 21:21:21+05:30,3744.0,3,36.3569,2995.11,40.101,0,0.8527,0.7458,-0.7241,-0.3205,2.5776,2.0993,-0.4198,0.2511,0.0017,-0.1255,0.2184,-1.5389,0.7404,0.677,-1.9813,0,1,0,0
2026-02-24 21:21:22+05:30,3745.0,3,36.3736,2996.36,40.119,0,0.8527,0.7257,0.2882,1.3856,2.2421,1.589,-0.2087,0.4613,0.6931,-0.1255,0.2063,-1.5543,0.8001,0.7342,-1.9827,0,1,0,0
2026-02-24 21:21:23+05:30,3746.0,3,36.39,2997.58,40.135,0,0.8187,0.7129,0.2806,1.4073,1.5568,0.9227,-0.2657,0.6552,1.2243,-0.1255,0.2178,-1.5389,0.7339,0.6709,-1.9841,0,1,0,0
2026-02-24 21:21:24+05:30,3747.0,3,36.4064,2998.79,40.152,0,0.8187,0.6921,-0.3059,0.4148,0.8489,-0.0909,-0.1377,0.3335,0.904,0.0,0.2051,-1.5389,0.7339,0.6709,-1.9855,0,1,0,0
2026-02-24 21:21:25+05:30,3748.0,3,36.4228,2999.99,40.169,0,0.8187,0.6933,-0.7828,0.2699,0.4282,-0.3744,-1.6252,0.5297,0.0128,-0.1255,0.2057,-1.5313,0.7079,0.6458,-1.9869,0,1,0,0
2026-02-24 21:21:26+05:30,3749.0,3,36.4389,3001.17,40.185,0,0.7848,0.6798,-0.6196,0.8277,0.3143,-0.6083,-0.951,2.2914,-0.3805,-0.251,0.2172,-1.5274,0.6755,0.6146,-1.9883,0,0,1,0
2026-02-24 21:21:27+05:30,3750.0,3,36.4547,3002.34,40.202,0,0.7508,0.6432,0.023,0.7806,0.3352,-0.5516,-0.16,1.9588,-0.566,-0.3765,0.2136,-1.5198,0.6508,0.5908,-1.9897,0,0,1,0
2026-02-24 21:21:28+05:30,3751.0,3,36.47,3003.5,40.218,0,0.6829,0.5654,0.2704,0.2518,0.3251,-0.5303,1.4523,0.0844,-0.5121,-0.753,0.2039,-1.5198,0.6482,0.5886,-1.9904,0,0,1,0
2026-02-24 21:21:29+05:30,3752.0,3,36.4842,3004.54,40.232,0,0.547,0.4391,-0.2243,0.2808,0.2685,-0.6721,-1.281,2.2593,-0.5295,-1.2551,0.2027,-1.4737,0.4484,0.396,-1.9918,0,0,1,0
2026-02-24 21:21:30+05:30,3753.0,3,36.4967,3005.46,40.245,0,0.3433,0.2734,-0.4538,0.9074,0.2845,-0.6154,-0.3528,1.9679,-0.4994,-1.3806,0.2202,-1.4276,0.2537,0.2083,-1.9932,0,0,1,0
2026-02-24 21:21:31+05:30,3754.0,3,36.5078,3006.34,40.257,0,0.1734,0.1088,0.8212,1.2189,0.3864,-0.4169,0.9324,1.7513,-0.566,-1.2551,0.2148,-1.4084,0.1694,0.1265,-1.9939,0,0,1,0
2026-02-24 21:21:32+05:30,3755.0,3,36.5175,3007.29,40.27,0,0.0036,-0.0434,3.134,0.614,0.3519,0.2564,2.4796,0.5187,-0.1093,-1.004,0.2202,-1.4391,0.3005,0.2536,-1.9953,0,0,1,0
2026-02-24 21:21:33+05:30,3756.0,3,36.5264,3008.22,40.283,0,-0.0983,-0.1301,4.2892,-0.364,-0.0009,0.4265,2.4814,0.0515,0.4885,-0.3765,0.2299,-1.4315,0.2654,0.2197,-1.996,0,0,1,0
2026-02-24 21:21:34+05:30,3757.0,3,36.5353,3009.1,40.295,0,-0.0983,-0.149,2.953,-0.6393,-0.4776,0.4974,1.4475,0.0632,0.2982,0.1255,0.2081,-1.4161,0.1921,0.1485,-1.9974,0,1,0,0
2026-02-24 21:21:35+05:30,3758.0,3,36.5444,3009.84,40.306,0,-0.0643,-0.1209,0.4922,-0.0235,-0.6922,0.2848,-0.1026,0.2239,-0.3694,0.3765,0.2045,-1.3624,-0.0418,-0.0784,-1.9981,1,0,0,0
2026-02-24 21:21:36+05:30,3759.0,3,36.5542,3010.61,40.316,0,0.0036,-0.0545,-0.9281,0.6068,-0.5194,0.0863,-0.782,0.4431,0.0683,0.502,0.2081,-1.3701,-0.0071,-0.0446,-1.9988,1,0,0,0
2026-02-24 21:21:37+05:30,3760.0,3,36.5644,3011.4,40.327,0,0.0715,0.007,-0.9995,0.3858,-0.1415,-0.3106,-1.1522,0.8211,0.3743,0.3765,0.2069,-1.3816,0.0396,0.0007,-1.9995,1,0,0,0
2026-02-24 21:21:38+05:30,3761.0,3,36.575,3012.2,40.338,0,0.1055,0.0368,-0.5864,-0.498,0.2434,-0.5374,-1.6252,-1.6369,0.2031,0.1255,0.2057,-1.3816,0.0481,0.0091,-2.0009,0,1,0,0
2026-02-24 21:21:39+05:30,3762.0,3,36.5856,3012.99,40.349,0,0.1055,0.0499,-0.1249,-1.1029,0.5211,-0.4098,-0.074,-0.7094,-0.1553,0.0,0.2184,-1.3816,0.0477,0.0086,-2.0016,0,1,0,0
2026-02-24 21:21:40+05:30,3763.0,3,36.5961,3013.79,40.36,0,0.1055,0.0425,0.0511,-0.958,0.5908,-0.2043,-0.0978,-0.7407,-0.3361,-0.251,0.2111,-1.3854,0.0526,0.0135,-2.0023,0,0,1,0
2026-02-24 21:21:41+05:30,3764.0,3,36.6061,3014.54,40.37,0,0.0376,-0.0005,-0.311,-0.4002,0.4437,-0.5445,-0.3528,-0.1859,-0.1521,-0.3765,0.2317,-1.3624,-0.0382,-0.0749,-2.003,0,0,1,0
2026-02-24 21:21:42+05:30,3765.0,3,36.6158,3015.26,40.38,0,0.0036,-0.0468,-0.6757,-0.0633,0.2357,-0.5941,-2.4897,-0.5548,-0.2933,-0.3765,0.2166,-1.3547,-0.0707,-0.1066,-2.0044,0,0,1,0
2026-02-24 21:21:43+05:30,3766.0,3,36.625,3015.95,40.39,0,-0.0643,-0.0935,-0.4538,-0.2444,0.1415,-0.6863,-0.8163,-0.2119,-0.4756,-0.3765,0.2353,-1.3432,-0.1356,-0.1695,-2.0051,0,0,1,0
2026-02-24 21:21:44+05:30,3767.0,3,36.6339,3016.62,40.399,0,-0.0983,-0.1507,0.074,-0.6429,0.1993,-0.587,0.1788,-2.5857,-0.3947,-0.3765,0.2057,-1.3394,-0.1498,-0.1835,-2.0058,0,0,1,0
2026-02-24 21:21:45+05:30,3768.0,3,36.6422,3017.29,40.408,0,-0.1662,-0.2161,0.3877,-0.7552,0.3227,-0.502,1.4332,-0.6871,-0.3947,-0.6275,0.2021,-1.3394,-0.155,-0.1888,-2.0065,0,0,1,0
2026-02-24 21:21:46+05:30,3769.0,3,36.6497,3017.9,40.417,0,-0.2681,-0.2856,0.5101,-0.4437,0.4007,-0.4665,0.774,-0.7324,-0.5549,-0.6275,0.2353,-1.3086,-0.2705,-0.3009,-2.0072,0,0,1,0
2026-02-24 21:21:47+05:30,3770.0,3,36.6567,3018.48,40.425,0,-0.336,-0.3555,0.5764,0.0598,0.3709,-0.4665,1.5847,0.411,-0.4946,-0.502,0.2269,-1.3048,-0.3017,-0.3313,-2.0079,0,0,1,0
2026-02-24 21:21:48+05:30,3771.0,3,36.6631,3019.01,40.432,0,-0.404,-0.4246,0.4897,0.4293,0.2679,-0.5658,1.8909,0.764,-0.4439,-0.502,0.2184,-1.2818,-0.3899,-0.4175,-2.0086,0,0,1,0
2026-02-24 21:21:49+05:30,3772.0,3,36.6689,3019.49,40.439,0,-0.4719,-0.4874,0.3571,0.5054,0.213,-0.6012,1.8613,1.3813,-0.5549,-0.502,0.219,-1.2664,-0.4652,-0.4913,-2.0086,0,0,1,0
2026-02-24 21:21:50+05:30,3773.0,3,36.6742,3019.93,40.445,0,-0.5398,-0.5549,0.4081,0.3858,0.2607,-0.6012,2.1196,0.8581,-0.4978,-0.502,0.2105,-1.2511,-0.5275,-0.552,-2.0093,0,0,1,0
2026-02-24 21:21:51+05:30,3774.0,3,36.6789,3020.34,40.45,0,-0.6077,-0.6202,0.4718,0.2844,0.2845,-0.5232,1.6509,0.6824,-0.4201,-0.6275,0.2051,-1.2396,-0.5768,-0.6004,-2.01,0,0,1,0
2026-02-24 21:21:52+05:30,3775.0,3,36.6828,3020.67,40.455,0,-0.7096,-0.6865,0.2602,0.2844,0.1874,-0.6437,1.7852,0.5939,-0.3694,-0.6275,0.2782,-1.2089,-0.7078,-0.7292,-2.01,0,0,1,0
2026-02-24 21:21:53+05:30,3776.0,3,36.6861,3020.95,40.459,0,-0.7776,-0.7541,-0.0892,0.2373,0.0903,-0.6721,0.5753,1.2259,-0.5771,-0.502,0.2746,-1.1858,-0.7987,-0.8185,-2.0107,0,0,1,0
2026-02-24 21:21:54+05:30,3777.0,3,36.6889,3021.17,40.462,0,-0.8455,-0.8206,-0.283,0.0634,0.1195,-0.6437,-0.6616,-0.052,-0.4709,-0.502,0.2734,-1.1666,-0.8817,-0.9003,-2.0107,0,0,1,0
2026-02-24 21:21:55+05:30,3778.0,3,36.6911,3021.35,40.464,0,-0.9134,-0.8733,-0.3187,-0.0633,0.1957,-0.7501,-1.6428,-1.0658,-0.4693,-0.3765,0.3369,-1.1513,-0.9466,-0.9641,-2.0114,0,0,1,0
2026-02-24 21:21:56+05:30,3779.0,3,36.6931,3021.51,40.466,0,-0.9474,-0.9217,-0.3263,-0.0018,0.191,-0.7501,-1.6428,-1.0658,-0.5295,-0.3765,0.2643,-1.1436,-0.979,-0.9962,-2.0114,0,0,1,0
2026-02-24 21:21:57+05:30,3780.0,3,36.6944,3021.64,40.468,0,-1.0153,-0.9885,-0.283,0.0888,0.1391,-0.6934,-0.8281,0.267,-0.5771,-0.502,0.2559,-1.1282,-1.0439,-1.0604,-2.0114,0,0,1,0
2026-02-24 21:21:58+05:30,3781.0,3,36.6953,3021.72,40.469,0,-1.0832,-1.0453,-0.1555,0.0598,0.1314,-0.7146,0.2581,0.267,-0.631,-0.3765,0.361,-1.1167,-1.101,-1.1166,-2.0114,0,0,1,0
2026-02-24 21:21:59+05:30,3782.0,3,36.6958,3021.79,40.47,0,-1.1172,-1.0889,-0.0917,0.0308,0.1493,-0.6934,0.8852,-0.255,-0.658,-0.3765,0.2105,-1.1091,-1.1231,-1.1386,-2.0114,0,0,1,0
2026-02-24 21:22:00+05:30,3783.0,3,36.6958,3021.81,40.471,1,-1.1851,-1.1236,-0.1784,0.1431,0.1445,-0.7146,-0.3528,0.8982,-0.631,-0.251,-0.9559,-1.0899,-1.2061,-1.2209,-2.0114,0,0,0,1
2026-02-24 21:22:01+05:30,3784.0,3,36.6958,3021.83,40.471,1,-1.1851,-1.1517,-0.2804,0.2554,0.1278,-0.6934,-0.3528,0.758,-0.631,0.0,-0.9559,-1.0899,-1.2061,-1.2209,-2.0114,0,0,0,1
2026-02-24 21:22:02+05:30,3785.0,3,36.6958,3021.85,40.471,1,-1.1851,-1.1517,-0.2677,0.1323,0.123,-0.6863,-0.8163,0.7459,-0.658,0.0,-0.9559,-1.0899,-1.2061,-1.2209,-2.0114,0,0,0,1
2026-02-24 21:22:03+05:30,3786.0,3,36.6958,3021.88,40.471,1,-1.1851,-1.1517,-0.1835,-0.114,0.1308,-0.6792,0.0675,-0.7793,-0.631,0.0,-0.9559,-1.0899,-1.2061,-1.2209,-2.0114,0,0,0,1
2026-02-24 21:22:04+05:30,3787.0,3,36.6958,3021.9,40.472,1,-1.1851,-1.1517,-0.1376,-0.1756,0.1409,-0.6934,0.1524,-1.0121,-0.631,0.0,-0.9559,-1.0899,-1.2061,-1.2209,-2.0114,0,0,0,1
2026-02-24 21:22:05+05:30,3788.0,3,36.6958,3021.92,40.472,1,-1.1851,-1.1517,-0.1682,-0.0271,0.1457,-0.7075,0.2336,-0.3389,-0.658,0.0,-0.9559,-1.0899,-1.2061,-1.2209,-2.0114,0,0,0,1
2026-02-24 21:22:06+05:30,3789.0,3,36.6958,3021.94,40.472,1,-1.1851,-1.1517,-0.2218,0.0888,0.1445,-0.7146,-0.3528,0.267,-0.658,0.0,-0.9559,-1.0899,-1.2061,-1.2209,-2.0114,0,0,0,1
2026-02-24 21:22:07+05:30,3790.0,3,36.6958,3021.96,40.473,1,-1.1851,-1.1517,-0.2371,0.096,0.1439,-0.7146,-0.3528,0.267,-0.658,0.0,-0.9559,-1.0899,-1.2061,-1.2209,-2.0114,0,0,0,1
2026-02-24 21:22:08+05:30,3791.0,3,36.6958,3021.98,40.473,1,-1.1851,-1.1517,-0.232,0.0816,0.1445,-0.7146,-0.3528,0.267,-0.658,0.0,-0.9559,-1.0899,-1.2061,-1.2209,-2.0121,0,0,0,1
2026-02-24 21:22:09+05:30,3792.0,3,36.6958,3022.0,40.473,1,-1.1851,-1.1517,-0.2294,0.0888,0.1445,-0.7146,-0.3528,0.267,-0.658,0.0,-0.9559,-1.0899,-1.2061,-1.2209,-2.0121,0,0,0,1
2026-02-24 21:22:10+05:30,3793.0,3,36.6958,3022.02,40.473,1,-1.1851,-1.1517,-0.232,0.0924,0.1445,-0.7146,-0.3528,0.267,-0.658,0.0,-0.9559,-1.0899,-1.2061,-1.2209,-2.0121,0,0,0,1
2026-02-24 21:22:11+05:30,3794.0,3,36.6958,3022.04,40.474,1,-1.1851,-1.1517,-0.232,0.0888,0.1445,-0.7146,-0.3528,0.267,-0.658,0.0,-0.9559,-1.0899,-1.2061,-1.2209,-2.0121,0,0,0,1
2026-02-24 21:22:12+05:30,3795.0,3,36.6958,3022.06,40.474,1,-1.1851,-1.1517,-0.232,0.0888,0.1445,-0.7146,-0.3528,0.267,-0.658,0.0,-0.9559,-1.0899,-1.2061,-1.2209,-2.0121,0,0,0,1
2026-02-24 21:22:13+05:30,3796.0,3,36.6958,3022.08,40.474,1,-1.1851,-1.1517,-0.232,0.0888,0.1445,-0.7146,-0.3528,0.267,-0.658,0.0,-0.9559,-1.0899,-1.2061,-1.2209,-2.0121,0,0,0,1
2026-02-24 21:22:14+05:30,3797.0,3,36.6958,3022.1,40.474,1,-1.1851,-1.1517,-0.232,0.0888,0.1445,-0.7146,-0.3528,0.267,-0.658,0.0,-0.9559,-1.0899,-1.2061,-1.2209,-2.0121,0,0,0,1
2026-02-24 21:22:15+05:30,3798.0,3,36.6958,3022.12,40.475,1,-1.1851,-1.1517,-0.232,0.0888,0.1445,-0.7146,-0.3528,0.267,-0.658,0.0,-0.9559,-1.0899,-1.2061,-1.2209,-2.0121,0,0,0,1
2026-02-24 21:22:16+05:30,3799.0,3,36.6958,3022.14,40.475,1,-1.1851,-1.1517,-0.232,0.0888,0.1445,-0.7146,-0.3528,0.267,-0.658,0.0,-0.9559,-1.0899,-1.2061,-1.2209,-2.0121,0,0,0,1
2026-02-24 21:22:17+05:30,3800.0,3,36.6958,3022.16,40.475,1,-1.1851,-1.1517,-0.232,0.0888,0.1445,-0.7146,-0.3528,0.267,-0.658,0.0,-0.9559,-1.0899,-1.2061,-1.2209,-2.0121,0,0,0,1
2026-02-24 21:22:18+05:30,3801.0,3,36.6958,3022.18,40.476,1,-1.1851,-1.1517,-0.232,0.0888,0.1445,-0.7146,-0.3528,0.267,-0.658,0.0,-0.9559,-1.0899,-1.2061,-1.2209,-2.0121,0,0,0,1
2026-02-24 21:22:19+05:30,3802.0,3,36.6958,3022.2,40.476,1,-1.1851,-1.1517,-0.232,0.0888,0.1445,-0.7146,-0.3528,0.267,-0.658,0.0,-0.9559,-1.0899,-1.2061,-1.2209,-2.0121,0,0,0,1
2026-02-24 21:22:20+05:30,3803.0,3,36.6958,3022.22,40.476,1,-1.1851,-1.1517,-0.232,0.0888,0.1445,-0.7146,-0.3528,0.267,-0.658,0.0,-0.9559,-1.0899,-1.2061,-1.2209,-2.0121,0,0,0,1
2026-02-24 21:22:21+05:30,3804.0,3,36.6958,3022.24,40.476,1,-1.1851,-1.1517,-0.232,0.0888,0.1445,-0.7146,-0.3528,0.267,-0.658,0.0,-0.9559,-1.0899,-1.2061,-1.2209,-2.0121,0,0,0,1
2026-02-24 21:22:22+05:30,3805.0,3,36.6958,3022.26,40.477,1,-1.1851,-1.1517,-0.232,0.0888,0.1445,-0.7146,-0.3528,0.267,-0.658,0.0,-0.9559,-1.0899,-1.2061,-1.2209,-2.0121,0,0,0,1
2026-02-24 21:22:23+05:30,3806.0,3,36.6958,3022.28,40.477,1,-1.1851,-1.1517,-0.232,0.0888,0.1445,-0.7146,-0.3528,0.267,-0.658,0.0,-0.9559,-1.0899,-1.2061,-1.2209,-2.0121,0,0,0,1
2026-02-24 21:22:24+05:30,3807.0,3,36.6958,3022.3,40.477,1,-1.1851,-1.1517,-0.232,0.0888,0.1445,-0.7146,-0.3528,0.267,-0.658,0.0,-0.9559,-1.0899,-1.2061,-1.2209,-2.0121,0,0,0,1
2026-02-24 21:22:25+05:30,3808.0,3,36.6958,3022.32,40.478,1,-1.1851,-1.1517,-0.232,0.0888,0.1445,-0.7146,-0.3528,0.267,-0.658,0.0,-0.9559,-1.0899,-1.2061,-1.2209,-2.0121,0,0,0,1
2026-02-24 21:22:26+05:30,3809.0,3,36.6958,3022.34,40.478,1,-1.1851,-1.1517,-0.232,0.0888,0.1445,-0.7146,-0.3528,0.267,-0.658,0.0,-0.9559,-1.0899,-1.2061,-1.2209,-2.0121,0,0,0,1
2026-02-24 21:22:27+05:30,3810.0,3,36.6958,3022.36,40.478,1,-1.1851,-1.1517,-0.232,0.0888,0.1445,-0.7146,-0.3528,0.267,-0.658,0.0,-0.9559,-1.0899,-1.2061,-1.2209,-2.0121,0,0,0,1
2026-02-24 21:22:28+05:30,3811.0,3,36.6958,3022.38,40.478,1,-1.1851,-1.1517,-0.232,0.0888,0.1445,-0.7146,-0.3528,0.267,-0.658,0.0,-0.9559,-1.0899,-1.2061,-1.2209,-2.0121,0,0,0,1
2026-02-24 21:22:29+05:30,3812.0,3,36.6958,3022.4,40.479,1,-1.1851,-1.1517,-0.232,0.0888,0.1445,-0.7146,-0.3528,0.267,-0.658,0.0,-0.9559,-1.0899,-1.2061,-1.2209,-2.0121,0,0,0,1
2026-02-24 21:22:30+05:30,3813.0,3,36.6958,3022.42,40.479,1,-1.1851,-1.1517,-0.232,0.0888,0.1445,-0.7146,-0.3528,0.267,-0.658,0.0,-0.9559,-1.0899,-1.2061,-1.2209,-2.0121,0,0,0,1
2026-02-24 21:22:31+05:30,3814.0,3,36.6958,3022.44,40.479,1,-1.1851,-1.1517,-0.232,0.0888,0.1445,-0.7146,-0.3528,0.267,-0.658,0.0,-0.9559,-1.0899,-1.2061,-1.2209,-2.0121,0,0,0,1
2026-02-24 21:22:32+05:30,3815.0,3,36.6958,3022.46,40.479,1,-1.1851,-1.1517,-0.232,0.0888,0.1445,-0.7146,-0.3528,0.267,-0.658,0.0,-0.9559,-1.0899,-1.2061,-1.2209,-2.0121,0,0,0,1
2026-02-24 21:22:33+05:30,3816.0,3,36.6958,3022.48,40.48,1,-1.1851,-1.1517,-0.232,0.0888,0.1445,-0.7146,-0.3528,0.267,-0.658,0.0,-0.9559,-1.0899,-1.2061,-1.2209,-2.0121,0,0,0,1
2026-02-24 21:22:34+05:30,3817.0,3,36.6958,3022.5,40.48,1,-1.1851,-1.1517,-0.232,0.0888,0.1445,-0.7146,-0.3528,0.267,-0.658,0.0,-0.9559,-1.0899,-1.2061,-1.2209,-2.0121,0,0,0,1
