Computer_Time_IST,Packet_ID,Speed_Kmph,RPM,LoRa_Timestamp,MPU_Gx,MPU_Gy,MPU_Gz,Pack_Current_A,Pack_Voltage_V,LoRa_Datetime,dt_s,Elapsed_s,Session_ID,Accel_Kmph_s,Accel_m_s2,Distance_m,Distance_km,Gear_Ratio,IMU_G_Magnitude,IMU_Pitch_deg,IMU_Roll_deg,IMU_Vibration,Pack_Power_W,Pack_Power_kW,Energy_Wh_cum,Charge_Drawn_Ah,SoC_pct,Drive_State,MPU_Gx_LP,MPU_Gy_LP,MPU_Gz_LP,Idle_Flag
12:37:27.948,4648.0,0,0.0,1546306430,0.005,-0.01,-0.01,1.0,80.18,2019-01-01 07:03:50+05:30,0.0,0.0,1,0.0,0.0,0.0,0.0,,0.015,19.47,-41.81,0.0,80.2,0.08,0.0,0.0,85.0,idle,0.005,-0.01,-0.01,1
12:37:28.949,4649.0,0,0.0,1546306431,0.007,-0.01,-0.01,1.0,80.18,2019-01-01 07:03:51+05:30,1.0,1.0,1,0.0,0.0,0.0,0.0,,0.016,26.33,-39.33,0.0,80.2,0.08,0.02,0.0,85.0,idle,0.007,-0.01,-0.0099,1
12:37:29.948,4650.0,0,0.0,1546306432,0.007,-0.01,-0.01,1.0,80.18,2019-01-01 07:03:52+05:30,1.0,2.0,1,0.0,0.0,0.0,0.0,,0.016,26.33,-39.33,0.0,80.2,0.08,0.04,0.001,85.0,idle,0.0071,-0.01,-0.01,1
12:37:30.948,4651.0,0,0.0,1546306433,0.007,-0.01,-0.01,1.0,80.18,2019-01-01 07:03:53+05:30,1.0,3.0,1,0.0,0.0,0.0,0.0,,0.016,26.33,-39.33,0.0,80.2,0.08,0.07,0.001,85.0,idle,0.0066,-0.01,-0.0102,1
12:37:31.948,4652.0,0,0.0,1546306434,0.007,-0.01,-0.01,1.0,80.18,2019-01-01 07:03:54+05:30,1.0,4.0,1,0.0,0.0,0.0,0.0,,0.016,26.33,-39.33,0.0017,80.2,0.08,0.09,0.001,85.0,idle,0.0078,-0.01,-0.0095,1
12:37:32.949,4653.0,0,0.0,1546306435,0.01,-0.01,-0.007,1.0,80.18,2019-01-01 07:03:55+05:30,1.0,5.0,1,0.0,0.0,0.0,0.0,,0.016,39.33,-39.33,0.0017,80.2,0.08,0.11,0.001,85.0,idle,0.0092,-0.01,-0.0076,1
12:37:33.948,4654.0,0,0.0,1546306436,0.007,-0.01,-0.007,1.0,80.18,2019-01-01 07:03:56+05:30,1.0,6.0,1,0.0,0.0,0.0,0.0,,0.014,29.83,-45.29,0.0,80.2,0.08,0.13,0.002,85.0,idle,0.0073,-0.01,-0.0065,1
12:37:34.948,4655.0,0,0.0,1546306437,0.003,-0.01,-0.007,1.0,80.18,2019-01-01 07:03:57+05:30,1.0,7.0,1,0.0,0.0,0.0,0.0,,0.013,13.81,-52.71,0.0017,80.2,0.08,0.16,0.002,85.0,idle,0.003,-0.01,-0.0076,1
12:37:35.948,4656.0,0,0.0,1546306438,0.0,-0.01,-0.01,1.0,80.18,2019-01-01 07:03:58+05:30,1.0,8.0,1,0.0,0.0,0.0,0.0,,0.014,0.0,-45.0,0.0017,80.2,0.08,0.18,0.002,85.0,idle,0.0001,-0.01,-0.0095,1
12:37:36.949,4657.0,0,0.0,1546306439,0.0,-0.01,-0.01,1.0,80.18,2019-01-01 07:03:59+05:30,1.0,9.0,1,0.0,0.0,0.0,0.0,,0.014,0.0,-45.0,0.0,80.2,0.08,0.2,0.002,85.0,idle,-0.0005,-0.01,-0.0102,1
12:37:37.949,4658.0,0,0.0,1546306440,0.0,-0.01,-0.01,1.0,80.18,2019-01-01 07:04:00+05:30,1.0,10.0,1,0.0,0.0,0.0,0.0,,0.014,0.0,-45.0,0.0,80.2,0.08,0.22,0.003,85.0,idle,0.0006,-0.01,-0.01,1
12:37:38.948,4659.0,0,0.0,1546306441,0.003,-0.01,-0.01,1.0,80.18,2019-01-01 07:04:01+05:30,1.0,11.0,1,0.0,0.0,0.0,0.0,,0.014,11.98,-43.77,0.0,80.2,0.08,0.24,0.003,85.0,idle,0.0025,-0.01,-0.0099,1
12:37:39.948,4660.0,0,0.0,1546306442,0.003,-0.01,-0.01,1.0,80.18,2019-01-01 07:04:02+05:30,1.0,12.0,1,0.0,0.0,0.0,0.0,,0.014,11.98,-43.77,0.0,80.2,0.08,0.27,0.003,85.0,idle,0.0033,-0.0099,-0.01,1
12:37:40.948,4661.0,0,0.0,1546306443,0.003,-0.01,-0.01,1.0,80.18,2019-01-01 07:04:03+05:30,1.0,13.0,1,0.0,0.0,0.0,0.0,,0.014,11.98,-43.77,0.0,80.2,0.08,0.29,0.004,85.0,idle,0.0027,-0.01,-0.01,1
12:37:41.949,4662.0,0,0.0,1546306444,0.003,-0.01,-0.01,1.0,80.18,2019-01-01 07:04:04+05:30,1.0,14.0,1,0.0,0.0,0.0,0.0,,0.014,11.98,-43.77,0.0,80.2,0.08,0.31,0.004,85.0,idle,0.0035,-0.0102,-0.01,1
12:37:42.949,4663.0,0,0.0,1546306445,0.007,-0.01,-0.01,1.0,80.18,2019-01-01 07:04:05+05:30,1.0,15.0,1,0.0,0.0,0.0,0.0,,0.016,26.33,-39.33,0.0,80.2,0.08,0.33,0.004,85.0,idle,0.0068,-0.0095,-0.01,1
12:37:43.949,4664.0,0,0.0,1546306446,0.01,-0.007,-0.01,1.0,80.18,2019-01-01 07:04:06+05:30,1.0,16.0,1,0.0,0.0,0.0,0.0,,0.016,39.33,-26.33,0.0,80.2,0.08,0.36,0.004,84.99,idle,0.0098,-0.0076,-0.01,1
12:37:44.948,4665.0,0,0.0,1546306447,0.01,-0.007,-0.01,1.0,80.18,2019-01-01 07:04:07+05:30,1.0,17.0,1,0.0,0.0,0.0,0.0,,0.016,39.33,-26.33,0.0,80.2,0.08,0.38,0.005,84.99,idle,0.0104,-0.0064,-0.01,1
12:37:45.948,4666.0,0,0.0,1546306448,0.01,-0.007,-0.01,1.0,80.18,2019-01-01 07:04:08+05:30,1.0,18.0,1,0.0,0.0,0.0,0.0,,0.016,39.33,-26.33,0.0,80.2,0.08,0.4,0.005,84.99,idle,0.0095,-0.0076,-0.01,1
12:37:46.948,4667.0,0,0.0,1546306449,0.007,-0.01,-0.01,1.0,80.18,2019-01-01 07:04:09+05:30,1.0,19.0,1,0.0,0.0,0.0,0.0,,0.016,26.33,-39.33,0.0,80.2,0.08,0.42,0.005,84.99,idle,0.0078,-0.0095,-0.01,1
12:37:47.948,4668.0,0,0.0,1546306450,0.007,-0.01,-0.01,1.0,80.18,2019-01-01 07:04:10+05:30,1.0,20.0,1,0.0,0.0,0.0,0.0,,0.016,26.33,-39.33,0.0,80.2,0.08,0.45,0.006,84.99,idle,0.0057,-0.0101,-0.01,1
12:37:48.948,4669.0,0,0.0,1546306451,0.003,-0.01,-0.01,1.0,80.18,2019-01-01 07:04:11+05:30,1.0,21.0,1,0.0,0.0,0.0,0.0,,0.014,11.98,-43.77,0.0,80.2,0.08,0.47,0.006,84.99,idle,0.0048,-0.0103,-0.01,1
12:37:49.949,4670.0,0,0.0,1546306452,0.007,-0.01,-0.01,1.0,80.18,2019-01-01 07:04:12+05:30,1.0,22.0,1,0.0,0.0,0.0,0.0,,0.016,26.33,-39.33,0.0,80.2,0.08,0.49,0.006,84.99,idle,0.0052,-0.0098,-0.01,1
12:37:50.949,4671.0,0,0.0,1546306453,0.003,-0.007,-0.01,1.0,80.18,2019-01-01 07:04:13+05:30,1.0,23.0,1,0.0,0.0,0.0,0.0,,0.013,13.81,-33.84,0.0,80.2,0.08,0.51,0.006,84.99,idle,0.0043,-0.0069,-0.01,1
12:37:51.948,4672.0,0,0.0,1546306454,0.003,-0.003,-0.01,1.0,80.18,2019-01-01 07:04:14+05:30,1.0,24.0,1,0.0,0.0,0.0,0.0,,0.011,16.03,-16.03,0.0,80.2,0.08,0.53,0.007,84.99,idle,0.0021,-0.0032,-0.01,1
12:37:52.948,4673.0,0,0.0,1546306455,0.0,-0.003,-0.01,1.0,80.18,2019-01-01 07:04:15+05:30,1.0,25.0,1,0.0,0.0,0.0,0.0,,0.01,0.0,-16.7,0.0,80.2,0.08,0.56,0.007,84.99,idle,0.0009,-0.0031,-0.01,1
12:37:53.948,4674.0,0,0.0,1546306456,0.003,-0.007,-0.01,1.0,80.18,2019-01-01 07:04:16+05:30,1.0,26.0,1,0.0,0.0,0.0,0.0,,0.013,13.81,-33.84,0.0,80.2,0.08,0.58,0.007,84.99,idle,0.002,-0.0069,-0.01,1
12:37:54.948,4675.0,0,0.0,1546306457,0.003,-0.01,-0.01,1.0,80.18,2019-01-01 07:04:17+05:30,1.0,27.0,1,0.0,0.0,0.0,0.0,,0.014,11.98,-43.77,0.0,80.2,0.08,0.6,0.008,84.99,idle,0.0043,-0.0099,-0.01,1
12:37:55.948,4676.0,0,0.0,1546306458,0.007,-0.01,-0.01,1.0,80.18,2019-01-01 07:04:18+05:30,1.0,28.0,1,0.0,0.0,0.0,0.0,,0.016,26.33,-39.33,0.0,80.2,0.08,0.62,0.008,84.99,idle,0.0056,-0.0103,-0.01,1
12:37:56.949,4677.0,0,0.0,1546306459,0.003,-0.01,-0.01,1.0,80.18,2019-01-01 07:04:19+05:30,1.0,29.0,1,0.0,0.0,0.0,0.0,,0.014,11.98,-43.77,0.0,80.2,0.08,0.65,0.008,84.99,idle,0.0043,-0.0099,-0.01,1
12:37:57.949,4678.0,0,0.0,1546306460,0.003,-0.01,-0.01,1.0,80.18,2019-01-01 07:04:20+05:30,1.0,30.0,1,0.0,0.0,0.0,0.0,,0.014,11.98,-43.77,0.0,80.2,0.08,0.67,0.008,84.99,idle,0.0019,-0.0099,-0.01,1
12:37:58.948,4679.0,0,0.0,1546306461,0.0,-0.01,-0.01,1.0,80.18,2019-01-01 07:04:21+05:30,1.0,31.0,1,0.0,0.0,0.0,0.0,,0.014,0.0,-45.0,0.0,80.2,0.08,0.69,0.009,84.99,idle,0.0009,-0.0101,-0.01,1
12:37:59.948,4680.0,0,0.0,1546306462,0.003,-0.01,-0.01,1.0,80.18,2019-01-01 07:04:22+05:30,1.0,32.0,1,0.0,0.0,0.0,0.0,,0.014,11.98,-43.77,0.0,80.2,0.08,0.71,0.009,84.99,idle,0.0024,-0.0102,-0.01,1
12:38:00.948,4681.0,0,0.0,1546306463,0.003,-0.01,-0.01,1.0,80.18,2019-01-01 07:04:23+05:30,1.0,33.0,1,0.0,0.0,0.0,0.0,,0.014,11.98,-43.77,0.0,80.2,0.08,0.73,0.009,84.99,idle,0.0036,-0.0095,-0.01,1
12:38:01.948,4682.0,0,0.0,1546306464,0.003,-0.007,-0.01,1.0,80.18,2019-01-01 07:04:24+05:30,1.0,34.0,1,0.0,0.0,0.0,0.0,,0.013,13.81,-33.84,0.0,80.2,0.08,0.76,0.009,84.99,idle,0.0022,-0.0075,-0.01,1
12:38:02.949,4683.0,0,0.0,1546306465,0.0,-0.007,-0.01,1.0,80.18,2019-01-01 07:04:25+05:30,1.0,35.0,1,0.0,0.0,0.0,0.0,,0.012,0.0,-34.99,0.0,80.2,0.08,0.78,0.01,84.99,idle,0.0007,-0.0065,-0.01,1
12:38:03.949,4684.0,0,0.0,1546306466,0.003,-0.007,-0.01,1.0,80.18,2019-01-01 07:04:26+05:30,1.0,36.0,1,0.0,0.0,0.0,0.0,,0.013,13.81,-33.84,0.0,80.2,0.08,0.8,0.01,84.99,idle,0.0028,-0.0076,-0.01,1
12:38:04.949,4685.0,0,0.0,1546306467,0.007,-0.01,-0.01,1.0,80.18,2019-01-01 07:04:27+05:30,1.0,37.0,1,0.0,0.0,0.0,0.0,,0.016,26.33,-39.33,0.0,80.2,0.08,0.82,0.01,84.99,idle,0.0067,-0.0093,-0.01,1
12:38:05.948,4686.0,0,0.0,1546306468,0.007,-0.01,-0.01,1.0,80.18,2019-01-01 07:04:28+05:30,1.0,38.0,1,0.0,0.0,0.0,0.0,,0.016,26.33,-39.33,0.0,80.2,0.08,0.85,0.011,84.99,idle,0.0077,-0.0103,-0.01,1
12:38:06.948,4687.0,0,0.0,1546306469,0.007,-0.01,-0.01,1.0,80.18,2019-01-01 07:04:29+05:30,1.0,39.0,1,0.0,0.0,0.0,0.0,,0.016,26.33,-39.33,0.0,80.2,0.08,0.87,0.011,84.99,idle,0.0058,-0.0106,-0.01,1
12:38:07.948,4688.0,0,0.0,1546306470,0.003,-0.01,-0.01,1.0,80.18,2019-01-01 07:04:30+05:30,1.0,40.0,1,0.0,0.0,0.0,0.0,,0.014,11.98,-43.77,0.0,80.2,0.08,0.89,0.011,84.99,idle,0.0047,-0.0087,-0.01,1
12:38:08.948,4689.0,0,0.0,1546306471,0.007,-0.003,-0.01,1.0,80.18,2019-01-01 07:04:31+05:30,1.0,41.0,1,0.0,0.0,0.0,0.0,,0.013,33.84,-13.81,0.0,80.2,0.08,0.91,0.011,84.99,idle,0.0052,-0.0044,-0.01,1
12:38:09.949,4690.0,0,0.0,1546306472,0.003,-0.003,-0.01,1.0,80.18,2019-01-01 07:04:32+05:30,1.0,42.0,1,0.0,0.0,0.0,0.0,,0.011,16.03,-16.03,0.0,80.2,0.08,0.94,0.012,84.99,idle,0.0044,-0.0017,-0.01,1
12:38:10.949,4691.0,0,0.0,1546306473,0.003,-0.003,-0.01,1.0,80.18,2019-01-01 07:04:33+05:30,1.0,43.0,1,0.0,0.0,0.0,0.0,,0.011,16.03,-16.03,0.0,80.2,0.08,0.96,0.012,84.99,idle,0.0021,-0.0043,-0.01,1
12:38:11.948,4692.0,0,0.0,1546306474,0.0,-0.01,-0.01,1.0,80.18,2019-01-01 07:04:34+05:30,1.0,44.0,1,0.0,0.0,0.0,0.0,,0.014,0.0,-45.0,0.0,80.2,0.08,0.98,0.012,84.99,idle,0.0004,-0.0088,-0.01,1
12:38:12.948,4693.0,0,0.0,1546306475,0.0,-0.01,-0.01,1.0,80.18,2019-01-01 07:04:35+05:30,1.0,45.0,1,0.0,0.0,0.0,0.0,,0.014,0.0,-45.0,0.0,80.2,0.08,1.0,0.012,84.99,idle,0.0,-0.0106,-0.01,1
12:38:13.948,4694.0,0,0.0,1546306476,0.0,-0.01,-0.01,1.0,80.18,2019-01-01 07:04:36+05:30,1.0,46.0,1,0.0,0.0,0.0,0.0,,0.014,0.0,-45.0,0.0,80.2,0.08,1.02,0.013,84.98,idle,-0.0003,-0.01,-0.01,1
12:38:14.948,4695.0,0,0.0,1546306477,0.0,-0.01,-0.01,1.0,80.18,2019-01-01 07:04:37+05:30,1.0,47.0,1,0.0,0.0,0.0,0.0,,0.014,0.0,-45.0,0.0,80.2,0.08,1.05,0.013,84.98,idle,0.0001,-0.0098,-0.01,1
12:38:15.948,4696.0,0,0.0,1546306478,0.003,-0.01,-0.01,1.0,80.18,2019-01-01 07:04:38+05:30,1.0,48.0,1,0.0,0.0,0.0,0.0,,0.014,11.98,-43.77,0.0,80.2,0.08,1.07,0.013,84.98,idle,0.0032,-0.0101,-0.01,1
12:38:16.949,4697.0,0,0.0,1546306479,0.007,-0.01,-0.01,1.0,80.18,2019-01-01 07:04:39+05:30,1.0,49.0,1,0.0,0.0,0.0,0.0,,0.016,26.33,-39.33,0.0,80.2,0.08,1.09,0.014,84.98,idle,0.0068,-0.01,-0.01,1
12:38:17.949,4698.0,0,0.0,1546306480,0.007,-0.01,-0.01,1.0,80.18,2019-01-01 07:04:40+05:30,1.0,50.0,1,0.0,0.0,0.0,0.0,,0.016,26.33,-39.33,0.0,80.2,0.08,1.11,0.014,84.98,idle,0.0066,-0.0099,-0.01,1
12:38:18.948,4699.0,0,0.0,1546306481,0.003,-0.01,-0.01,1.0,80.18,2019-01-01 07:04:41+05:30,1.0,51.0,1,0.0,0.0,0.0,0.0,,0.014,11.98,-43.77,0.0,80.2,0.08,1.14,0.014,84.98,idle,0.0036,-0.01,-0.01,1
12:38:19.948,4700.0,0,0.0,1546306482,0.003,-0.01,-0.01,1.0,80.18,2019-01-01 07:04:42+05:30,1.0,52.0,1,0.0,0.0,0.0,0.0,,0.014,11.98,-43.77,0.0,80.2,0.08,1.16,0.014,84.98,idle,0.0026,-0.01,-0.01,1
12:38:20.948,4701.0,0,0.0,1546306483,0.003,-0.01,-0.01,1.0,80.18,2019-01-01 07:04:43+05:30,1.0,53.0,1,0.0,0.0,0.0,0.0,,0.014,11.98,-43.77,0.0,80.2,0.08,1.18,0.015,84.98,idle,0.0033,-0.0099,-0.01,1
12:38:21.949,4702.0,0,0.0,1546306484,0.003,-0.01,-0.01,1.0,80.17,2019-01-01 07:04:44+05:30,1.0,54.0,1,0.0,0.0,0.0,0.0,,0.014,11.98,-43.77,0.0,80.2,0.08,1.2,0.015,84.98,idle,0.0024,-0.01,-0.01,1
12:38:22.949,4703.0,0,0.0,1546306485,0.0,-0.01,-0.01,1.0,80.17,2019-01-01 07:04:45+05:30,1.0,55.0,1,0.0,0.0,0.0,0.0,,0.014,0.0,-45.0,0.0,80.2,0.08,1.22,0.015,84.98,idle,0.0009,-0.0103,-0.01,1
12:38:23.949,4704.0,0,0.0,1546306486,0.003,-0.01,-0.01,1.0,80.17,2019-01-01 07:04:46+05:30,1.0,56.0,1,0.0,0.0,0.0,0.0,,0.014,11.98,-43.77,0.0,80.2,0.08,1.25,0.016,84.98,idle,0.0019,-0.0095,-0.01,1
12:38:24.948,4705.0,0,0.0,1546306487,0.003,-0.007,-0.01,1.0,80.17,2019-01-01 07:04:47+05:30,1.0,57.0,1,0.0,0.0,0.0,0.0,,0.013,13.81,-33.84,0.0,80.2,0.08,1.27,0.016,84.98,idle,0.0044,-0.0075,-0.01,1
12:38:25.948,4706.0,0,0.0,1546306488,0.007,-0.007,-0.01,1.0,80.17,2019-01-01 07:04:48+05:30,1.0,58.0,1,0.0,0.0,0.0,0.0,,0.014,29.83,-29.83,0.0,80.2,0.08,1.29,0.016,84.98,idle,0.0052,-0.0065,-0.01,1
12:38:26.948,4707.0,0,0.0,1546306489,0.003,-0.007,-0.01,1.0,80.17,2019-01-01 07:04:49+05:30,1.0,59.0,1,0.0,0.0,0.0,0.0,,0.013,13.81,-33.84,0.0,80.2,0.08,1.31,0.016,84.98,idle,0.0047,-0.0078,-0.01,1
12:38:27.949,4708.0,0,0.0,1546306490,0.007,-0.01,-0.01,1.0,80.17,2019-01-01 07:04:50+05:30,1.0,60.0,1,0.0,0.0,0.0,0.0,,0.016,26.33,-39.33,0.0,80.2,0.08,1.34,0.017,84.98,idle,0.0059,-0.009,-0.01,1
12:38:28.949,4709.0,0,0.0,1546306491,0.007,-0.007,-0.01,1.0,80.17,2019-01-01 07:04:51+05:30,1.0,61.0,1,0.0,0.0,0.0,0.0,,0.014,29.83,-29.83,0.0,80.2,0.08,1.36,0.017,84.98,idle,0.0076,-0.0078,-0.01,1
12:38:29.949,4710.0,0,0.0,1546306492,0.007,-0.007,-0.01,1.0,80.17,2019-01-01 07:04:52+05:30,1.0,62.0,1,0.0,0.0,0.0,0.0,,0.014,29.83,-29.83,0.0,80.2,0.08,1.38,0.017,84.98,idle,0.0066,-0.0065,-0.01,1
12:38:30.948,4711.0,0,0.0,1546306493,0.003,-0.007,-0.01,1.0,80.17,2019-01-01 07:04:53+05:30,1.0,63.0,1,0.0,0.0,0.0,0.0,,0.013,13.81,-33.84,0.0,80.2,0.08,1.4,0.018,84.98,idle,0.0031,-0.0075,-0.01,1
12:38:31.948,4712.0,0,0.0,1546306494,0.0,-0.01,-0.01,1.0,80.17,2019-01-01 07:04:54+05:30,1.0,64.0,1,0.0,0.0,0.0,0.0,,0.014,0.0,-45.0,0.0,80.2,0.08,1.43,0.018,84.98,idle,0.0003,-0.0094,-0.01,1
12:38:32.948,4713.0,0,0.0,1546306495,0.0,-0.01,-0.01,1.0,80.17,2019-01-01 07:04:55+05:30,1.0,65.0,1,0.0,0.0,0.0,0.0,,0.014,0.0,-45.0,0.0,80.2,0.08,1.45,0.018,84.98,idle,-0.0006,-0.0102,-0.01,1
12:38:33.948,4714.0,0,0.0,1546306496,0.0,-0.01,-0.01,1.0,80.17,2019-01-01 07:04:56+05:30,1.0,66.0,1,0.0,0.0,0.0,0.0,,0.014,0.0,-45.0,0.0,80.2,0.08,1.47,0.018,84.98,idle,0.0004,-0.0103,-0.01,1
12:38:34.949,4715.0,0,0.0,1546306497,0.003,-0.01,-0.01,1.0,80.17,2019-01-01 07:04:57+05:30,1.0,67.0,1,0.0,0.0,0.0,0.0,,0.014,11.98,-43.77,0.0,80.2,0.08,1.49,0.019,84.98,idle,0.0031,-0.0095,-0.0101,1
12:38:35.949,4716.0,0,0.0,1546306498,0.007,-0.007,-0.01,1.0,80.17,2019-01-01 07:04:58+05:30,1.0,68.0,1,0.0,0.0,0.0,0.0,,0.014,29.83,-29.83,0.0017,80.2,0.08,1.51,0.019,84.98,idle,0.0064,-0.0074,-0.0096,1
12:38:36.948,4717.0,0,0.0,1546306499,0.007,-0.007,-0.007,1.0,80.17,2019-01-01 07:04:59+05:30,1.0,69.0,1,0.0,0.0,0.0,0.0,,0.012,35.26,-35.26,0.0017,80.2,0.08,1.54,0.019,84.98,idle,0.0077,-0.0065,-0.0079,1
12:38:37.948,4718.0,0,0.0,1546306500,0.007,-0.007,-0.007,1.0,80.17,2019-01-01 07:05:00+05:30,1.0,70.0,1,0.0,0.0,0.0,0.0,,0.012,35.26,-35.26,0.0023,80.2,0.08,1.56,0.019,84.98,idle,0.0063,-0.0081,-0.0057,1
12:38:38.949,4719.0,0,0.0,1546306501,0.003,-0.01,-0.003,1.0,80.17,2019-01-01 07:05:01+05:30,1.0,71.0,1,0.0,0.0,0.0,0.0,,0.011,16.03,-67.01,0.0023,80.2,0.08,1.58,0.02,84.98,idle,0.0037,-0.0083,-0.0045,1
12:38:39.949,4720.0,0,0.0,1546306502,0.003,-0.003,-0.007,1.0,80.17,2019-01-01 07:05:02+05:30,1.0,72.0,1,0.0,0.0,0.0,0.0,,0.008,21.5,-21.5,0.0023,80.2,0.08,1.6,0.02,84.98,idle,0.0023,-0.0045,-0.0057,1
12:38:40.948,4721.0,0,0.0,1546306503,0.003,-0.003,-0.007,1.0,80.17,2019-01-01 07:05:03+05:30,1.0,73.0,1,0.0,0.0,0.0,0.0,,0.008,21.5,-21.5,0.0017,80.2,0.08,1.63,0.02,84.98,idle,0.0037,-0.0018,-0.0079,1
12:38:41.948,4722.0,0,0.0,1546306504,0.007,-0.003,-0.01,1.0,80.17,2019-01-01 07:05:04+05:30,1.0,74.0,1,0.0,0.0,0.0,0.0,,0.013,33.84,-13.81,0.0017,80.2,0.08,1.65,0.021,84.98,idle,0.0064,-0.0045,-0.0095,1
12:38:42.949,4723.0,0,0.0,1546306505,0.007,-0.01,-0.01,1.0,80.17,2019-01-01 07:05:05+05:30,1.0,75.0,1,0.0,0.0,0.0,0.0,,0.016,26.33,-39.33,0.0,80.2,0.08,1.67,0.021,84.98,idle,0.0073,-0.0083,-0.0101,1
12:38:43.949,4724.0,0,0.0,1546306506,0.007,-0.007,-0.01,1.0,80.17,2019-01-01 07:05:06+05:30,1.0,76.0,1,0.0,0.0,0.0,0.0,,0.014,29.83,-29.83,0.0,80.2,0.08,1.69,0.021,84.98,idle,0.0068,-0.0082,-0.01,1
12:38:44.948,4725.0,0,0.0,1546306507,0.007,-0.007,-0.01,1.0,80.17,2019-01-01 07:05:07+05:30,1.0,77.0,1,0.0,0.0,0.0,0.0,,0.014,29.83,-29.83,0.0,80.2,0.08,1.71,0.021,84.97,idle,0.0075,-0.0065,-0.0099,1
12:38:45.948,4726.0,0,0.0,1546306508,0.01,-0.007,-0.01,1.0,80.17,2019-01-01 07:05:08+05:30,1.0,78.0,1,0.0,0.0,0.0,0.0,,0.016,39.33,-26.33,0.0,80.2,0.08,1.74,0.022,84.97,idle,0.0094,-0.0073,-0.01,1
12:38:46.949,4727.0,0,0.0,1546306509,0.01,-0.01,-0.01,1.0,80.17,2019-01-01 07:05:09+05:30,1.0,79.0,1,0.0,0.0,0.0,0.0,,0.017,35.26,-35.26,0.0,80.2,0.08,1.76,0.022,84.97,idle,0.0103,-0.0097,-0.01,1
12:38:47.949,4728.0,0,0.0,1546306510,0.01,-0.01,-0.01,1.0,80.17,2019-01-01 07:05:10+05:30,1.0,80.0,1,0.0,0.0,0.0,0.0,,0.017,35.26,-35.26,0.0,80.2,0.08,1.78,0.022,84.97,idle,0.01,-0.0103,-0.01,1
12:38:48.948,4729.0,0,0.0,1546306511,0.01,-0.01,-0.01,1.0,80.17,2019-01-01 07:05:11+05:30,1.0,81.0,1,0.0,0.0,0.0,0.0,,0.017,35.26,-35.26,0.0,80.2,0.08,1.8,0.022,84.97,idle,0.0098,-0.0096,-0.0099,1
12:38:49.949,4730.0,0,0.0,1546306512,0.01,-0.01,-0.01,1.0,80.17,2019-01-01 07:05:12+05:30,1.0,82.0,1,0.0,0.0,0.0,0.0,,0.017,35.26,-35.26,0.0,80.2,0.08,1.83,0.023,84.97,idle,0.0102,-0.0104,-0.0101,1
12:38:50.949,4731.0,0,0.0,1546306513,0.01,-0.013,-0.01,1.0,80.17,2019-01-01 07:05:13+05:30,1.0,83.0,1,0.0,0.0,0.0,0.0,,0.019,31.37,-42.59,0.0,80.2,0.08,1.85,0.023,84.97,idle,0.0099,-0.0128,-0.0101,1
12:38:51.948,4732.0,0,0.0,1546306514,0.007,-0.013,-0.01,1.0,80.17,2019-01-01 07:05:14+05:30,1.0,84.0,1,0.0,0.0,0.0,0.0,,0.018,23.11,-46.8,0.0,80.2,0.08,1.87,0.023,84.97,idle,0.0069,-0.0131,-0.0097,1
12:38:52.948,4733.0,0,0.0,1546306515,0.003,-0.01,-0.01,1.0,80.17,2019-01-01 07:05:15+05:30,1.0,85.0,1,0.0,0.0,0.0,0.0,,0.014,11.98,-43.77,0.0,80.2,0.08,1.89,0.024,84.97,idle,0.003,-0.0096,-0.0102,1
12:38:53.948,4734.0,0,0.0,1546306516,0.003,-0.007,-0.01,1.0,80.17,2019-01-01 07:05:16+05:30,1.0,86.0,1,0.0,0.0,0.0,0.0,,0.013,13.81,-33.84,0.0,80.2,0.08,1.92,0.024,84.97,idle,0.0027,-0.0071,-0.0107,1
12:38:54.949,4735.0,0,0.0,1546306517,0.003,-0.007,-0.01,1.0,80.17,2019-01-01 07:05:17+05:30,1.0,87.0,1,0.0,0.0,0.0,0.0,,0.013,13.81,-33.84,0.0,80.2,0.08,1.94,0.024,84.97,idle,0.0049,-0.0083,-0.0084,1
12:38:55.949,4736.0,0,0.0,1546306518,0.007,-0.01,-0.01,1.0,80.17,2019-01-01 07:05:18+05:30,1.0,88.0,1,0.0,0.0,0.0,0.0,,0.016,26.33,-39.33,0.0058,80.2,0.08,1.96,0.024,84.97,idle,0.0026,-0.007,-0.0105,1
12:38:56.948,4737.0,0,0.0,1546306519,-0.007,0.003,-0.02,1.0,80.17,2019-01-01 07:05:19+05:30,1.0,89.0,1,0.0,0.0,0.0,0.0,,0.021,-19.09,8.06,0.0068,80.2,0.08,1.98,0.025,84.97,idle,-0.0011,-0.0005,-0.0215,1
12:38:57.948,4738.0,0,0.12,1546306520,0.01,0.0,-0.007,1.0,80.17,2019-01-01 07:05:20+05:30,1.0,90.0,1,0.5,0.139,0.0,0.0,,0.012,55.01,0.0,0.0561,80.2,0.08,2.0,0.025,84.97,idle,0.0039,0.0033,-0.0065,1
12:38:58.949,4739.0,1,30.78,1546306521,0.007,0.003,0.083,4.39,80.1,2019-01-01 07:05:21+05:30,1.0,91.0,1,1.5,0.417,0.28,0.0003,,0.083,4.82,2.06,0.1106,351.6,0.352,2.1,0.026,84.97,accel,0.0136,-0.0003,0.0841,0
12:38:59.949,4740.0,3,73.22,1546306522,0.02,-0.007,0.213,7.63,80.04,2019-01-01 07:05:22+05:30,1.0,92.0,1,2.0,0.556,1.11,0.0011,24.41,0.214,5.36,-1.87,0.0989,610.7,0.611,2.27,0.028,84.97,accel,0.0125,-0.0041,0.2161,0
12:39:00.948,4741.0,5,111.98,1546306523,-0.007,0.0,0.277,7.57,80.04,2019-01-01 07:05:23+05:30,1.0,93.0,1,2.0,0.556,2.5,0.0025,22.4,0.277,-1.45,0.0,0.0506,605.9,0.606,2.44,0.03,84.96,accel,-0.0001,-0.0016,0.2683,0
12:39:01.948,4742.0,7,136.14,1546306524,-0.003,0.003,0.177,8.6,80.02,2019-01-01 07:05:24+05:30,1.0,94.0,1,1.0,0.278,4.44,0.0044,19.45,0.177,-0.97,0.97,0.1102,688.2,0.688,2.63,0.033,84.96,accel,-0.008,0.0032,0.1841,0
12:39:02.948,4743.0,7,136.02,1546306525,-0.007,0.003,0.057,8.0,80.03,2019-01-01 07:05:25+05:30,1.0,95.0,1,-1.0,-0.278,6.39,0.0064,19.43,0.058,-6.99,2.99,0.0993,640.2,0.64,2.81,0.035,84.96,decel,-0.0036,0.0037,0.0532,0
12:39:03.949,4744.0,5,105.36,1546306526,0.007,0.0,-0.02,6.56,80.06,2019-01-01 07:05:26+05:30,1.0,96.0,1,-2.0,-0.556,7.78,0.0078,21.07,0.021,19.29,0.0,0.0419,525.2,0.525,2.95,0.037,84.96,decel,0.0047,-0.0008,-0.0148,0
12:39:04.948,4745.0,3,62.92,1546306527,0.007,-0.007,-0.01,4.56,80.1,2019-01-01 07:05:27+05:30,1.0,97.0,1,-2.0,-0.556,8.61,0.0086,20.97,0.014,29.83,-29.83,0.0058,365.3,0.365,3.06,0.038,84.96,decel,0.008,-0.0065,-0.0163,0
12:39:05.948,4746.0,1,24.16,1546306528,0.007,-0.01,-0.01,2.56,80.14,2019-01-01 07:05:28+05:30,1.0,98.0,1,-1.5,-0.417,8.89,0.0089,,0.016,26.33,-39.33,0.0,205.2,0.205,3.11,0.039,84.95,decel,0.007,-0.01,-0.0069,0
12:39:06.948,4747.0,0,0.0,1546306529,0.007,-0.01,-0.01,1.0,80.17,2019-01-01 07:05:29+05:30,1.0,99.0,1,-0.5,-0.139,8.89,0.0089,,0.016,26.33,-39.33,0.0,80.2,0.08,3.14,0.039,84.95,idle,0.0065,-0.0103,-0.009,1
12:39:07.948,4748.0,0,0.0,1546306530,0.007,-0.01,-0.01,1.0,80.17,2019-01-01 07:05:30+05:30,1.0,100.0,1,0.0,0.0,8.89,0.0089,,0.016,26.33,-39.33,0.0,80.2,0.08,3.16,0.039,84.95,idle,0.0078,-0.0097,-0.0127,1
12:39:08.949,4749.0,0,0.0,1546306531,0.01,-0.01,-0.01,1.0,80.17,2019-01-01 07:05:31+05:30,1.0,101.0,1,0.0,0.0,8.89,0.0089,,0.017,35.26,-35.26,0.0,80.2,0.08,3.18,0.04,84.95,idle,0.0093,-0.0101,-0.0094,1
12:39:09.949,4750.0,0,0.0,1546306532,0.01,-0.01,-0.01,1.0,80.17,2019-01-01 07:05:32+05:30,1.0,102.0,1,0.0,0.0,8.89,0.0089,,0.017,35.26,-35.26,0.0,80.2,0.08,3.2,0.04,84.95,idle,0.0102,-0.0103,-0.0058,1
12:39:10.948,4751.0,0,0.0,1546306533,0.01,-0.01,-0.01,1.0,80.17,2019-01-01 07:05:33+05:30,1.0,103.0,1,0.0,0.0,8.89,0.0089,,0.017,35.26,-35.26,0.0,80.2,0.08,3.22,0.04,84.95,idle,0.0106,-0.0091,-0.0166,1
12:39:11.948,4752.0,0,0.0,1546306534,0.01,-0.007,-0.01,1.0,80.17,2019-01-01 07:05:34+05:30,1.0,104.0,1,0.0,0.0,8.89,0.0089,,0.016,39.33,-26.33,0.0635,80.2,0.08,3.25,0.041,84.95,idle,0.0087,-0.008,-0.0089,1
12:39:12.949,4753.0,0,0.0,1546306535,0.0,-0.007,0.1,1.0,80.17,2019-01-01 07:05:35+05:30,1.0,105.0,1,0.0,0.0,8.89,0.0089,,0.1,0.0,-4.0,0.1845,80.2,0.08,3.27,0.041,84.95,idle,0.0018,-0.0068,0.1064,1
12:39:13.949,4754.0,0,0.96,1546306536,-0.007,0.0,0.35,1.0,80.17,2019-01-01 07:05:36+05:30,1.0,106.0,1,0.5,0.139,8.89,0.0089,,0.35,-1.15,0.0,0.2207,80.2,0.08,3.29,0.041,84.95,idle,-0.009,0.0007,0.3421,1
12:39:14.948,4755.0,1,32.62,1546306537,-0.017,0.017,0.54,4.01,80.11,2019-01-01 07:05:37+05:30,1.0,107.0,1,2.0,0.556,9.17,0.0092,,0.541,-1.8,1.8,0.1229,321.2,0.321,3.38,0.042,84.95,accel,-0.0159,0.0161,0.55,0
12:39:15.948,4756.0,4,81.32,1546306538,-0.013,0.027,0.58,7.48,80.04,2019-01-01 07:05:38+05:30,1.0,108.0,1,2.5,0.694,10.28,0.0103,20.33,0.581,-1.28,2.66,0.1098,598.7,0.599,3.55,0.044,84.95,accel,-0.0123,0.0281,0.5638,0
12:39:16.949,4757.0,6,131.66,1546306539,0.0,0.027,0.373,9.25,80.0,2019-01-01 07:05:39+05:30,1.0,109.0,1,2.0,0.556,11.94,0.0119,21.94,0.374,0.0,4.14,0.1966,740.0,0.74,3.75,0.047,84.94,accel,-0.0025,0.0253,0.3897,0
12:39:17.949,4758.0,8,171.34,1546306540,-0.0,0.01,0.187,10.7,79.97,2019-01-01 07:05:40+05:30,1.0,110.0,1,2.0,0.556,14.17,0.0142,21.42,0.187,-0.0,3.06,0.1683,855.7,0.856,3.99,0.05,84.94,accel,0.0036,0.0117,0.1768,0
12:39:18.948,4759.0,10,199.7,1546306541,0.007,0.0,0.037,11.93,79.94,2019-01-01 07:05:41+05:30,1.0,111.0,1,0.5,0.139,16.94,0.0169,19.97,0.038,10.71,0.0,0.1017,953.7,0.954,4.26,0.053,84.94,cruise,0.0031,-0.0008,0.0411,0
12:39:19.948,4760.0,9,186.3,1546306542,-0.003,-0.007,-0.007,10.0,79.98,2019-01-01 07:05:42+05:30,1.0,112.0,1,-1.5,-0.417,19.44,0.0194,20.7,0.01,-16.86,-42.59,0.0263,799.8,0.8,4.48,0.056,84.93,decel,0.0006,-0.0071,-0.0073,0
12:39:20.949,4761.0,7,137.6,1546306543,0.003,-0.01,-0.01,8.24,80.02,2019-01-01 07:05:43+05:30,1.0,113.0,1,-2.5,-0.694,21.39,0.0214,19.66,0.014,11.98,-43.77,0.0017,659.4,0.659,4.66,0.058,84.93,decel,0.0004,-0.0096,-0.0114,0
12:39:21.948,4762.0,4,87.26,1546306544,0.0,-0.01,-0.01,5.0,80.08,2019-01-01 07:05:44+05:30,1.0,114.0,1,-2.5,-0.694,22.5,0.0225,21.82,0.014,0.0,-45.0,0.0,400.4,0.4,4.77,0.06,84.93,decel,0.0014,-0.0102,-0.0091,0
12:39:22.948,4763.0,2,47.58,1546306545,0.003,-0.01,-0.01,3.24,80.12,2019-01-01 07:05:45+05:30,1.0,115.0,1,-2.0,-0.556,23.06,0.0231,23.79,0.014,11.98,-43.77,0.0,259.6,0.26,4.84,0.06,84.93,decel,0.0022,-0.01,-0.01,0
12:39:23.948,4764.0,0,18.26,1546306546,0.003,-0.01,-0.01,1.0,80.16,2019-01-01 07:05:46+05:30,1.0,116.0,1,-1.0,-0.278,23.06,0.0231,,0.014,11.98,-43.77,0.0,80.2,0.08,4.87,0.061,84.93,idle,0.0037,-0.0099,-0.0099,1
12:39:24.949,4765.0,0,0.0,1546306547,0.007,-0.01,-0.01,1.0,80.16,2019-01-01 07:05:47+05:30,1.0,117.0,1,0.0,0.0,23.06,0.0231,,0.016,26.33,-39.33,0.0,80.2,0.08,4.89,0.061,84.93,idle,0.0062,-0.0101,-0.0101,1
12:39:25.948,4766.0,0,0.0,1546306548,0.007,-0.01,-0.01,1.0,80.16,2019-01-01 07:05:48+05:30,1.0,118.0,1,0.0,0.0,23.06,0.0231,,0.016,26.33,-39.33,0.0,80.2,0.08,4.91,0.061,84.93,idle,0.0078,-0.0099,-0.0111,1
12:39:26.948,4767.0,0,0.0,1546306549,0.007,-0.01,-0.01,1.0,80.16,2019-01-01 07:05:49+05:30,1.0,119.0,1,0.0,0.0,23.06,0.0231,,0.016,26.33,-39.33,0.0,80.2,0.08,4.93,0.062,84.93,idle,0.0064,-0.01,-0.0078,1
12:39:27.949,4768.0,0,0.0,1546306550,0.003,-0.01,-0.01,1.0,80.16,2019-01-01 07:05:50+05:30,1.0,120.0,1,0.0,0.0,23.06,0.0231,,0.014,11.98,-43.77,0.0058,80.2,0.08,4.96,0.062,84.93,idle,0.0028,-0.0102,-0.0095,1
12:39:28.949,4769.0,0,0.0,1546306551,0.0,-0.01,-0.02,1.0,80.16,2019-01-01 07:05:51+05:30,1.0,121.0,1,0.0,0.0,23.06,0.0231,,0.022,0.0,-26.57,0.0191,80.2,0.08,4.98,0.062,84.93,idle,0.0012,-0.0097,-0.0273,1
12:39:29.948,4770.0,0,0.0,1546306552,0.007,-0.01,-0.047,1.0,80.16,2019-01-01 07:05:52+05:30,1.0,122.0,1,0.5,0.139,23.06,0.0231,,0.049,8.29,-11.88,0.0391,80.2,0.08,5.0,0.062,84.93,idle,0.0046,-0.0095,-0.0327,1
12:39:30.949,4771.0,1,28.64,1546306553,0.007,-0.007,0.03,4.52,80.09,2019-01-01 07:05:53+05:30,1.0,123.0,1,2.0,0.556,23.33,0.0233,,0.032,12.8,-12.8,0.0385,362.0,0.362,5.1,0.064,84.93,accel,0.0108,-0.0098,0.0059,0
12:39:31.949,4772.0,4,78.28,1546306554,0.02,-0.017,-0.01,59.04,78.99,2019-01-01 07:05:54+05:30,1.0,124.0,1,3.0,0.833,24.44,0.0244,19.57,0.028,45.4,-37.24,0.0595,4663.6,4.664,6.4,0.08,84.91,accel,0.0149,-0.0108,0.0395,0
12:39:32.948,4773.0,7,2126.06,1546306555,0.01,-0.007,0.107,61.59,78.94,2019-01-01 07:05:55+05:30,1.0,125.0,1,3.0,0.833,26.39,0.0264,303.72,0.108,5.33,-3.73,0.1323,4861.9,4.862,7.75,0.097,84.89,accel,0.0158,-0.0161,0.0134,0
12:39:33.948,4774.0,10,2189.92,1546306556,0.023,-0.033,-0.157,16.51,79.84,2019-01-01 07:05:56+05:30,1.0,126.0,1,3.0,0.833,29.17,0.0292,218.99,0.162,8.16,-11.75,0.1585,1318.2,1.318,8.11,0.102,84.88,accel,0.0173,-0.0231,-0.0208,0
12:39:34.949,4775.0,13,2272.78,1546306557,0.017,-0.01,0.127,18.93,79.79,2019-01-01 07:05:57+05:30,1.0,127.0,1,3.0,0.833,32.78,0.0328,174.83,0.129,7.6,-4.46,0.1823,1510.4,1.51,8.53,0.107,84.87,accel,0.0213,-0.019,-0.0269,0
12:39:35.948,4776.0,16,2332.64,1546306558,0.023,-0.007,-0.213,21.5,79.73,2019-01-01 07:05:58+05:30,1.0,128.0,1,3.0,0.833,37.22,0.0372,145.79,0.214,6.16,-1.87,0.1707,1714.2,1.714,9.01,0.113,84.87,accel,0.0217,0.0008,-0.0666,0
12:39:36.948,4777.0,19,2379.04,1546306559,0.013,0.027,-0.017,21.04,79.74,2019-01-01 07:05:59+05:30,1.0,129.0,1,3.0,0.833,42.5,0.0425,125.21,0.034,22.17,51.6,0.13,1677.7,1.678,9.47,0.119,84.86,accel,0.01,0.021,-0.1443,0
12:39:37.949,4778.0,22,433.24,1546306560,-0.017,0.02,-0.263,23.0,79.7,2019-01-01 07:06:00+05:30,1.0,130.0,1,2.5,0.694,48.61,0.0486,19.69,0.264,-3.69,4.34,0.1351,1833.1,1.833,9.98,0.125,84.85,accel,-0.0103,0.0233,-0.1644,0
12:39:38.948,4779.0,24,471.42,1546306561,-0.017,0.01,-0.043,26.33,79.63,2019-01-01 07:06:01+05:30,1.0,131.0,1,1.5,0.417,55.28,0.0553,19.64,0.047,-21.06,12.2,0.1242,2096.7,2.097,10.57,0.133,84.84,accel,-0.0258,0.0086,-0.0992,0
12:39:39.948,4780.0,25,486.38,1546306562,-0.037,-0.007,-0.053,26.28,79.63,2019-01-01 07:06:02+05:30,1.0,132.0,1,0.5,0.139,62.22,0.0622,19.46,0.065,-34.69,-6.18,0.0081,2092.7,2.093,11.15,0.14,84.84,cruise,-0.0276,-0.0064,-0.0397,0
12:39:40.949,4781.0,25,482.66,1546306563,-0.01,-0.01,-0.037,26.0,79.63,2019-01-01 07:06:03+05:30,1.0,133.0,1,-0.5,-0.139,69.17,0.0692,19.31,0.04,-14.62,-14.62,0.0255,2070.4,2.07,11.72,0.147,84.83,cruise,-0.0181,-0.0102,-0.0281,0
12:39:41.948,4782.0,24,462.6,1546306564,-0.01,-0.007,-0.003,25.0,79.65,2019-01-01 07:06:04+05:30,1.0,134.0,1,-1.5,-0.417,75.83,0.0758,19.28,0.013,-52.71,-33.84,0.0301,1991.3,1.991,12.28,0.154,84.82,decel,-0.0051,-0.0067,-0.0109,0
12:39:42.949,4783.0,22,430.62,1546306565,0.007,-0.007,0.023,23.56,79.68,2019-01-01 07:06:05+05:30,1.0,135.0,1,-2.0,-0.556,81.94,0.0819,19.57,0.025,16.23,-16.23,0.0163,1877.3,1.877,12.8,0.161,84.81,decel,0.006,-0.0073,0.0218,0
12:39:43.948,4784.0,20,393.48,1546306566,0.013,-0.013,0.027,22.04,79.7,2019-01-01 07:06:06+05:30,1.0,136.0,1,-2.0,-0.556,87.5,0.0875,19.67,0.033,23.45,-23.45,0.0035,1756.6,1.757,13.28,0.167,84.8,decel,0.0112,-0.0137,0.0332,0
12:39:44.948,4785.0,18,356.74,1546306567,0.007,-0.017,0.03,19.56,79.75,2019-01-01 07:06:07+05:30,1.0,137.0,1,-1.5,-0.417,92.5,0.0925,19.82,0.035,11.48,-28.89,0.0108,1559.9,1.56,13.72,0.172,84.8,decel,0.0095,-0.0153,0.0239,0
12:39:45.949,4786.0,17,329.66,1546306568,0.007,-0.007,0.01,18.56,79.77,2019-01-01 07:06:08+05:30,1.0,138.0,1,-1.0,-0.278,97.22,0.0972,19.39,0.014,29.83,-29.83,0.0108,1480.5,1.481,14.13,0.177,84.79,decel,0.0057,-0.0081,0.0138,0
12:39:46.948,4787.0,16,308.18,1546306569,0.007,-0.003,0.013,17.56,79.79,2019-01-01 07:06:09+05:30,1.0,139.0,1,-1.5,-0.417,101.67,0.1017,19.26,0.015,27.68,-11.49,0.0035,1401.1,1.401,14.52,0.182,84.79,decel,0.0059,-0.0031,0.0116,0
12:39:47.949,4788.0,14,286.44,1546306570,0.007,-0.007,0.017,15.56,79.83,2019-01-01 07:06:10+05:30,1.0,140.0,1,-1.5,-0.417,105.56,0.1056,20.46,0.02,20.84,-20.84,0.005,1242.2,1.242,14.86,0.186,84.78,decel,0.0107,-0.0067,0.0171,0
12:39:48.948,4789.0,13,264.3,1546306571,0.02,-0.013,0.023,15.6,79.83,2019-01-01 07:06:11+05:30,1.0,141.0,1,-1.0,-0.278,109.17,0.1092,20.33,0.033,37.13,-23.1,0.0035,1245.3,1.245,15.21,0.191,84.78,decel,0.0146,-0.0124,0.0233,0
12:39:49.948,4790.0,12,241.02,1546306572,0.007,-0.013,0.023,13.56,79.86,2019-01-01 07:06:12+05:30,1.0,142.0,1,-1.0,-0.278,112.5,0.1125,20.08,0.027,14.84,-28.4,0.0058,1082.9,1.083,15.51,0.195,84.77,decel,0.0127,-0.0141,0.0227,0
12:39:50.948,4791.0,11,215.14,1546306573,0.013,-0.013,0.013,13.04,79.87,2019-01-01 07:06:13+05:30,1.0,143.0,1,-1.5,-0.417,115.56,0.1156,19.56,0.023,35.26,-35.26,0.0115,1041.5,1.042,15.8,0.198,84.77,decel,0.008,-0.0121,0.0131,0
12:39:51.949,4792.0,9,187.68,1546306574,0.003,-0.007,0.0,10.24,79.93,2019-01-01 07:06:14+05:30,1.0,144.0,1,-1.5,-0.417,118.06,0.1181,20.85,0.008,23.2,-66.8,0.0115,818.5,0.818,16.03,0.201,84.76,decel,0.0068,-0.0073,-0.0004,0
12:39:52.948,4793.0,8,161.3,1546306575,0.01,-0.003,-0.01,9.8,79.94,2019-01-01 07:06:15+05:30,1.0,145.0,1,-1.0,-0.278,120.28,0.1203,20.16,0.014,43.77,-11.98,0.0058,783.4,0.783,16.24,0.204,84.76,decel,0.0081,-0.003,-0.0092,0
12:39:53.948,4794.0,7,139.16,1546306576,0.007,-0.003,-0.01,8.56,79.96,2019-01-01 07:06:16+05:30,1.0,146.0,1,-1.0,-0.278,122.22,0.1222,19.88,0.013,33.84,-13.81,0.0,684.5,0.684,16.43,0.206,84.76,decel,0.0069,-0.0031,-0.0107,0
12:39:54.949,4795.0,6,118.78,1546306577,0.003,-0.007,-0.01,7.24,79.99,2019-01-01 07:06:17+05:30,1.0,147.0,1,-1.5,-0.417,123.89,0.1239,19.8,0.013,13.81,-33.84,0.0,579.1,0.579,16.6,0.208,84.76,decel,0.0042,-0.0069,-0.0098,0
12:39:55.948,4796.0,4,86.96,1546306578,0.007,-0.01,-0.01,5.56,80.02,2019-01-01 07:06:18+05:30,1.0,148.0,1,-1.5,-0.417,125.0,0.125,21.74,0.016,26.33,-39.33,0.0,444.9,0.445,16.72,0.21,84.75,decel,0.0059,-0.0099,-0.0098,0
12:39:56.948,4797.0,3,59.92,1546306579,0.01,-0.01,-0.01,4.8,80.03,2019-01-01 07:06:19+05:30,1.0,149.0,1,-1.5,-0.417,125.83,0.1258,19.97,0.017,35.26,-35.26,0.0,384.1,0.384,16.83,0.211,84.75,decel,0.0109,-0.0102,-0.0101,0
12:39:57.949,4798.0,1,38.04,1546306580,0.013,-0.01,-0.01,3.04,80.07,2019-01-01 07:06:20+05:30,1.0,150.0,1,-1.5,-0.417,126.11,0.1261,,0.019,42.59,-31.37,0.0,243.4,0.243,16.89,0.212,84.75,decel,0.0121,-0.0099,-0.01,0
12:39:58.948,4799.0,0,17.42,1546306581,0.007,-0.01,-0.01,1.0,80.11,2019-01-01 07:06:21+05:30,1.0,151.0,1,-0.5,-0.139,126.11,0.1261,,0.016,26.33,-39.33,0.0,80.1,0.08,16.92,0.212,84.75,idle,0.0078,-0.01,-0.0099,1
12:39:59.948,4800.0,0,0.0,1546306582,0.003,-0.01,-0.01,1.0,80.11,2019-01-01 07:06:22+05:30,1.0,152.0,1,0.0,0.0,126.11,0.1261,,0.014,11.98,-43.77,0.0,80.1,0.08,16.94,0.212,84.75,idle,0.0026,-0.0101,-0.01,1
12:40:00.949,4801.0,0,0.0,1546306583,0.0,-0.01,-0.01,1.0,80.11,2019-01-01 07:06:23+05:30,1.0,153.0,1,0.0,0.0,126.11,0.1261,,0.014,0.0,-45.0,0.0,80.1,0.08,16.96,0.213,84.75,idle,-0.0,-0.01,-0.0103,1
12:40:01.948,4802.0,0,1.88,1546306584,-0.0,-0.01,-0.01,1.0,80.11,2019-01-01 07:06:24+05:30,1.0,154.0,1,0.0,0.0,126.11,0.1261,,0.014,-0.0,-45.0,0.0017,80.1,0.08,16.98,0.213,84.75,idle,0.0001,-0.01,-0.0095,1
12:40:02.948,4803.0,0,9.86,1546306585,0.003,-0.01,-0.007,1.0,80.11,2019-01-01 07:06:25+05:30,1.0,155.0,1,0.5,0.139,126.11,0.1261,,0.013,13.81,-52.71,0.0017,80.1,0.08,17.0,0.213,84.75,idle,0.0029,-0.0101,-0.0076,1
12:40:03.949,4804.0,1,21.52,1546306586,0.007,-0.01,-0.007,3.23,80.06,2019-01-01 07:06:26+05:30,1.0,156.0,1,0.5,0.139,126.39,0.1264,,0.014,29.83,-45.29,0.0,258.6,0.259,17.08,0.214,84.75,cruise,0.0071,-0.01,-0.0065,0
12:40:04.948,4805.0,1,36.64,1546306587,0.01,-0.01,-0.007,3.18,80.07,2019-01-01 07:06:27+05:30,1.0,157.0,1,0.0,0.0,126.67,0.1267,,0.016,39.33,-39.33,0.0017,254.6,0.255,17.15,0.215,84.75,cruise,0.0101,-0.0098,-0.0076,0
12:40:05.948,4806.0,1,36.64,1546306588,0.01,-0.01,-0.01,2.8,80.07,2019-01-01 07:06:28+05:30,1.0,158.0,1,0.0,0.0,126.94,0.1269,,0.017,35.26,-35.26,0.0017,224.2,0.224,17.21,0.216,84.75,cruise,0.0097,-0.0105,-0.0095,0
12:40:06.949,4807.0,1,34.76,1546306589,0.007,-0.013,-0.01,2.56,80.08,2019-01-01 07:06:29+05:30,1.0,159.0,1,0.0,0.0,127.22,0.1272,,0.018,23.11,-46.8,0.0,205.0,0.205,17.27,0.217,84.75,cruise,0.0074,-0.0124,-0.0102,0
12:40:07.948,4808.0,1,26.78,1546306590,0.007,-0.013,-0.01,2.56,80.08,2019-01-01 07:06:30+05:30,1.0,160.0,1,-0.5,-0.139,127.5,0.1275,,0.018,23.11,-46.8,0.0,205.0,0.205,17.32,0.217,84.74,cruise,0.0067,-0.0135,-0.01,0
12:40:08.948,4809.0,0,15.12,1546306591,0.007,-0.013,-0.01,1.0,80.11,2019-01-01 07:06:31+05:30,1.0,161.0,1,-0.5,-0.139,127.5,0.1275,,0.018,23.11,-46.8,0.0,80.1,0.08,17.35,0.218,84.74,idle,0.0074,-0.0124,-0.0099,1
12:40:09.948,4810.0,0,0.0,1546306592,0.007,-0.01,-0.01,1.0,80.11,2019-01-01 07:06:32+05:30,1.0,162.0,1,0.0,0.0,127.5,0.1275,,0.016,26.33,-39.33,0.0,80.1,0.08,17.37,0.218,84.74,idle,0.0063,-0.0105,-0.01,1
12:40:10.949,4811.0,0,0.0,1546306593,0.003,-0.01,-0.01,1.0,80.11,2019-01-01 07:06:33+05:30,1.0,163.0,1,0.0,0.0,127.5,0.1275,,0.014,11.98,-43.77,0.0,80.1,0.08,17.39,0.218,84.74,idle,0.0038,-0.0098,-0.01,1
12:40:11.948,4812.0,0,0.0,1546306594,0.003,-0.01,-0.01,1.0,80.11,2019-01-01 07:06:34+05:30,1.0,164.0,1,0.0,0.0,127.5,0.1275,,0.014,11.98,-43.77,0.0,80.1,0.08,17.41,0.218,84.74,idle,0.0026,-0.01,-0.01,1
12:40:12.948,4813.0,0,0.0,1546306595,0.003,-0.01,-0.01,1.0,80.11,2019-01-01 07:06:35+05:30,1.0,165.0,1,0.0,0.0,127.5,0.1275,,0.014,11.98,-43.77,0.0,80.1,0.08,17.43,0.219,84.74,idle,0.003,-0.0101,-0.01,1
12:40:13.949,4814.0,0,0.0,1546306596,0.003,-0.01,-0.01,1.0,80.11,2019-01-01 07:06:36+05:30,1.0,166.0,1,0.0,0.0,127.5,0.1275,,0.014,11.98,-43.77,0.0,80.1,0.08,17.46,0.219,84.74,idle,0.0031,-0.01,-0.01,1
12:40:14.948,4815.0,0,0.0,1546306597,0.003,-0.01,-0.01,1.0,80.11,2019-01-01 07:06:37+05:30,1.0,167.0,1,0.0,0.0,127.5,0.1275,,0.014,11.98,-43.77,0.0,80.1,0.08,17.48,0.219,84.74,idle,0.0031,-0.01,-0.01,1
12:40:15.948,4816.0,0,0.0,1546306598,0.003,-0.01,-0.01,1.0,80.11,2019-01-01 07:06:38+05:30,1.0,168.0,1,0.0,0.0,127.5,0.1275,,0.014,11.98,-43.77,0.0,80.1,0.08,17.5,0.219,84.74,idle,0.003,-0.01,-0.01,1
12:40:16.949,4817.0,0,0.0,1546306599,0.003,-0.01,-0.01,1.0,80.11,2019-01-01 07:06:39+05:30,1.0,169.0,1,0.0,0.0,127.5,0.1275,,0.014,11.98,-43.77,0.0,80.1,0.08,17.52,0.22,84.74,idle,0.0027,-0.01,-0.01,1
12:40:17.948,4818.0,0,0.0,1546306600,0.003,-0.01,-0.01,1.0,80.11,2019-01-01 07:06:40+05:30,1.0,170.0,1,0.0,0.0,127.5,0.1275,,0.014,11.98,-43.77,0.0,80.1,0.08,17.55,0.22,84.74,idle,0.0037,-0.01,-0.01,1
12:40:18.948,4819.0,0,0.0,1546306601,0.007,-0.01,-0.01,1.0,80.11,2019-01-01 07:06:41+05:30,1.0,171.0,1,0.0,0.0,127.5,0.1275,,0.016,26.33,-39.33,0.0,80.1,0.08,17.57,0.22,84.74,idle,0.0062,-0.01,-0.01,1
12:40:19.949,4820.0,0,0.0,1546306602,0.007,-0.01,-0.01,1.0,80.11,2019-01-01 07:06:42+05:30,1.0,172.0,1,0.0,0.0,127.5,0.1275,,0.016,26.33,-39.33,0.0,80.1,0.08,17.59,0.221,84.74,idle,0.0077,-0.01,-0.01,1
12:40:20.948,4821.0,0,0.0,1546306603,0.007,-0.01,-0.01,1.0,80.11,2019-01-01 07:06:43+05:30,1.0,173.0,1,0.0,0.0,127.5,0.1275,,0.016,26.33,-39.33,0.0,80.1,0.08,17.61,0.221,84.74,idle,0.0063,-0.01,-0.01,1
12:40:21.949,4822.0,0,0.0,1546306604,0.003,-0.01,-0.01,1.0,80.11,2019-01-01 07:06:44+05:30,1.0,174.0,1,0.0,0.0,127.5,0.1275,,0.014,11.98,-43.77,0.0,80.1,0.08,17.63,0.221,84.74,idle,0.0038,-0.01,-0.01,1
12:40:22.949,4823.0,0,0.0,1546306605,0.003,-0.01,-0.01,1.0,80.11,2019-01-01 07:06:45+05:30,1.0,175.0,1,0.0,0.0,127.5,0.1275,,0.014,11.98,-43.77,0.0,80.1,0.08,17.66,0.221,84.74,idle,0.0023,-0.01,-0.01,1
12:40:23.948,4824.0,0,0.0,1546306606,0.003,-0.01,-0.01,1.0,80.11,2019-01-01 07:06:46+05:30,1.0,176.0,1,0.0,0.0,127.5,0.1275,,0.014,11.98,-43.77,0.0,80.1,0.08,17.68,0.222,84.74,idle,0.0034,-0.01,-0.01,1
12:40:24.948,4825.0,0,0.0,1546306607,0.007,-0.01,-0.01,1.0,80.11,2019-01-01 07:06:47+05:30,1.0,177.0,1,0.0,0.0,127.5,0.1275,,0.016,26.33,-39.33,0.0,80.1,0.08,17.7,0.222,84.74,idle,0.0071,-0.01,-0.01,1
12:40:25.949,4826.0,0,0.0,1546306608,0.01,-0.01,-0.01,1.0,80.11,2019-01-01 07:06:48+05:30,1.0,178.0,1,0.0,0.0,127.5,0.1275,,0.017,35.26,-35.26,0.0,80.1,0.08,17.72,0.222,84.74,idle,0.0096,-0.01,-0.01,1
12:40:26.948,4827.0,0,0.0,1546306609,0.007,-0.01,-0.01,1.0,80.11,2019-01-01 07:06:49+05:30,1.0,179.0,1,0.0,0.0,127.5,0.1275,,0.016,26.33,-39.33,0.0,80.1,0.08,17.75,0.223,84.74,idle,0.0073,-0.01,-0.01,1
12:40:27.948,4828.0,0,0.0,1546306610,0.003,-0.01,-0.01,1.0,80.11,2019-01-01 07:06:50+05:30,1.0,180.0,1,0.0,0.0,127.5,0.1275,,0.014,11.98,-43.77,0.0,80.1,0.08,17.77,0.223,84.74,idle,0.0027,-0.01,-0.01,1
12:40:28.949,4829.0,0,0.0,1546306611,0.0,-0.01,-0.01,1.0,80.11,2019-01-01 07:06:51+05:30,1.0,181.0,1,0.0,0.0,127.5,0.1275,,0.014,0.0,-45.0,0.0,80.1,0.08,17.79,0.223,84.74,idle,0.0007,-0.01,-0.01,1
12:40:29.948,4830.0,0,0.0,1546306612,0.003,-0.01,-0.01,1.0,80.11,2019-01-01 07:06:52+05:30,1.0,182.0,1,0.0,0.0,127.5,0.1275,,0.014,11.98,-43.77,0.0,80.1,0.08,17.81,0.223,84.74,idle,0.002,-0.01,-0.01,1
12:40:30.948,4831.0,0,0.0,1546306613,0.003,-0.01,-0.01,1.0,80.11,2019-01-01 07:06:53+05:30,1.0,183.0,1,0.0,0.0,127.5,0.1275,,0.014,11.98,-43.77,0.0,80.1,0.08,17.84,0.224,84.74,idle,0.0041,-0.01,-0.01,1
12:40:31.949,4832.0,0,0.0,1546306614,0.007,-0.01,-0.01,1.0,80.11,2019-01-01 07:06:54+05:30,1.0,184.0,1,0.0,0.0,127.5,0.1275,,0.016,26.33,-39.33,0.0,80.1,0.08,17.86,0.224,84.74,idle,0.0059,-0.01,-0.01,1
12:40:32.948,4833.0,0,0.0,1546306615,0.007,-0.01,-0.01,1.0,80.11,2019-01-01 07:06:55+05:30,1.0,185.0,1,0.0,0.0,127.5,0.1275,,0.016,26.33,-39.33,0.0,80.1,0.08,17.88,0.224,84.74,idle,0.008,-0.01,-0.01,1
12:40:33.948,4834.0,0,0.0,1546306616,0.01,-0.01,-0.01,1.0,80.11,2019-01-01 07:06:56+05:30,1.0,186.0,1,0.0,0.0,127.5,0.1275,,0.017,35.26,-35.26,0.0,80.1,0.08,17.9,0.224,84.74,idle,0.0093,-0.01,-0.01,1
12:40:34.949,4835.0,0,0.0,1546306617,0.007,-0.01,-0.01,1.0,80.11,2019-01-01 07:06:57+05:30,1.0,187.0,1,0.0,0.0,127.5,0.1275,,0.016,26.33,-39.33,0.0,80.1,0.08,17.92,0.225,84.74,idle,0.0073,-0.01,-0.01,1
12:40:35.948,4836.0,0,0.0,1546306618,0.003,-0.01,-0.01,1.0,80.11,2019-01-01 07:06:58+05:30,1.0,188.0,1,0.0,0.0,127.5,0.1275,,0.014,11.98,-43.77,0.0,80.1,0.08,17.95,0.225,84.74,idle,0.0028,-0.01,-0.01,1
12:40:36.949,4837.0,0,0.0,1546306619,0.0,-0.01,-0.01,1.0,80.11,2019-01-01 07:06:59+05:30,1.0,189.0,1,0.0,0.0,127.5,0.1275,,0.014,0.0,-45.0,0.0,80.1,0.08,17.97,0.225,84.73,idle,0.0004,-0.01,-0.01,1
12:40:37.949,4838.0,0,0.0,1546306620,0.003,-0.01,-0.01,1.0,80.11,2019-01-01 07:07:00+05:30,1.0,190.0,1,0.0,0.0,127.5,0.1275,,0.014,11.98,-43.77,0.0,80.1,0.08,17.99,0.226,84.73,idle,0.0027,-0.01,-0.01,1
12:40:38.948,4839.0,0,0.0,1546306621,0.007,-0.01,-0.01,1.0,80.11,2019-01-01 07:07:01+05:30,1.0,191.0,1,0.0,0.0,127.5,0.1275,,0.016,26.33,-39.33,0.0,80.1,0.08,18.01,0.226,84.73,idle,0.0072,-0.01,-0.01,1
12:40:39.948,4840.0,0,0.0,1546306622,0.01,-0.01,-0.01,1.0,80.11,2019-01-01 07:07:02+05:30,1.0,192.0,1,0.0,0.0,127.5,0.1275,,0.017,35.26,-35.26,0.0,80.1,0.08,18.04,0.226,84.73,idle,0.01,-0.01,-0.01,1
12:40:40.949,4841.0,0,0.0,1546306623,0.01,-0.01,-0.01,1.0,80.11,2019-01-01 07:07:03+05:30,1.0,193.0,1,0.0,0.0,127.5,0.1275,,0.017,35.26,-35.26,0.0,80.1,0.08,18.06,0.226,84.73,idle,0.0096,-0.01,-0.01,1
12:40:41.949,4842.0,0,0.0,1546306624,0.007,-0.01,-0.01,1.0,80.11,2019-01-01 07:07:04+05:30,1.0,194.0,1,0.0,0.0,127.5,0.1275,,0.016,26.33,-39.33,0.0,80.1,0.08,18.08,0.227,84.73,idle,0.0078,-0.01,-0.01,1
12:40:42.948,4843.0,0,0.0,1546306625,0.007,-0.01,-0.01,1.0,80.11,2019-01-01 07:07:05+05:30,1.0,195.0,1,0.0,0.0,127.5,0.1275,,0.016,26.33,-39.33,0.0,80.1,0.08,18.1,0.227,84.73,idle,0.0059,-0.01,-0.01,1
12:40:43.948,4844.0,0,0.0,1546306626,0.003,-0.01,-0.01,1.0,80.11,2019-01-01 07:07:06+05:30,1.0,196.0,1,0.0,0.0,127.5,0.1275,,0.014,11.98,-43.77,0.0,80.1,0.08,18.12,0.227,84.73,idle,0.0041,-0.01,-0.01,1
12:40:44.948,4845.0,0,0.0,1546306627,0.003,-0.01,-0.01,1.0,80.1,2019-01-01 07:07:07+05:30,1.0,197.0,1,0.0,0.0,127.5,0.1275,,0.014,11.98,-43.77,0.0,80.1,0.08,18.15,0.228,84.73,idle,0.0021,-0.01,-0.01,1
12:40:45.949,4846.0,0,0.0,1546306628,0.0,-0.01,-0.01,1.0,80.1,2019-01-01 07:07:08+05:30,1.0,198.0,1,0.0,0.0,127.5,0.1275,,0.014,0.0,-45.0,0.0,80.1,0.08,18.17,0.228,84.73,idle,0.0005,-0.01,-0.01,1
12:40:46.949,4847.0,0,0.0,1546306629,0.0,-0.01,-0.01,1.0,80.1,2019-01-01 07:07:09+05:30,1.0,199.0,1,0.0,0.0,127.5,0.1275,,0.014,0.0,-45.0,0.0,80.1,0.08,18.19,0.228,84.73,idle,-0.0001,-0.01,-0.01,1
12:40:47.948,4848.0,0,0.0,1546306630,0.0,-0.01,-0.01,1.0,80.1,2019-01-01 07:07:10+05:30,1.0,200.0,1,0.0,0.0,127.5,0.1275,,0.014,0.0,-45.0,0.0,80.1,0.08,18.21,0.228,84.73,idle,-0.0003,-0.01,-0.01,1
12:40:48.948,4849.0,0,0.0,1546306631,0.0,-0.01,-0.01,1.0,80.1,2019-01-01 07:07:11+05:30,1.0,201.0,1,0.0,0.0,127.5,0.1275,,0.014,0.0,-45.0,0.0,80.1,0.08,18.24,0.229,84.73,idle,0.0002,-0.01,-0.01,1
12:40:49.948,4850.0,0,0.0,1546306632,0.003,-0.01,-0.01,1.0,80.1,2019-01-01 07:07:12+05:30,1.0,202.0,1,0.0,0.0,127.5,0.1275,,0.014,11.98,-43.77,0.0,80.1,0.08,18.26,0.229,84.73,idle,0.0029,-0.01,-0.01,1
12:40:50.949,4851.0,0,0.0,1546306633,0.007,-0.01,-0.01,1.0,80.1,2019-01-01 07:07:13+05:30,1.0,203.0,1,0.0,0.0,127.5,0.1275,,0.016,26.33,-39.33,0.0,80.1,0.08,18.28,0.229,84.73,idle,0.0072,-0.01,-0.01,1
12:40:51.949,4852.0,0,0.0,1546306634,0.01,-0.01,-0.01,1.0,80.1,2019-01-01 07:07:14+05:30,1.0,204.0,1,0.0,0.0,127.5,0.1275,,0.017,35.26,-35.26,0.0,80.1,0.08,18.3,0.229,84.73,idle,0.0094,-0.01,-0.01,1
12:40:52.949,4853.0,0,0.0,1546306635,0.007,-0.01,-0.01,1.0,80.1,2019-01-01 07:07:15+05:30,1.0,205.0,1,0.0,0.0,127.5,0.1275,,0.016,26.33,-39.33,0.0,80.1,0.08,18.32,0.23,84.73,idle,0.008,-0.01,-0.01,1
12:40:53.948,4854.0,0,0.0,1546306636,0.007,-0.01,-0.01,1.0,80.1,2019-01-01 07:07:16+05:30,1.0,206.0,1,0.0,0.0,127.5,0.1275,,0.016,26.33,-39.33,0.0,80.1,0.08,18.35,0.23,84.73,idle,0.0057,-0.01,-0.01,1
12:40:54.948,4855.0,0,0.0,1546306637,0.003,-0.01,-0.01,1.0,80.1,2019-01-01 07:07:17+05:30,1.0,207.0,1,0.0,0.0,127.5,0.1275,,0.014,11.98,-43.77,0.0,80.1,0.08,18.37,0.23,84.73,idle,0.0049,-0.01,-0.01,1
12:40:55.949,4856.0,0,0.0,1546306638,0.007,-0.01,-0.01,1.0,80.1,2019-01-01 07:07:18+05:30,1.0,208.0,1,0.0,0.0,127.5,0.1275,,0.016,26.33,-39.33,0.0,80.1,0.08,18.39,0.231,84.73,idle,0.0048,-0.01,-0.01,1
12:40:56.949,4857.0,0,0.0,1546306639,0.003,-0.01,-0.01,1.0,80.1,2019-01-01 07:07:19+05:30,1.0,209.0,1,0.0,0.0,127.5,0.1275,,0.014,11.98,-43.77,0.0,80.1,0.08,18.41,0.231,84.73,idle,0.0049,-0.01,-0.01,1
12:40:57.948,4858.0,0,0.0,1546306640,0.007,-0.01,-0.01,1.0,80.1,2019-01-01 07:07:20+05:30,1.0,210.0,1,0.0,0.0,127.5,0.1275,,0.016,26.33,-39.33,0.0,80.1,0.08,18.44,0.231,84.73,idle,0.006,-0.01,-0.01,1
12:40:58.948,4859.0,0,0.0,1546306641,0.007,-0.01,-0.01,1.0,80.1,2019-01-01 07:07:21+05:30,1.0,211.0,1,0.0,0.0,127.5,0.1275,,0.016,26.33,-39.33,0.0,80.1,0.08,18.46,0.231,84.73,idle,0.0072,-0.01,-0.01,1
12:40:59.949,4860.0,0,0.0,1546306642,0.007,-0.01,-0.01,1.0,80.1,2019-01-01 07:07:22+05:30,1.0,212.0,1,0.0,0.0,127.5,0.1275,,0.016,26.33,-39.33,0.0,80.1,0.08,18.48,0.232,84.73,idle,0.0071,-0.01,-0.01,1
12:41:00.948,4861.0,0,0.0,1546306643,0.007,-0.01,-0.01,1.0,80.1,2019-01-01 07:07:23+05:30,1.0,213.0,1,0.0,0.0,127.5,0.1275,,0.016,26.33,-39.33,0.0,80.1,0.08,18.5,0.232,84.73,idle,0.0068,-0.01,-0.01,1
12:41:01.948,4862.0,0,0.0,1546306644,0.007,-0.01,-0.01,1.0,80.1,2019-01-01 07:07:24+05:30,1.0,214.0,1,0.0,0.0,127.5,0.1275,,0.016,26.33,-39.33,0.0,80.1,0.08,18.53,0.232,84.73,idle,0.0074,-0.01,-0.01,1
12:41:02.949,4863.0,0,0.0,1546306645,0.007,-0.01,-0.01,1.0,80.1,2019-01-01 07:07:25+05:30,1.0,215.0,1,0.0,0.0,127.5,0.1275,,0.016,26.33,-39.33,0.0,80.1,0.08,18.55,0.233,84.73,idle,0.0065,-0.01,-0.01,1
12:41:03.948,4864.0,0,0.0,1546306646,0.003,-0.01,-0.01,1.0,80.1,2019-01-01 07:07:26+05:30,1.0,216.0,1,0.0,0.0,127.5,0.1275,,0.014,11.98,-43.77,0.0,80.1,0.08,18.57,0.233,84.73,idle,0.0032,-0.01,-0.01,1
12:41:04.949,4865.0,0,0.0,1546306647,0.0,-0.01,-0.01,1.0,80.1,2019-01-01 07:07:27+05:30,1.0,217.0,1,0.0,0.0,127.5,0.1275,,0.014,0.0,-45.0,0.0,80.1,0.08,18.59,0.233,84.73,idle,0.0002,-0.01,-0.01,1
12:41:05.948,4866.0,0,0.0,1546306648,0.0,-0.01,-0.01,1.0,80.1,2019-01-01 07:07:28+05:30,1.0,218.0,1,0.0,0.0,127.5,0.1275,,0.014,0.0,-45.0,0.0,80.1,0.08,18.61,0.233,84.73,idle,-0.0003,-0.01,-0.01,1
12:41:06.948,4867.0,0,0.0,1546306649,0.0,-0.01,-0.01,1.0,80.1,2019-01-01 07:07:29+05:30,1.0,219.0,1,0.0,0.0,127.5,0.1275,,0.014,0.0,-45.0,0.0,80.1,0.08,18.64,0.234,84.73,idle,0.0001,-0.01,-0.01,1
12:41:07.949,4868.0,0,0.0,1546306650,0.0,-0.01,-0.01,1.0,80.1,2019-01-01 07:07:30+05:30,1.0,220.0,1,0.0,0.0,127.5,0.1275,,0.014,0.0,-45.0,0.0,80.1,0.08,18.66,0.234,84.72,idle,0.0001,-0.01,-0.01,1
12:41:08.948,4869.0,0,0.0,1546306651,0.0,-0.01,-0.01,1.0,80.1,2019-01-01 07:07:31+05:30,1.0,221.0,1,0.0,0.0,127.5,0.1275,,0.014,0.0,-45.0,0.0,80.1,0.08,18.68,0.234,84.72,idle,-0.0001,-0.01,-0.01,1
12:41:09.949,4870.0,0,0.0,1546306652,0.0,-0.01,-0.01,1.0,80.1,2019-01-01 07:07:32+05:30,1.0,222.0,1,0.0,0.0,127.5,0.1275,,0.014,0.0,-45.0,0.0,80.1,0.08,18.7,0.234,84.72,idle,-0.0002,-0.01,-0.01,1
12:41:10.948,4871.0,0,0.0,1546306653,0.0,-0.01,-0.01,1.0,80.1,2019-01-01 07:07:33+05:30,1.0,223.0,1,0.0,0.0,127.5,0.1275,,0.014,0.0,-45.0,0.0,80.1,0.08,18.73,0.235,84.72,idle,0.0005,-0.01,-0.01,1
12:41:11.949,4872.0,0,0.0,1546306654,0.003,-0.01,-0.01,1.0,80.1,2019-01-01 07:07:34+05:30,1.0,224.0,1,0.0,0.0,127.5,0.1275,,0.014,11.98,-43.77,0.0,80.1,0.08,18.75,0.235,84.72,idle,0.0021,-0.01,-0.01,1
12:41:12.948,4873.0,0,0.0,1546306655,0.003,-0.01,-0.01,1.0,80.1,2019-01-01 07:07:35+05:30,1.0,225.0,1,0.0,0.0,127.5,0.1275,,0.014,11.98,-43.77,0.0,80.1,0.08,18.77,0.235,84.72,idle,0.0041,-0.01,-0.01,1
12:41:13.949,4874.0,0,0.0,1546306656,0.007,-0.01,-0.01,1.0,80.1,2019-01-01 07:07:36+05:30,1.0,226.0,1,0.0,0.0,127.5,0.1275,,0.016,26.33,-39.33,0.0,80.1,0.08,18.79,0.236,84.72,idle,0.0059,-0.01,-0.01,1
12:41:14.948,4875.0,0,0.0,1546306657,0.007,-0.01,-0.01,1.0,80.1,2019-01-01 07:07:37+05:30,1.0,227.0,1,0.0,0.0,127.5,0.1275,,0.016,26.33,-39.33,0.0,80.1,0.08,18.81,0.236,84.72,idle,0.0079,-0.01,-0.01,1
12:41:15.949,4876.0,0,0.0,1546306658,0.01,-0.01,-0.01,1.0,80.1,2019-01-01 07:07:38+05:30,1.0,228.0,1,0.0,0.0,127.5,0.1275,,0.017,35.26,-35.26,0.0,80.1,0.08,18.84,0.236,84.72,idle,0.0096,-0.01,-0.01,1
12:41:16.948,4877.0,0,0.0,1546306659,0.01,-0.01,-0.01,1.0,80.1,2019-01-01 07:07:39+05:30,1.0,229.0,1,0.0,0.0,127.5,0.1275,,0.017,35.26,-35.26,0.0,80.1,0.08,18.86,0.236,84.72,idle,0.0097,-0.01,-0.01,1
12:41:17.949,4878.0,0,0.0,1546306660,0.007,-0.01,-0.01,1.0,80.1,2019-01-01 07:07:40+05:30,1.0,230.0,1,0.0,0.0,127.5,0.1275,,0.016,26.33,-39.33,0.0,80.1,0.08,18.88,0.237,84.72,idle,0.0078,-0.01,-0.01,1
12:41:18.948,4879.0,0,0.0,1546306661,0.007,-0.01,-0.01,1.0,80.1,2019-01-01 07:07:41+05:30,1.0,231.0,1,0.0,0.0,127.5,0.1275,,0.016,26.33,-39.33,0.0,80.1,0.08,18.9,0.237,84.72,idle,0.0057,-0.01,-0.01,1
12:41:19.948,4880.0,0,0.0,1546306662,0.003,-0.01,-0.01,1.0,80.1,2019-01-01 07:07:42+05:30,1.0,232.0,1,0.0,0.0,127.5,0.1275,,0.014,11.98,-43.77,0.0,80.1,0.08,18.93,0.237,84.72,idle,0.0048,-0.01,-0.01,1
12:41:20.948,4881.0,0,0.0,1546306663,0.007,-0.01,-0.01,1.0,80.1,2019-01-01 07:07:43+05:30,1.0,233.0,1,0.0,0.0,127.5,0.1275,,0.016,26.33,-39.33,0.0,80.1,0.08,18.95,0.238,84.72,idle,0.0048,-0.01,-0.01,1
12:41:21.948,4882.0,0,0.0,1546306664,0.003,-0.01,-0.01,1.0,80.1,2019-01-01 07:07:44+05:30,1.0,234.0,1,0.0,0.0,127.5,0.1275,,0.014,11.98,-43.77,0.0,80.1,0.08,18.97,0.238,84.72,idle,0.0053,-0.01,-0.01,1
12:41:22.949,4883.0,0,0.0,1546306665,0.007,-0.01,-0.01,1.0,80.1,2019-01-01 07:07:45+05:30,1.0,235.0,1,0.0,0.0,127.5,0.1275,,0.016,26.33,-39.33,0.0,80.1,0.08,18.99,0.238,84.72,idle,0.0052,-0.01,-0.01,1
12:41:23.948,4884.0,0,0.0,1546306666,0.003,-0.01,-0.01,1.0,80.1,2019-01-01 07:07:46+05:30,1.0,236.0,1,0.0,0.0,127.5,0.1275,,0.014,11.98,-43.77,0.0,80.1,0.08,19.01,0.238,84.72,idle,0.004,-0.01,-0.01,1
12:41:24.949,4885.0,0,0.0,1546306667,0.003,-0.01,-0.01,1.0,80.1,2019-01-01 07:07:47+05:30,1.0,237.0,1,0.0,0.0,127.5,0.1275,,0.014,11.98,-43.77,0.0,80.1,0.08,19.04,0.239,84.72,idle,0.0028,-0.01,-0.01,1
12:41:25.948,4886.0,0,0.0,1546306668,0.003,-0.01,-0.01,1.0,80.1,2019-01-01 07:07:48+05:30,1.0,238.0,1,0.0,0.0,127.5,0.1275,,0.014,11.98,-43.77,0.0,80.1,0.08,19.06,0.239,84.72,idle,0.0029,-0.01,-0.01,1
12:41:26.949,4887.0,0,0.0,1546306669,0.003,-0.01,-0.01,1.0,80.1,2019-01-01 07:07:49+05:30,1.0,239.0,1,0.0,0.0,127.5,0.1275,,0.014,11.98,-43.77,0.0,80.1,0.08,19.08,0.239,84.72,idle,0.0031,-0.01,-0.01,1
12:41:27.949,4888.0,0,0.0,1546306670,0.003,-0.01,-0.01,1.0,80.1,2019-01-01 07:07:50+05:30,1.0,240.0,1,0.0,0.0,127.5,0.1275,,0.014,11.98,-43.77,0.0,80.1,0.08,19.1,0.239,84.72,idle,0.0029,-0.01,-0.01,1
12:41:28.948,4889.0,0,0.0,1546306671,0.003,-0.01,-0.01,1.0,80.1,2019-01-01 07:07:51+05:30,1.0,241.0,1,0.0,0.0,127.5,0.1275,,0.014,11.98,-43.77,0.0,80.1,0.08,19.13,0.24,84.72,idle,0.003,-0.01,-0.01,1
12:41:29.949,4890.0,0,0.0,1546306672,0.003,-0.01,-0.01,1.0,80.1,2019-01-01 07:07:52+05:30,1.0,242.0,1,0.0,0.0,127.5,0.1275,,0.014,11.98,-43.77,0.0,80.1,0.08,19.15,0.24,84.72,idle,0.0033,-0.01,-0.01,1
12:41:30.948,4891.0,0,0.0,1546306673,0.003,-0.01,-0.01,1.0,80.1,2019-01-01 07:07:53+05:30,1.0,243.0,1,0.0,0.0,127.5,0.1275,,0.014,11.98,-43.77,0.0,80.1,0.08,19.17,0.24,84.72,idle,0.0023,-0.01,-0.01,1
12:41:31.949,4892.0,0,0.0,1546306674,0.0,-0.01,-0.01,1.0,80.1,2019-01-01 07:07:54+05:30,1.0,244.0,1,0.0,0.0,127.5,0.1275,,0.014,0.0,-45.0,0.0,80.1,0.08,19.19,0.241,84.72,idle,0.0006,-0.01,-0.01,1
12:41:32.948,4893.0,0,0.0,1546306675,0.0,-0.01,-0.01,1.0,80.1,2019-01-01 07:07:55+05:30,1.0,245.0,1,0.0,0.0,127.5,0.1275,,0.014,0.0,-45.0,0.0,80.1,0.08,19.21,0.241,84.72,idle,-0.0001,-0.01,-0.01,1
12:41:33.949,4894.0,0,0.0,1546306676,0.0,-0.01,-0.01,1.0,80.1,2019-01-01 07:07:56+05:30,1.0,246.0,1,0.0,0.0,127.5,0.1275,,0.014,0.0,-45.0,0.0,80.1,0.08,19.24,0.241,84.72,idle,-0.0003,-0.01,-0.01,1
12:41:34.948,4895.0,0,0.0,1546306677,0.0,-0.01,-0.01,1.0,80.1,2019-01-01 07:07:57+05:30,1.0,247.0,1,0.0,0.0,127.5,0.1275,,0.014,0.0,-45.0,0.0,80.1,0.08,19.26,0.241,84.72,idle,0.0002,-0.01,-0.01,1
12:41:35.949,4896.0,0,0.0,1546306678,0.003,-0.01,-0.01,1.0,80.1,2019-01-01 07:07:58+05:30,1.0,248.0,1,0.0,0.0,127.5,0.1275,,0.014,11.98,-43.77,0.0,80.1,0.08,19.28,0.242,84.72,idle,0.0032,-0.01,-0.01,1
12:41:36.948,4897.0,0,0.0,1546306679,0.007,-0.01,-0.01,1.0,80.1,2019-01-01 07:07:59+05:30,1.0,249.0,1,0.0,0.0,127.5,0.1275,,0.016,26.33,-39.33,0.0,80.1,0.08,19.3,0.242,84.72,idle,0.0068,-0.01,-0.01,1
12:41:37.949,4898.0,0,0.0,1546306680,0.007,-0.01,-0.01,1.0,80.1,2019-01-01 07:08:00+05:30,1.0,250.0,1,0.0,0.0,127.5,0.1275,,0.016,26.33,-39.33,0.0,80.1,0.08,19.33,0.242,84.72,idle,0.0067,-0.01,-0.01,1
12:41:38.948,4899.0,0,0.0,1546306681,0.003,-0.01,-0.01,1.0,80.1,2019-01-01 07:08:01+05:30,1.0,251.0,1,0.0,0.0,127.5,0.1275,,0.014,11.98,-43.77,0.0,80.1,0.08,19.35,0.243,84.71,idle,0.0037,-0.01,-0.01,1
12:41:39.949,4900.0,0,0.0,1546306682,0.003,-0.01,-0.01,1.0,80.1,2019-01-01 07:08:02+05:30,1.0,252.0,1,0.0,0.0,127.5,0.1275,,0.014,11.98,-43.77,0.0,80.1,0.08,19.37,0.243,84.71,idle,0.0022,-0.01,-0.01,1
12:41:40.948,4901.0,0,0.0,1546306683,0.003,-0.01,-0.01,1.0,80.1,2019-01-01 07:08:03+05:30,1.0,253.0,1,0.0,0.0,127.5,0.1275,,0.014,11.98,-43.77,0.0,80.1,0.08,19.39,0.243,84.71,idle,0.0037,-0.01,-0.01,1
12:41:41.949,4902.0,0,0.0,1546306684,0.007,-0.01,-0.01,1.0,80.1,2019-01-01 07:08:04+05:30,1.0,254.0,1,0.0,0.0,127.5,0.1275,,0.016,26.33,-39.33,0.0,80.1,0.08,19.42,0.243,84.71,idle,0.0063,-0.01,-0.01,1
12:41:42.948,4903.0,0,0.0,1546306685,0.007,-0.01,-0.01,1.0,80.1,2019-01-01 07:08:05+05:30,1.0,255.0,1,0.0,0.0,127.5,0.1275,,0.016,26.33,-39.33,0.0,80.1,0.08,19.44,0.244,84.71,idle,0.0077,-0.01,-0.01,1
12:41:43.949,4904.0,0,0.0,1546306686,0.007,-0.01,-0.01,1.0,80.1,2019-01-01 07:08:06+05:30,1.0,256.0,1,0.0,0.0,127.5,0.1275,,0.016,26.33,-39.33,0.0,80.1,0.08,19.46,0.244,84.71,idle,0.0065,-0.01,-0.01,1
12:41:44.948,4905.0,0,0.0,1546306687,0.003,-0.01,-0.01,1.0,80.1,2019-01-01 07:08:07+05:30,1.0,257.0,1,0.0,0.0,127.5,0.1275,,0.014,11.98,-43.77,0.0,80.1,0.08,19.48,0.244,84.71,idle,0.0031,-0.01,-0.01,1
12:41:45.949,4906.0,0,0.0,1546306688,0.0,-0.01,-0.01,1.0,80.1,2019-01-01 07:08:08+05:30,1.0,258.0,1,0.0,0.0,127.5,0.1275,,0.014,0.0,-45.0,0.0,80.1,0.08,19.5,0.244,84.71,idle,0.0003,-0.01,-0.01,1
12:41:46.948,4907.0,0,0.0,1546306689,0.0,-0.01,-0.01,1.0,80.1,2019-01-01 07:08:09+05:30,1.0,259.0,1,0.0,0.0,127.5,0.1275,,0.014,0.0,-45.0,0.0,80.1,0.08,19.53,0.245,84.71,idle,-0.0003,-0.01,-0.01,1
12:41:47.949,4908.0,0,0.0,1546306690,0.0,-0.01,-0.01,1.0,80.1,2019-01-01 07:08:10+05:30,1.0,260.0,1,0.0,0.0,127.5,0.1275,,0.014,0.0,-45.0,0.0,80.1,0.08,19.55,0.245,84.71,idle,-0.0002,-0.01,-0.01,1
12:41:48.948,4909.0,0,0.0,1546306691,0.0,-0.01,-0.01,1.0,80.1,2019-01-01 07:08:11+05:30,1.0,261.0,1,0.0,0.0,127.5,0.1275,,0.014,0.0,-45.0,0.0,80.1,0.08,19.57,0.245,84.71,idle,0.0005,-0.01,-0.01,1
12:41:49.949,4910.0,0,0.0,1546306692,0.003,-0.01,-0.01,1.0,80.1,2019-01-01 07:08:12+05:30,1.0,262.0,1,0.0,0.0,127.5,0.1275,,0.014,11.98,-43.77,0.0,80.1,0.08,19.59,0.246,84.71,idle,0.0024,-0.01,-0.01,1
12:41:50.948,4911.0,0,0.0,1546306693,0.003,-0.01,-0.01,1.0,80.1,2019-01-01 07:08:13+05:30,1.0,263.0,1,0.0,0.0,127.5,0.1275,,0.014,11.98,-43.77,0.0,80.1,0.08,19.62,0.246,84.71,idle,0.0036,-0.01,-0.01,1
12:41:51.949,4912.0,0,0.0,1546306694,0.003,-0.01,-0.01,1.0,80.1,2019-01-01 07:08:14+05:30,1.0,264.0,1,0.0,0.0,127.5,0.1275,,0.014,11.98,-43.77,0.0,80.1,0.08,19.64,0.246,84.71,idle,0.0022,-0.01,-0.01,1
12:41:52.948,4913.0,0,0.0,1546306695,0.0,-0.01,-0.01,1.0,80.1,2019-01-01 07:08:15+05:30,1.0,265.0,1,0.0,0.0,127.5,0.1275,,0.014,0.0,-45.0,0.0,80.1,0.08,19.66,0.246,84.71,idle,0.0007,-0.01,-0.01,1
12:41:53.949,4914.0,0,0.0,1546306696,0.003,-0.01,-0.01,1.0,80.1,2019-01-01 07:08:16+05:30,1.0,266.0,1,0.0,0.0,127.5,0.1275,,0.014,11.98,-43.77,0.0,80.1,0.08,19.68,0.247,84.71,idle,0.0029,-0.01,-0.01,1
12:41:54.948,4915.0,0,0.0,1546306697,0.007,-0.01,-0.01,1.0,80.1,2019-01-01 07:08:17+05:30,1.0,267.0,1,0.0,0.0,127.5,0.1275,,0.016,26.33,-39.33,0.0,80.1,0.08,19.7,0.247,84.71,idle,0.0066,-0.01,-0.01,1
12:41:55.949,4916.0,0,0.0,1546306698,0.007,-0.01,-0.01,1.0,80.1,2019-01-01 07:08:18+05:30,1.0,268.0,1,0.0,0.0,127.5,0.1275,,0.016,26.33,-39.33,0.0,80.1,0.08,19.73,0.247,84.71,idle,0.0075,-0.01,-0.01,1
12:41:56.948,4917.0,0,0.0,1546306699,0.007,-0.01,-0.01,1.0,80.1,2019-01-01 07:08:19+05:30,1.0,269.0,1,0.0,0.0,127.5,0.1275,,0.016,26.33,-39.33,0.0,80.1,0.08,19.75,0.248,84.71,idle,0.0066,-0.01,-0.01,1
12:41:57.948,4918.0,0,0.0,1546306700,0.007,-0.01,-0.01,1.0,80.1,2019-01-01 07:08:20+05:30,1.0,270.0,1,0.0,0.0,127.5,0.1275,,0.016,26.33,-39.33,0.0,80.1,0.08,19.77,0.248,84.71,idle,0.0075,-0.01,-0.01,1
12:41:58.948,4919.0,0,0.0,1546306701,0.01,-0.01,-0.01,1.0,80.1,2019-01-01 07:08:21+05:30,1.0,271.0,1,0.0,0.0,127.5,0.1275,,0.017,35.26,-35.26,0.0,80.1,0.08,19.79,0.248,84.71,idle,0.0096,-0.01,-0.01,1
12:41:59.948,4920.0,0,0.0,1546306702,0.01,-0.01,-0.01,1.0,80.1,2019-01-01 07:08:22+05:30,1.0,272.0,1,0.0,0.0,127.5,0.1275,,0.017,35.26,-35.26,0.0,80.1,0.08,19.82,0.248,84.71,idle,0.0099,-0.01,-0.01,1
12:42:00.949,4921.0,0,0.0,1546306703,0.007,-0.01,-0.01,1.0,80.1,2019-01-01 07:08:23+05:30,1.0,273.0,1,0.0,0.0,127.5,0.1275,,0.016,26.33,-39.33,0.0,80.1,0.08,19.84,0.249,84.71,idle,0.0078,-0.01,-0.01,1
12:42:01.948,4922.0,0,0.0,1546306704,0.007,-0.01,-0.01,1.0,80.1,2019-01-01 07:08:24+05:30,1.0,274.0,1,0.0,0.0,127.5,0.1275,,0.016,26.33,-39.33,0.0,80.1,0.08,19.86,0.249,84.71,idle,0.0056,-0.01,-0.01,1
12:42:02.949,4923.0,0,0.0,1546306705,0.003,-0.01,-0.01,1.0,80.1,2019-01-01 07:08:25+05:30,1.0,275.0,1,0.0,0.0,127.5,0.1275,,0.014,11.98,-43.77,0.0,80.1,0.08,19.88,0.249,84.71,idle,0.0048,-0.01,-0.01,1
12:42:03.948,4924.0,0,0.0,1546306706,0.007,-0.01,-0.01,1.0,80.1,2019-01-01 07:08:26+05:30,1.0,276.0,1,0.0,0.0,127.5,0.1275,,0.016,26.33,-39.33,0.0,80.1,0.08,19.9,0.249,84.71,idle,0.005,-0.01,-0.01,1
12:42:04.949,4925.0,0,0.0,1546306707,0.003,-0.01,-0.01,1.0,80.1,2019-01-01 07:08:27+05:30,1.0,277.0,1,0.0,0.0,127.5,0.1275,,0.014,11.98,-43.77,0.0,80.1,0.08,19.93,0.25,84.71,idle,0.005,-0.01,-0.01,1
12:42:05.948,4926.0,0,0.0,1546306708,0.007,-0.01,-0.01,1.0,80.1,2019-01-01 07:08:28+05:30,1.0,278.0,1,0.0,0.0,127.5,0.1275,,0.016,26.33,-39.33,0.0,80.1,0.08,19.95,0.25,84.71,idle,0.005,-0.01,-0.01,1
12:42:06.949,4927.0,0,0.0,1546306709,0.003,-0.01,-0.01,1.0,80.1,2019-01-01 07:08:29+05:30,1.0,279.0,1,0.0,0.0,127.5,0.1275,,0.014,11.98,-43.77,0.0,80.1,0.08,19.97,0.25,84.71,idle,0.0051,-0.01,-0.01,1
12:42:07.948,4928.0,0,0.0,1546306710,0.007,-0.01,-0.01,1.0,80.1,2019-01-01 07:08:30+05:30,1.0,280.0,1,0.0,0.0,127.5,0.1275,,0.016,26.33,-39.33,0.0,80.1,0.08,19.99,0.251,84.71,idle,0.0049,-0.01,-0.01,1
12:42:08.949,4929.0,0,0.0,1546306711,0.003,-0.01,-0.01,1.0,80.1,2019-01-01 07:08:31+05:30,1.0,281.0,1,0.0,0.0,127.5,0.1275,,0.014,11.98,-43.77,0.0,80.1,0.08,20.02,0.251,84.7,idle,0.0048,-0.01,-0.01,1
12:42:09.948,4930.0,0,0.0,1546306712,0.007,-0.01,-0.01,1.0,80.1,2019-01-01 07:08:32+05:30,1.0,282.0,1,0.0,0.0,127.5,0.1275,,0.016,26.33,-39.33,0.0,80.1,0.08,20.04,0.251,84.7,idle,0.006,-0.01,-0.01,1
12:42:10.949,4931.0,0,0.0,1546306713,0.007,-0.01,-0.01,1.0,80.1,2019-01-01 07:08:33+05:30,1.0,283.0,1,0.0,0.0,127.5,0.1275,,0.016,26.33,-39.33,0.0,80.1,0.08,20.06,0.251,84.7,idle,0.0073,-0.01,-0.01,1
12:42:11.948,4932.0,0,0.0,1546306714,0.007,-0.01,-0.01,1.0,80.1,2019-01-01 07:08:34+05:30,1.0,284.0,1,0.0,0.0,127.5,0.1275,,0.016,26.33,-39.33,0.0,80.1,0.08,20.08,0.252,84.7,idle,0.0071,-0.01,-0.01,1
12:42:12.949,4933.0,0,0.0,1546306715,0.007,-0.01,-0.01,1.0,80.1,2019-01-01 07:08:35+05:30,1.0,285.0,1,0.0,0.0,127.5,0.1275,,0.016,26.33,-39.33,0.0,80.1,0.08,20.1,0.252,84.7,idle,0.0067,-0.01,-0.01,1
12:42:13.948,4934.0,0,0.0,1546306716,0.007,-0.01,-0.01,1.0,80.1,2019-01-01 07:08:36+05:30,1.0,286.0,1,0.0,0.0,127.5,0.1275,,0.016,26.33,-39.33,0.0,80.1,0.08,20.13,0.252,84.7,idle,0.0074,-0.01,-0.01,1
12:42:14.949,4935.0,0,0.0,1546306717,0.007,-0.01,-0.01,1.0,80.1,2019-01-01 07:08:37+05:30,1.0,287.0,1,0.0,0.0,127.5,0.1275,,0.016,26.33,-39.33,0.0,80.1,0.08,20.15,0.253,84.7,idle,0.0068,-0.01,-0.01,1
12:42:15.948,4936.0,0,0.0,1546306718,0.003,-0.01,-0.01,1.0,80.1,2019-01-01 07:08:38+05:30,1.0,288.0,1,0.0,0.0,127.5,0.1275,,0.014,11.98,-43.77,0.0,80.1,0.08,20.17,0.253,84.7,idle,0.0026,-0.0099,-0.01,1
12:42:16.949,4937.0,0,0.0,1546306719,-0.003,-0.01,-0.01,1.0,80.1,2019-01-01 07:08:39+05:30,1.0,289.0,1,0.0,0.0,127.5,0.1275,,0.014,-11.98,-43.77,0.0,80.1,0.08,20.19,0.253,84.7,idle,-0.0021,-0.01,-0.01,1
12:42:17.948,4938.0,0,0.0,1546306720,0.0,-0.01,-0.01,1.0,80.1,2019-01-01 07:08:40+05:30,1.0,290.0,1,0.0,0.0,127.5,0.1275,,0.014,0.0,-45.0,0.0,80.1,0.08,20.22,0.253,84.7,idle,-0.0011,-0.0102,-0.01,1
12:42:18.948,4939.0,0,0.0,1546306721,0.003,-0.01,-0.01,1.0,80.1,2019-01-01 07:08:41+05:30,1.0,291.0,1,0.0,0.0,127.5,0.1275,,0.014,11.98,-43.77,0.0,80.1,0.08,20.24,0.254,84.7,idle,0.0045,-0.0095,-0.01,1
12:42:19.949,4940.0,0,0.0,1546306722,0.007,-0.007,-0.01,1.0,80.1,2019-01-01 07:08:42+05:30,1.0,292.0,1,0.0,0.0,127.5,0.1275,,0.014,29.83,-29.83,0.0,80.1,0.08,20.26,0.254,84.7,idle,0.0053,-0.0076,-0.01,1
12:42:20.948,4941.0,0,0.0,1546306723,-0.003,-0.007,-0.01,1.0,80.1,2019-01-01 07:08:43+05:30,1.0,293.0,1,0.0,0.0,127.5,0.1275,,0.013,-13.81,-33.84,0.0,80.1,0.08,20.28,0.254,84.7,idle,-0.002,-0.0065,-0.01,1
12:42:21.949,4942.0,0,0.0,1546306724,-0.007,-0.007,-0.01,1.0,80.1,2019-01-01 07:08:44+05:30,1.0,294.0,1,0.0,0.0,127.5,0.1275,,0.014,-29.83,-29.83,0.0,80.1,0.08,20.31,0.254,84.7,idle,-0.0074,-0.0075,-0.01,1
12:42:22.948,4943.0,0,0.0,1546306725,-0.003,-0.01,-0.01,1.0,80.1,2019-01-01 07:08:45+05:30,1.0,295.0,1,0.0,0.0,127.5,0.1275,,0.014,-11.98,-43.77,0.0,80.1,0.08,20.33,0.255,84.7,idle,-0.0025,-0.0095,-0.01,1
12:42:23.949,4944.0,0,0.0,1546306726,0.007,-0.01,-0.01,1.0,80.1,2019-01-01 07:08:46+05:30,1.0,296.0,1,0.0,0.0,127.5,0.1275,,0.016,26.33,-39.33,0.0,80.1,0.08,20.35,0.255,84.7,idle,0.0064,-0.0105,-0.01,1
12:42:24.948,4945.0,0,0.0,1546306727,0.01,-0.01,-0.01,1.0,80.1,2019-01-01 07:08:47+05:30,1.0,297.0,1,0.0,0.0,127.5,0.1275,,0.017,35.26,-35.26,0.0,80.1,0.08,20.37,0.255,84.7,idle,0.0098,-0.0095,-0.01,1
12:42:25.948,4946.0,0,0.0,1546306728,0.007,-0.007,-0.01,1.0,80.1,2019-01-01 07:08:48+05:30,1.0,298.0,1,0.0,0.0,127.5,0.1275,,0.014,29.83,-29.83,0.0,80.1,0.08,20.39,0.256,84.7,idle,0.008,-0.0075,-0.01,1
12:42:26.949,4947.0,0,0.0,1546306729,0.007,-0.007,-0.01,1.0,80.1,2019-01-01 07:08:49+05:30,1.0,299.0,1,0.0,0.0,127.5,0.1275,,0.014,29.83,-29.83,0.0,80.1,0.08,20.42,0.256,84.7,idle,0.0058,-0.0065,-0.01,1
12:42:27.948,4948.0,0,0.0,1546306730,0.003,-0.007,-0.01,1.0,80.1,2019-01-01 07:08:50+05:30,1.0,300.0,1,0.0,0.0,127.5,0.1275,,0.013,13.81,-33.84,0.0,80.1,0.08,20.44,0.256,84.7,idle,0.0039,-0.0076,-0.01,1
12:42:28.949,4949.0,0,0.0,1546306731,0.003,-0.01,-0.01,1.0,80.1,2019-01-01 07:08:51+05:30,1.0,301.0,1,0.0,0.0,127.5,0.1275,,0.014,11.98,-43.77,0.0,80.1,0.08,20.46,0.256,84.7,idle,0.0023,-0.0095,-0.01,1
12:42:29.948,4950.0,0,0.0,1546306732,0.003,-0.01,-0.01,1.0,80.1,2019-01-01 07:08:52+05:30,1.0,302.0,1,0.0,0.0,127.5,0.1275,,0.014,11.98,-43.77,0.0,80.1,0.08,20.48,0.257,84.7,idle,0.0033,-0.0102,-0.01,1
12:42:30.949,4951.0,0,0.0,1546306733,0.007,-0.01,-0.01,1.0,80.1,2019-01-01 07:08:53+05:30,1.0,303.0,1,0.0,0.0,127.5,0.1275,,0.016,26.33,-39.33,0.0,80.1,0.08,20.51,0.257,84.7,idle,0.0072,-0.01,-0.01,1
12:42:31.948,4952.0,0,0.0,1546306734,0.01,-0.01,-0.01,1.0,80.1,2019-01-01 07:08:54+05:30,1.0,304.0,1,0.0,0.0,127.5,0.1275,,0.017,35.26,-35.26,0.0,80.1,0.08,20.53,0.257,84.7,idle,0.0095,-0.0099,-0.01,1
12:42:32.948,4953.0,0,0.0,1546306735,0.007,-0.01,-0.01,1.0,80.1,2019-01-01 07:08:55+05:30,1.0,305.0,1,0.0,0.0,127.5,0.1275,,0.016,26.33,-39.33,0.0,80.1,0.08,20.55,0.258,84.7,idle,0.0071,-0.01,-0.01,1
12:42:33.949,4954.0,0,0.0,1546306736,0.003,-0.01,-0.01,1.0,80.09,2019-01-01 07:08:56+05:30,1.0,306.0,1,0.0,0.0,127.5,0.1275,,0.014,11.98,-43.77,0.0,80.1,0.08,20.57,0.258,84.7,idle,0.0034,-0.01,-0.01,1
12:42:34.948,4955.0,0,0.0,1546306737,0.003,-0.01,-0.01,1.0,80.09,2019-01-01 07:08:57+05:30,1.0,307.0,1,0.0,0.0,127.5,0.1275,,0.014,11.98,-43.77,0.0,80.1,0.08,20.59,0.258,84.7,idle,0.0026,-0.01,-0.01,1
12:42:35.949,4956.0,0,0.0,1546306738,0.003,-0.01,-0.01,1.0,80.09,2019-01-01 07:08:58+05:30,1.0,308.0,1,0.0,0.0,127.5,0.1275,,0.014,11.98,-43.77,0.0,80.1,0.08,20.62,0.258,84.7,idle,0.0034,-0.01,-0.01,1
12:42:36.948,4957.0,0,0.0,1546306739,0.003,-0.01,-0.01,1.0,80.09,2019-01-01 07:08:59+05:30,1.0,309.0,1,0.0,0.0,127.5,0.1275,,0.014,11.98,-43.77,0.0,80.1,0.08,20.64,0.259,84.7,idle,0.0025,-0.01,-0.01,1
12:42:37.948,4958.0,0,0.0,1546306740,0.0,-0.01,-0.01,1.0,80.09,2019-01-01 07:09:00+05:30,1.0,310.0,1,0.0,0.0,127.5,0.1275,,0.014,0.0,-45.0,0.0,80.1,0.08,20.66,0.259,84.7,idle,0.0006,-0.01,-0.01,1
12:42:38.949,4959.0,0,0.0,1546306741,0.0,-0.01,-0.01,1.0,80.09,2019-01-01 07:09:01+05:30,1.0,311.0,1,0.0,0.0,127.5,0.1275,,0.014,0.0,-45.0,0.0,80.1,0.08,20.68,0.259,84.7,idle,-0.0003,-0.01,-0.01,1
12:42:39.948,4960.0,0,0.0,1546306742,0.0,-0.01,-0.01,1.0,80.09,2019-01-01 07:09:02+05:30,1.0,312.0,1,0.0,0.0,127.5,0.1275,,0.014,0.0,-45.0,0.0,80.1,0.08,20.71,0.259,84.69,idle,-0.0002,-0.01,-0.01,1
12:42:40.948,4961.0,0,0.0,1546306743,0.0,-0.01,-0.01,1.0,80.09,2019-01-01 07:09:03+05:30,1.0,313.0,1,0.0,0.0,127.5,0.1275,,0.014,0.0,-45.0,0.0,80.1,0.08,20.73,0.26,84.69,idle,0.0006,-0.01,-0.01,1
12:42:41.949,4962.0,0,0.0,1546306744,0.003,-0.01,-0.01,1.0,80.09,2019-01-01 07:09:04+05:30,1.0,314.0,1,0.0,0.0,127.5,0.1275,,0.014,11.98,-43.77,0.0,80.1,0.08,20.75,0.26,84.69,idle,0.0024,-0.01,-0.01,1
12:42:42.948,4963.0,0,0.0,1546306745,0.003,-0.01,-0.01,1.0,80.09,2019-01-01 07:09:05+05:30,1.0,315.0,1,0.0,0.0,127.5,0.1275,,0.014,11.98,-43.77,0.0,80.1,0.08,20.77,0.26,84.69,idle,0.0036,-0.01,-0.01,1
12:42:43.949,4964.0,0,0.0,1546306746,0.003,-0.01,-0.01,1.0,80.09,2019-01-01 07:09:06+05:30,1.0,316.0,1,0.0,0.0,127.5,0.1275,,0.014,11.98,-43.77,0.0,80.1,0.08,20.79,0.261,84.69,idle,0.0024,-0.01,-0.01,1
12:42:44.949,4965.0,0,0.0,1546306747,0.0,-0.01,-0.01,1.0,80.09,2019-01-01 07:09:07+05:30,1.0,317.0,1,0.0,0.0,127.5,0.1275,,0.014,0.0,-45.0,0.0,80.1,0.08,20.82,0.261,84.69,idle,0.0003,-0.01,-0.01,1
12:42:45.948,4966.0,0,0.0,1546306748,0.0,-0.01,-0.01,1.0,80.09,2019-01-01 07:09:08+05:30,1.0,318.0,1,0.0,0.0,127.5,0.1275,,0.014,0.0,-45.0,0.0,80.1,0.08,20.84,0.261,84.69,idle,0.0002,-0.01,-0.01,1
12:42:46.949,4967.0,0,0.0,1546306749,0.003,-0.01,-0.01,1.0,80.09,2019-01-01 07:09:09+05:30,1.0,319.0,1,0.0,0.0,127.5,0.1275,,0.014,11.98,-43.77,0.0,80.1,0.08,20.86,0.261,84.69,idle,0.0024,-0.01,-0.01,1
12:42:47.948,4968.0,0,0.0,1546306750,0.003,-0.01,-0.01,1.0,80.09,2019-01-01 07:09:10+05:30,1.0,320.0,1,0.0,0.0,127.5,0.1275,,0.014,11.98,-43.77,0.0,80.1,0.08,20.88,0.262,84.69,idle,0.0037,-0.01,-0.01,1
12:42:48.948,4969.0,0,0.0,1546306751,0.003,-0.01,-0.01,1.0,80.09,2019-01-01 07:09:11+05:30,1.0,321.0,1,0.0,0.0,127.5,0.1275,,0.014,11.98,-43.77,0.0,80.1,0.08,20.91,0.262,84.69,idle,0.0024,-0.01,-0.01,1
12:42:49.949,4970.0,0,0.0,1546306752,0.0,-0.01,-0.01,1.0,80.09,2019-01-01 07:09:12+05:30,1.0,322.0,1,0.0,0.0,127.5,0.1275,,0.014,0.0,-45.0,0.0,80.1,0.08,20.93,0.262,84.69,idle,0.0003,-0.01,-0.01,1
12:42:50.948,4971.0,0,0.0,1546306753,0.0,-0.01,-0.01,1.0,80.09,2019-01-01 07:09:13+05:30,1.0,323.0,1,0.0,0.0,127.5,0.1275,,0.014,0.0,-45.0,0.0,80.1,0.08,20.95,0.263,84.69,idle,0.0002,-0.01,-0.01,1
12:42:51.948,4972.0,0,0.0,1546306754,0.003,-0.01,-0.01,1.0,80.09,2019-01-01 07:09:14+05:30,1.0,324.0,1,0.0,0.0,127.5,0.1275,,0.014,11.98,-43.77,0.0,80.1,0.08,20.97,0.263,84.69,idle,0.0024,-0.01,-0.01,1
12:42:52.949,4973.0,0,0.0,1546306755,0.003,-0.01,-0.01,1.0,80.09,2019-01-01 07:09:15+05:30,1.0,325.0,1,0.0,0.0,127.5,0.1275,,0.014,11.98,-43.77,0.0,80.1,0.08,20.99,0.263,84.69,idle,0.0037,-0.01,-0.01,1
12:42:53.948,4974.0,0,0.0,1546306756,0.003,-0.01,-0.01,1.0,80.09,2019-01-01 07:09:16+05:30,1.0,326.0,1,0.0,0.0,127.5,0.1275,,0.014,11.98,-43.77,0.0,80.1,0.08,21.02,0.263,84.69,idle,0.0021,-0.01,-0.01,1
12:42:54.948,4975.0,0,0.0,1546306757,0.0,-0.01,-0.01,1.0,80.09,2019-01-01 07:09:17+05:30,1.0,327.0,1,0.0,0.0,127.5,0.1275,,0.014,0.0,-45.0,0.0,80.1,0.08,21.04,0.264,84.69,idle,0.0006,-0.01,-0.01,1
12:42:55.949,4976.0,0,0.0,1546306758,0.003,-0.01,-0.01,1.0,80.09,2019-01-01 07:09:18+05:30,1.0,328.0,1,0.0,0.0,127.5,0.1275,,0.014,11.98,-43.77,0.0,80.1,0.08,21.06,0.264,84.69,idle,0.003,-0.01,-0.01,1
12:42:56.949,4977.0,0,0.0,1546306759,0.007,-0.01,-0.01,1.0,80.09,2019-01-01 07:09:19+05:30,1.0,329.0,1,0.0,0.0,127.5,0.1275,,0.016,26.33,-39.33,0.0,80.1,0.08,21.08,0.264,84.69,idle,0.0069,-0.01,-0.01,1
12:42:57.948,4978.0,0,0.0,1546306760,0.007,-0.01,-0.01,1.0,80.09,2019-01-01 07:09:20+05:30,1.0,330.0,1,0.0,0.0,127.5,0.1275,,0.016,26.33,-39.33,0.0,80.1,0.08,21.11,0.264,84.69,idle,0.0067,-0.01,-0.01,1
12:42:58.948,4979.0,0,0.0,1546306761,0.003,-0.01,-0.01,1.0,80.09,2019-01-01 07:09:21+05:30,1.0,331.0,1,0.0,0.0,127.5,0.1275,,0.014,11.98,-43.77,0.0,80.1,0.08,21.13,0.265,84.69,idle,0.0033,-0.01,-0.01,1
12:42:59.949,4980.0,0,0.0,1546306762,0.003,-0.01,-0.01,1.0,80.09,2019-01-01 07:09:22+05:30,1.0,332.0,1,0.0,0.0,127.5,0.1275,,0.014,11.98,-43.77,0.0,80.1,0.08,21.15,0.265,84.69,idle,0.0031,-0.01,-0.01,1
12:43:00.949,4981.0,0,0.0,1546306763,0.007,-0.01,-0.01,1.0,80.09,2019-01-01 07:09:23+05:30,1.0,333.0,1,0.0,0.0,127.5,0.1275,,0.016,26.33,-39.33,0.0,80.1,0.08,21.17,0.265,84.69,idle,0.0068,-0.01,-0.01,1
12:43:01.948,4982.0,0,0.0,1546306764,0.01,-0.01,-0.01,1.0,80.09,2019-01-01 07:09:24+05:30,1.0,334.0,1,0.0,0.0,127.5,0.1275,,0.017,35.26,-35.26,0.0,80.1,0.08,21.19,0.266,84.69,idle,0.0099,-0.01,-0.01,1
12:43:02.948,4983.0,0,0.0,1546306765,0.01,-0.01,-0.01,1.0,80.09,2019-01-01 07:09:25+05:30,1.0,335.0,1,0.0,0.0,127.5,0.1275,,0.017,35.26,-35.26,0.0,80.1,0.08,21.22,0.266,84.69,idle,0.0104,-0.01,-0.01,1
12:43:03.948,4984.0,0,0.0,1546306766,0.01,-0.01,-0.01,1.0,80.09,2019-01-01 07:09:26+05:30,1.0,336.0,1,0.0,0.0,127.5,0.1275,,0.017,35.26,-35.26,0.0,80.1,0.08,21.24,0.266,84.69,idle,0.0095,-0.01,-0.01,1
12:43:04.949,4985.0,0,0.0,1546306767,0.007,-0.01,-0.01,1.0,80.09,2019-01-01 07:09:27+05:30,1.0,337.0,1,0.0,0.0,127.5,0.1275,,0.016,26.33,-39.33,0.0,80.1,0.08,21.26,0.266,84.69,idle,0.0078,-0.01,-0.01,1
12:43:05.949,4986.0,0,0.0,1546306768,0.007,-0.01,-0.01,1.0,80.09,2019-01-01 07:09:28+05:30,1.0,338.0,1,0.0,0.0,127.5,0.1275,,0.016,26.33,-39.33,0.0,80.1,0.08,21.28,0.267,84.69,idle,0.0057,-0.01,-0.01,1
12:43:06.948,4987.0,0,0.0,1546306769,0.003,-0.01,-0.01,1.0,80.09,2019-01-01 07:09:29+05:30,1.0,339.0,1,0.0,0.0,127.5,0.1275,,0.014,11.98,-43.77,0.0,80.1,0.08,21.31,0.267,84.69,idle,0.0048,-0.0099,-0.01,1
12:43:07.949,4988.0,0,0.0,1546306770,0.007,-0.01,-0.01,1.0,80.09,2019-01-01 07:09:30+05:30,1.0,340.0,1,0.0,0.0,127.5,0.1275,,0.016,26.33,-39.33,0.0,80.1,0.08,21.33,0.267,84.69,idle,0.0051,-0.01,-0.01,1
12:43:08.948,4989.0,0,0.0,1546306771,0.003,-0.01,-0.01,1.0,80.09,2019-01-01 07:09:31+05:30,1.0,341.0,1,0.0,0.0,127.5,0.1275,,0.014,11.98,-43.77,0.0,80.1,0.08,21.35,0.268,84.69,idle,0.0044,-0.0103,-0.01,1
12:43:09.948,4990.0,0,0.0,1546306772,0.003,-0.01,-0.01,1.0,80.09,2019-01-01 07:09:32+05:30,1.0,342.0,1,0.0,0.0,127.5,0.1275,,0.014,11.98,-43.77,0.0,80.1,0.08,21.37,0.268,84.68,idle,0.0023,-0.0095,-0.01,1
12:43:10.949,4991.0,0,0.0,1546306773,0.0,-0.007,-0.01,1.0,80.09,2019-01-01 07:09:33+05:30,1.0,343.0,1,0.0,0.0,127.5,0.1275,,0.012,0.0,-34.99,0.0,80.1,0.08,21.4,0.268,84.68,idle,0.0002,-0.0075,-0.01,1
12:43:11.948,4992.0,0,0.0,1546306774,0.0,-0.007,-0.01,1.0,80.09,2019-01-01 07:09:34+05:30,1.0,344.0,1,0.0,0.0,127.5,0.1275,,0.012,0.0,-34.99,0.0,80.1,0.08,21.42,0.268,84.68,idle,0.0,-0.0065,-0.01,1
12:43:12.949,4993.0,0,0.0,1546306775,0.003,-0.007,-0.01,1.0,80.09,2019-01-01 07:09:35+05:30,1.0,345.0,1,0.0,0.0,127.5,0.1275,,0.013,13.81,-33.84,0.0,80.1,0.08,21.44,0.269,84.68,idle,0.003,-0.0078,-0.01,1
12:43:13.948,4994.0,0,0.0,1546306776,0.007,-0.01,-0.01,1.0,80.09,2019-01-01 07:09:36+05:30,1.0,346.0,1,0.0,0.0,127.5,0.1275,,0.016,26.33,-39.33,0.0,80.1,0.08,21.46,0.269,84.68,idle,0.0073,-0.009,-0.01,1
12:43:14.948,4995.0,0,0.0,1546306777,0.01,-0.007,-0.01,1.0,80.09,2019-01-01 07:09:37+05:30,1.0,347.0,1,0.0,0.0,127.5,0.1275,,0.016,39.33,-26.33,0.0,80.1,0.08,21.48,0.269,84.68,idle,0.0093,-0.0078,-0.01,1
12:43:15.949,4996.0,0,0.0,1546306778,0.007,-0.007,-0.01,1.0,80.09,2019-01-01 07:09:38+05:30,1.0,348.0,1,0.0,0.0,127.5,0.1275,,0.014,29.83,-29.83,0.0,80.1,0.08,21.51,0.269,84.68,idle,0.0081,-0.0065,-0.01,1
12:43:16.948,4997.0,0,0.0,1546306779,0.007,-0.007,-0.01,1.0,80.09,2019-01-01 07:09:39+05:30,1.0,349.0,1,0.0,0.0,127.5,0.1275,,0.014,29.83,-29.83,0.0,80.1,0.08,21.53,0.27,84.68,idle,0.0059,-0.0075,-0.01,1
12:43:17.949,4998.0,0,0.0,1546306780,0.003,-0.01,-0.01,1.0,80.09,2019-01-01 07:09:40+05:30,1.0,350.0,1,0.0,0.0,127.5,0.1275,,0.014,11.98,-43.77,0.0,80.1,0.08,21.55,0.27,84.68,idle,0.004,-0.0095,-0.01,1
12:43:18.948,4999.0,0,0.0,1546306781,0.003,-0.01,-0.01,1.0,80.09,2019-01-01 07:09:41+05:30,1.0,351.0,1,0.0,0.0,127.5,0.1275,,0.014,11.98,-43.77,0.0,80.1,0.08,21.57,0.27,84.68,idle,0.0022,-0.0103,-0.01,1
12:43:19.949,5000.0,0,0.0,1546306782,0.0,-0.01,-0.01,1.0,80.09,2019-01-01 07:09:42+05:30,1.0,352.0,1,0.0,0.0,127.5,0.1275,,0.014,0.0,-45.0,0.0,80.1,0.08,21.6,0.271,84.68,idle,0.0005,-0.01,-0.01,1
12:43:20.948,5001.0,0,0.0,1546306783,0.0,-0.01,-0.01,1.0,80.09,2019-01-01 07:09:43+05:30,1.0,353.0,1,0.0,0.0,127.5,0.1275,,0.014,0.0,-45.0,0.0,80.1,0.08,21.62,0.271,84.68,idle,-0.0001,-0.0099,-0.01,1
12:43:21.949,5002.0,0,0.0,1546306784,0.0,-0.01,-0.01,1.0,80.09,2019-01-01 07:09:44+05:30,1.0,354.0,1,0.0,0.0,127.5,0.1275,,0.014,0.0,-45.0,0.0,80.1,0.08,21.64,0.271,84.68,idle,0.0,-0.01,-0.01,1
12:43:22.949,5003.0,0,0.0,1546306785,0.0,-0.01,-0.01,1.0,80.09,2019-01-01 07:09:45+05:30,1.0,355.0,1,0.0,0.0,127.5,0.1275,,0.014,0.0,-45.0,0.0,80.1,0.08,21.66,0.271,84.68,idle,-0.0001,-0.01,-0.01,1
12:43:23.948,5004.0,0,0.0,1546306786,0.0,-0.01,-0.01,1.0,80.09,2019-01-01 07:09:46+05:30,1.0,356.0,1,0.0,0.0,127.5,0.1275,,0.014,0.0,-45.0,0.0,80.1,0.08,21.68,0.272,84.68,idle,0.0002,-0.01,-0.01,1
12:43:24.949,5005.0,0,0.0,1546306787,0.003,-0.01,-0.01,1.0,80.09,2019-01-01 07:09:47+05:30,1.0,357.0,1,0.0,0.0,127.5,0.1275,,0.014,11.98,-43.77,0.0,80.1,0.08,21.71,0.272,84.68,idle,0.0029,-0.01,-0.01,1
12:43:25.948,5006.0,0,0.0,1546306788,0.007,-0.01,-0.01,1.0,80.09,2019-01-01 07:09:48+05:30,1.0,358.0,1,0.0,0.0,127.5,0.1275,,0.016,26.33,-39.33,0.0,80.1,0.08,21.73,0.272,84.68,idle,0.007,-0.01,-0.01,1
12:43:26.948,5007.0,0,0.0,1546306789,0.01,-0.01,-0.01,1.0,80.09,2019-01-01 07:09:49+05:30,1.0,359.0,1,0.0,0.0,127.5,0.1275,,0.017,35.26,-35.26,0.0,80.1,0.08,21.75,0.273,84.68,idle,0.01,-0.01,-0.01,1
12:43:27.949,5008.0,0,0.0,1546306790,0.01,-0.01,-0.01,1.0,80.09,2019-01-01 07:09:50+05:30,1.0,360.0,1,0.0,0.0,127.5,0.1275,,0.017,35.26,-35.26,0.0,80.1,0.08,21.77,0.273,84.68,idle,0.0099,-0.01,-0.01,1
12:43:28.948,5009.0,0,0.0,1546306791,0.007,-0.01,-0.01,1.0,80.09,2019-01-01 07:09:51+05:30,1.0,361.0,1,0.0,0.0,127.5,0.1275,,0.016,26.33,-39.33,0.0,80.1,0.08,21.8,0.273,84.68,idle,0.007,-0.01,-0.01,1
12:43:29.949,5010.0,0,0.0,1546306792,0.003,-0.01,-0.01,1.0,80.09,2019-01-01 07:09:52+05:30,1.0,362.0,1,0.0,0.0,127.5,0.1275,,0.014,11.98,-43.77,0.0,80.1,0.08,21.82,0.273,84.68,idle,0.003,-0.01,-0.01,1
12:43:30.948,5011.0,0,0.0,1546306793,0.0,-0.01,-0.01,1.0,80.09,2019-01-01 07:09:53+05:30,1.0,363.0,1,0.0,0.0,127.5,0.1275,,0.014,0.0,-45.0,0.0,80.1,0.08,21.84,0.274,84.68,idle,-0.0,-0.01,-0.01,1
12:43:31.948,5012.0,0,0.0,1546306794,0.0,-0.01,-0.01,1.0,80.09,2019-01-01 07:09:54+05:30,1.0,364.0,1,0.0,0.0,127.5,0.1275,,0.014,0.0,-45.0,0.0,80.1,0.08,21.86,0.274,84.68,idle,-0.0001,-0.01,-0.01,1
12:43:32.949,5013.0,0,0.0,1546306795,0.003,-0.01,-0.01,1.0,80.09,2019-01-01 07:09:55+05:30,1.0,365.0,1,0.0,0.0,127.5,0.1275,,0.014,11.98,-43.77,0.0,80.1,0.08,21.88,0.274,84.68,idle,0.0033,-0.01,-0.01,1
12:43:33.948,5014.0,0,0.0,1546306796,0.007,-0.01,-0.01,1.0,80.09,2019-01-01 07:09:56+05:30,1.0,366.0,1,0.0,0.0,127.5,0.1275,,0.016,26.33,-39.33,0.0,80.1,0.08,21.91,0.274,84.68,idle,0.0069,-0.01,-0.01,1
12:43:34.948,5015.0,0,0.0,1546306797,0.007,-0.01,-0.01,1.0,80.09,2019-01-01 07:09:57+05:30,1.0,367.0,1,0.0,0.0,127.5,0.1275,,0.016,26.33,-39.33,0.0,80.1,0.08,21.93,0.275,84.68,idle,0.0066,-0.01,-0.01,1
12:43:35.949,5016.0,0,0.0,1546306798,0.003,-0.01,-0.01,1.0,80.09,2019-01-01 07:09:58+05:30,1.0,368.0,1,0.0,0.0,127.5,0.1275,,0.014,11.98,-43.77,0.0,80.1,0.08,21.95,0.275,84.68,idle,0.0037,-0.01,-0.01,1
12:43:36.948,5017.0,0,0.0,1546306799,0.003,-0.01,-0.01,1.0,80.09,2019-01-01 07:09:59+05:30,1.0,369.0,1,0.0,0.0,127.5,0.1275,,0.014,11.98,-43.77,0.0,80.1,0.08,21.97,0.275,84.68,idle,0.0026,-0.01,-0.01,1
12:43:37.949,5018.0,0,0.0,1546306800,0.003,-0.01,-0.01,1.0,80.09,2019-01-01 07:10:00+05:30,1.0,370.0,1,0.0,0.0,127.5,0.1275,,0.014,11.98,-43.77,0.0,80.1,0.08,22.0,0.276,84.68,idle,0.003,-0.01,-0.01,1
12:43:38.948,5019.0,0,0.0,1546306801,0.003,-0.01,-0.01,1.0,80.09,2019-01-01 07:10:01+05:30,1.0,371.0,1,0.0,0.0,127.5,0.1275,,0.014,11.98,-43.77,0.0,80.1,0.08,22.02,0.276,84.68,idle,0.0031,-0.01,-0.01,1
12:43:39.948,5020.0,0,0.0,1546306802,0.003,-0.01,-0.01,1.0,80.09,2019-01-01 07:10:02+05:30,1.0,372.0,1,0.0,0.0,127.5,0.1275,,0.014,11.98,-43.77,0.0,80.1,0.08,22.04,0.276,84.68,idle,0.0029,-0.01,-0.01,1
12:43:40.949,5021.0,0,0.0,1546306803,0.003,-0.01,-0.01,1.0,80.09,2019-01-01 07:10:03+05:30,1.0,373.0,1,0.0,0.0,127.5,0.1275,,0.014,11.98,-43.77,0.0,80.1,0.08,22.06,0.276,84.67,idle,0.0031,-0.01,-0.01,1
12:43:41.948,5022.0,0,0.0,1546306804,0.003,-0.01,-0.01,1.0,80.09,2019-01-01 07:10:04+05:30,1.0,374.0,1,0.0,0.0,127.5,0.1275,,0.014,11.98,-43.77,0.0,80.1,0.08,22.08,0.277,84.67,idle,0.0029,-0.01,-0.01,1
12:43:42.949,5023.0,0,0.0,1546306805,0.003,-0.01,-0.01,1.0,80.09,2019-01-01 07:10:05+05:30,1.0,375.0,1,0.0,0.0,127.5,0.1275,,0.014,11.98,-43.77,0.0,80.1,0.08,22.11,0.277,84.67,idle,0.0027,-0.01,-0.01,1
12:43:43.948,5024.0,0,0.0,1546306806,0.003,-0.01,-0.01,1.0,80.09,2019-01-01 07:10:06+05:30,1.0,376.0,1,0.0,0.0,127.5,0.1275,,0.014,11.98,-43.77,0.0,80.1,0.08,22.13,0.277,84.67,idle,0.0041,-0.01,-0.01,1
12:43:44.949,5025.0,0,0.0,1546306807,0.007,-0.01,-0.01,1.0,80.09,2019-01-01 07:10:07+05:30,1.0,377.0,1,0.0,0.0,127.5,0.1275,,0.016,26.33,-39.33,0.0,80.1,0.08,22.15,0.278,84.67,idle,0.0054,-0.01,-0.01,1
12:43:45.948,5026.0,0,0.0,1546306808,0.003,-0.01,-0.01,1.0,80.09,2019-01-01 07:10:08+05:30,1.0,378.0,1,0.0,0.0,127.5,0.1275,,0.014,11.98,-43.77,0.0,80.1,0.08,22.17,0.278,84.67,idle,0.0042,-0.01,-0.01,1
12:43:46.949,5027.0,0,0.0,1546306809,0.003,-0.01,-0.01,1.0,80.09,2019-01-01 07:10:09+05:30,1.0,379.0,1,0.0,0.0,127.5,0.1275,,0.014,11.98,-43.77,0.0,80.1,0.08,22.2,0.278,84.67,idle,0.0026,-0.01,-0.01,1
12:43:47.948,5028.0,0,0.0,1546306810,0.003,-0.01,-0.01,1.0,80.09,2019-01-01 07:10:10+05:30,1.0,380.0,1,0.0,0.0,127.5,0.1275,,0.014,11.98,-43.77,0.0,80.1,0.08,22.22,0.278,84.67,idle,0.0029,-0.01,-0.01,1
12:43:48.949,5029.0,0,0.0,1546306811,0.003,-0.01,-0.01,1.0,80.09,2019-01-01 07:10:11+05:30,1.0,381.0,1,0.0,0.0,127.5,0.1275,,0.014,11.98,-43.77,0.0,80.1,0.08,22.24,0.279,84.67,idle,0.0034,-0.01,-0.01,1
12:43:49.948,5030.0,0,0.0,1546306812,0.003,-0.01,-0.01,1.0,80.09,2019-01-01 07:10:12+05:30,1.0,382.0,1,0.0,0.0,127.5,0.1275,,0.014,11.98,-43.77,0.0,80.1,0.08,22.26,0.279,84.67,idle,0.0024,-0.01,-0.01,1
12:43:50.949,5031.0,0,0.0,1546306813,0.0,-0.01,-0.01,1.0,80.09,2019-01-01 07:10:13+05:30,1.0,383.0,1,0.0,0.0,127.5,0.1275,,0.014,0.0,-45.0,0.0,80.1,0.08,22.29,0.279,84.67,idle,0.0007,-0.01,-0.01,1
12:43:51.948,5032.0,0,0.0,1546306814,0.0,-0.01,-0.01,1.0,80.09,2019-01-01 07:10:14+05:30,1.0,384.0,1,0.0,0.0,127.5,0.1275,,0.014,0.0,-45.0,0.0,80.1,0.08,22.31,0.279,84.67,idle,-0.0005,-0.01,-0.01,1
12:43:52.949,5033.0,0,0.0,1546306815,0.0,-0.01,-0.01,1.0,80.09,2019-01-01 07:10:15+05:30,1.0,385.0,1,0.0,0.0,127.5,0.1275,,0.014,0.0,-45.0,0.0,80.1,0.08,22.33,0.28,84.67,idle,0.0001,-0.01,-0.01,1
12:43:53.948,5034.0,0,0.0,1546306816,0.003,-0.01,-0.01,1.0,80.09,2019-01-01 07:10:16+05:30,1.0,386.0,1,0.0,0.0,127.5,0.1275,,0.014,11.98,-43.77,0.0,80.1,0.08,22.35,0.28,84.67,idle,0.0032,-0.01,-0.01,1
12:43:54.949,5035.0,0,0.0,1546306817,0.007,-0.01,-0.01,1.0,80.09,2019-01-01 07:10:17+05:30,1.0,387.0,1,0.0,0.0,127.5,0.1275,,0.016,26.33,-39.33,0.0,80.1,0.08,22.37,0.28,84.67,idle,0.0069,-0.01,-0.01,1
12:43:55.948,5036.0,0,0.0,1546306818,0.007,-0.01,-0.01,1.0,80.09,2019-01-01 07:10:18+05:30,1.0,388.0,1,0.0,0.0,127.5,0.1275,,0.016,26.33,-39.33,0.0,80.1,0.08,22.4,0.281,84.67,idle,0.0068,-0.01,-0.01,1
12:43:56.948,5037.0,0,0.0,1546306819,0.003,-0.01,-0.01,1.0,80.09,2019-01-01 07:10:19+05:30,1.0,389.0,1,0.0,0.0,127.5,0.1275,,0.014,11.98,-43.77,0.0,80.1,0.08,22.42,0.281,84.67,idle,0.0031,-0.01,-0.01,1
12:43:57.949,5038.0,0,0.0,1546306820,0.0,-0.01,-0.01,1.0,80.09,2019-01-01 07:10:20+05:30,1.0,390.0,1,0.0,0.0,127.5,0.1275,,0.014,0.0,-45.0,0.0,80.1,0.08,22.44,0.281,84.67,idle,0.0006,-0.01,-0.01,1
12:43:58.948,5039.0,0,0.0,1546306821,0.003,-0.01,-0.01,1.0,80.09,2019-01-01 07:10:21+05:30,1.0,391.0,1,0.0,0.0,127.5,0.1275,,0.014,11.98,-43.77,0.0,80.1,0.08,22.46,0.281,84.67,idle,0.0018,-0.01,-0.01,1
12:43:59.949,5040.0,0,0.0,1546306822,0.003,-0.01,-0.01,1.0,80.09,2019-01-01 07:10:22+05:30,1.0,392.0,1,0.0,0.0,127.5,0.1275,,0.014,11.98,-43.77,0.0,80.1,0.08,22.49,0.282,84.67,idle,0.0045,-0.01,-0.01,1
12:44:00.948,5041.0,0,0.0,1546306823,0.007,-0.01,-0.01,1.0,80.09,2019-01-01 07:10:23+05:30,1.0,393.0,1,0.0,0.0,127.5,0.1275,,0.016,26.33,-39.33,0.0,80.1,0.08,22.51,0.282,84.67,idle,0.0056,-0.01,-0.01,1
12:44:01.949,5042.0,0,0.0,1546306824,0.003,-0.01,-0.01,1.0,80.09,2019-01-01 07:10:24+05:30,1.0,394.0,1,0.0,0.0,127.5,0.1275,,0.014,11.98,-43.77,0.0,80.1,0.08,22.53,0.282,84.67,idle,0.0041,-0.01,-0.01,1
12:44:02.948,5043.0,0,0.0,1546306825,0.003,-0.01,-0.01,1.0,80.09,2019-01-01 07:10:25+05:30,1.0,395.0,1,0.0,0.0,127.5,0.1275,,0.014,11.98,-43.77,0.0,80.1,0.08,22.55,0.283,84.67,idle,0.0023,-0.01,-0.01,1
12:44:03.948,5044.0,0,0.0,1546306826,0.003,-0.01,-0.01,1.0,80.09,2019-01-01 07:10:26+05:30,1.0,396.0,1,0.0,0.0,127.5,0.1275,,0.014,11.98,-43.77,0.0,80.1,0.08,22.57,0.283,84.67,idle,0.0033,-0.01,-0.01,1
12:44:04.949,5045.0,0,0.0,1546306827,0.007,-0.01,-0.01,1.0,80.09,2019-01-01 07:10:27+05:30,1.0,397.0,1,0.0,0.0,127.5,0.1275,,0.016,26.33,-39.33,0.0,80.1,0.08,22.6,0.283,84.67,idle,0.0072,-0.01,-0.01,1
12:44:05.948,5046.0,0,0.0,1546306828,0.01,-0.01,-0.01,1.0,80.09,2019-01-01 07:10:28+05:30,1.0,398.0,1,0.0,0.0,127.5,0.1275,,0.017,35.26,-35.26,0.0,80.1,0.08,22.62,0.283,84.67,idle,0.0096,-0.01,-0.01,1
12:44:06.949,5047.0,0,0.0,1546306829,0.007,-0.01,-0.01,1.0,80.09,2019-01-01 07:10:29+05:30,1.0,399.0,1,0.0,0.0,127.5,0.1275,,0.016,26.33,-39.33,0.0,80.1,0.08,22.64,0.284,84.67,idle,0.0072,-0.01,-0.01,1
12:44:07.948,5048.0,0,0.0,1546306830,0.003,-0.01,-0.01,1.0,80.09,2019-01-01 07:10:30+05:30,1.0,400.0,1,0.0,0.0,127.5,0.1275,,0.014,11.98,-43.77,0.0,80.1,0.08,22.66,0.284,84.67,idle,0.0029,-0.0099,-0.01,1
12:44:08.949,5049.0,0,0.0,1546306831,0.003,-0.01,-0.01,1.0,80.09,2019-01-01 07:10:31+05:30,1.0,401.0,1,0.0,0.0,127.5,0.1275,,0.014,11.98,-43.77,0.0,80.1,0.08,22.69,0.284,84.67,idle,0.003,-0.01,-0.01,1
12:44:09.948,5050.0,0,0.0,1546306832,0.007,-0.01,-0.01,1.0,80.09,2019-01-01 07:10:32+05:30,1.0,402.0,1,0.0,0.0,127.5,0.1275,,0.016,26.33,-39.33,0.0,80.1,0.08,22.71,0.284,84.67,idle,0.0075,-0.0103,-0.01,1
12:44:10.949,5051.0,0,0.0,1546306833,0.01,-0.01,-0.01,1.0,80.09,2019-01-01 07:10:33+05:30,1.0,403.0,1,0.0,0.0,127.5,0.1275,,0.017,35.26,-35.26,0.0,80.1,0.08,22.73,0.285,84.67,idle,0.0089,-0.0095,-0.01,1
12:44:11.949,5052.0,0,0.0,1546306834,0.003,-0.007,-0.01,1.0,80.09,2019-01-01 07:10:34+05:30,1.0,404.0,1,0.0,0.0,127.5,0.1275,,0.013,13.81,-33.84,0.0,80.1,0.08,22.75,0.285,84.66,idle,0.0041,-0.0075,-0.01,1
12:44:12.948,5053.0,0,0.0,1546306835,0.0,-0.007,-0.01,1.0,80.09,2019-01-01 07:10:35+05:30,1.0,405.0,1,0.0,0.0,127.5,0.1275,,0.012,0.0,-34.99,0.0,80.1,0.08,22.77,0.285,84.66,idle,-0.0008,-0.0065,-0.01,1
12:44:13.949,5054.0,0,0.0,1546306836,0.0,-0.007,-0.01,1.0,80.09,2019-01-01 07:10:36+05:30,1.0,406.0,1,0.0,0.0,127.5,0.1275,,0.012,0.0,-34.99,0.0,80.1,0.08,22.8,0.286,84.66,idle,0.0007,-0.0078,-0.01,1
12:44:14.948,5055.0,0,0.0,1546306837,0.007,-0.01,-0.01,1.0,80.09,2019-01-01 07:10:37+05:30,1.0,407.0,1,0.0,0.0,127.5,0.1275,,0.016,26.33,-39.33,0.0,80.1,0.08,22.82,0.286,84.66,idle,0.0064,-0.009,-0.01,1
12:44:15.949,5056.0,0,0.0,1546306838,0.01,-0.007,-0.01,1.0,80.09,2019-01-01 07:10:38+05:30,1.0,408.0,1,0.0,0.0,127.5,0.1275,,0.016,39.33,-26.33,0.0,80.1,0.08,22.84,0.286,84.66,idle,0.0103,-0.0078,-0.01,1
12:44:16.948,5057.0,0,0.0,1546306839,0.01,-0.007,-0.01,1.0,80.09,2019-01-01 07:10:39+05:30,1.0,409.0,1,0.0,0.0,127.5,0.1275,,0.016,39.33,-26.33,0.0,80.1,0.08,22.86,0.286,84.66,idle,0.0098,-0.0065,-0.01,1
12:44:17.949,5058.0,0,0.0,1546306840,0.007,-0.007,-0.01,1.0,80.09,2019-01-01 07:10:40+05:30,1.0,410.0,1,0.0,0.0,127.5,0.1275,,0.014,29.83,-29.83,0.0,80.1,0.08,22.89,0.287,84.66,idle,0.0074,-0.0075,-0.01,1
12:44:18.949,5059.0,0,0.0,1546306841,0.007,-0.01,-0.01,1.0,80.09,2019-01-01 07:10:41+05:30,1.0,411.0,1,0.0,0.0,127.5,0.1275,,0.016,26.33,-39.33,0.0,80.1,0.08,22.91,0.287,84.66,idle,0.0064,-0.0095,-0.01,1
12:44:19.948,5060.0,0,0.0,1546306842,0.007,-0.01,-0.01,1.0,80.09,2019-01-01 07:10:42+05:30,1.0,412.0,1,0.0,0.0,127.5,0.1275,,0.016,26.33,-39.33,0.0,80.1,0.08,22.93,0.287,84.66,idle,0.0079,-0.0103,-0.01,1
12:44:20.949,5061.0,0,0.0,1546306843,0.01,-0.01,-0.01,1.0,80.09,2019-01-01 07:10:43+05:30,1.0,413.0,1,0.0,0.0,127.5,0.1275,,0.017,35.26,-35.26,0.0,80.1,0.08,22.95,0.288,84.66,idle,0.0092,-0.01,-0.01,1
12:44:21.948,5062.0,0,0.0,1546306844,0.007,-0.01,-0.01,1.0,80.09,2019-01-01 07:10:44+05:30,1.0,414.0,1,0.0,0.0,127.5,0.1275,,0.016,26.33,-39.33,0.0,80.1,0.08,22.97,0.288,84.66,idle,0.0073,-0.0099,-0.01,1
12:44:22.949,5063.0,0,0.0,1546306845,0.003,-0.01,-0.01,1.0,80.09,2019-01-01 07:10:45+05:30,1.0,415.0,1,0.0,0.0,127.5,0.1275,,0.014,11.98,-43.77,0.0,80.1,0.08,23.0,0.288,84.66,idle,0.0031,-0.01,-0.01,1
12:44:23.948,5064.0,0,0.0,1546306846,0.0,-0.01,-0.01,1.0,80.08,2019-01-01 07:10:46+05:30,1.0,416.0,1,0.0,0.0,127.5,0.1275,,0.014,0.0,-45.0,0.0,80.1,0.08,23.02,0.288,84.66,idle,-0.0001,-0.01,-0.01,1
12:44:24.949,5065.0,0,0.0,1546306847,0.0,-0.01,-0.01,1.0,80.08,2019-01-01 07:10:47+05:30,1.0,417.0,1,0.0,0.0,127.5,0.1275,,0.014,0.0,-45.0,0.0,80.1,0.08,23.04,0.289,84.66,idle,-0.0,-0.01,-0.01,1
12:44:25.948,5066.0,0,0.0,1546306848,0.003,-0.01,-0.01,1.0,80.08,2019-01-01 07:10:48+05:30,1.0,418.0,1,0.0,0.0,127.5,0.1275,,0.014,11.98,-43.77,0.0,80.1,0.08,23.06,0.289,84.66,idle,0.0032,-0.01,-0.01,1
12:44:26.949,5067.0,0,0.0,1546306849,0.007,-0.01,-0.01,1.0,80.08,2019-01-01 07:10:49+05:30,1.0,419.0,1,0.0,0.0,127.5,0.1275,,0.016,26.33,-39.33,0.0,80.1,0.08,23.09,0.289,84.66,idle,0.0069,-0.0099,-0.01,1
12:44:27.949,5068.0,0,0.0,1546306850,0.007,-0.01,-0.01,1.0,80.08,2019-01-01 07:10:50+05:30,1.0,420.0,1,0.0,0.0,127.5,0.1275,,0.016,26.33,-39.33,0.0,80.1,0.08,23.11,0.289,84.66,idle,0.0069,-0.01,-0.01,1
12:44:28.948,5069.0,0,0.0,1546306851,0.003,-0.01,-0.01,1.0,80.08,2019-01-01 07:10:51+05:30,1.0,421.0,1,0.0,0.0,127.5,0.1275,,0.014,11.98,-43.77,0.0,80.1,0.08,23.13,0.29,84.66,idle,0.0029,-0.0102,-0.01,1
12:44:29.949,5070.0,0,0.0,1546306852,0.0,-0.01,-0.01,1.0,80.08,2019-01-01 07:10:52+05:30,1.0,422.0,1,0.0,0.0,127.5,0.1275,,0.014,0.0,-45.0,0.0,80.1,0.08,23.15,0.29,84.66,idle,0.0003,-0.0095,-0.01,1
12:44:30.949,5071.0,0,0.0,1546306853,0.003,-0.007,-0.01,1.0,80.08,2019-01-01 07:10:53+05:30,1.0,423.0,1,0.0,0.0,127.5,0.1275,,0.013,13.81,-33.84,0.0,80.1,0.08,23.17,0.29,84.66,idle,0.0027,-0.0076,-0.01,1
12:44:31.948,5072.0,0,0.0,1546306854,0.007,-0.007,-0.01,1.0,80.08,2019-01-01 07:10:54+05:30,1.0,424.0,1,0.0,0.0,127.5,0.1275,,0.014,29.83,-29.83,0.0,80.1,0.08,23.2,0.291,84.66,idle,0.0073,-0.0065,-0.01,1
12:44:32.949,5073.0,0,0.0,1546306855,0.01,-0.007,-0.01,1.0,80.08,2019-01-01 07:10:55+05:30,1.0,425.0,1,0.0,0.0,127.5,0.1275,,0.016,39.33,-26.33,0.0,80.1,0.08,23.22,0.291,84.66,idle,0.0093,-0.0076,-0.01,1
12:44:33.948,5074.0,0,0.0,1546306856,0.007,-0.01,-0.01,1.0,80.08,2019-01-01 07:10:56+05:30,1.0,426.0,1,0.0,0.0,127.5,0.1275,,0.016,26.33,-39.33,0.0,80.1,0.08,23.24,0.291,84.66,idle,0.0081,-0.0095,-0.01,1
12:44:34.949,5075.0,0,0.0,1546306857,0.007,-0.01,-0.01,1.0,80.08,2019-01-01 07:10:57+05:30,1.0,427.0,1,0.0,0.0,127.5,0.1275,,0.016,26.33,-39.33,0.0,80.1,0.08,23.26,0.291,84.66,idle,0.0058,-0.0102,-0.01,1
12:44:35.948,5076.0,0,0.0,1546306858,0.003,-0.01,-0.01,1.0,80.08,2019-01-01 07:10:58+05:30,1.0,428.0,1,0.0,0.0,127.5,0.1275,,0.014,11.98,-43.77,0.0,80.1,0.08,23.29,0.292,84.66,idle,0.0039,-0.01,-0.01,1
12:44:36.949,5077.0,0,0.0,1546306859,0.003,-0.01,-0.01,1.0,80.08,2019-01-01 07:10:59+05:30,1.0,429.0,1,0.0,0.0,127.5,0.1275,,0.014,11.98,-43.77,0.0,80.1,0.08,23.31,0.292,84.66,idle,0.0026,-0.0099,-0.01,1
12:44:37.949,5078.0,0,0.0,1546306860,0.003,-0.01,-0.01,1.0,80.08,2019-01-01 07:11:00+05:30,1.0,430.0,1,0.0,0.0,127.5,0.1275,,0.014,11.98,-43.77,0.0,80.1,0.08,23.33,0.292,84.66,idle,0.0026,-0.01,-0.01,1
12:44:38.948,5079.0,0,0.0,1546306861,0.003,-0.01,-0.01,1.0,80.08,2019-01-01 07:11:01+05:30,1.0,431.0,1,0.0,0.0,127.5,0.1275,,0.014,11.98,-43.77,0.0,80.1,0.08,23.35,0.293,84.66,idle,0.0041,-0.01,-0.01,1
12:44:39.949,5080.0,0,0.0,1546306862,0.007,-0.01,-0.01,1.0,80.08,2019-01-01 07:11:02+05:30,1.0,432.0,1,0.0,0.0,127.5,0.1275,,0.016,26.33,-39.33,0.0,80.1,0.08,23.38,0.293,84.66,idle,0.0055,-0.01,-0.01,1
12:44:40.948,5081.0,0,0.0,1546306863,0.003,-0.01,-0.01,1.0,80.08,2019-01-01 07:11:03+05:30,1.0,433.0,1,0.0,0.0,127.5,0.1275,,0.014,11.98,-43.77,0.0,80.1,0.08,23.4,0.293,84.66,idle,0.0045,-0.01,-0.01,1
12:44:41.949,5082.0,0,0.0,1546306864,0.003,-0.01,-0.01,1.0,80.08,2019-01-01 07:11:04+05:30,1.0,434.0,1,0.0,0.0,127.5,0.1275,,0.014,11.98,-43.77,0.0,80.1,0.08,23.42,0.293,84.65,idle,0.0018,-0.01,-0.01,1
12:44:42.949,5083.0,0,0.0,1546306865,0.0,-0.01,-0.01,1.0,80.08,2019-01-01 07:11:05+05:30,1.0,435.0,1,0.0,0.0,127.5,0.1275,,0.014,0.0,-45.0,0.0,80.1,0.08,23.44,0.294,84.65,idle,0.0006,-0.01,-0.01,1
12:44:43.948,5084.0,0,0.0,1546306866,0.003,-0.01,-0.01,1.0,80.08,2019-01-01 07:11:06+05:30,1.0,436.0,1,0.0,0.0,127.5,0.1275,,0.014,11.98,-43.77,0.0,80.1,0.08,23.46,0.294,84.65,idle,0.0031,-0.01,-0.01,1
12:44:44.949,5085.0,0,0.0,1546306867,0.007,-0.01,-0.01,1.0,80.08,2019-01-01 07:11:07+05:30,1.0,437.0,1,0.0,0.0,127.5,0.1275,,0.016,26.33,-39.33,0.0,80.1,0.08,23.49,0.294,84.65,idle,0.0065,-0.01,-0.01,1
12:44:45.948,5086.0,0,0.0,1546306868,0.007,-0.01,-0.01,1.0,80.08,2019-01-01 07:11:08+05:30,1.0,438.0,1,0.0,0.0,127.5,0.1275,,0.016,26.33,-39.33,0.0,80.1,0.08,23.51,0.294,84.65,idle,0.0073,-0.01,-0.01,1
12:44:46.949,5087.0,0,0.0,1546306869,0.007,-0.01,-0.01,1.0,80.08,2019-01-01 07:11:09+05:30,1.0,439.0,1,0.0,0.0,127.5,0.1275,,0.016,26.33,-39.33,0.0,80.1,0.08,23.53,0.295,84.65,idle,0.0069,-0.01,-0.01,1
12:44:47.949,5088.0,0,0.0,1546306870,0.007,-0.01,-0.01,1.0,80.08,2019-01-01 07:11:10+05:30,1.0,440.0,1,0.0,0.0,127.5,0.1275,,0.016,26.33,-39.33,0.0,80.1,0.08,23.55,0.295,84.65,idle,0.0073,-0.01,-0.01,1
12:44:48.948,5089.0,0,0.0,1546306871,0.007,-0.01,-0.01,1.0,80.08,2019-01-01 07:11:11+05:30,1.0,441.0,1,0.0,0.0,127.5,0.1275,,0.016,26.33,-39.33,0.0,80.1,0.08,23.58,0.295,84.65,idle,0.0065,-0.01,-0.01,1
12:44:49.949,5090.0,0,0.0,1546306872,0.003,-0.01,-0.01,1.0,80.08,2019-01-01 07:11:12+05:30,1.0,442.0,1,0.0,0.0,127.5,0.1275,,0.014,11.98,-43.77,0.0,80.1,0.08,23.6,0.296,84.65,idle,0.0032,-0.01,-0.01,1
12:44:50.948,5091.0,0,0.0,1546306873,0.0,-0.01,-0.01,1.0,80.08,2019-01-01 07:11:13+05:30,1.0,443.0,1,0.0,0.0,127.5,0.1275,,0.014,0.0,-45.0,0.0,80.1,0.08,23.62,0.296,84.65,idle,0.0002,-0.01,-0.01,1
12:44:51.948,5092.0,0,0.0,1546306874,0.0,-0.01,-0.01,1.0,80.08,2019-01-01 07:11:14+05:30,1.0,444.0,1,0.0,0.0,127.5,0.1275,,0.014,0.0,-45.0,0.0,80.1,0.08,23.64,0.296,84.65,idle,-0.0003,-0.01,-0.01,1
12:44:52.949,5093.0,0,0.0,1546306875,0.0,-0.01,-0.01,1.0,80.08,2019-01-01 07:11:15+05:30,1.0,445.0,1,0.0,0.0,127.5,0.1275,,0.014,0.0,-45.0,0.0,80.1,0.08,23.66,0.296,84.65,idle,0.0001,-0.01,-0.01,1
12:44:53.948,5094.0,0,0.0,1546306876,0.0,-0.01,-0.01,1.0,80.08,2019-01-01 07:11:16+05:30,1.0,446.0,1,0.0,0.0,127.5,0.1275,,0.014,0.0,-45.0,0.0,80.1,0.08,23.69,0.297,84.65,idle,0.0,-0.01,-0.01,1
12:44:54.949,5095.0,0,0.0,1546306877,0.0,-0.01,-0.01,1.0,80.08,2019-01-01 07:11:17+05:30,1.0,447.0,1,0.0,0.0,127.5,0.1275,,0.014,0.0,-45.0,0.0,80.1,0.08,23.71,0.297,84.65,idle,0.0,-0.01,-0.01,1
12:44:55.949,5096.0,0,0.0,1546306878,0.0,-0.01,-0.01,1.0,80.08,2019-01-01 07:11:18+05:30,1.0,448.0,1,0.0,0.0,127.5,0.1275,,0.014,0.0,-45.0,0.0,80.1,0.08,23.73,0.297,84.65,idle,0.0001,-0.01,-0.01,1
12:44:56.948,5097.0,0,0.0,1546306879,0.0,-0.01,-0.01,1.0,80.08,2019-01-01 07:11:19+05:30,1.0,449.0,1,0.0,0.0,127.5,0.1275,,0.014,0.0,-45.0,0.0,80.1,0.08,23.75,0.298,84.65,idle,-0.0003,-0.01,-0.01,1
12:44:57.949,5098.0,0,0.0,1546306880,0.0,-0.01,-0.01,1.0,80.08,2019-01-01 07:11:20+05:30,1.0,450.0,1,0.0,0.0,127.5,0.1275,,0.014,0.0,-45.0,0.0,80.1,0.08,23.78,0.298,84.65,idle,0.0003,-0.01,-0.01,1
12:44:58.949,5099.0,0,0.0,1546306881,0.003,-0.01,-0.01,1.0,80.08,2019-01-01 07:11:21+05:30,1.0,451.0,1,0.0,0.0,127.5,0.1275,,0.014,11.98,-43.77,0.0,80.1,0.08,23.8,0.298,84.65,idle,0.0031,-0.01,-0.01,1
12:44:59.948,5100.0,0,0.0,1546306882,0.007,-0.01,-0.01,1.0,80.08,2019-01-01 07:11:22+05:30,1.0,452.0,1,0.0,0.0,127.5,0.1275,,0.016,26.33,-39.33,0.0,80.1,0.08,23.82,0.298,84.65,idle,0.0065,-0.01,-0.01,1
12:45:00.949,5101.0,0,0.0,1546306883,0.007,-0.01,-0.01,1.0,80.08,2019-01-01 07:11:23+05:30,1.0,453.0,1,0.0,0.0,127.5,0.1275,,0.016,26.33,-39.33,0.0,80.1,0.08,23.84,0.299,84.65,idle,0.0078,-0.01,-0.01,1
12:45:01.948,5102.0,0,0.0,1546306884,0.007,-0.01,-0.01,1.0,80.08,2019-01-01 07:11:24+05:30,1.0,454.0,1,0.0,0.0,127.5,0.1275,,0.016,26.33,-39.33,0.0,80.1,0.08,23.86,0.299,84.65,idle,0.0061,-0.0101,-0.0101,1
12:45:02.948,5103.0,0,0.0,1546306885,0.003,-0.01,-0.01,1.0,80.08,2019-01-01 07:11:25+05:30,1.0,455.0,1,0.0,0.0,127.5,0.1275,,0.014,11.98,-43.77,0.0,80.1,0.08,23.89,0.299,84.65,idle,0.0037,-0.01,-0.0099,1
12:45:03.949,5104.0,0,0.0,1546306886,0.003,-0.01,-0.01,1.0,80.08,2019-01-01 07:11:26+05:30,1.0,456.0,1,0.0,0.0,127.5,0.1275,,0.014,11.98,-43.77,0.0,80.1,0.08,23.91,0.299,84.65,idle,0.0028,-0.0099,-0.01,1
12:45:04.948,5105.0,0,0.0,1546306887,0.003,-0.01,-0.01,1.0,80.08,2019-01-01 07:11:27+05:30,1.0,457.0,1,0.0,0.0,127.5,0.1275,,0.014,11.98,-43.77,0.0,80.1,0.08,23.93,0.3,84.65,idle,0.003,-0.0103,-0.0104,1
12:45:05.949,5106.0,0,0.0,1546306888,0.003,-0.01,-0.01,1.0,80.08,2019-01-01 07:11:28+05:30,1.0,458.0,1,0.0,0.0,127.5,0.1275,,0.014,11.98,-43.77,0.0017,80.1,0.08,23.95,0.3,84.65,idle,0.0029,-0.0099,-0.0094,1
12:45:06.949,5107.0,0,0.0,1546306889,0.003,-0.007,-0.007,1.0,80.08,2019-01-01 07:11:29+05:30,1.0,459.0,1,0.0,0.0,127.5,0.1275,,0.01,16.86,-42.59,0.0035,80.1,0.08,23.98,0.3,84.65,idle,0.0035,-0.0067,-0.0071,1
12:45:07.948,5108.0,0,0.02,1546306890,0.007,-0.003,-0.003,1.0,80.08,2019-01-01 07:11:30+05:30,1.0,460.0,1,0.0,0.0,127.5,0.1275,,0.008,58.78,-21.5,0.0072,80.1,0.08,24.0,0.301,84.65,idle,0.0064,-0.0034,-0.0036,1
12:45:08.949,5109.0,0,0.02,1546306891,0.01,-0.003,0.007,1.0,80.08,2019-01-01 07:11:31+05:30,1.0,461.0,1,0.0,0.0,127.5,0.1275,,0.013,52.71,-13.81,0.0153,80.1,0.08,24.02,0.301,84.65,idle,0.0103,-0.0031,0.0073,1
12:45:09.949,5110.0,0,9.64,1546306892,0.01,-0.003,0.027,1.0,80.08,2019-01-01 07:11:32+05:30,1.0,462.0,1,0.5,0.139,127.5,0.1275,,0.029,20.21,-5.95,0.018,80.1,0.08,24.04,0.301,84.65,idle,0.0105,-0.0028,0.0283,1
12:45:10.948,5111.0,1,26.36,1546306893,0.007,-0.0,0.043,4.07,80.02,2019-01-01 07:11:33+05:30,1.0,463.0,2,1.5,0.417,127.78,0.1278,,0.044,9.25,-0.0,0.0092,325.7,0.326,24.13,0.302,84.64,accel,0.0051,0.0006,0.0414,0
12:45:11.949,5112.0,3,69.9,1546306894,-0.003,0.003,0.027,6.45,79.97,2019-01-01 07:11:34+05:30,1.0,464.0,2,2.5,0.694,128.61,0.1286,23.3,0.027,-6.3,6.3,0.0272,515.8,0.516,24.28,0.304,84.64,accel,-0.0002,0.0018,0.0268,0
12:45:12.949,5113.0,6,124.48,1546306895,0.003,-0.007,-0.01,10.12,79.9,2019-01-01 07:11:35+05:30,1.0,465.0,2,3.0,0.833,130.28,0.1303,20.75,0.013,13.81,-33.84,0.035,808.6,0.809,24.5,0.307,84.64,accel,0.0005,-0.0057,-0.0085,0
12:45:13.948,5114.0,9,184.94,1546306896,0.0,-0.017,-0.043,12.82,79.84,2019-01-01 07:11:36+05:30,1.0,466.0,2,3.0,0.833,132.78,0.1328,20.55,0.046,0.0,-21.57,0.0214,1023.5,1.024,24.79,0.31,84.63,accel,0.0019,-0.0183,-0.0424,0
12:45:14.949,5115.0,12,237.46,1546306897,0.0,-0.03,-0.05,15.42,79.79,2019-01-01 07:11:37+05:30,1.0,467.0,2,2.5,0.694,136.11,0.1361,19.79,0.058,0.0,-30.96,0.0051,1230.4,1.23,25.13,0.315,84.63,accel,-0.0016,-0.0281,-0.0557,0
12:45:15.949,5116.0,14,281.9,1546306898,-0.003,-0.03,-0.04,16.69,79.76,2019-01-01 07:11:38+05:30,1.0,468.0,2,1.5,0.417,140.0,0.14,20.14,0.05,-3.43,-36.79,0.0476,1331.2,1.331,25.5,0.319,84.62,accel,-0.0026,-0.0325,-0.0298,0
12:45:16.948,5117.0,15,304.88,1546306899,0.007,-0.033,0.037,17.54,79.74,2019-01-01 07:11:39+05:30,1.0,469.0,2,1.0,0.278,144.17,0.1442,20.33,0.05,8.04,-41.23,0.0486,1398.6,1.399,25.89,0.324,84.62,accel,0.0086,-0.0306,0.0261,0
12:45:17.949,5118.0,16,321.02,1546306900,0.027,-0.02,0.05,19.93,79.69,2019-01-01 07:11:40+05:30,1.0,470.0,2,1.0,0.278,148.61,0.1486,20.06,0.06,26.63,-19.39,0.0075,1588.2,1.588,26.33,0.33,84.61,accel,0.0243,-0.0216,0.0604,0
12:45:18.948,5119.0,17,335.56,1546306901,0.027,-0.01,0.05,20.8,79.67,2019-01-01 07:11:41+05:30,1.0,471.0,2,1.0,0.278,153.33,0.1533,19.74,0.058,27.9,-9.98,0.0387,1657.1,1.657,26.79,0.336,84.61,accel,0.029,-0.0091,0.0385,0
12:45:19.949,5120.0,18,346.8,1546306902,0.023,-0.0,-0.017,21.45,79.66,2019-01-01 07:11:42+05:30,1.0,472.0,2,0.5,0.139,158.33,0.1583,19.27,0.029,53.53,-0.0,0.0396,1708.7,1.709,27.26,0.341,84.6,cruise,0.0219,-0.0005,-0.0065,0
12:45:20.949,5121.0,18,360.06,1546306903,0.01,0.0,-0.02,20.31,79.68,2019-01-01 07:11:43+05:30,1.0,473.0,2,0.5,0.139,163.33,0.1633,20.0,0.022,26.57,0.0,0.0017,1618.3,1.618,27.71,0.347,84.59,cruise,0.0115,0.0003,-0.0251,0
12:45:21.948,5122.0,19,367.12,1546306904,0.007,-0.003,-0.017,20.74,79.67,2019-01-01 07:11:44+05:30,1.0,474.0,2,0.5,0.139,168.61,0.1686,19.32,0.019,22.07,-9.27,0.0035,1652.4,1.652,28.17,0.353,84.58,cruise,0.0042,-0.0034,-0.0174,0
12:45:22.949,5123.0,19,367.14,1546306905,0.003,-0.007,-0.013,20.24,79.68,2019-01-01 07:11:45+05:30,1.0,475.0,2,-0.5,-0.139,173.89,0.1739,19.32,0.015,11.49,-27.68,0.0035,1612.7,1.613,28.62,0.359,84.58,cruise,0.0063,-0.0064,-0.0106,0
12:45:23.948,5124.0,18,360.5,1546306906,0.02,-0.007,-0.01,20.6,79.67,2019-01-01 07:11:46+05:30,1.0,476.0,2,-0.5,-0.139,178.89,0.1789,20.03,0.023,58.6,-17.38,0.0035,1641.2,1.641,29.07,0.364,84.57,cruise,0.0183,-0.0076,-0.0121,0
12:45:24.949,5125.0,18,354.86,1546306907,0.027,-0.01,-0.017,21.16,79.65,2019-01-01 07:11:47+05:30,1.0,477.0,2,0.0,0.0,183.89,0.1839,19.71,0.033,53.85,-17.4,0.0035,1685.4,1.685,29.54,0.37,84.56,cruise,0.0263,-0.0098,-0.0153,0
12:45:25.949,5126.0,18,355.06,1546306908,0.017,-0.013,-0.013,20.5,79.67,2019-01-01 07:11:48+05:30,1.0,478.0,2,0.0,0.0,188.89,0.1889,19.73,0.025,42.76,-31.28,0.0035,1633.2,1.633,30.0,0.376,84.56,cruise,0.0193,-0.013,-0.015,0
12:45:26.948,5127.0,18,360.46,1546306909,0.007,-0.013,-0.01,19.9,79.68,2019-01-01 07:11:49+05:30,1.0,479.0,2,0.5,0.139,193.89,0.1939,20.03,0.018,23.11,-46.8,0.0068,1585.6,1.586,30.44,0.381,84.55,cruise,0.0038,-0.0132,-0.008,0
12:45:27.949,5128.0,19,368.58,1546306910,-0.01,-0.01,-0.0,20.41,79.66,2019-01-01 07:11:50+05:30,1.0,480.0,2,0.5,0.139,199.17,0.1992,19.4,0.014,-45.0,-45.0,0.0051,1625.9,1.626,30.89,0.387,84.54,cruise,-0.0061,-0.0091,-0.0005,0
12:45:28.948,5129.0,19,376.74,1546306911,0.0,-0.003,-0.003,20.38,79.66,2019-01-01 07:11:51+05:30,1.0,481.0,2,0.5,0.139,204.44,0.2044,19.83,0.004,0.0,-45.0,0.0091,1623.5,1.623,31.34,0.393,84.54,cruise,-0.004,-0.0047,-0.0047,0
12:45:29.949,5130.0,20,383.9,1546306912,0.003,-0.007,-0.017,21.47,79.64,2019-01-01 07:11:52+05:30,1.0,482.0,2,0.5,0.139,210.0,0.21,19.2,0.019,9.27,-22.07,0.007,1709.9,1.71,31.81,0.399,84.53,cruise,0.0063,-0.0047,-0.0149,0
12:45:30.948,5131.0,20,385.82,1546306913,0.017,-0.007,-0.01,22.42,79.62,2019-01-01 07:11:53+05:30,1.0,483.0,2,0.0,0.0,215.56,0.2156,19.29,0.021,54.32,-19.54,0.0085,1785.1,1.785,32.31,0.405,84.52,cruise,0.0151,-0.0091,-0.0113,0
12:45:31.949,5132.0,20,386.4,1546306914,0.013,-0.013,-0.0,22.23,79.62,2019-01-01 07:11:54+05:30,1.0,484.0,2,0.0,0.0,221.11,0.2211,19.32,0.018,45.0,-45.0,0.0115,1770.0,1.77,32.8,0.411,84.52,cruise,0.0135,-0.0122,0.0024,0
12:45:32.949,5133.0,20,393.3,1546306915,0.003,-0.01,0.013,21.77,79.63,2019-01-01 07:11:55+05:30,1.0,485.0,2,0.5,0.139,226.67,0.2267,19.66,0.017,10.37,-36.85,0.0075,1733.5,1.734,33.28,0.417,84.51,cruise,0.0027,-0.0086,0.0082,0
12:45:33.948,5134.0,21,407.62,1546306916,-0.007,-0.0,0.013,22.86,79.6,2019-01-01 07:11:56+05:30,1.0,486.0,2,1.0,0.278,232.5,0.2325,19.41,0.015,-28.3,-0.0,0.0058,1819.7,1.82,33.79,0.423,84.5,accel,-0.0057,-0.0032,0.0143,0
12:45:34.949,5135.0,22,427.76,1546306917,0.0,-0.01,0.003,23.8,79.58,2019-01-01 07:11:57+05:30,1.0,487.0,2,0.5,0.139,238.61,0.2386,19.44,0.01,0.0,-73.3,0.0153,1894.0,1.894,34.31,0.43,84.49,cruise,-0.0027,-0.0058,0.0149,0
12:45:35.948,5136.0,22,439.76,1546306918,0.007,-0.007,-0.017,23.75,79.58,2019-01-01 07:11:58+05:30,1.0,488.0,2,0.0,0.0,244.72,0.2447,19.99,0.02,20.84,-20.84,0.0906,1890.0,1.89,34.84,0.437,84.49,cruise,0.0108,-0.0128,-0.0417,0
12:45:36.949,5137.0,22,435.3,1546306919,0.027,-0.02,-0.163,25.16,79.55,2019-01-01 07:11:59+05:30,1.0,489.0,2,-0.5,-0.139,250.83,0.2508,19.79,0.166,9.34,-6.9,0.0808,2001.5,2.001,35.4,0.444,84.48,cruise,0.023,-0.0121,-0.1394,0
12:45:37.948,5138.0,21,420.7,1546306920,0.017,0.003,-0.15,23.36,79.58,2019-01-01 07:12:00+05:30,1.0,490.0,2,-0.5,-0.139,256.67,0.2567,20.03,0.151,6.46,1.14,0.0182,1859.0,1.859,35.91,0.45,84.47,cruise,0.0203,-0.0055,-0.1656,0
12:45:38.949,5139.0,21,410.76,1546306921,0.007,-0.013,-0.127,22.56,79.6,2019-01-01 07:12:01+05:30,1.0,491.0,2,-0.5,-0.139,262.5,0.2625,19.56,0.128,3.14,-5.84,0.0357,1795.8,1.796,36.41,0.456,84.46,cruise,0.0041,-0.0059,-0.1092,0
12:45:39.948,5140.0,20,395.4,1546306922,-0.01,-0.007,-0.08,21.0,79.63,2019-01-01 07:12:02+05:30,1.0,492.0,2,-1.0,-0.278,268.06,0.2681,19.77,0.081,-7.1,-4.96,0.0605,1672.2,1.672,36.87,0.462,84.46,decel,-0.0076,-0.0127,-0.1047,0
12:45:40.949,5141.0,19,380.42,1546306923,-0.003,-0.017,-0.2,20.0,79.65,2019-01-01 07:12:03+05:30,1.0,493.0,2,-0.5,-0.139,273.33,0.2733,20.02,0.201,-0.86,-4.86,0.0684,1593.0,1.593,37.32,0.468,84.45,cruise,-0.0038,-0.0125,-0.1822,0
12:45:41.949,5142.0,19,374.56,1546306924,0.007,-0.0,-0.197,20.56,79.63,2019-01-01 07:12:04+05:30,1.0,494.0,2,0.0,0.0,278.61,0.2786,19.71,0.197,2.04,-0.0,0.0528,1637.2,1.637,37.77,0.473,84.44,cruise,0.0062,-0.0027,-0.2004,0
12:45:42.948,5143.0,19,371.26,1546306925,0.007,0.003,-0.107,20.56,79.63,2019-01-01 07:12:05+05:30,1.0,495.0,2,-0.5,-0.139,283.89,0.2839,19.54,0.107,3.74,1.6,0.095,1637.2,1.637,38.23,0.479,84.44,cruise,0.0086,0.0036,-0.1056,0
12:45:43.949,5144.0,18,359.92,1546306926,0.007,-0.003,-0.007,19.56,79.65,2019-01-01 07:12:06+05:30,1.0,496.0,2,-0.5,-0.139,288.89,0.2889,20.0,0.01,42.59,-16.86,0.0561,1558.0,1.558,38.66,0.485,84.43,cruise,0.0044,-0.0021,-0.0162,0
12:45:44.949,5145.0,18,349.56,1546306927,0.0,-0.01,-0.013,19.0,79.66,2019-01-01 07:12:07+05:30,1.0,497.0,2,-0.5,-0.139,293.89,0.2939,19.42,0.016,0.0,-37.57,0.0035,1513.5,1.514,39.08,0.49,84.42,cruise,0.0039,-0.0122,-0.003,0
12:45:45.948,5146.0,17,343.92,1546306928,0.013,-0.017,-0.007,19.04,79.66,2019-01-01 07:12:08+05:30,1.0,498.0,2,-0.5,-0.139,298.61,0.2986,20.23,0.023,35.26,-49.03,0.0081,1516.7,1.517,39.5,0.495,84.42,cruise,0.0085,-0.0136,-0.0098,0
12:45:46.949,5147.0,17,342.74,1546306929,0.007,-0.003,0.003,18.56,79.66,2019-01-01 07:12:09+05:30,1.0,499.0,2,0.0,0.0,303.33,0.3033,20.16,0.008,58.78,-21.5,0.0058,1478.5,1.478,39.91,0.5,84.41,cruise,0.0111,-0.0064,0.001,0
12:45:47.948,5148.0,17,342.6,1546306930,0.013,-0.003,0.003,19.04,79.65,2019-01-01 07:12:10+05:30,1.0,500.0,2,0.0,0.0,308.06,0.3081,20.15,0.014,71.93,-12.67,0.0075,1516.5,1.517,40.33,0.506,84.41,cruise,0.0096,-0.0006,0.0042,0
12:45:48.949,5149.0,17,339.56,1546306931,0.007,-0.0,-0.01,18.56,79.66,2019-01-01 07:12:11+05:30,1.0,501.0,2,0.0,0.0,312.78,0.3128,19.97,0.012,34.99,-0.0,0.0115,1478.5,1.478,40.74,0.511,84.4,cruise,0.0097,-0.0013,-0.0092,0
12:45:49.948,5150.0,17,334.76,1546306932,0.02,-0.007,-0.02,19.6,79.64,2019-01-01 07:12:12+05:30,1.0,502.0,2,0.0,0.0,317.5,0.3175,19.69,0.029,43.35,-13.9,0.0068,1560.9,1.561,41.18,0.516,84.39,cruise,0.0179,-0.006,-0.0211,0
12:45:50.949,5151.0,17,329.5,1546306933,0.033,-0.01,-0.023,20.64,79.62,2019-01-01 07:12:13+05:30,1.0,503.0,2,-0.5,-0.139,322.22,0.3222,19.38,0.041,52.77,-13.96,0.003,1643.4,1.643,41.63,0.522,84.39,cruise,0.0346,-0.0111,-0.0226,0
12:45:51.949,5152.0,16,323.48,1546306934,0.05,-0.013,-0.017,21.0,79.61,2019-01-01 07:12:14+05:30,1.0,504.0,2,0.0,0.0,326.67,0.3267,20.22,0.054,66.83,-13.83,0.0081,1671.8,1.672,42.1,0.528,84.38,cruise,0.0494,-0.012,-0.0167,0
12:45:52.948,5153.0,17,329.44,1546306935,0.05,-0.007,-0.007,22.29,79.58,2019-01-01 07:12:15+05:30,1.0,505.0,2,0.5,0.139,331.39,0.3314,19.38,0.051,78.8,-7.89,0.0085,1773.8,1.774,42.59,0.534,84.37,cruise,0.0495,-0.0069,-0.0075,0
12:45:53.949,5154.0,17,335.04,1546306936,0.037,-0.0,0.0,21.26,79.6,2019-01-01 07:12:16+05:30,1.0,506.0,2,0.0,0.0,336.11,0.3361,19.71,0.037,90.0,-0.0,0.0051,1692.3,1.692,43.06,0.54,84.36,cruise,0.037,-0.0014,0.0003,0
12:45:54.949,5155.0,17,341.24,1546306937,0.023,-0.003,0.003,20.17,79.62,2019-01-01 07:12:17+05:30,1.0,507.0,2,0.5,0.139,340.83,0.3408,20.07,0.023,79.55,-7.37,0.0017,1605.9,1.606,43.51,0.546,84.36,cruise,0.0248,-0.0006,0.003,0
12:45:55.948,5156.0,18,348.3,1546306938,0.017,-0.0,0.0,20.7,79.6,2019-01-01 07:12:18+05:30,1.0,508.0,2,0.5,0.139,345.83,0.3458,19.35,0.017,90.0,-0.0,0.0051,1647.7,1.648,43.97,0.551,84.35,cruise,0.0143,-0.003,-0.0003,0
12:45:56.949,5157.0,18,355.02,1546306939,-0.003,-0.01,-0.007,19.01,79.64,2019-01-01 07:12:19+05:30,1.0,509.0,2,0.0,0.0,350.83,0.3508,19.72,0.013,-13.81,-52.71,0.004,1514.0,1.514,44.39,0.557,84.35,cruise,-0.0009,-0.0063,-0.0063,0
12:45:57.949,5158.0,18,348.82,1546306940,-0.013,-0.007,-0.007,19.0,79.63,2019-01-01 07:12:20+05:30,1.0,510.0,2,-0.5,-0.139,355.83,0.3558,19.38,0.016,-52.71,-25.37,0.0023,1513.0,1.513,44.81,0.562,84.34,cruise,-0.0146,-0.0111,-0.0082,0
12:45:58.948,5159.0,17,343.16,1546306941,-0.017,-0.02,-0.003,18.0,79.65,2019-01-01 07:12:21+05:30,1.0,511.0,2,-0.5,-0.139,360.56,0.3606,20.19,0.026,-40.05,-49.2,0.0072,1433.7,1.434,45.2,0.567,84.33,cruise,-0.0152,-0.0165,-0.0014,0
12:45:59.949,5160.0,17,338.0,1546306942,-0.007,-0.017,0.007,18.0,79.65,2019-01-01 07:12:22+05:30,1.0,512.0,2,0.0,0.0,365.28,0.3653,19.88,0.02,-20.84,-59.79,0.0051,1433.7,1.434,45.6,0.572,84.33,cruise,-0.0082,-0.0192,0.006,0
12:46:00.948,5161.0,17,334.48,1546306943,-0.007,-0.02,0.0,18.0,79.65,2019-01-01 07:12:23+05:30,1.0,513.0,2,0.0,0.0,370.0,0.37,19.68,0.021,-19.29,-70.71,0.014,1433.7,1.434,46.0,0.577,84.32,cruise,-0.0076,-0.0188,-0.0003,0
12:46:01.949,5162.0,17,331.62,1546306944,-0.013,-0.013,-0.02,18.0,79.65,2019-01-01 07:12:24+05:30,1.0,514.0,2,0.0,0.0,374.72,0.3747,19.51,0.027,-28.59,-28.59,0.0153,1433.7,1.434,46.4,0.582,84.32,cruise,-0.0114,-0.0146,-0.0194,0
12:46:02.949,5163.0,17,328.92,1546306945,-0.007,-0.007,-0.03,18.0,79.65,2019-01-01 07:12:25+05:30,1.0,515.0,2,0.0,0.0,379.44,0.3794,19.35,0.032,-12.8,-12.8,0.0058,1433.7,1.434,46.8,0.587,84.31,cruise,-0.0078,-0.0043,-0.0304,0
12:46:03.949,5164.0,17,327.8,1546306946,0.003,0.007,-0.02,18.42,79.64,2019-01-01 07:12:26+05:30,1.0,516.0,2,0.0,0.0,384.17,0.3842,19.28,0.021,8.06,19.09,0.0153,1467.0,1.467,47.2,0.592,84.3,cruise,0.0023,0.0042,-0.0195,0
12:46:04.949,5165.0,17,336.12,1546306947,0.007,-0.003,0.0,18.97,79.62,2019-01-01 07:12:27+05:30,1.0,517.0,2,0.0,0.0,388.89,0.3889,19.77,0.008,66.8,-23.2,0.014,1510.4,1.51,47.62,0.597,84.3,cruise,0.0088,-0.0012,0.0003,0
12:46:05.949,5166.0,17,344.16,1546306948,0.01,-0.013,0.007,19.2,79.62,2019-01-01 07:12:28+05:30,1.0,518.0,2,0.5,0.139,393.61,0.3936,20.24,0.018,34.11,-46.8,0.007,1528.7,1.529,48.05,0.603,84.29,cruise,0.0073,-0.0143,0.0052,0
12:46:06.949,5167.0,18,351.92,1546306949,0.0,-0.017,-0.007,19.4,79.61,2019-01-01 07:12:29+05:30,1.0,519.0,2,0.5,0.139,398.61,0.3986,19.55,0.018,0.0,-67.62,0.0081,1544.4,1.544,48.48,0.608,84.28,cruise,0.0028,-0.0157,-0.005,0
12:46:07.949,5168.0,18,360.1,1546306950,0.003,-0.003,-0.007,19.62,79.61,2019-01-01 07:12:30+05:30,1.0,520.0,2,0.5,0.139,403.61,0.4036,20.01,0.008,21.5,-21.5,0.0081,1561.9,1.562,48.91,0.613,84.28,cruise,0.0008,-0.0028,-0.0079,0
12:46:08.948,5169.0,19,367.14,1546306951,-0.003,0.01,0.007,20.14,79.59,2019-01-01 07:12:31+05:30,1.0,521.0,2,0.5,0.139,408.89,0.4089,19.32,0.013,-13.81,52.71,0.0171,1602.9,1.603,49.36,0.619,84.27,cruise,-0.0013,0.0073,0.0072,0
12:46:09.949,5170.0,19,365.54,1546306952,-0.007,0.003,0.027,20.0,79.59,2019-01-01 07:12:32+05:30,1.0,522.0,2,-0.5,-0.139,414.17,0.4142,19.24,0.028,-14.45,6.14,0.018,1591.8,1.592,49.8,0.625,84.27,cruise,-0.0088,0.0069,0.0274,0
12:46:10.949,5171.0,18,363.66,1546306953,-0.02,0.007,0.043,19.0,79.61,2019-01-01 07:12:33+05:30,1.0,523.0,2,-0.5,-0.139,419.17,0.4192,20.2,0.048,-24.66,8.4,0.0165,1512.6,1.513,50.22,0.63,84.26,cruise,-0.0183,0.0037,0.0414,0
12:46:11.949,5172.0,18,362.52,1546306954,-0.02,-0.0,0.06,19.0,79.61,2019-01-01 07:12:34+05:30,1.0,524.0,2,0.0,0.0,424.17,0.4242,20.14,0.063,-18.43,-0.0,0.0293,1512.6,1.513,50.64,0.635,84.25,cruise,-0.0209,0.0025,0.0615,0
12:46:12.949,5173.0,18,361.76,1546306955,-0.013,0.007,0.1,19.0,79.61,2019-01-01 07:12:35+05:30,1.0,525.0,2,0.0,0.0,429.17,0.4292,20.1,0.101,-7.39,3.97,0.04,1512.6,1.513,51.06,0.64,84.25,cruise,-0.0138,0.0041,0.1003,0
12:46:13.948,5174.0,18,360.36,1546306956,-0.01,0.007,0.14,19.0,79.61,2019-01-01 07:12:36+05:30,1.0,526.0,2,0.0,0.0,434.17,0.4342,20.02,0.141,-4.08,2.86,0.0306,1512.6,1.513,51.48,0.646,84.24,cruise,-0.0061,0.0107,0.1394,0
12:46:14.949,5175.0,18,356.3,1546306957,0.0,0.02,0.16,19.0,79.61,2019-01-01 07:12:37+05:30,1.0,527.0,2,0.0,0.0,439.17,0.4392,19.79,0.161,0.0,7.13,0.0215,1512.6,1.513,51.9,0.651,84.23,cruise,-0.0076,0.0167,0.1588,0
12:46:15.948,5176.0,18,353.72,1546306958,-0.017,0.01,0.183,19.0,79.6,2019-01-01 07:12:38+05:30,1.0,528.0,2,0.0,0.0,444.17,0.4442,19.65,0.184,-5.3,3.11,0.0266,1512.4,1.512,52.32,0.656,84.23,cruise,-0.008,0.0117,0.1819,0
12:46:16.949,5177.0,18,353.16,1546306959,0.017,-0.0,0.213,20.36,79.57,2019-01-01 07:12:39+05:30,1.0,529.0,2,0.0,0.0,449.17,0.4492,19.62,0.214,4.56,-0.0,0.0225,1620.0,1.62,52.77,0.662,84.22,cruise,0.0095,-0.0004,0.2227,0
12:46:17.948,5178.0,18,352.46,1546306960,0.03,-0.007,0.227,21.4,79.55,2019-01-01 07:12:40+05:30,1.0,530.0,2,0.0,0.0,454.17,0.4542,19.58,0.229,7.52,-1.75,0.0886,1702.4,1.702,53.24,0.668,84.21,cruise,0.0358,-0.007,0.2116,0
12:46:18.949,5179.0,18,351.76,1546306961,0.05,-0.01,0.067,23.12,79.52,2019-01-01 07:12:41+05:30,1.0,531.0,2,0.0,0.0,459.17,0.4592,19.54,0.084,36.43,-6.82,0.1585,1838.5,1.839,53.75,0.674,84.21,cruise,0.0449,-0.0088,0.0806,0
12:46:19.949,5180.0,18,357.3,1546306962,0.03,-0.01,-0.09,21.63,79.54,2019-01-01 07:12:42+05:30,1.0,532.0,2,0.0,0.0,464.17,0.4642,19.85,0.095,18.33,-6.02,0.1389,1720.5,1.72,54.23,0.68,84.2,cruise,0.0335,-0.0138,-0.1024,0
12:46:20.949,5181.0,18,360.96,1546306963,0.023,-0.023,-0.21,21.17,79.55,2019-01-01 07:12:43+05:30,1.0,533.0,2,0.5,0.139,469.17,0.4692,20.05,0.213,6.21,-6.21,0.0608,1684.1,1.684,54.7,0.686,84.19,cruise,0.0215,-0.0172,-0.1969,0
12:46:21.949,5182.0,19,370.42,1546306964,0.017,-0.007,-0.167,21.96,79.53,2019-01-01 07:12:44+05:30,1.0,534.0,2,1.0,0.278,474.44,0.4744,19.5,0.168,5.81,-2.39,0.0386,1746.5,1.746,55.18,0.692,84.19,accel,0.0182,-0.0125,-0.174,0
12:46:22.949,5183.0,20,384.96,1546306965,0.017,-0.013,-0.133,23.13,79.51,2019-01-01 07:12:45+05:30,1.0,535.0,2,0.5,0.139,480.0,0.48,19.25,0.135,7.25,-5.54,0.018,1839.1,1.839,55.7,0.699,84.18,cruise,0.0148,-0.0085,-0.1358,0
12:46:23.949,5184.0,20,401.12,1546306966,0.007,-0.007,-0.16,22.19,79.52,2019-01-01 07:12:46+05:30,1.0,536.0,2,0.5,0.139,485.56,0.4856,20.06,0.16,2.5,-2.5,0.025,1764.5,1.765,56.19,0.705,84.17,cruise,0.0094,-0.012,-0.1534,0
12:46:24.948,5185.0,21,410.18,1546306967,0.01,-0.023,-0.183,23.25,79.5,2019-01-01 07:12:47+05:30,1.0,537.0,2,0.5,0.139,491.39,0.4914,19.53,0.185,3.1,-7.15,0.0133,1848.4,1.848,56.7,0.711,84.16,cruise,0.0086,-0.0167,-0.1882,0
12:46:25.949,5186.0,21,419.24,1546306968,0.007,-0.013,-0.183,22.76,79.51,2019-01-01 07:12:48+05:30,1.0,538.0,2,0.0,0.0,497.22,0.4972,19.96,0.184,2.19,-4.06,0.0323,1809.6,1.81,57.2,0.718,84.16,cruise,0.0084,-0.0194,-0.1798,0
12:46:26.948,5187.0,21,417.98,1546306969,0.007,-0.027,-0.127,22.56,79.51,2019-01-01 07:12:49+05:30,1.0,539.0,2,0.0,0.0,503.06,0.5031,19.9,0.13,3.09,-11.98,0.0565,1793.7,1.794,57.7,0.724,84.15,cruise,0.0033,-0.0224,-0.1273,0
12:46:27.949,5188.0,21,410.58,1546306970,-0.003,-0.02,-0.07,22.0,79.52,2019-01-01 07:12:50+05:30,1.0,540.0,2,-0.5,-0.139,508.89,0.5089,19.55,0.073,-2.36,-15.93,0.04,1749.4,1.749,58.19,0.73,84.14,cruise,0.0034,-0.0221,-0.0728,0
12:46:28.949,5189.0,20,401.38,1546306971,0.023,-0.017,-0.05,22.84,79.5,2019-01-01 07:12:51+05:30,1.0,541.0,2,-0.5,-0.139,514.44,0.5144,20.07,0.058,23.53,-17.17,0.0166,1815.8,1.816,58.69,0.736,84.13,cruise,0.016,-0.0164,-0.0462,0
12:46:29.948,5190.0,20,394.22,1546306972,0.023,-0.013,-0.037,22.84,79.5,2019-01-01 07:12:52+05:30,1.0,542.0,2,0.0,0.0,520.0,0.52,19.71,0.045,30.39,-16.61,0.0068,1815.8,1.816,59.19,0.743,84.13,cruise,0.0289,-0.0128,-0.0407,0
12:46:30.949,5191.0,20,384.76,1546306973,0.03,-0.013,-0.04,23.4,79.49,2019-01-01 07:12:53+05:30,1.0,543.0,2,-0.5,-0.139,525.56,0.5256,19.24,0.052,35.5,-14.57,0.0091,1860.1,1.86,59.71,0.749,84.12,cruise,0.0264,-0.0144,-0.0364,0
12:46:31.948,5192.0,19,377.02,1546306974,0.01,-0.017,-0.023,20.8,79.54,2019-01-01 07:12:54+05:30,1.0,544.0,2,-0.5,-0.139,530.83,0.5308,19.84,0.03,19.27,-34.13,0.0108,1654.4,1.654,60.17,0.755,84.11,cruise,0.0102,-0.0144,-0.0265,0
12:46:32.949,5193.0,19,368.28,1546306975,-0.007,-0.007,-0.02,20.0,79.55,2019-01-01 07:12:55+05:30,1.0,545.0,2,-0.5,-0.139,536.11,0.5361,19.38,0.022,-18.28,-18.28,0.0068,1591.0,1.591,60.61,0.76,84.11,cruise,-0.004,-0.0096,-0.0168,0
12:46:33.949,5194.0,18,351.04,1546306976,-0.003,-0.007,-0.01,19.0,79.57,2019-01-01 07:12:56+05:30,1.0,546.0,2,-1.0,-0.278,541.11,0.5411,19.5,0.013,-13.81,-33.84,0.0051,1511.8,1.512,61.03,0.766,84.1,decel,-0.007,-0.0053,-0.013,0
12:46:34.949,5195.0,17,333.92,1546306977,-0.003,-0.003,-0.017,18.0,79.59,2019-01-01 07:12:57+05:30,1.0,547.0,2,-1.0,-0.278,545.83,0.5458,19.64,0.018,-9.86,-9.86,0.0035,1432.6,1.433,61.43,0.771,84.09,decel,-0.0008,-0.0043,-0.0142,0
12:46:35.949,5196.0,16,313.78,1546306978,0.01,-0.007,-0.013,17.8,79.59,2019-01-01 07:12:58+05:30,1.0,548.0,2,-1.5,-0.417,550.28,0.5503,19.61,0.018,34.11,-23.11,0.0023,1416.7,1.417,61.82,0.776,84.09,decel,0.0102,-0.0046,-0.0155,0
12:46:36.948,5197.0,14,287.24,1546306979,0.013,-0.0,-0.017,16.04,79.62,2019-01-01 07:12:59+05:30,1.0,549.0,2,-1.5,-0.417,554.17,0.5542,20.52,0.021,37.41,-0.0,0.0023,1277.1,1.277,62.18,0.78,84.08,decel,0.0126,-0.0045,-0.0145,0
12:46:37.949,5198.0,13,268.06,1546306980,-0.007,-0.007,-0.013,14.0,79.66,2019-01-01 07:13:00+05:30,1.0,550.0,2,0.0,0.0,557.78,0.5578,20.62,0.016,-25.37,-25.37,0.005,1115.2,1.115,62.49,0.784,84.08,cruise,-0.0083,-0.0007,-0.0151,0
12:46:38.948,5199.0,14,268.52,1546306981,-0.04,0.013,-0.023,15.0,79.64,2019-01-01 07:13:01+05:30,1.0,551.0,2,0.0,0.0,561.67,0.5617,19.18,0.048,-56.56,15.73,0.01,1194.6,1.195,62.82,0.788,84.07,cruise,-0.0382,0.0065,-0.0218,0
12:46:39.949,5200.0,13,264.8,1546306982,-0.043,0.003,-0.033,14.0,79.66,2019-01-01 07:13:02+05:30,1.0,552.0,2,-0.5,-0.139,565.28,0.5653,20.37,0.054,-52.38,3.17,0.01,1115.2,1.115,63.13,0.792,84.07,cruise,-0.0435,0.0087,-0.0331,0
12:46:40.949,5201.0,13,261.34,1546306983,-0.02,0.007,-0.043,14.05,79.66,2019-01-01 07:13:03+05:30,1.0,553.0,2,0.0,0.0,568.89,0.5689,20.1,0.048,-24.66,8.4,0.01,1119.2,1.119,63.44,0.796,84.06,cruise,-0.02,0.0017,-0.0439,0
12:46:41.948,5202.0,13,266.78,1546306984,0.003,-0.013,-0.053,14.95,79.64,2019-01-01 07:13:04+05:30,1.0,554.0,2,1.0,0.278,572.5,0.5725,20.52,0.055,3.15,-13.76,0.0072,1190.6,1.191,63.77,0.8,84.06,accel,0.003,-0.008,-0.0513,0
12:46:42.949,5203.0,15,289.72,1546306985,0.01,-0.01,-0.057,17.32,79.59,2019-01-01 07:13:05+05:30,1.0,555.0,2,1.0,0.278,576.67,0.5767,19.31,0.059,9.8,-9.8,0.0089,1378.5,1.378,64.15,0.805,84.05,accel,0.0083,-0.0139,-0.0587,0
12:46:43.948,5204.0,15,287.44,1546306986,0.007,-0.017,-0.07,16.61,79.6,2019-01-01 07:13:06+05:30,1.0,556.0,2,0.0,0.0,580.83,0.5808,19.16,0.072,5.55,-13.59,0.0101,1322.2,1.322,64.52,0.81,84.05,cruise,0.0099,-0.0153,-0.069,0
12:46:44.949,5205.0,15,291.86,1546306987,0.017,-0.013,-0.077,18.47,79.56,2019-01-01 07:13:07+05:30,1.0,557.0,2,1.0,0.278,585.0,0.585,19.46,0.08,12.28,-9.36,0.0085,1469.5,1.469,64.93,0.815,84.04,accel,0.0164,-0.0124,-0.0779,0
12:46:45.949,5206.0,17,331.96,1546306988,0.02,-0.007,-0.087,20.95,79.51,2019-01-01 07:13:08+05:30,1.0,558.0,2,1.5,0.417,589.72,0.5897,19.53,0.09,12.91,-4.48,0.0081,1665.7,1.666,65.39,0.821,84.03,accel,0.016,-0.0089,-0.0845,0
12:46:46.949,5207.0,18,345.84,1546306989,0.003,-0.013,-0.093,19.34,79.54,2019-01-01 07:13:09+05:30,1.0,559.0,2,0.0,0.0,594.72,0.5947,19.21,0.094,1.83,-7.95,0.0103,1538.3,1.538,65.82,0.826,84.03,cruise,0.0095,-0.0106,-0.0967,0
12:46:47.949,5208.0,17,336.12,1546306990,0.017,-0.01,-0.107,19.95,79.53,2019-01-01 07:13:10+05:30,1.0,560.0,2,0.5,0.139,599.44,0.5994,19.77,0.109,8.99,-5.27,0.0081,1586.6,1.587,66.26,0.831,84.02,cruise,0.0117,-0.0131,-0.106,0
12:46:48.949,5209.0,19,369.38,1546306991,0.017,-0.01,-0.093,22.41,79.48,2019-01-01 07:13:11+05:30,1.0,561.0,2,1.0,0.278,604.72,0.6047,19.44,0.095,10.3,-6.04,0.0314,1781.1,1.781,66.76,0.838,84.01,accel,0.0199,-0.0062,-0.0888,0
12:46:49.948,5210.0,19,378.0,1546306992,0.02,0.01,-0.047,21.6,79.49,2019-01-01 07:13:12+05:30,1.0,562.0,2,-0.5,-0.139,610.0,0.61,19.89,0.052,22.6,11.08,0.0278,1717.0,1.717,67.23,0.844,84.01,cruise,0.0191,0.0071,-0.0539,0
12:46:50.949,5211.0,18,354.96,1546306993,0.01,0.01,-0.043,19.8,79.52,2019-01-01 07:13:13+05:30,1.0,563.0,2,-0.5,-0.139,615.0,0.615,19.72,0.045,12.76,12.76,0.0106,1574.5,1.574,67.67,0.849,84.0,cruise,0.0091,0.0107,-0.0363,0
12:46:51.949,5212.0,18,354.02,1546306994,0.0,-0.0,-0.027,19.0,79.54,2019-01-01 07:13:14+05:30,1.0,564.0,2,0.0,0.0,620.0,0.62,19.67,0.027,0.0,-0.0,0.0092,1511.3,1.511,68.09,0.854,83.99,cruise,0.0025,0.001,-0.035,0
12:46:53.733,0.0,18,348.84,1546306995,0.007,-0.007,-0.027,19.56,79.53,2019-01-01 07:13:15+05:30,1.0,565.0,2,-2.0,-0.556,625.0,0.625,19.38,0.029,14.09,-14.09,0.0312,1555.6,1.556,68.52,0.86,83.99,decel,0.0045,-0.0088,-0.0165,0
12:48:01.949,5282.0,14,285.5,1546307064,0.007,-0.013,0.027,15.56,79.6,2019-01-01 07:14:24+05:30,5.0,570.0,2,-2.0,-0.556,644.44,0.6444,20.39,0.031,13.15,-24.99,0.0321,1238.6,1.239,70.24,0.881,83.96,decel,0.0084,-0.0101,0.0179,0
12:48:02.948,5283.0,14,286.06,1546307065,0.01,-0.003,0.03,15.8,79.6,2019-01-01 07:14:25+05:30,1.0,571.0,2,0.0,0.0,648.33,0.6483,20.43,0.032,18.35,-5.42,0.0035,1257.7,1.258,70.59,0.886,83.96,cruise,0.0095,-0.007,0.0334,0
12:48:03.949,5284.0,14,285.5,1546307066,0.01,-0.01,0.023,15.8,79.6,2019-01-01 07:14:26+05:30,1.0,572.0,2,0.0,0.0,652.22,0.6522,20.39,0.027,21.74,-21.74,0.0085,1257.7,1.258,70.94,0.89,83.95,cruise,0.0102,-0.0053,0.024,0
12:48:04.949,5285.0,14,282.04,1546307067,0.013,-0.0,0.013,16.04,79.59,2019-01-01 07:14:27+05:30,1.0,573.0,2,0.0,0.0,656.11,0.6561,20.15,0.018,45.0,-0.0,0.01,1276.6,1.277,71.3,0.895,83.95,cruise,0.0124,-0.005,0.0117,0
12:48:05.949,5286.0,14,277.02,1546307068,0.01,-0.01,0.003,15.8,79.59,2019-01-01 07:14:28+05:30,1.0,574.0,2,0.0,0.0,660.0,0.66,19.79,0.014,43.77,-43.77,0.01,1257.5,1.258,71.65,0.899,83.94,cruise,0.012,-0.0048,0.0029,0
12:48:06.949,5287.0,14,268.2,1546307069,0.007,-0.0,-0.007,15.56,79.6,2019-01-01 07:14:29+05:30,1.0,575.0,2,-0.5,-0.139,663.89,0.6639,19.16,0.01,45.0,-0.0,0.0068,1238.6,1.239,71.99,0.903,83.94,cruise,0.0034,-0.0053,-0.0063,0
12:48:07.949,5288.0,13,266.78,1546307070,-0.013,-0.013,-0.01,14.03,79.63,2019-01-01 07:14:30+05:30,1.0,576.0,2,0.0,0.0,667.5,0.6675,20.52,0.021,-38.4,-38.4,0.0017,1117.2,1.117,72.3,0.907,83.93,cruise,-0.009,-0.0076,-0.0106,0
12:48:08.949,5289.0,14,269.32,1546307071,-0.01,-0.003,-0.007,15.09,79.6,2019-01-01 07:14:31+05:30,1.0,577.0,2,0.5,0.139,671.39,0.6714,19.24,0.013,-52.71,-13.81,0.0051,1201.2,1.201,72.63,0.912,83.93,cruise,-0.0131,-0.0087,-0.0065,0
12:48:09.949,5290.0,14,270.32,1546307072,-0.01,-0.007,0.0,15.11,79.6,2019-01-01 07:14:32+05:30,1.0,578.0,2,0.0,0.0,675.28,0.6753,19.31,0.012,-55.01,-34.99,0.0051,1202.8,1.203,72.97,0.916,83.92,cruise,-0.0076,-0.0016,-0.0002,0
12:48:10.949,5291.0,14,273.68,1546307073,0.0,0.017,0.003,15.29,79.6,2019-01-01 07:14:33+05:30,1.0,579.0,2,0.0,0.0,679.17,0.6792,19.55,0.017,0.0,79.99,0.0017,1217.1,1.217,73.31,0.92,83.92,cruise,-0.0021,0.0131,0.0022,0
12:48:11.949,5292.0,14,281.98,1546307074,0.0,0.02,0.0,15.17,79.6,2019-01-01 07:14:34+05:30,1.0,580.0,2,0.0,0.0,683.06,0.6831,20.14,0.02,0.0,90.0,0.0017,1207.5,1.208,73.64,0.924,83.91,cruise,0.0013,0.022,0.0021,0
12:48:12.949,5293.0,14,280.36,1546307075,0.01,0.017,0.003,15.9,79.58,2019-01-01 07:14:35+05:30,1.0,581.0,2,0.0,0.0,686.94,0.6869,20.03,0.02,30.08,58.44,0.0051,1265.3,1.265,73.99,0.929,83.91,cruise,0.0098,0.016,0.0004,0
12:48:13.949,5294.0,14,285.82,1546307076,0.023,0.003,-0.007,17.07,79.56,2019-01-01 07:14:36+05:30,1.0,582.0,2,0.5,0.139,690.83,0.6908,20.42,0.024,71.68,7.11,0.0068,1358.1,1.358,74.37,0.933,83.9,cruise,0.0228,0.0032,-0.0049,0
12:48:14.949,5295.0,15,289.46,1546307077,0.027,-0.007,-0.01,18.5,79.53,2019-01-01 07:14:37+05:30,1.0,583.0,2,0.5,0.139,695.0,0.695,19.3,0.03,65.67,-13.66,0.0068,1471.3,1.471,74.78,0.938,83.9,cruise,0.0276,-0.0059,-0.0118,0
12:48:15.949,5296.0,15,299.28,1546307078,0.02,-0.01,-0.02,18.05,79.53,2019-01-01 07:14:38+05:30,1.0,584.0,2,0.5,0.139,699.17,0.6992,19.95,0.03,41.81,-19.47,0.0058,1435.5,1.436,75.18,0.943,83.89,cruise,0.0181,-0.012,-0.0177,0
12:48:16.949,5297.0,16,307.46,1546307079,0.003,-0.02,-0.02,17.6,79.54,2019-01-01 07:14:39+05:30,1.0,585.0,2,0.5,0.139,703.61,0.7036,19.22,0.028,6.05,-44.68,0.0017,1399.9,1.4,75.57,0.948,83.88,cruise,0.0062,-0.0181,-0.0223,0
12:48:17.949,5298.0,16,313.74,1546307080,0.007,-0.017,-0.017,17.56,79.54,2019-01-01 07:14:40+05:30,1.0,586.0,2,-0.5,-0.139,708.06,0.7081,19.61,0.025,16.23,-42.76,0.0017,1396.7,1.397,75.95,0.953,83.88,cruise,0.0039,-0.0186,-0.0187,0
12:48:18.949,5299.0,15,303.22,1546307081,0.007,-0.013,-0.017,16.56,79.56,2019-01-01 07:14:41+05:30,1.0,587.0,2,-0.5,-0.139,712.22,0.7122,20.21,0.023,18.11,-35.26,0.0231,1317.5,1.318,76.32,0.958,83.87,cruise,0.0089,-0.0106,-0.0055,0
12:48:19.949,5300.0,15,291.22,1546307082,0.013,-0.0,0.023,17.04,79.55,2019-01-01 07:14:42+05:30,1.0,588.0,2,-0.5,-0.139,716.39,0.7164,19.41,0.026,29.48,-0.0,0.0451,1355.5,1.356,76.7,0.963,83.87,cruise,0.0125,-0.0034,-0.0023,0
12:48:20.950,5301.0,14,272.24,1546307083,0.013,-0.01,-0.067,16.04,79.57,2019-01-01 07:14:43+05:30,1.0,589.0,2,-1.0,-0.278,720.28,0.7203,19.45,0.069,10.86,-8.34,0.0458,1276.3,1.276,77.05,0.967,83.86,decel,0.0115,-0.006,-0.0268,0
12:48:21.949,5302.0,13,256.78,1546307084,0.003,-0.01,-0.007,14.24,79.6,2019-01-01 07:14:44+05:30,1.0,590.0,2,-1.0,-0.278,723.89,0.7239,19.75,0.013,13.81,-52.71,0.0517,1133.5,1.134,77.37,0.971,83.86,decel,0.0069,-0.0143,-0.0604,0
12:48:22.949,5303.0,12,247.54,1546307085,0.007,-0.023,-0.11,13.56,79.61,2019-01-01 07:14:45+05:30,1.0,591.0,2,-0.5,-0.139,727.22,0.7272,20.63,0.113,3.56,-11.79,0.0917,1079.5,1.08,77.67,0.975,83.85,cruise,0.0008,-0.0185,-0.0511,0
12:48:23.949,5304.0,12,247.02,1546307086,-0.01,-0.013,0.073,13.18,79.62,2019-01-01 07:14:46+05:30,1.0,592.0,2,0.5,0.139,730.56,0.7306,20.58,0.075,-7.68,-10.01,0.1016,1049.4,1.049,77.96,0.978,83.85,cruise,-0.0024,-0.0168,0.021,0
12:48:24.949,5305.0,13,254.94,1546307087,0.01,-0.017,0.058,15.63,79.57,2019-01-01 07:14:47+05:30,1.0,593.0,2,1.0,0.278,734.17,0.7342,19.61,0.061,9.39,-16.11,0.0352,1243.7,1.244,78.3,0.983,83.84,accel,0.0024,-0.0146,0.096,0
12:48:25.949,5306.0,14,280.38,1546307088,0.007,-0.01,0.125,17.15,79.54,2019-01-01 07:14:48+05:30,1.0,594.0,2,1.5,0.417,738.06,0.7381,20.03,0.126,3.2,-4.57,0.0468,1364.1,1.364,78.68,0.988,83.84,accel,0.0137,-0.0114,0.1022,0
12:48:26.949,5307.0,16,318.4,1546307089,0.027,-0.003,0.035,20.89,79.46,2019-01-01 07:14:49+05:30,1.0,595.0,2,2.0,0.556,742.5,0.7425,19.9,0.044,37.55,-3.88,0.0746,1659.9,1.66,79.14,0.993,83.83,accel,0.0217,-0.0025,0.0424,0
12:48:27.949,5308.0,18,349.7,1546307090,0.01,0.003,-0.023,21.11,79.45,2019-01-01 07:14:50+05:30,1.0,596.0,2,1.5,0.417,747.5,0.7475,19.43,0.025,23.32,6.82,0.0357,1677.2,1.677,79.61,0.999,83.82,accel,0.0144,0.0045,-0.0187,0
12:48:28.949,5309.0,19,370.72,1546307091,-0.003,-0.0,-0.03,20.77,79.46,2019-01-01 07:14:51+05:30,1.0,597.0,2,0.5,0.139,752.78,0.7528,19.51,0.03,-5.71,-0.0,0.0051,1650.4,1.65,80.07,1.005,83.82,cruise,-0.0074,-0.0043,-0.0373,0
12:48:29.949,5310.0,19,380.64,1546307092,-0.027,-0.027,-0.033,20.0,79.47,2019-01-01 07:14:52+05:30,1.0,598.0,2,0.0,0.0,758.06,0.7581,20.03,0.05,-32.34,-32.34,0.0085,1589.4,1.589,80.51,1.011,83.81,cruise,-0.0233,-0.0217,-0.0287,0
12:48:30.949,5311.0,19,366.48,1546307093,-0.017,-0.02,-0.017,20.0,79.47,2019-01-01 07:14:53+05:30,1.0,599.0,2,-1.0,-0.278,763.33,0.7633,19.29,0.031,-32.93,-39.76,0.0118,1589.4,1.589,80.95,1.016,83.8,decel,-0.018,-0.0244,-0.0181,0
12:48:31.949,5312.0,17,331.86,1546307094,-0.003,-0.013,-0.01,18.0,79.51,2019-01-01 07:14:54+05:30,1.0,600.0,2,-2.0,-0.556,768.06,0.7681,19.52,0.017,-10.37,-51.23,0.0051,1431.2,1.431,81.35,1.021,83.8,decel,-0.0049,-0.0091,-0.01,0
12:48:32.949,5313.0,15,305.44,1546307095,-0.007,0.007,-0.007,16.0,79.55,2019-01-01 07:14:55+05:30,1.0,601.0,2,-1.0,-0.278,772.22,0.7722,20.36,0.012,-35.26,35.26,0.0017,1272.8,1.273,81.7,1.026,83.79,decel,-0.0039,0.0033,-0.007,0
12:48:33.949,5314.0,15,290.22,1546307096,-0.007,0.0,-0.01,16.0,79.55,2019-01-01 07:14:56+05:30,1.0,602.0,2,-0.5,-0.139,776.39,0.7764,19.35,0.012,-34.99,0.0,0.003,1272.8,1.273,82.05,1.03,83.79,cruise,-0.0112,0.0019,-0.0103,0
12:48:34.949,5315.0,14,282.44,1546307097,-0.017,-0.003,-0.013,15.0,79.56,2019-01-01 07:14:57+05:30,1.0,603.0,2,0.0,0.0,780.28,0.7803,20.17,0.022,-51.88,-7.98,0.0017,1193.4,1.193,82.39,1.034,83.78,cruise,-0.0113,-0.0024,-0.0123,0
12:48:35.949,5316.0,15,289.22,1546307098,0.003,-0.0,-0.01,16.66,79.53,2019-01-01 07:14:58+05:30,1.0,604.0,2,0.5,0.139,784.44,0.7844,19.28,0.01,16.7,-0.0,0.003,1325.0,1.325,82.75,1.039,83.78,cruise,-0.0031,-0.0018,-0.01,0
12:48:36.949,5317.0,15,299.26,1546307099,0.0,-0.003,-0.007,16.37,79.53,2019-01-01 07:14:59+05:30,1.0,605.0,2,0.0,0.0,788.61,0.7886,19.95,0.008,0.0,-23.2,0.0017,1301.9,1.302,83.12,1.043,83.77,cruise,0.0045,-0.0016,-0.0084,0
12:48:37.949,5318.0,15,303.9,1546307100,0.01,-0.003,-0.01,16.95,79.52,2019-01-01 07:15:00+05:30,1.0,606.0,2,0.0,0.0,792.78,0.7928,20.26,0.014,43.77,-11.98,0.0035,1347.9,1.348,83.49,1.048,83.77,cruise,0.0082,-0.0036,-0.0079,0
12:48:38.949,5319.0,15,305.28,1546307101,0.01,-0.003,-0.003,17.0,79.52,2019-01-01 07:15:01+05:30,1.0,607.0,2,0.5,0.139,796.94,0.7969,20.35,0.011,67.01,-16.03,0.0051,1351.8,1.352,83.87,1.053,83.76,cruise,0.0094,-0.0028,-0.0044,0
12:48:39.949,5320.0,16,311.7,1546307102,0.007,-0.0,-0.0,17.77,79.5,2019-01-01 07:15:02+05:30,1.0,608.0,2,0.5,0.139,801.39,0.8014,19.48,0.007,90.0,-0.0,0.0017,1412.7,1.413,84.26,1.058,83.76,cruise,0.0087,0.0004,-0.0,0
12:48:40.949,5321.0,16,313.8,1546307103,0.007,-0.0,-0.0,17.79,79.5,2019-01-01 07:15:03+05:30,1.0,609.0,2,0.0,0.0,805.83,0.8058,19.61,0.007,90.0,-0.0,0.0017,1414.3,1.414,84.65,1.063,83.75,cruise,0.0056,-0.0008,0.0011,0
12:48:41.949,5322.0,16,320.78,1546307104,0.0,-0.007,0.003,17.43,79.51,2019-01-01 07:15:04+05:30,1.0,610.0,2,0.5,0.139,810.28,0.8103,20.05,0.008,0.0,-66.8,0.003,1385.9,1.386,85.04,1.067,83.74,cruise,0.0002,-0.0068,0.0008,0
12:48:42.949,5323.0,17,331.12,1546307105,-0.003,-0.01,-0.003,18.52,79.48,2019-01-01 07:15:05+05:30,1.0,611.0,2,0.5,0.139,815.0,0.815,19.48,0.011,-16.03,-67.01,0.003,1472.0,1.472,85.44,1.073,83.74,cruise,-0.0024,-0.0092,0.0004,0
12:48:43.949,5324.0,17,341.4,1546307106,0.003,-0.003,-0.0,18.63,79.48,2019-01-01 07:15:06+05:30,1.0,612.0,2,0.5,0.139,819.72,0.8197,20.08,0.004,45.0,-45.0,0.0068,1480.7,1.481,85.86,1.078,83.73,cruise,0.0028,-0.0042,-0.0039,0
12:48:44.949,5325.0,18,346.7,1546307107,0.01,-0.0,-0.013,19.9,79.45,2019-01-01 07:15:07+05:30,1.0,613.0,2,0.5,0.139,824.72,0.8247,19.26,0.016,37.57,-0.0,0.0068,1581.1,1.581,86.3,1.083,83.73,cruise,0.0098,0.0009,-0.0105,0
12:48:45.949,5326.0,18,345.28,1546307108,0.01,-0.0,-0.01,19.8,79.45,2019-01-01 07:15:08+05:30,1.0,614.0,2,-0.5,-0.139,829.72,0.8297,19.18,0.014,45.0,-0.0,0.0051,1573.1,1.573,86.73,1.089,83.72,cruise,0.0099,-0.0007,-0.0102,0
12:48:46.949,5327.0,17,338.76,1546307109,0.007,-0.007,-0.003,18.56,79.47,2019-01-01 07:15:09+05:30,1.0,615.0,2,-0.5,-0.139,834.44,0.8344,19.93,0.01,42.59,-42.59,0.004,1475.0,1.475,87.14,1.094,83.71,cruise,0.0069,-0.0067,-0.0038,0
12:48:47.949,5328.0,17,330.68,1546307110,0.007,-0.01,-0.003,18.56,79.47,2019-01-01 07:15:10+05:30,1.0,616.0,2,-0.5,-0.139,839.17,0.8392,19.45,0.013,33.84,-52.71,0.004,1475.0,1.475,87.55,1.099,83.71,cruise,0.0081,-0.0098,-0.0029,0
12:48:48.949,5329.0,16,318.98,1546307111,0.01,-0.007,-0.01,17.8,79.49,2019-01-01 07:15:11+05:30,1.0,617.0,2,-1.0,-0.278,843.61,0.8436,19.94,0.016,39.33,-26.33,0.0051,1414.9,1.415,87.94,1.104,83.7,decel,0.0084,-0.0077,-0.0094,0
12:48:49.949,5330.0,15,301.7,1546307112,0.0,-0.007,-0.013,16.0,79.52,2019-01-01 07:15:12+05:30,1.0,618.0,2,-1.0,-0.278,847.78,0.8478,20.11,0.015,0.0,-28.3,0.0017,1272.3,1.272,88.3,1.109,83.7,decel,0.0009,-0.0057,-0.0136,0
12:48:50.949,5331.0,14,281.96,1546307113,-0.007,-0.007,-0.013,15.0,79.54,2019-01-01 07:15:13+05:30,1.0,619.0,2,-1.0,-0.278,851.67,0.8517,20.14,0.016,-25.37,-25.37,0.0017,1193.1,1.193,88.63,1.113,83.69,decel,-0.0074,-0.0091,-0.0124,0
12:48:51.949,5332.0,13,266.64,1546307114,-0.007,-0.017,-0.01,14.0,79.56,2019-01-01 07:15:14+05:30,1.0,620.0,2,-0.5,-0.139,855.28,0.8553,20.51,0.021,-19.54,-54.32,0.0017,1113.8,1.114,88.94,1.117,83.69,cruise,-0.006,-0.0146,-0.0108,0
12:48:52.949,5333.0,13,256.1,1546307115,0.003,-0.013,-0.013,14.24,79.55,2019-01-01 07:15:15+05:30,1.0,621.0,2,0.0,0.0,858.89,0.8589,19.7,0.019,9.27,-44.26,0.0017,1132.8,1.133,89.25,1.121,83.68,cruise,0.0014,-0.0148,-0.0122,0
12:48:53.949,5334.0,13,251.32,1546307116,0.003,-0.01,-0.013,14.24,79.55,2019-01-01 07:15:16+05:30,1.0,622.0,2,0.0,0.0,862.5,0.8625,19.33,0.017,10.37,-36.85,0.0,1132.8,1.133,89.57,1.124,83.68,cruise,0.0045,-0.0091,-0.0139,0
12:48:54.949,5335.0,13,255.04,1546307117,0.003,-0.003,-0.013,14.58,79.54,2019-01-01 07:15:17+05:30,1.0,623.0,2,0.0,0.0,866.11,0.8661,19.62,0.014,12.67,-12.67,0.0035,1159.7,1.16,89.89,1.129,83.67,cruise,0.0019,-0.0031,-0.012,0
12:48:55.949,5336.0,13,265.1,1546307118,0.0,-0.0,-0.007,14.47,79.54,2019-01-01 07:15:18+05:30,1.0,624.0,2,0.5,0.139,869.72,0.8697,20.39,0.007,0.0,-0.0,0.0035,1150.9,1.151,90.21,1.133,83.67,cruise,0.0005,-0.0007,-0.0077,0
12:48:56.949,5337.0,14,274.0,1546307119,0.003,-0.003,-0.007,15.6,79.52,2019-01-01 07:15:19+05:30,1.0,625.0,2,0.5,0.139,873.61,0.8736,19.57,0.008,21.5,-21.5,0.0017,1240.5,1.241,90.55,1.137,83.66,cruise,0.0034,-0.0016,-0.0066,0
12:48:57.949,5338.0,14,279.3,1546307120,0.007,-0.003,-0.01,15.75,79.51,2019-01-01 07:15:20+05:30,1.0,626.0,2,0.0,0.0,877.5,0.8775,19.95,0.013,33.84,-13.81,0.003,1252.3,1.252,90.9,1.141,83.66,cruise,0.0059,-0.0046,-0.0103,0
12:48:58.949,5339.0,14,281.7,1546307121,0.003,-0.01,-0.013,15.31,79.52,2019-01-01 07:15:21+05:30,1.0,627.0,2,0.0,0.0,881.39,0.8814,20.12,0.017,10.37,-36.85,0.0017,1217.5,1.217,91.24,1.146,83.65,cruise,0.0039,-0.0088,-0.0128,0
12:48:59.949,5340.0,14,282.04,1546307122,0.0,-0.013,-0.01,15.0,79.53,2019-01-01 07:15:22+05:30,1.0,628.0,2,0.0,0.0,885.28,0.8853,20.15,0.016,0.0,-52.43,0.0051,1193.0,1.193,91.57,1.15,83.65,cruise,-0.0004,-0.0134,-0.0095,0
12:49:00.949,5341.0,14,280.24,1546307123,-0.003,-0.017,-0.003,15.0,79.53,2019-01-01 07:15:23+05:30,1.0,629.0,2,0.0,0.0,889.17,0.8892,20.02,0.018,-9.86,-75.99,0.004,1193.0,1.193,91.9,1.154,83.64,cruise,-0.0028,-0.0176,-0.0041,0
12:49:01.949,5342.0,14,276.7,1546307124,0.0,-0.02,-0.003,15.0,79.52,2019-01-01 07:15:24+05:30,1.0,630.0,2,0.0,0.0,893.06,0.8931,19.76,0.02,0.0,-81.47,0.0,1192.8,1.193,92.23,1.158,83.64,cruise,-0.0009,-0.0188,-0.0019,0
12:49:02.950,5343.0,14,273.06,1546307125,0.003,-0.013,-0.003,15.24,79.52,2019-01-01 07:15:25+05:30,1.0,631.0,2,0.0,0.0,896.94,0.8969,19.5,0.014,12.67,-71.93,0.0023,1211.9,1.212,92.57,1.162,83.63,cruise,0.0053,-0.0141,-0.0037,0
12:49:03.949,5344.0,14,271.56,1546307126,0.013,-0.007,-0.007,16.04,79.5,2019-01-01 07:15:26+05:30,1.0,632.0,2,0.0,0.0,900.83,0.9008,19.4,0.016,52.71,-25.37,0.0035,1275.2,1.275,92.93,1.167,83.63,cruise,0.0097,-0.006,-0.0068,0
12:49:04.949,5345.0,14,273.08,1546307127,0.003,0.0,-0.01,15.28,79.51,2019-01-01 07:15:27+05:30,1.0,633.0,2,0.0,0.0,904.72,0.9047,19.51,0.01,16.7,0.0,0.0017,1214.9,1.215,93.26,1.171,83.62,cruise,0.0064,-0.0009,-0.0097,0
12:49:05.949,5346.0,14,273.3,1546307128,0.003,-0.003,-0.01,15.27,79.51,2019-01-01 07:15:28+05:30,1.0,634.0,2,0.0,0.0,908.61,0.9086,19.52,0.011,16.03,-16.03,0.0017,1214.1,1.214,93.6,1.175,83.62,cruise,-0.0,-0.0023,-0.011,0
12:49:06.949,5347.0,14,274.44,1546307129,-0.003,-0.007,-0.013,15.04,79.52,2019-01-01 07:15:29+05:30,1.0,635.0,2,0.0,0.0,912.5,0.9125,19.6,0.015,-11.49,-27.68,0.0017,1196.0,1.196,93.93,1.179,83.61,cruise,-0.0002,-0.0075,-0.0112,0
12:49:07.949,5348.0,14,274.96,1546307130,0.01,-0.01,-0.01,15.8,79.5,2019-01-01 07:15:30+05:30,1.0,636.0,2,0.0,0.0,916.39,0.9164,19.64,0.017,35.26,-35.26,0.0035,1256.1,1.256,94.28,1.184,83.61,cruise,0.0076,-0.0099,-0.0124,0
12:49:08.950,5349.0,14,273.12,1546307131,0.013,-0.007,-0.017,16.04,79.49,2019-01-01 07:15:31+05:30,1.0,637.0,2,0.0,0.0,920.28,0.9203,19.51,0.023,35.26,-18.11,0.0035,1275.0,1.275,94.64,1.188,83.6,cruise,0.0152,-0.0064,-0.0145,0
12:49:09.949,5350.0,14,270.28,1546307132,0.017,-0.0,-0.013,16.36,79.49,2019-01-01 07:15:32+05:30,1.0,638.0,2,0.0,0.0,924.17,0.9242,19.31,0.021,52.59,-0.0,0.0023,1300.5,1.3,95.0,1.193,83.6,cruise,0.0146,-0.0011,-0.0148,0
12:49:10.949,5351.0,14,270.12,1546307133,0.007,-0.0,-0.013,15.6,79.5,2019-01-01 07:15:33+05:30,1.0,639.0,2,0.0,0.0,928.06,0.9281,19.29,0.015,28.3,-0.0,0.0017,1240.2,1.24,95.34,1.197,83.59,cruise,0.0089,0.0011,-0.0121,0
12:49:11.949,5352.0,14,271.76,1546307134,0.007,0.003,-0.01,15.67,79.5,2019-01-01 07:15:34+05:30,1.0,640.0,2,0.0,0.0,931.94,0.9319,19.41,0.013,33.84,13.81,0.0017,1245.8,1.246,95.69,1.201,83.59,cruise,0.0065,0.0018,-0.0098,0
12:49:12.949,5353.0,14,274.4,1546307135,0.007,0.003,-0.013,15.68,79.49,2019-01-01 07:15:35+05:30,1.0,641.0,2,0.0,0.0,935.83,0.9358,19.6,0.015,27.68,11.49,0.0091,1246.4,1.246,96.03,1.206,83.58,cruise,0.0062,0.0046,-0.0138,0
12:49:13.949,5354.0,14,276.76,1546307136,0.0,0.007,-0.027,15.06,79.51,2019-01-01 07:15:36+05:30,1.0,642.0,2,0.0,0.0,939.72,0.9397,19.77,0.028,0.0,14.53,0.0135,1197.4,1.197,96.37,1.21,83.58,cruise,0.0015,0.0056,-0.0264,0
12:49:14.949,5355.0,14,276.9,1546307137,-0.003,-0.0,-0.04,15.0,79.51,2019-01-01 07:15:37+05:30,1.0,643.0,2,0.0,0.0,943.61,0.9436,19.78,0.04,-4.29,-0.0,0.0101,1192.6,1.193,96.7,1.214,83.57,cruise,-0.0054,0.0002,-0.0403,0
12:49:15.949,5356.0,14,275.68,1546307138,-0.01,-0.007,-0.047,15.0,79.5,2019-01-01 07:15:38+05:30,1.0,644.0,2,0.0,0.0,947.5,0.9475,19.69,0.049,-11.88,-8.29,0.0035,1192.5,1.192,97.03,1.218,83.57,cruise,-0.0064,-0.0064,-0.0466,0
12:49:16.950,5357.0,14,271.94,1546307139,0.003,-0.007,-0.043,15.24,79.5,2019-01-01 07:15:39+05:30,1.0,645.0,2,0.0,0.0,951.39,0.9514,19.42,0.044,3.94,-9.22,0.0035,1211.6,1.212,97.37,1.223,83.56,cruise,-0.001,-0.0071,-0.0439,0
12:49:17.949,5358.0,14,269.84,1546307140,0.003,-0.003,-0.04,15.24,79.5,2019-01-01 07:15:40+05:30,1.0,646.0,2,0.0,0.0,955.28,0.9553,19.27,0.04,4.28,-4.28,0.0051,1211.6,1.212,97.7,1.227,83.56,cruise,0.0064,-0.0039,-0.0382,0
12:49:18.949,5359.0,14,270.14,1546307141,0.02,-0.003,-0.033,16.6,79.47,2019-01-01 07:15:41+05:30,1.0,647.0,2,0.0,0.0,959.17,0.9592,19.3,0.039,31.11,-4.45,0.0051,1319.2,1.319,98.07,1.231,83.55,cruise,0.0171,-0.0014,-0.0351,0
12:49:19.949,5360.0,14,269.52,1546307142,0.027,0.003,-0.03,17.16,79.46,2019-01-01 07:15:42+05:30,1.0,648.0,2,0.0,0.0,963.06,0.9631,19.25,0.04,41.85,4.25,0.003,1363.5,1.364,98.45,1.236,83.55,cruise,0.0307,0.0009,-0.03,0
12:49:20.950,5361.0,14,269.18,1546307143,0.043,-0.0,-0.027,18.45,79.43,2019-01-01 07:15:43+05:30,1.0,649.0,2,0.0,0.0,966.94,0.9669,19.23,0.051,57.88,-0.0,0.003,1465.5,1.465,98.85,1.241,83.54,cruise,0.0383,0.0029,-0.0225,0
12:49:21.950,5362.0,14,270.02,1546307144,0.03,0.003,-0.033,17.42,79.45,2019-01-01 07:15:44+05:30,1.0,650.0,2,0.0,0.0,970.83,0.9708,19.29,0.045,42.16,3.85,0.048,1384.0,1.384,99.24,1.246,83.53,cruise,0.0347,-0.0004,-0.0402,0
12:49:22.950,5363.0,14,270.0,1546307145,0.03,-0.013,-0.113,20.75,79.38,2019-01-01 07:15:45+05:30,1.0,651.0,2,3.5,0.972,974.72,0.9747,19.29,0.118,14.78,-6.34,0.077,1647.1,1.647,99.7,1.252,83.53,accel,0.0265,-0.01,-0.1068,0
12:49:50.952,5391.0,21,403.88,1546307173,0.02,-0.017,-0.187,27.1,79.25,2019-01-01 07:16:13+05:30,5.0,656.0,2,3.5,0.972,1003.89,1.0039,19.23,0.189,6.08,-5.17,0.0686,2147.7,2.148,102.68,1.29,83.48,accel,0.0218,-0.0191,-0.1923,0
12:49:51.953,5392.0,21,410.06,1546307174,0.023,-0.023,-0.25,24.15,79.31,2019-01-01 07:16:14+05:30,1.0,657.0,2,0.0,0.0,1009.72,1.0097,19.53,0.252,5.23,-5.23,0.0345,1915.3,1.915,103.21,1.296,83.48,cruise,0.023,-0.0217,-0.2437,0
12:49:52.952,5393.0,21,416.24,1546307175,0.027,-0.02,-0.243,24.16,79.3,2019-01-01 07:16:15+05:30,1.0,658.0,2,0.0,0.0,1015.56,1.0156,19.82,0.245,6.32,-4.68,0.0085,1915.9,1.916,103.74,1.303,83.47,cruise,0.0262,-0.0202,-0.2486,0
12:49:53.952,5394.0,21,406.46,1546307176,0.027,-0.017,-0.233,24.16,79.3,2019-01-01 07:16:16+05:30,1.0,659.0,2,-0.5,-0.139,1021.39,1.0214,19.36,0.235,6.59,-4.15,0.0186,1915.9,1.916,104.28,1.31,83.46,cruise,0.0274,-0.0183,-0.2309,0
12:49:54.953,5395.0,20,392.58,1546307177,0.027,-0.017,-0.207,23.16,79.32,2019-01-01 07:16:17+05:30,1.0,660.0,2,-1.0,-0.278,1026.94,1.0269,19.63,0.209,7.41,-4.66,0.0408,1837.1,1.837,104.79,1.316,83.45,decel,0.0275,-0.0143,-0.2045,0
12:49:55.952,5396.0,19,374.94,1546307178,0.027,-0.003,-0.153,22.16,79.34,2019-01-01 07:16:18+05:30,1.0,661.0,2,-1.0,-0.278,1032.22,1.0322,19.73,0.155,10.01,-1.11,0.052,1758.2,1.758,105.27,1.322,83.44,decel,0.0261,-0.0063,-0.1598,0
12:49:56.953,5397.0,18,358.5,1546307179,0.017,-0.003,-0.103,20.36,79.37,2019-01-01 07:16:19+05:30,1.0,662.0,2,-0.5,-0.139,1037.22,1.0372,19.92,0.104,9.37,-1.65,0.0456,1616.0,1.616,105.72,1.328,83.44,cruise,0.0182,0.0004,-0.0962,0
12:49:57.953,5398.0,18,353.14,1546307180,0.01,-0.0,-0.062,19.8,79.38,2019-01-01 07:16:20+05:30,1.0,663.0,2,0.0,0.0,1042.22,1.0422,19.62,0.063,9.16,-0.0,0.039,1571.7,1.572,106.16,1.333,83.43,cruise,0.0075,-0.0025,-0.0549,0
12:49:58.952,5399.0,18,357.5,1546307181,0.003,-0.013,-0.025,19.53,79.38,2019-01-01 07:16:21+05:30,1.0,664.0,2,0.5,0.139,1047.22,1.0472,19.86,0.028,6.08,-27.31,0.0742,1550.3,1.55,106.59,1.339,83.42,cruise,0.0069,-0.013,-0.0647,0
12:49:59.953,5400.0,19,364.62,1546307182,0.02,-0.02,-0.168,21.86,79.34,2019-01-01 07:16:22+05:30,1.0,665.0,2,0.5,0.139,1052.5,1.0525,19.19,0.17,6.74,-6.74,0.1051,1734.4,1.734,107.07,1.345,83.42,cruise,0.0164,-0.0169,-0.0865,0
12:50:00.952,5401.0,19,367.98,1546307183,0.017,-0.003,0.037,21.57,79.34,2019-01-01 07:16:23+05:30,1.0,666.0,2,0.0,0.0,1057.78,1.0578,19.37,0.041,24.61,-4.21,0.1229,1711.4,1.711,107.55,1.351,83.41,cruise,0.0193,-0.008,-0.0799,0
12:50:01.953,5402.0,19,372.86,1546307184,0.01,-0.003,-0.183,21.13,79.35,2019-01-01 07:16:24+05:30,1.0,667.0,2,0.0,0.0,1063.06,1.0631,19.62,0.183,3.13,-0.94,0.1595,1676.7,1.677,108.01,1.357,83.4,cruise,0.0082,0.0027,-0.0475,0
12:50:02.953,5403.0,19,381.18,1546307185,-0.007,0.01,0.127,20.31,79.36,2019-01-01 07:16:25+05:30,1.0,668.0,2,0.5,0.139,1068.33,1.0683,20.06,0.128,-3.15,4.5,0.16,1611.8,1.612,108.46,1.362,83.4,cruise,-0.0051,0.0041,-0.007,0
12:50:03.952,5404.0,20,385.26,1546307186,-0.01,-0.007,-0.097,21.25,79.34,2019-01-01 07:16:26+05:30,1.0,669.0,2,0.5,0.139,1073.89,1.0739,19.26,0.098,-5.87,-4.11,0.1176,1686.0,1.686,108.93,1.368,83.39,cruise,-0.0109,-0.002,0.0165,0
12:50:04.953,5405.0,20,391.08,1546307187,-0.01,-0.007,0.077,21.27,79.34,2019-01-01 07:16:27+05:30,1.0,670.0,2,0.0,0.0,1079.44,1.0794,19.55,0.078,-7.37,-5.15,0.0985,1687.6,1.688,109.4,1.374,83.38,cruise,-0.0111,-0.0097,-0.0012,0
12:50:05.953,5406.0,20,396.2,1546307188,-0.01,-0.02,-0.09,21.0,79.34,2019-01-01 07:16:28+05:30,1.0,671.0,2,0.0,0.0,1085.0,1.085,19.81,0.093,-6.19,-12.45,0.0937,1666.1,1.666,109.86,1.38,83.38,cruise,-0.0074,-0.0195,-0.0536,0
12:50:06.953,5407.0,20,388.78,1546307189,0.0,-0.03,-0.08,21.0,79.34,2019-01-01 07:16:29+05:30,1.0,672.0,2,-0.5,-0.139,1090.56,1.0906,19.44,0.085,0.0,-20.56,0.0225,1666.1,1.666,110.32,1.386,83.37,cruise,-0.0021,-0.0301,-0.0835,0
12:50:07.953,5408.0,19,366.48,1546307190,-0.0,-0.033,-0.047,20.0,79.36,2019-01-01 07:16:30+05:30,1.0,673.0,2,-1.0,-0.278,1095.83,1.0958,19.29,0.057,-0.0,-35.07,0.0286,1587.2,1.587,110.76,1.391,83.36,decel,-0.0003,-0.0321,-0.056,0
12:50:08.952,5409.0,18,351.98,1546307191,-0.003,-0.023,-0.023,19.0,79.38,2019-01-01 07:16:31+05:30,1.0,674.0,2,-1.0,-0.278,1100.83,1.1008,19.55,0.033,-5.27,-44.76,0.022,1508.2,1.508,111.18,1.397,83.36,decel,-0.0003,-0.0243,-0.0169,0
12:50:09.953,5410.0,17,336.48,1546307192,0.007,-0.017,-0.003,18.56,79.38,2019-01-01 07:16:32+05:30,1.0,675.0,2,-1.0,-0.278,1105.56,1.1056,19.79,0.019,22.07,-65.87,0.0115,1473.3,1.473,111.59,1.402,83.35,decel,0.003,-0.016,-0.004,0
12:50:10.953,5411.0,16,324.48,1546307193,0.003,-0.01,-0.003,17.24,79.41,2019-01-01 07:16:33+05:30,1.0,676.0,2,-0.5,-0.139,1110.0,1.11,20.28,0.011,16.03,-67.01,0.0,1369.0,1.369,111.97,1.407,83.35,cruise,0.0075,-0.0111,-0.0031,0
12:50:11.953,5412.0,16,317.82,1546307194,0.013,-0.007,-0.003,63.49,78.48,2019-01-01 07:16:34+05:30,1.0,677.0,2,-0.5,-0.139,1114.44,1.1144,19.86,0.015,59.64,-27.68,0.004,4982.7,4.983,113.36,1.424,83.32,cruise,0.0083,-0.0056,-0.0041,0
12:50:12.953,5413.0,15,2142.56,1546307195,0.003,-0.0,-0.01,61.48,78.51,2019-01-01 07:16:35+05:30,1.0,678.0,2,-1.0,-0.278,1118.61,1.1186,142.84,0.01,16.7,-0.0,0.004,4826.8,4.827,114.7,1.441,83.3,decel,0.0071,-0.0009,-0.0081,0
12:50:13.953,5414.0,14,2127.24,1546307196,0.01,-0.003,-0.01,15.8,79.42,2019-01-01 07:16:36+05:30,1.0,679.0,2,-0.5,-0.139,1122.5,1.1225,151.95,0.014,43.77,-11.98,0.0017,1254.8,1.255,115.05,1.446,83.3,cruise,0.0078,-0.0033,-0.0114,0
12:50:14.953,5415.0,14,2106.52,1546307197,0.01,-0.01,-0.013,15.8,79.42,2019-01-01 07:16:37+05:30,1.0,680.0,2,-0.5,-0.139,1126.39,1.1264,150.47,0.019,31.37,-31.37,0.0017,1254.8,1.255,115.39,1.45,83.29,cruise,0.0099,-0.0092,-0.0128,0
12:50:15.953,5416.0,13,2085.88,1546307198,0.01,-0.01,-0.013,14.8,79.44,2019-01-01 07:16:38+05:30,1.0,681.0,2,-1.0,-0.278,1130.0,1.13,160.45,0.019,31.37,-31.37,0.0017,1175.7,1.176,115.72,1.454,83.29,decel,0.0118,-0.0101,-0.0125,0
12:50:16.954,5417.0,12,2068.44,1546307199,0.017,-0.007,-0.01,14.36,79.45,2019-01-01 07:16:39+05:30,1.0,682.0,2,-1.0,-0.278,1133.33,1.1333,172.37,0.021,54.32,-19.54,0.0017,1140.9,1.141,116.04,1.458,83.28,decel,0.0147,-0.0075,-0.0106,0
12:50:17.953,5418.0,11,225.56,1546307200,0.017,-0.007,-0.01,13.36,79.47,2019-01-01 07:16:40+05:30,1.0,683.0,2,-0.5,-0.139,1136.39,1.1364,20.51,0.021,54.32,-19.54,0.0,1061.7,1.062,116.33,1.462,83.28,cruise,0.0186,-0.007,-0.0096,0
12:50:18.953,5419.0,11,219.72,1546307201,0.02,-0.007,-0.01,13.6,79.46,2019-01-01 07:16:41+05:30,1.0,684.0,2,0.0,0.0,1139.44,1.1394,19.97,0.023,58.6,-17.38,0.0,1080.7,1.081,116.63,1.466,83.28,cruise,0.0202,-0.0063,-0.0105,0
12:50:19.954,5420.0,11,220.9,1546307202,0.017,-0.003,-0.01,13.47,79.46,2019-01-01 07:16:42+05:30,1.0,685.0,2,0.0,0.0,1142.5,1.1425,20.08,0.02,58.44,-8.65,0.004,1070.3,1.07,116.93,1.469,83.27,cruise,0.0149,-0.0035,-0.0092,0
12:50:20.953,5421.0,11,224.06,1546307203,0.0,-0.003,-0.003,12.19,79.49,2019-01-01 07:16:43+05:30,1.0,686.0,2,0.0,0.0,1145.56,1.1456,20.37,0.004,0.0,-45.0,0.0051,969.0,0.969,117.2,1.473,83.27,cruise,0.003,-0.0033,-0.0039,0
12:50:21.953,5422.0,11,228.32,1546307204,-0.007,-0.007,-0.0,12.23,79.48,2019-01-01 07:16:44+05:30,1.0,687.0,2,0.5,0.139,1148.61,1.1486,20.76,0.01,-45.0,-45.0,0.0017,972.0,0.972,117.47,1.476,83.26,cruise,-0.0095,-0.0066,0.0009,0
12:50:22.954,5423.0,12,233.1,1546307205,-0.017,-0.007,-0.0,13.17,79.46,2019-01-01 07:16:45+05:30,1.0,688.0,2,0.5,0.139,1151.94,1.1519,19.42,0.018,-67.62,-22.38,0.004,1046.5,1.046,117.76,1.48,83.26,cruise,-0.016,-0.007,-0.0007,0
12:50:23.953,5424.0,12,235.26,1546307206,-0.013,-0.003,-0.007,13.14,79.46,2019-01-01 07:16:46+05:30,1.0,689.0,2,0.0,0.0,1155.28,1.1553,19.6,0.015,-59.64,-11.49,0.0065,1044.1,1.044,118.05,1.484,83.25,cruise,-0.0121,-0.0033,-0.0071,0
12:50:24.953,5425.0,12,238.78,1546307207,0.003,-0.003,-0.013,13.49,79.46,2019-01-01 07:16:47+05:30,1.0,690.0,2,0.0,0.0,1158.61,1.1586,19.9,0.014,12.67,-12.67,0.003,1071.9,1.072,118.35,1.487,83.25,cruise,0.0004,-0.0025,-0.0117,0
12:50:25.953,5426.0,12,245.26,1546307208,0.007,-0.007,-0.01,13.95,79.45,2019-01-01 07:16:48+05:30,1.0,691.0,2,0.5,0.139,1161.94,1.1619,20.44,0.014,29.83,-29.83,0.0017,1108.3,1.108,118.66,1.491,83.25,cruise,0.0113,-0.0082,-0.012,0
12:50:26.953,5427.0,13,254.48,1546307209,0.017,-0.017,-0.013,15.83,79.41,2019-01-01 07:16:49+05:30,1.0,692.0,2,0.5,0.139,1165.56,1.1656,19.58,0.027,38.46,-38.46,0.003,1257.1,1.257,119.01,1.496,83.24,cruise,0.0113,-0.015,-0.0109,0
12:50:27.953,5428.0,13,264.02,1546307210,-0.003,-0.017,-0.007,14.51,79.43,2019-01-01 07:16:50+05:30,1.0,693.0,2,0.5,0.139,1169.17,1.1692,20.31,0.019,-9.27,-65.87,0.0035,1152.5,1.153,119.33,1.5,83.24,cruise,0.003,-0.0191,-0.009,0
12:50:28.953,5429.0,14,275.06,1546307211,0.003,-0.023,-0.007,15.75,79.41,2019-01-01 07:16:51+05:30,1.0,694.0,2,0.5,0.139,1173.06,1.1731,19.65,0.024,7.11,-71.68,0.004,1250.7,1.251,119.67,1.504,83.23,cruise,-0.0021,-0.0214,-0.005,0
12:50:29.953,5430.0,14,284.28,1546307212,-0.003,-0.02,-0.0,15.4,79.41,2019-01-01 07:16:52+05:30,1.0,695.0,2,0.5,0.139,1176.94,1.1769,20.31,0.02,-8.53,-81.47,0.0035,1222.9,1.223,120.01,1.508,83.23,cruise,0.001,-0.0212,-0.0016,0
12:50:30.953,5431.0,15,290.9,1546307213,0.01,-0.017,-0.003,16.92,79.38,2019-01-01 07:16:53+05:30,1.0,696.0,2,0.5,0.139,1181.11,1.1811,19.39,0.02,30.08,-58.44,0.0017,1343.1,1.343,120.39,1.513,83.22,cruise,0.0067,-0.0159,-0.0021,0
12:50:31.953,5432.0,15,289.16,1546307214,0.003,-0.01,-0.003,16.24,79.39,2019-01-01 07:16:54+05:30,1.0,697.0,2,-0.5,-0.139,1185.28,1.1853,19.28,0.011,16.03,-67.01,0.0,1289.3,1.289,120.74,1.517,83.21,cruise,0.0062,-0.0101,-0.0036,0
12:50:32.953,5433.0,14,285.32,1546307215,0.0,-0.01,-0.003,15.0,79.41,2019-01-01 07:16:55+05:30,1.0,698.0,2,-0.5,-0.139,1189.17,1.1892,20.38,0.01,0.0,-73.3,0.0017,1191.1,1.191,121.07,1.522,83.21,cruise,-0.0035,-0.0113,-0.0018,0
12:50:33.953,5434.0,14,280.48,1546307216,-0.017,-0.017,-0.0,15.0,79.41,2019-01-01 07:16:56+05:30,1.0,699.0,2,0.0,0.0,1193.06,1.1931,20.03,0.024,-45.0,-45.0,0.0068,1191.1,1.191,121.41,1.526,83.2,cruise,-0.0138,-0.0151,-0.0016,0
12:50:34.954,5435.0,14,275.24,1546307217,-0.01,-0.01,-0.013,15.0,79.41,2019-01-01 07:16:57+05:30,1.0,700.0,2,0.0,0.0,1196.94,1.1969,19.66,0.019,-31.37,-31.37,0.0135,1191.1,1.191,121.74,1.53,83.2,cruise,-0.0123,-0.0111,-0.0113,0
12:50:35.953,5436.0,14,272.96,1546307218,-0.003,-0.003,-0.027,15.03,79.41,2019-01-01 07:16:58+05:30,1.0,701.0,2,0.0,0.0,1200.83,1.2008,19.5,0.027,-6.3,-6.3,0.0171,1193.5,1.194,122.07,1.534,83.2,cruise,-0.0009,-0.0024,-0.0291,0
12:50:36.953,5437.0,14,276.38,1546307219,0.007,-0.0,-0.047,15.74,79.39,2019-01-01 07:16:59+05:30,1.0,702.0,2,0.0,0.0,1204.72,1.2047,19.74,0.048,8.47,-0.0,0.0115,1249.6,1.25,122.42,1.539,83.19,cruise,0.0047,-0.0009,-0.0443,0
12:50:37.953,5438.0,14,280.16,1546307220,-0.003,-0.007,-0.047,15.18,79.4,2019-01-01 07:17:00+05:30,1.0,703.0,2,0.0,0.0,1208.61,1.2086,20.01,0.048,-3.61,-8.45,0.0017,1205.3,1.205,122.75,1.543,83.19,cruise,-0.0013,-0.0063,-0.0499,0
12:50:38.954,5439.0,14,283.78,1546307221,-0.007,-0.007,-0.05,15.18,79.4,2019-01-01 07:17:01+05:30,1.0,704.0,2,0.0,0.0,1212.5,1.2125,20.27,0.051,-7.89,-7.89,0.0035,1205.3,1.205,123.08,1.547,83.18,cruise,-0.0077,-0.0072,-0.0477,0
12:50:39.953,5440.0,14,287.16,1546307222,-0.007,-0.003,-0.043,15.09,79.4,2019-01-01 07:17:02+05:30,1.0,705.0,2,0.0,0.0,1216.39,1.2164,20.51,0.044,-9.22,-3.94,0.004,1198.1,1.198,123.42,1.551,83.18,cruise,-0.0064,-0.0024,-0.044,0
12:50:40.953,5441.0,14,287.24,1546307223,0.0,-0.0,-0.043,15.0,79.4,2019-01-01 07:17:03+05:30,1.0,706.0,2,0.0,0.0,1220.28,1.2203,20.52,0.043,0.0,-0.0,0.0023,1191.0,1.191,123.75,1.555,83.17,cruise,-0.0012,-0.0015,-0.0437,0
12:50:41.954,5442.0,14,284.84,1546307224,0.0,-0.007,-0.047,15.0,79.4,2019-01-01 07:17:04+05:30,1.0,707.0,2,0.0,0.0,1224.17,1.2242,20.35,0.048,0.0,-8.47,0.0023,1191.0,1.191,124.08,1.559,83.17,cruise,0.0016,-0.0057,-0.0452,0
12:50:42.953,5443.0,14,286.24,1546307225,0.003,-0.007,-0.043,15.39,79.39,2019-01-01 07:17:05+05:30,1.0,708.0,2,0.5,0.139,1228.06,1.2281,20.45,0.044,3.94,-9.22,0.0023,1221.8,1.222,124.42,1.564,83.16,cruise,0.0015,-0.0068,-0.0447,0
12:50:43.953,5444.0,15,291.0,1546307226,0.0,-0.003,-0.043,16.25,79.37,2019-01-01 07:17:06+05:30,1.0,709.0,2,0.5,0.139,1232.22,1.2322,19.4,0.043,0.0,-3.99,0.0035,1289.8,1.29,124.78,1.568,83.15,cruise,0.0009,-0.0044,-0.0422,0
12:50:44.954,5445.0,15,296.2,1546307227,0.003,-0.007,-0.037,16.46,79.37,2019-01-01 07:17:07+05:30,1.0,710.0,2,0.0,0.0,1236.39,1.2364,19.75,0.038,4.56,-10.68,0.0081,1306.4,1.306,125.14,1.573,83.15,cruise,0.0027,-0.0057,-0.037,0
12:50:45.953,5446.0,15,299.96,1546307228,0.007,-0.01,-0.027,16.76,79.36,2019-01-01 07:17:08+05:30,1.0,711.0,2,0.0,0.0,1240.56,1.2406,20.0,0.03,13.66,-19.72,0.0085,1330.1,1.33,125.51,1.577,83.14,cruise,0.007,-0.0107,-0.0273,0
12:50:46.953,5447.0,15,304.2,1546307229,0.01,-0.013,-0.02,17.01,79.35,2019-01-01 07:17:09+05:30,1.0,712.0,2,0.5,0.139,1244.72,1.2447,20.28,0.026,22.74,-30.17,0.004,1349.7,1.35,125.88,1.582,83.14,cruise,0.0101,-0.0128,-0.0193,0
12:50:47.954,5448.0,16,308.26,1546307230,0.01,-0.007,-0.027,18.0,79.33,2019-01-01 07:17:10+05:30,1.0,713.0,2,0.5,0.139,1249.17,1.2492,19.27,0.03,19.72,-13.66,0.0214,1427.9,1.428,126.28,1.587,83.13,cruise,0.0095,-0.007,-0.0277,0
12:50:48.953,5449.0,16,312.34,1546307231,0.007,0.003,-0.06,17.75,79.34,2019-01-01 07:17:11+05:30,1.0,714.0,2,0.0,0.0,1253.61,1.2536,19.52,0.06,6.65,2.84,0.0381,1408.3,1.408,126.67,1.592,83.13,cruise,0.008,0.0033,-0.0598,0
12:50:49.953,5450.0,16,315.96,1546307232,0.01,0.007,-0.103,18.09,79.33,2019-01-01 07:17:12+05:30,1.0,715.0,2,0.0,0.0,1258.06,1.2581,19.75,0.104,5.53,3.87,0.0386,1435.1,1.435,127.07,1.597,83.12,cruise,0.0088,0.0069,-0.1031,0
12:50:50.953,5451.0,16,323.84,1546307233,0.01,0.003,-0.137,18.26,79.32,2019-01-01 07:17:13+05:30,1.0,716.0,2,0.5,0.139,1262.5,1.2625,20.24,0.137,4.17,1.25,0.0243,1448.4,1.448,127.47,1.602,83.12,cruise,0.0113,0.0012,-0.1364,0
12:50:51.953,5452.0,17,334.36,1546307234,0.013,-0.007,-0.15,19.48,79.3,2019-01-01 07:17:14+05:30,1.0,717.0,2,0.5,0.139,1267.22,1.2672,19.67,0.151,4.95,-2.66,0.0075,1544.8,1.545,127.9,1.608,83.11,cruise,0.0116,-0.0029,-0.1507,0
12:50:52.953,5453.0,17,341.6,1546307235,0.003,0.003,-0.15,18.56,79.31,2019-01-01 07:17:15+05:30,1.0,718.0,2,0.5,0.139,1271.94,1.2719,20.09,0.15,1.15,1.15,0.0075,1472.0,1.472,128.31,1.613,83.1,cruise,0.0046,-0.0018,-0.1497,0
12:50:53.953,5454.0,18,347.16,1546307236,-0.007,-0.01,-0.137,19.33,79.3,2019-01-01 07:17:16+05:30,1.0,719.0,2,0.5,0.139,1276.94,1.2769,19.29,0.138,-2.92,-4.17,0.0135,1532.9,1.533,128.74,1.618,83.1,cruise,-0.0089,-0.0056,-0.1377,0
12:50:54.953,5455.0,18,354.76,1546307237,-0.017,-0.01,-0.123,19.35,79.29,2019-01-01 07:17:17+05:30,1.0,720.0,2,0.0,0.0,1281.94,1.2819,19.71,0.125,-7.84,-4.6,0.0187,1534.3,1.534,129.16,1.624,83.09,cruise,-0.0158,-0.0146,-0.1201,0
12:50:55.953,5456.0,18,361.24,1546307238,-0.003,-0.02,-0.1,19.31,79.29,2019-01-01 07:17:18+05:30,1.0,721.0,2,0.5,0.139,1286.94,1.2869,20.07,0.102,-1.69,-11.3,0.0142,1531.1,1.531,129.59,1.629,83.08,cruise,-0.0027,-0.015,-0.1056,0
12:50:56.953,5457.0,19,367.16,1546307239,0.023,-0.003,-0.097,22.12,79.23,2019-01-01 07:17:19+05:30,1.0,722.0,2,0.5,0.139,1292.22,1.2922,19.32,0.1,13.33,-1.72,0.0223,1752.6,1.753,130.08,1.635,83.08,cruise,0.0222,-0.0064,-0.0906,0
12:50:57.954,5458.0,19,372.36,1546307240,0.033,-0.003,-0.06,22.64,79.22,2019-01-01 07:17:20+05:30,1.0,723.0,2,-2.0,-0.556,1297.5,1.2975,19.6,0.069,28.78,-2.51,0.0289,1793.5,1.794,130.57,1.641,83.07,decel,0.0336,-0.003,-0.0648,0
12:51:14.953,5475.0,15,290.5,1546307257,0.023,-0.01,-0.04,17.84,79.32,2019-01-01 07:17:37+05:30,5.0,728.0,2,-2.0,-0.556,1318.33,1.3183,19.37,0.047,29.15,-12.23,0.02,1415.1,1.415,132.54,1.666,83.04,decel,0.0219,-0.0075,-0.0366,0
12:51:15.953,5476.0,15,292.82,1546307258,0.003,-0.007,-0.02,16.47,79.34,2019-01-01 07:17:38+05:30,1.0,729.0,2,0.0,0.0,1322.5,1.3225,19.52,0.021,8.06,-19.09,0.0115,1306.7,1.307,132.9,1.671,83.03,cruise,0.0047,-0.0101,-0.0232,0
12:51:16.953,5477.0,15,299.6,1546307259,0.003,-0.013,-0.02,16.64,79.34,2019-01-01 07:17:39+05:30,1.0,730.0,2,0.5,0.139,1326.67,1.3267,19.97,0.024,7.17,-32.73,0.0058,1320.2,1.32,133.27,1.675,83.03,cruise,0.0013,-0.0098,-0.0184,0
12:51:17.954,5478.0,16,308.72,1546307260,0.007,-0.007,-0.01,18.07,79.31,2019-01-01 07:17:40+05:30,1.0,731.0,2,0.5,0.139,1331.11,1.3311,19.3,0.014,29.83,-29.83,0.0115,1433.1,1.433,133.67,1.68,83.02,cruise,0.0089,-0.0109,-0.0079,0
12:51:18.953,5479.0,16,320.18,1546307261,0.013,-0.017,0.003,18.7,79.29,2019-01-01 07:17:41+05:30,1.0,732.0,2,0.5,0.139,1335.56,1.3356,20.01,0.022,36.98,-51.88,0.0085,1482.7,1.483,134.08,1.686,83.02,cruise,0.0109,-0.0122,-0.0012,0
12:51:19.953,5480.0,17,335.16,1546307262,0.003,-0.007,-0.013,18.91,79.29,2019-01-01 07:17:42+05:30,1.0,733.0,2,1.0,0.278,1340.28,1.3403,19.72,0.015,11.49,-27.68,0.0118,1499.4,1.499,134.49,1.691,83.01,accel,0.0042,-0.0118,-0.0107,0
12:51:20.953,5481.0,18,346.88,1546307263,0.003,-0.013,-0.02,19.76,79.27,2019-01-01 07:17:43+05:30,1.0,734.0,2,0.5,0.139,1345.28,1.3453,19.27,0.024,7.17,-32.73,0.004,1566.4,1.566,134.93,1.696,83.0,cruise,0.0029,-0.0095,-0.0194,0
12:51:21.954,5482.0,18,355.88,1546307264,0.01,-0.003,-0.013,20.21,79.26,2019-01-01 07:17:44+05:30,1.0,735.0,2,0.0,0.0,1350.28,1.3503,19.77,0.017,36.85,-10.37,0.0051,1601.8,1.602,135.38,1.702,83.0,cruise,0.0106,-0.0047,-0.0137,0
12:51:22.953,5483.0,18,363.26,1546307265,0.013,-0.0,-0.01,20.38,79.25,2019-01-01 07:17:45+05:30,1.0,736.0,2,0.5,0.139,1355.28,1.3553,20.18,0.016,52.43,-0.0,0.0068,1615.1,1.615,135.82,1.708,82.99,cruise,0.0116,0.0003,-0.0104,0
12:51:23.953,5484.0,19,369.54,1546307266,0.0,-0.0,-0.023,20.29,79.25,2019-01-01 07:17:46+05:30,1.0,737.0,2,0.5,0.139,1360.56,1.3606,19.45,0.023,0.0,-0.0,0.0135,1608.0,1.608,136.27,1.713,82.98,cruise,0.0001,0.0004,-0.0229,0
12:51:24.953,5485.0,19,374.76,1546307267,-0.01,-0.003,-0.037,20.29,79.25,2019-01-01 07:17:47+05:30,1.0,738.0,2,0.0,0.0,1365.83,1.3658,19.72,0.038,-15.08,-4.48,0.007,1608.0,1.608,136.72,1.719,82.98,cruise,-0.0077,-0.004,-0.0359,0
12:51:25.954,5486.0,19,381.28,1546307268,0.0,-0.01,-0.03,20.35,79.25,2019-01-01 07:17:48+05:30,1.0,739.0,2,0.5,0.139,1371.11,1.3711,20.07,0.032,0.0,-18.43,0.0085,1612.7,1.613,137.16,1.724,82.97,cruise,-0.0033,-0.0084,-0.0319,0
12:51:26.953,5487.0,20,388.84,1546307269,0.0,-0.01,-0.02,21.43,79.22,2019-01-01 07:17:49+05:30,1.0,740.0,2,0.5,0.139,1376.67,1.3767,19.44,0.022,0.0,-26.57,0.0085,1697.7,1.698,137.64,1.73,82.96,cruise,0.003,-0.0116,-0.0174,0
12:51:27.954,5488.0,20,398.32,1546307270,0.01,-0.013,-0.013,22.3,79.2,2019-01-01 07:17:50+05:30,1.0,741.0,2,0.5,0.139,1382.22,1.3822,19.92,0.021,28.54,-38.4,0.0214,1766.2,1.766,138.13,1.737,82.96,cruise,0.0064,-0.0126,-0.0162,0
12:51:28.954,5489.0,21,408.78,1546307271,0.003,-0.01,-0.053,22.66,79.19,2019-01-01 07:17:51+05:30,1.0,742.0,2,0.5,0.139,1388.06,1.3881,19.47,0.054,3.18,-10.67,0.0503,1794.4,1.794,138.63,1.743,82.95,cruise,0.0086,-0.0088,-0.0493,0
12:51:29.953,5490.0,21,415.18,1546307272,0.01,-0.003,-0.113,22.98,79.19,2019-01-01 07:17:52+05:30,1.0,743.0,2,0.0,0.0,1393.89,1.3939,19.77,0.113,5.06,-1.51,0.0739,1819.8,1.82,139.13,1.749,82.94,cruise,0.0036,-0.0049,-0.1172,0
12:51:30.953,5491.0,21,415.94,1546307273,-0.01,-0.013,-0.2,22.0,79.2,2019-01-01 07:17:53+05:30,1.0,744.0,2,0.0,0.0,1399.72,1.3997,19.81,0.201,-2.86,-3.71,0.0649,1742.4,1.742,139.62,1.755,82.93,cruise,-0.0059,-0.0112,-0.1952,0
12:51:31.953,5492.0,21,412.4,1546307274,0.003,-0.023,-0.24,22.24,79.2,2019-01-01 07:17:54+05:30,1.0,745.0,2,0.0,0.0,1405.56,1.4056,19.64,0.241,0.71,-5.47,0.0306,1761.4,1.761,140.1,1.762,82.93,cruise,0.0019,-0.025,-0.246,0
12:51:32.953,5493.0,21,404.52,1546307275,0.027,-0.033,-0.26,24.16,79.16,2019-01-01 07:17:55+05:30,1.0,746.0,2,0.0,0.0,1411.39,1.4114,19.26,0.263,5.88,-7.2,0.0125,1912.5,1.913,140.64,1.768,82.92,cruise,0.0286,-0.0304,-0.2522,0
12:51:33.954,5494.0,21,402.9,1546307276,0.047,-0.017,-0.237,26.26,79.11,2019-01-01 07:17:56+05:30,1.0,747.0,2,0.5,0.139,1417.22,1.4172,19.19,0.242,11.19,-4.02,0.0169,2077.4,2.077,141.21,1.776,82.91,cruise,0.0428,-0.0193,-0.2441,0
12:51:34.953,5495.0,22,424.54,1546307277,0.027,-0.003,-0.27,27.23,79.09,2019-01-01 07:17:57+05:30,1.0,748.0,2,2.0,0.556,1423.33,1.4233,19.3,0.271,5.71,-0.63,0.0381,2153.6,2.154,141.81,1.783,82.9,accel,0.0317,-0.0016,-0.2662,0
12:51:35.953,5496.0,25,485.72,1546307278,0.023,0.007,-0.313,31.58,79.0,2019-01-01 07:17:58+05:30,1.0,749.0,2,3.5,0.972,1430.28,1.4303,19.43,0.314,4.2,1.28,0.0465,2494.8,2.495,142.5,1.792,82.89,accel,0.0199,0.0067,-0.316,0
12:51:36.954,5497.0,29,573.96,1546307279,0.027,-0.0,-0.363,36.34,78.9,2019-01-01 07:17:59+05:30,1.0,750.0,2,4.5,1.25,1438.33,1.4383,19.79,0.364,4.25,-0.0,0.028,2867.2,2.867,143.3,1.802,82.88,accel,0.0284,-0.001,-0.3564,0
12:51:37.953,5498.0,34,652.98,1546307280,0.047,-0.017,-0.36,42.26,78.78,2019-01-01 07:18:00+05:30,1.0,751.0,2,4.0,1.111,1447.78,1.4478,19.21,0.363,7.43,-2.68,0.0017,3329.2,3.329,144.23,1.814,82.87,accel,0.0477,-0.0155,-0.3705,0
12:51:38.953,5499.0,37,714.14,1546307281,0.06,-0.023,-0.363,45.53,78.71,2019-01-01 07:18:01+05:30,1.0,752.0,2,2.5,0.694,1458.06,1.4581,19.3,0.369,9.37,-3.58,0.0546,3583.7,3.584,145.22,1.826,82.85,accel,0.0566,-0.0241,-0.3514,0
12:51:39.954,5500.0,39,762.02,1546307282,0.04,-0.027,-0.267,44.03,78.74,2019-01-01 07:18:02+05:30,1.0,753.0,2,1.0,0.278,1468.89,1.4689,19.54,0.271,8.48,-5.71,0.093,3466.9,3.467,146.18,1.839,82.84,accel,0.0459,-0.0261,-0.2791,0
12:51:40.953,5501.0,39,747.3,1546307283,0.03,-0.027,-0.177,42.4,78.76,2019-01-01 07:18:03+05:30,1.0,754.0,2,-2.0,-0.556,1479.72,1.4797,19.16,0.182,9.51,-8.55,0.1106,3339.4,3.339,147.11,1.85,82.82,decel,0.0223,-0.0284,-0.1624,0
12:51:41.954,5502.0,35,677.44,1546307284,-0.007,-0.033,-0.047,36.0,78.89,2019-01-01 07:18:04+05:30,1.0,755.0,2,-4.5,-1.25,1489.44,1.4894,19.36,0.058,-6.95,-34.78,0.0797,2840.0,2.84,147.9,1.86,82.81,decel,0.0012,-0.0313,-0.0623,0
12:51:42.954,5503.0,30,593.34,1546307285,0.0,-0.027,-0.032,31.0,78.99,2019-01-01 07:18:05+05:30,1.0,756.0,2,-4.5,-1.25,1497.78,1.4978,19.78,0.042,0.0,-40.16,0.016,2448.7,2.449,148.58,1.869,82.8,decel,-0.0069,-0.0286,-0.0223,0
12:51:43.953,5504.0,26,505.02,1546307286,-0.01,-0.02,-0.015,27.0,79.06,2019-01-01 07:18:06+05:30,1.0,757.0,2,-4.5,-1.25,1505.0,1.505,19.42,0.027,-21.8,-47.97,0.0123,2134.6,2.135,149.17,1.877,82.79,decel,-0.0049,-0.0183,-0.0169,0
12:51:44.954,5505.0,21,403.78,1546307287,0.003,-0.003,-0.008,22.24,79.16,2019-01-01 07:18:07+05:30,1.0,758.0,2,-5.0,-1.389,1510.83,1.5108,19.23,0.009,19.35,-19.35,0.006,1760.5,1.761,149.66,1.883,82.79,decel,-0.0011,-0.0049,-0.0098,0
12:51:45.954,5506.0,16,324.12,1546307288,-0.003,0.003,-0.003,17.0,79.26,2019-01-01 07:18:08+05:30,1.0,759.0,2,-3.5,-0.972,1515.28,1.5153,20.26,0.005,-35.26,35.26,0.0055,1347.4,1.347,150.04,1.887,82.78,decel,0.0012,0.005,-0.0015,0
12:51:46.953,5507.0,14,274.1,1546307289,0.007,0.007,0.003,15.56,79.29,2019-01-01 07:18:09+05:30,1.0,760.0,2,-1.5,-0.417,1519.17,1.5192,19.58,0.01,42.59,42.59,0.005,1233.8,1.234,150.38,1.892,82.77,decel,0.0021,0.0055,0.0022,0
12:51:47.953,5508.0,13,251.7,1546307290,-0.003,-0.003,0.007,14.0,79.32,2019-01-01 07:18:10+05:30,1.0,761.0,2,-1.0,-0.278,1522.78,1.5228,19.36,0.008,-21.5,-21.5,0.0089,1110.5,1.11,150.69,1.896,82.77,decel,0.0029,-0.0027,0.008,0
12:51:48.954,5509.0,12,245.92,1546307291,0.01,-0.01,0.02,13.8,79.32,2019-01-01 07:18:11+05:30,1.0,762.0,2,-0.5,-0.139,1526.11,1.5261,20.49,0.024,24.09,-24.09,0.0101,1094.6,1.095,150.99,1.899,82.77,cruise,0.0034,-0.0094,0.0184,0
12:51:49.953,5510.0,12,241.22,1546307292,-0.007,-0.007,0.027,13.0,79.34,2019-01-01 07:18:12+05:30,1.0,763.0,2,0.0,0.0,1529.44,1.5294,20.1,0.029,-14.09,-14.09,0.0065,1031.4,1.031,151.28,1.903,82.76,cruise,0.0001,-0.0074,0.0286,0
12:51:50.953,5511.0,12,244.46,1546307293,0.0,-0.003,0.033,13.17,79.33,2019-01-01 07:18:13+05:30,1.0,764.0,2,0.0,0.0,1532.78,1.5328,20.37,0.033,0.0,-5.19,0.0035,1044.8,1.045,151.57,1.907,82.76,cruise,-0.0076,-0.0032,0.0324,0
12:51:51.954,5512.0,12,247.98,1546307294,-0.02,-0.007,0.027,13.16,79.33,2019-01-01 07:18:14+05:30,1.0,765.0,2,0.5,0.139,1536.11,1.5361,20.66,0.034,-35.64,-11.77,0.0103,1044.0,1.044,151.86,1.91,82.75,cruise,-0.0127,-0.0068,0.0261,0
12:51:52.953,5513.0,13,250.84,1546307295,-0.003,-0.017,0.013,14.11,79.31,2019-01-01 07:18:15+05:30,1.0,766.0,2,0.5,0.139,1539.72,1.5397,19.3,0.022,-7.98,-51.88,0.0081,1119.1,1.119,152.17,1.914,82.75,cruise,-0.0086,-0.0171,0.0149,0
12:51:53.953,5514.0,13,252.52,1546307296,-0.003,-0.023,0.013,14.38,79.3,2019-01-01 07:18:16+05:30,1.0,767.0,2,0.0,0.0,1543.33,1.5433,19.42,0.027,-6.48,-59.88,0.0023,1140.3,1.14,152.49,1.918,82.74,cruise,0.0005,-0.0234,0.0107,0
12:51:54.954,5515.0,13,266.16,1546307297,0.007,-0.02,0.017,15.35,79.28,2019-01-01 07:18:17+05:30,1.0,768.0,2,0.5,0.139,1546.94,1.5469,20.47,0.027,14.93,-47.41,0.0163,1216.9,1.217,152.82,1.923,82.74,cruise,0.0053,-0.0188,0.0196,0
12:51:55.953,5516.0,14,283.98,1546307298,0.003,-0.007,0.043,16.34,79.26,2019-01-01 07:18:18+05:30,1.0,769.0,2,1.5,0.417,1550.83,1.5508,20.28,0.044,3.94,-9.22,0.028,1295.1,1.295,153.18,1.927,82.73,accel,0.0033,-0.0086,0.0403,0
12:51:56.953,5517.0,16,310.26,1546307299,0.0,-0.003,0.073,18.56,79.21,2019-01-01 07:18:19+05:30,1.0,770.0,2,2.0,0.556,1555.28,1.5553,19.39,0.073,0.0,-2.35,0.0351,1470.1,1.47,153.59,1.932,82.73,accel,0.0004,-0.0018,0.0738,0
12:51:57.954,5518.0,18,346.22,1546307300,0.003,0.003,0.113,21.17,79.16,2019-01-01 07:18:20+05:30,1.0,771.0,2,2.0,0.556,1560.28,1.5603,19.23,0.113,1.52,1.52,0.0451,1675.8,1.676,154.06,1.938,82.72,accel,0.003,0.0018,0.1167,0
12:51:58.953,5519.0,20,387.58,1546307301,0.013,0.003,0.163,24.04,79.1,2019-01-01 07:18:21+05:30,1.0,772.0,2,2.0,0.556,1565.83,1.5658,19.38,0.164,4.56,1.05,0.0336,1901.6,1.902,154.59,1.945,82.71,accel,0.0111,0.0055,0.1548,0
12:51:59.953,5520.0,22,426.18,1546307302,0.007,0.01,0.177,25.46,79.07,2019-01-01 07:18:22+05:30,1.0,773.0,2,2.0,0.556,1571.94,1.5719,19.37,0.177,2.26,3.23,0.0353,2013.1,2.013,155.15,1.952,82.7,accel,0.0123,0.0062,0.1859,0
12:52:00.954,5521.0,24,463.52,1546307303,-0.003,-0.0,0.23,26.87,79.04,2019-01-01 07:18:23+05:30,1.0,774.0,2,2.0,0.556,1578.61,1.5786,19.31,0.23,-0.75,-0.0,0.0452,2123.8,2.124,155.74,1.959,82.69,accel,-0.0112,0.0037,0.2242,0
12:52:01.953,5522.0,26,501.0,1546307304,-0.063,0.007,0.267,28.88,79.0,2019-01-01 07:18:24+05:30,1.0,775.0,2,2.0,0.556,1585.83,1.5858,19.27,0.274,-13.27,1.46,0.0336,2281.5,2.282,156.37,1.967,82.69,accel,-0.0552,0.0047,0.2687,0
12:52:02.954,5523.0,28,538.8,1546307305,-0.08,0.007,0.297,30.89,78.95,2019-01-01 07:18:25+05:30,1.0,776.0,2,2.0,0.556,1593.61,1.5936,19.24,0.308,-15.07,1.3,0.0173,2438.8,2.439,157.05,1.976,82.68,accel,-0.0854,0.0084,0.2984,0
12:52:03.954,5524.0,30,576.78,1546307306,-0.08,0.01,0.297,32.53,78.92,2019-01-01 07:18:26+05:30,1.0,777.0,2,1.5,0.417,1601.94,1.6019,19.23,0.308,-15.07,1.86,0.0312,2567.3,2.567,157.76,1.985,82.66,accel,-0.0764,0.0087,0.2935,0
12:52:04.953,5525.0,31,599.86,1546307307,-0.037,0.01,0.243,32.86,78.91,2019-01-01 07:18:27+05:30,1.0,778.0,2,0.5,0.139,1610.56,1.6106,19.35,0.246,-8.65,2.33,0.057,2593.0,2.593,158.48,1.994,82.65,cruise,-0.0392,0.0107,0.248,0
12:52:05.954,5526.0,31,611.14,1546307308,-0.003,0.023,0.183,32.29,78.92,2019-01-01 07:18:28+05:30,1.0,779.0,2,0.0,0.0,1619.17,1.6192,19.71,0.184,-0.93,7.16,0.0682,2548.3,2.548,159.19,2.003,82.64,cruise,-0.0024,0.0235,0.1765,0
12:52:06.953,5527.0,31,611.36,1546307309,0.013,0.04,0.107,33.04,78.9,2019-01-01 07:18:29+05:30,1.0,780.0,2,0.0,0.0,1627.78,1.6278,19.72,0.115,6.49,20.36,0.047,2606.9,2.607,159.91,2.012,82.63,cruise,0.014,0.0395,0.1142,0
12:52:07.954,5528.0,31,598.74,1546307310,0.01,0.043,0.097,32.8,78.9,2019-01-01 07:18:30+05:30,1.0,781.0,2,-0.5,-0.139,1636.39,1.6364,19.31,0.107,5.38,23.8,0.0051,2587.9,2.588,160.63,2.021,82.62,cruise,0.0074,0.0418,0.0906,0
12:52:08.953,5529.0,30,577.14,1546307311,-0.013,0.027,0.1,31.0,78.93,2019-01-01 07:18:31+05:30,1.0,782.0,2,-1.0,-0.278,1644.72,1.6447,19.24,0.104,-7.15,14.99,0.0257,2446.8,2.447,161.31,2.03,82.61,decel,-0.0091,0.0298,0.1057,0
12:52:09.953,5530.0,29,562.8,1546307312,-0.013,0.02,0.143,30.0,78.95,2019-01-01 07:18:32+05:30,1.0,783.0,2,-1.0,-0.278,1652.78,1.6528,19.41,0.145,-5.14,7.93,0.0261,2368.5,2.368,161.97,2.038,82.6,decel,-0.018,0.0166,0.1365,0
12:52:10.954,5531.0,28,549.04,1546307313,-0.017,0.007,0.147,29.0,78.97,2019-01-01 07:18:33+05:30,1.0,784.0,2,-1.0,-0.278,1660.56,1.6606,19.61,0.148,-6.59,2.71,0.0023,2290.1,2.29,162.6,2.046,82.59,decel,-0.0105,0.0104,0.1552,0
12:52:11.953,5532.0,27,534.84,1546307314,0.02,0.013,0.147,29.6,78.95,2019-01-01 07:18:34+05:30,1.0,785.0,2,-0.5,-0.139,1668.06,1.6681,19.81,0.149,7.72,5.01,0.0387,2336.9,2.337,163.25,2.055,82.58,cruise,0.0116,0.0099,0.1381,0
12:52:12.953,5533.0,27,520.54,1546307315,0.03,0.01,0.08,30.4,78.93,2019-01-01 07:18:35+05:30,1.0,786.0,2,-0.5,-0.139,1675.56,1.6756,19.28,0.086,20.41,6.68,0.0554,2399.5,2.399,163.92,2.063,82.57,cruise,0.0396,0.0125,0.0867,0
12:52:13.954,5534.0,26,506.2,1546307316,0.063,0.02,0.037,32.04,78.9,2019-01-01 07:18:36+05:30,1.0,787.0,2,-1.0,-0.278,1682.78,1.6828,19.47,0.076,56.27,15.31,0.0386,2528.0,2.528,164.62,2.072,82.56,decel,0.0548,0.0179,0.0334,0
12:52:14.953,5535.0,25,491.36,1546307317,0.037,0.023,0.003,28.96,78.96,2019-01-01 07:18:37+05:30,1.0,788.0,2,-1.0,-0.278,1689.72,1.6897,19.65,0.044,57.92,31.78,0.0206,2286.7,2.287,165.26,2.08,82.55,decel,0.0417,0.025,0.0053,0
12:52:15.954,5536.0,24,477.52,1546307318,0.02,0.03,0.0,26.6,79.0,2019-01-01 07:18:38+05:30,1.0,789.0,2,-0.5,-0.139,1696.39,1.6964,19.9,0.036,33.69,56.31,0.003,2101.4,2.101,165.84,2.087,82.54,cruise,0.0173,0.0283,-0.0021,0
12:52:16.953,5537.0,24,466.98,1546307319,0.01,0.023,-0.003,25.8,79.02,2019-01-01 07:18:39+05:30,1.0,790.0,2,-0.5,-0.139,1703.06,1.7031,19.46,0.025,23.32,65.59,0.003,2038.7,2.039,166.41,2.095,82.54,cruise,0.0131,0.0239,-0.0018,0
12:52:17.954,5538.0,23,452.98,1546307320,0.027,0.017,0.003,26.16,79.01,2019-01-01 07:18:40+05:30,1.0,791.0,2,-1.0,-0.278,1709.44,1.7094,19.69,0.032,57.41,32.04,0.005,2066.9,2.067,166.98,2.102,82.53,decel,0.0247,0.0167,0.0028,0
12:52:18.953,5539.0,22,439.14,1546307321,0.023,0.013,0.007,24.84,79.03,2019-01-01 07:18:41+05:30,1.0,792.0,2,-0.5,-0.139,1715.56,1.7156,19.96,0.027,57.3,28.4,0.0023,1963.1,1.963,167.53,2.109,82.52,cruise,0.0227,0.0135,0.0072,0
12:52:19.954,5540.0,22,425.6,1546307322,0.007,0.013,0.003,23.56,79.05,2019-01-01 07:18:42+05:30,1.0,793.0,2,-0.5,-0.139,1721.67,1.7217,19.35,0.015,27.68,59.64,0.0106,1862.4,1.862,168.04,2.115,82.51,cruise,0.0079,0.0124,0.002,0
12:52:20.953,5541.0,21,412.8,1546307323,0.007,0.01,-0.013,22.56,79.07,2019-01-01 07:18:43+05:30,1.0,794.0,2,-1.0,-0.278,1727.5,1.7275,19.66,0.018,23.11,34.11,0.0118,1783.8,1.784,168.54,2.122,82.5,decel,0.0078,0.0099,-0.0118,0
12:52:21.954,5542.0,20,397.62,1546307324,0.023,0.007,-0.02,22.84,79.06,2019-01-01 07:18:44+05:30,1.0,795.0,2,-0.5,-0.139,1733.06,1.7331,19.88,0.031,47.35,12.93,0.004,1805.7,1.806,169.04,2.128,82.5,cruise,0.0222,0.0079,-0.0208,0
12:52:22.953,5543.0,20,385.76,1546307325,0.023,0.007,-0.02,22.84,79.06,2019-01-01 07:18:45+05:30,1.0,796.0,2,-0.5,-0.139,1738.61,1.7386,19.29,0.031,47.35,12.93,0.004,1805.7,1.806,169.54,2.134,82.49,cruise,0.022,0.0061,-0.0191,0
12:52:23.953,5544.0,19,373.88,1546307326,0.0,-0.0,-0.013,20.0,79.12,2019-01-01 07:18:46+05:30,1.0,797.0,2,-1.0,-0.278,1743.89,1.7439,19.68,0.013,0.0,-0.0,0.004,1582.4,1.582,169.98,2.14,82.48,decel,0.0014,0.0001,-0.0142,0
12:52:24.954,5545.0,18,362.48,1546307327,-0.013,-0.007,-0.013,19.0,79.14,2019-01-01 07:18:47+05:30,1.0,798.0,2,-0.5,-0.139,1748.89,1.7489,20.14,0.02,-41.36,-20.84,0.0017,1503.7,1.504,170.4,2.145,82.48,cruise,-0.0137,-0.0069,-0.0122,0
12:52:25.954,5546.0,18,350.44,1546307328,-0.01,-0.007,-0.01,19.0,79.13,2019-01-01 07:18:48+05:30,1.0,799.0,2,-0.5,-0.139,1753.89,1.7539,19.47,0.016,-39.33,-26.33,0.003,1503.5,1.503,170.82,2.15,82.47,cruise,-0.009,-0.0066,-0.0102,0
12:52:26.953,5547.0,17,339.08,1546307329,0.003,-0.0,-0.007,18.24,79.15,2019-01-01 07:18:49+05:30,1.0,800.0,2,-0.5,-0.139,1758.61,1.7586,19.95,0.008,23.2,-0.0,0.0035,1443.7,1.444,171.22,2.155,82.46,cruise,0.0012,-0.0005,-0.0066,0
12:52:27.953,5548.0,17,328.6,1546307330,0.003,-0.0,-0.003,18.24,79.15,2019-01-01 07:18:50+05:30,1.0,801.0,2,-0.5,-0.139,1763.33,1.7633,19.33,0.004,45.0,-0.0,0.0023,1443.7,1.444,171.62,2.16,82.46,cruise,0.004,0.0003,-0.0042,0
12:52:28.954,5549.0,16,318.84,1546307331,0.003,-0.007,-0.003,17.24,79.16,2019-01-01 07:18:51+05:30,1.0,802.0,2,-0.5,-0.139,1767.78,1.7678,19.93,0.008,21.5,-58.78,0.0075,1364.7,1.365,172.0,2.165,82.45,cruise,0.0037,-0.0076,-0.0012,0
12:52:29.954,5550.0,16,309.54,1546307332,0.007,-0.017,0.01,17.56,79.16,2019-01-01 07:18:52+05:30,1.0,803.0,2,-0.5,-0.139,1772.22,1.7722,19.35,0.021,19.54,-54.32,0.0101,1390.0,1.39,172.39,2.17,82.45,cruise,0.005,-0.0155,0.0079,0
12:52:30.954,5551.0,15,300.64,1546307333,0.003,-0.013,0.017,16.24,79.18,2019-01-01 07:18:53+05:30,1.0,804.0,2,-0.5,-0.139,1776.39,1.7764,20.04,0.022,7.98,-36.98,0.0065,1285.9,1.286,172.74,2.175,82.44,cruise,0.0053,-0.0153,0.0196,0
12:52:31.953,5552.0,15,292.08,1546307334,0.007,-0.01,0.023,16.56,79.17,2019-01-01 07:18:54+05:30,1.0,805.0,2,-0.5,-0.139,1780.56,1.7806,19.47,0.026,15.59,-22.58,0.0119,1311.1,1.311,173.11,2.179,82.44,cruise,0.0045,-0.0072,0.0201,0
12:52:32.953,5553.0,14,283.7,1546307335,0.003,0.003,0.0,15.24,79.2,2019-01-01 07:18:55+05:30,1.0,806.0,2,-0.5,-0.139,1784.44,1.7844,20.26,0.004,45.0,45.0,0.0215,1207.0,1.207,173.44,2.183,82.43,cruise,0.0059,0.0006,0.0024,0
12:52:33.954,5554.0,14,275.04,1546307336,0.01,-0.0,-0.02,15.8,79.19,2019-01-01 07:18:56+05:30,1.0,807.0,2,-0.5,-0.139,1788.33,1.7883,19.65,0.022,26.57,-0.0,0.0166,1251.2,1.251,173.79,2.188,82.43,cruise,0.0072,0.001,-0.0218,0
12:52:34.954,5555.0,13,265.48,1546307337,0.003,-0.003,-0.033,14.24,79.22,2019-01-01 07:18:57+05:30,1.0,808.0,2,-0.5,-0.139,1791.94,1.7919,20.42,0.033,5.17,-5.17,0.0068,1128.1,1.128,174.1,2.192,82.42,cruise,0.005,-0.0029,-0.032,0
12:52:35.953,5556.0,13,255.88,1546307338,0.003,-0.003,-0.023,14.24,79.21,2019-01-01 07:18:58+05:30,1.0,809.0,2,-0.5,-0.139,1795.56,1.7956,19.68,0.023,7.37,-7.37,0.0115,1128.0,1.128,174.42,2.196,82.42,cruise,0.0018,-0.0036,-0.0227,0
12:52:36.953,5557.0,12,245.52,1546307339,0.0,-0.003,-0.01,13.0,79.24,2019-01-01 07:18:59+05:30,1.0,810.0,2,-0.5,-0.139,1798.89,1.7989,20.46,0.01,0.0,-16.7,0.0085,1030.1,1.03,174.7,2.199,82.41,cruise,0.0009,-0.0021,-0.0105,0
12:52:37.954,5558.0,12,234.42,1546307340,0.0,-0.003,-0.007,13.0,79.24,2019-01-01 07:19:00+05:30,1.0,811.0,2,-0.5,-0.139,1802.22,1.8022,19.54,0.008,0.0,-23.2,0.0017,1030.1,1.03,174.99,2.203,82.41,cruise,-0.0009,-0.0043,-0.0086,0
12:52:38.954,5559.0,11,223.2,1546307341,-0.007,-0.01,-0.01,12.0,79.26,2019-01-01 07:19:01+05:30,1.0,812.0,2,-0.5,-0.139,1805.28,1.8053,20.29,0.016,-26.33,-39.33,0.0125,951.1,0.951,175.25,2.206,82.4,cruise,-0.0066,-0.009,-0.0061,0
12:52:39.953,5560.0,11,211.64,1546307342,-0.013,-0.01,0.013,12.0,79.25,2019-01-01 07:19:02+05:30,1.0,813.0,2,-0.5,-0.139,1808.33,1.8083,19.24,0.021,-38.4,-28.54,0.0169,951.0,0.951,175.52,2.21,82.4,cruise,-0.0128,-0.0101,0.0091,0
12:52:40.954,5561.0,10,200.26,1546307343,-0.013,-0.007,0.023,11.0,79.27,2019-01-01 07:19:03+05:30,1.0,814.0,2,-1.0,-0.278,1811.11,1.8111,20.03,0.027,-28.4,-14.84,0.0051,872.0,0.872,175.76,2.213,82.4,decel,-0.0134,-0.0076,0.0252,0
12:52:41.954,5562.0,9,186.28,1546307344,-0.007,-0.007,0.02,10.0,79.29,2019-01-01 07:19:04+05:30,1.0,815.0,2,-1.0,-0.278,1813.61,1.8136,20.7,0.022,-18.28,-18.28,0.0165,792.9,0.793,175.98,2.216,82.39,decel,-0.0068,-0.0064,0.0204,0
12:52:42.953,5563.0,8,164.68,1546307345,0.003,-0.007,-0.007,9.24,79.31,2019-01-01 07:19:05+05:30,1.0,816.0,2,-1.0,-0.278,1815.83,1.8158,20.58,0.01,16.86,-42.59,0.0369,732.8,0.733,176.18,2.218,82.39,decel,0.0034,-0.0072,-0.0104,0
12:52:43.954,5564.0,7,143.1,1546307346,0.01,-0.007,-0.053,8.8,79.31,2019-01-01 07:19:06+05:30,1.0,817.0,2,-1.0,-0.278,1817.78,1.8178,20.44,0.054,10.6,-7.39,0.0278,697.9,0.698,176.38,2.221,82.39,decel,0.0092,-0.0074,-0.0475,0
12:52:44.953,5565.0,6,123.1,1546307347,0.007,-0.007,-0.057,7.56,79.34,2019-01-01 07:19:07+05:30,1.0,818.0,2,-1.0,-0.278,1819.44,1.8194,20.52,0.058,6.95,-6.95,0.0023,599.8,0.6,176.54,2.223,82.39,decel,0.0074,-0.0059,-0.063,0
12:52:45.954,5566.0,5,100.2,1546307348,0.003,-0.003,-0.053,6.24,79.36,2019-01-01 07:19:08+05:30,1.0,819.0,2,-1.5,-0.417,1820.83,1.8208,20.04,0.053,3.23,-3.23,0.022,495.2,0.495,176.68,2.224,82.38,decel,0.0033,-0.0046,-0.0477,0
12:52:46.954,5567.0,3,69.62,1546307349,0.003,-0.007,-0.017,4.24,79.4,2019-01-01 07:19:09+05:30,1.0,820.0,2,-1.5,-0.417,1821.67,1.8217,23.21,0.019,9.27,-22.07,0.0242,336.7,0.337,176.77,2.226,82.38,decel,0.0026,-0.0056,-0.0201,0
12:52:47.953,5568.0,2,48.76,1546307350,0.003,-0.007,-0.007,3.24,79.42,2019-01-01 07:19:10+05:30,1.0,821.0,2,-1.0,-0.278,1822.22,1.8222,24.38,0.01,16.86,-42.59,0.0051,257.3,0.257,176.85,2.226,82.38,decel,0.0034,-0.0079,-0.0067,0
12:52:48.954,5569.0,1,30.0,1546307351,0.003,-0.01,-0.01,2.24,79.44,2019-01-01 07:19:11+05:30,1.0,822.0,2,-1.0,-0.278,1822.5,1.8225,,0.014,11.98,-43.77,0.0017,177.9,0.178,176.9,2.227,82.38,decel,0.0023,-0.0096,-0.0094,0
12:52:49.954,5570.0,0,12.48,1546307352,0.0,-0.01,-0.01,1.0,79.47,2019-01-01 07:19:12+05:30,1.0,823.0,2,-0.5,-0.139,1822.5,1.8225,,0.014,0.0,-45.0,0.0,79.5,0.079,176.92,2.227,82.38,idle,0.0009,-0.01,-0.0101,1
12:52:50.953,5571.0,0,0.0,1546307353,0.003,-0.01,-0.01,1.0,79.47,2019-01-01 07:19:13+05:30,1.0,824.0,2,0.0,0.0,1822.5,1.8225,,0.014,11.98,-43.77,0.0,79.5,0.079,176.94,2.228,82.38,idle,0.0021,-0.01,-0.0085,1
12:52:51.954,5572.0,0,0.0,1546307354,0.003,-0.01,-0.01,1.0,79.47,2019-01-01 07:19:14+05:30,1.0,825.0,2,0.0,0.0,1822.5,1.8225,,0.014,11.98,-43.77,0.0,79.5,0.079,176.96,2.228,82.38,idle,0.0038,-0.0103,-0.0142,1
12:52:52.954,5573.0,0,0.0,1546307355,0.003,-0.01,-0.01,1.0,79.47,2019-01-01 07:19:15+05:30,1.0,826.0,2,0.0,0.0,1822.5,1.8225,,0.014,11.98,-43.77,0.0,79.5,0.079,176.98,2.228,82.38,idle,0.0023,-0.0099,-0.0094,1
12:52:53.953,5574.0,0,0.0,1546307356,0.0,-0.01,-0.01,1.0,79.47,2019-01-01 07:19:16+05:30,1.0,827.0,2,0.0,0.0,1822.5,1.8225,,0.014,0.0,-45.0,0.0,79.5,0.079,177.01,2.228,82.38,idle,-0.0001,-0.0091,0.0035,1
12:52:54.954,5575.0,0,0.0,1546307357,0.0,-0.01,-0.01,1.0,79.47,2019-01-01 07:19:17+05:30,1.0,828.0,2,0.0,0.0,1822.5,1.8225,,0.014,0.0,-45.0,0.0964,79.5,0.079,177.03,2.229,82.38,idle,0.0014,-0.0123,-0.0387,1
12:52:55.954,5576.0,0,0.0,1546307358,0.007,-0.023,-0.177,1.0,79.47,2019-01-01 07:19:18+05:30,1.0,829.0,2,0.0,0.0,1822.5,1.8225,,0.179,2.25,-7.4,0.0926,79.5,0.079,177.05,2.229,82.38,idle,0.0047,-0.0199,-0.1437,1
12:52:56.954,5577.0,0,1.06,1546307359,0.0,-0.02,-0.163,1.0,79.47,2019-01-01 07:19:19+05:30,1.0,830.0,2,2.5,0.694,1822.5,1.8225,,0.164,0.0,-7.0,0.0121,79.5,0.079,177.07,2.229,82.38,idle,0.0023,-0.0235,-0.196,1
12:52:57.953,5578.0,5,101.42,1546307360,-0.003,-0.02,-0.153,12.46,79.24,2019-01-01 07:19:20+05:30,1.0,831.0,2,6.5,1.806,1823.89,1.8239,20.28,0.154,-1.11,-7.45,0.1127,987.3,0.987,177.35,2.233,82.37,accel,-0.0052,-0.0165,-0.1173,0
12:52:58.954,5579.0,13,259.44,1546307361,-0.01,-0.0,0.037,22.82,79.03,2019-01-01 07:19:21+05:30,1.0,832.0,2,9.0,2.5,1827.5,1.8275,19.96,0.038,-15.12,-0.0,0.1077,1803.5,1.803,177.85,2.239,82.37,accel,-0.0083,-0.0026,0.0042,0
12:52:59.954,5580.0,23,454.12,1546307362,-0.003,0.01,0.03,34.51,78.79,2019-01-01 07:19:22+05:30,1.0,833.0,2,11.0,3.056,1833.89,1.8339,19.74,0.032,-5.42,18.35,0.004,2719.0,2.719,178.6,2.249,82.35,accel,-0.0033,0.01,0.0482,0
12:53:00.953,5581.0,35,679.88,1546307363,0.003,0.01,0.03,48.16,78.51,2019-01-01 07:19:23+05:30,1.0,834.0,2,12.5,3.472,1843.61,1.8436,19.43,0.032,5.42,18.35,0.0115,3781.0,3.781,179.65,2.262,82.34,accel,0.0025,0.0139,0.0262,0
12:53:01.954,5582.0,48,930.88,1546307364,0.008,0.013,0.01,60.26,78.27,2019-01-01 07:19:24+05:30,1.0,835.0,2,11.0,3.056,1856.94,1.8569,19.39,0.018,26.0,45.43,0.0125,4716.6,4.717,180.96,2.279,82.32,accel,0.0071,0.0054,0.0095,0
12:53:02.954,5583.0,57,1104.62,1546307365,0.015,-0.017,0.007,66.9,78.13,2019-01-01 07:19:25+05:30,1.0,836.0,2,8.0,2.222,1872.78,1.8728,19.38,0.024,39.21,-45.76,0.0051,5226.9,5.227,182.41,2.297,82.3,accel,0.0184,-0.0088,0.0062,0
12:53:03.953,5584.0,64,1238.98,1546307366,0.032,-0.02,-0.0,73.75,77.98,2019-01-01 07:19:26+05:30,1.0,837.0,2,6.5,1.806,1890.56,1.8906,19.36,0.038,57.99,-32.01,0.004,5751.0,5.751,184.01,2.318,82.27,accel,0.028,-0.0242,0.0004,0
12:53:04.953,5585.0,70,1352.28,1546307367,0.013,-0.043,0.0,77.33,77.9,2019-01-01 07:19:27+05:30,1.0,838.0,2,5.5,1.528,1910.0,1.91,19.32,0.045,16.82,-73.18,0.0058,6024.0,6.024,185.69,2.339,82.25,accel,0.0167,-0.044,0.0018,0
12:53:05.954,5586.0,75,1450.64,1546307368,0.007,-0.05,0.01,81.13,77.82,2019-01-01 07:19:28+05:30,1.0,839.0,2,5.0,1.389,1930.83,1.9308,19.34,0.051,7.82,-76.28,0.0051,6313.5,6.314,187.44,2.362,82.22,accel,-0.0005,-0.0486,0.0086,0
12:53:06.954,5587.0,80,1535.02,1546307369,-0.007,-0.013,0.007,84.96,77.74,2019-01-01 07:19:29+05:30,1.0,840.0,2,2.5,0.694,1953.06,1.9531,19.19,0.016,-25.37,-52.71,0.0108,6604.8,6.605,189.27,2.385,82.19,accel,0.0078,-0.0101,0.0042,0
12:53:07.953,5588.0,80,1609.08,1546307370,0.04,0.047,-0.01,87.25,77.68,2019-01-01 07:19:30+05:30,1.0,841.0,2,-0.5,-0.139,1975.28,1.9753,20.11,0.063,39.78,48.74,0.0098,6777.6,6.778,191.16,2.41,82.17,cruise,0.0222,0.0422,-0.0035,0
12:53:08.954,5589.0,79,1656.92,1546307371,-0.01,0.047,0.007,81.63,77.79,2019-01-01 07:19:31+05:30,1.0,842.0,2,-0.5,-0.139,1997.22,1.9972,20.97,0.049,-11.88,75.44,0.0098,6350.0,6.35,192.92,2.432,82.14,cruise,0.004,0.0495,-0.0002,0
12:53:09.954,5590.0,79,1674.14,1546307372,-0.01,0.023,-0.01,80.13,77.81,2019-01-01 07:19:32+05:30,1.0,843.0,2,-0.5,-0.139,2019.17,2.0192,21.19,0.027,-21.74,58.41,0.0123,6234.9,6.235,194.65,2.455,82.11,cruise,-0.0206,0.0203,-0.0026,0
12:53:10.953,5591.0,78,1662.02,1546307373,-0.01,0.007,-0.017,79.0,77.83,2019-01-01 07:19:33+05:30,1.0,844.0,2,-0.5,-0.139,2040.83,2.0408,21.31,0.021,-28.54,19.54,0.0214,6148.6,6.149,196.36,2.477,82.09,cruise,0.0006,0.0131,-0.026,0
12:53:11.954,5592.0,78,1624.1,1546307374,0.053,0.043,-0.05,83.24,77.73,2019-01-01 07:19:34+05:30,1.0,845.0,2,0.0,0.0,2062.5,2.0625,20.82,0.085,38.79,30.55,0.0191,6470.2,6.47,198.16,2.5,82.06,cruise,0.0451,0.037,-0.042,0
12:53:12.954,5593.0,78,1562.44,1546307375,0.047,0.05,-0.017,82.76,77.74,2019-01-01 07:19:35+05:30,1.0,846.0,2,-0.5,-0.139,2084.17,2.0842,20.03,0.071,41.67,45.01,0.0386,6433.8,6.434,199.94,2.523,82.03,cruise,0.0484,0.0499,-0.0193,0
12:53:13.953,5594.0,77,1488.66,1546307376,0.01,0.02,0.027,78.8,77.81,2019-01-01 07:19:36+05:30,1.0,847.0,2,-2.5,-0.694,2105.56,2.1056,19.33,0.035,16.57,34.78,0.047,6131.4,6.131,201.65,2.545,82.01,decel,0.0115,0.028,0.0248,0
12:53:14.954,5595.0,73,1414.66,1546307377,-0.013,-0.007,0.077,74.0,77.9,2019-01-01 07:19:37+05:30,1.0,848.0,2,-4.0,-1.111,2125.83,2.1258,19.38,0.078,-9.54,-5.12,0.0742,5764.6,5.765,203.25,2.565,81.98,decel,-0.0112,-0.0205,0.0775,0
12:53:15.954,5596.0,69,1328.44,1546307378,0.003,-0.087,0.173,70.24,77.97,2019-01-01 07:19:38+05:30,1.0,849.0,2,-4.5,-1.25,2145.0,2.145,19.25,0.194,0.89,-26.69,0.1051,5476.6,5.477,204.77,2.585,81.96,decel,-0.0028,-0.0719,0.1734,0
12:53:16.953,5597.0,64,1234.46,1546307379,0.003,-0.08,0.287,65.24,78.06,2019-01-01 07:19:39+05:30,1.0,850.0,2,-5.0,-1.389,2162.78,2.1628,19.29,0.298,0.58,-15.57,0.0783,5092.6,5.093,206.19,2.603,81.94,decel,0.011,-0.0944,0.2943,0
12:53:17.954,5598.0,59,1134.8,1546307380,0.027,-0.093,0.323,62.16,78.12,2019-01-01 07:19:40+05:30,1.0,851.0,2,-5.0,-1.389,2179.17,2.1792,19.23,0.337,4.59,-16.01,0.1294,4855.9,4.856,207.53,2.62,81.92,decel,0.0177,-0.0787,0.306,0
12:53:18.954,5599.0,54,1037.26,1546307381,0.02,-0.037,0.083,56.6,78.22,2019-01-01 07:19:41+05:30,1.0,852.0,2,-5.5,-1.528,2194.17,2.1942,19.21,0.093,12.41,-23.43,0.2516,4427.3,4.427,208.76,2.636,81.9,decel,0.0295,-0.0509,0.1053,0
12:53:19.954,5600.0,48,934.96,1546307382,0.06,-0.043,-0.18,53.8,78.27,2019-01-01 07:19:42+05:30,1.0,853.0,2,-5.0,-1.389,2207.5,2.2075,19.48,0.195,17.96,-12.77,0.263,4210.9,4.211,209.93,2.651,81.88,decel,0.053,-0.0323,-0.2098,0
12:53:20.954,5601.0,44,857.02,1546307383,0.073,-0.01,-0.443,50.84,78.33,2019-01-01 07:19:43+05:30,1.0,854.0,2,-3.0,-0.833,2219.72,2.2197,19.48,0.449,9.36,-1.28,0.1325,3982.3,3.982,211.04,2.665,81.86,decel,0.0759,-0.0162,-0.4072,0
12:53:21.954,5602.0,42,809.34,1546307384,0.083,-0.0,-0.34,49.64,78.35,2019-01-01 07:19:44+05:30,1.0,855.0,2,-1.5,-0.417,2231.39,2.2314,19.27,0.35,13.72,-0.0,0.103,3889.3,3.889,212.12,2.679,81.85,decel,0.0839,0.0037,-0.3704,0
12:53:22.954,5603.0,41,792.14,1546307385,0.077,0.023,-0.237,48.16,78.37,2019-01-01 07:19:45+05:30,1.0,856.0,2,-0.5,-0.139,2242.78,2.2428,19.32,0.25,17.92,5.27,0.1204,3774.3,3.774,213.17,2.692,81.83,cruise,0.0739,0.0193,-0.215,0
12:53:23.953,5604.0,41,804.06,1546307386,0.05,0.02,-0.1,47.4,78.38,2019-01-01 07:19:46+05:30,1.0,857.0,2,1.5,0.417,2254.17,2.2542,19.61,0.114,26.12,10.14,0.0734,3715.2,3.715,214.2,2.705,81.82,accel,0.0532,0.0249,-0.1178,0
12:53:24.954,5605.0,44,848.34,1546307387,0.037,0.03,-0.123,50.49,78.32,2019-01-01 07:19:47+05:30,1.0,858.0,2,3.0,0.833,2266.39,2.2664,19.28,0.132,16.29,13.15,0.0133,3954.4,3.954,215.3,2.719,81.8,accel,0.0354,0.0241,-0.1123,0
12:53:25.954,5606.0,47,905.28,1546307388,0.03,0.017,-0.123,53.1,78.26,2019-01-01 07:19:48+05:30,1.0,859.0,2,2.5,0.694,2279.44,2.2794,19.26,0.128,13.58,7.65,0.0017,4155.6,4.156,216.45,2.734,81.78,accel,0.0291,0.0226,-0.1234,0
12:53:26.953,5607.0,49,956.3,1546307389,0.027,0.023,-0.12,54.12,78.23,2019-01-01 07:19:49+05:30,1.0,860.0,2,2.0,0.556,2293.06,2.2931,19.52,0.125,12.46,10.59,0.0165,4233.8,4.234,217.63,2.749,81.77,accel,0.0305,0.0194,-0.1239,0
12:53:27.954,5608.0,51,983.52,1546307390,0.033,0.003,-0.15,55.32,78.21,2019-01-01 07:19:50+05:30,1.0,861.0,2,1.0,0.278,2307.22,2.3072,19.28,0.154,12.41,1.12,0.0415,4326.6,4.327,218.83,2.764,81.75,accel,0.0279,0.0048,-0.1493,0
12:53:28.954,5609.0,51,983.56,1546307391,0.013,-0.017,-0.202,53.04,78.25,2019-01-01 07:19:51+05:30,1.0,862.0,2,-1.0,-0.278,2321.39,2.3214,19.29,0.203,3.67,-4.8,0.0429,4150.4,4.15,219.98,2.779,81.73,decel,0.0174,-0.0194,-0.1994,0
12:53:29.954,5610.0,49,952.56,1546307392,0.01,-0.037,-0.235,50.8,78.29,2019-01-01 07:19:52+05:30,1.0,863.0,2,-2.0,-0.556,2335.0,2.335,19.44,0.238,2.41,-8.94,0.0281,3977.1,3.977,221.09,2.793,81.71,decel,0.0081,-0.0326,-0.2374,0
12:53:30.954,5611.0,47,917.34,1546307393,0.007,-0.023,-0.258,48.56,78.33,2019-01-01 07:19:53+05:30,1.0,864.0,2,-1.5,-0.417,2348.06,2.3481,19.52,0.259,1.55,-5.09,0.0165,3803.7,3.804,222.15,2.807,81.7,decel,0.0065,-0.0284,-0.2556,0
12:53:31.954,5612.0,46,896.7,1546307394,0.007,-0.033,-0.267,47.56,78.34,2019-01-01 07:19:54+05:30,1.0,865.0,2,-0.5,-0.139,2360.83,2.3608,19.49,0.269,1.49,-7.04,0.0352,3725.9,3.726,223.18,2.82,81.68,cruise,0.0093,-0.0268,-0.273,0
12:53:32.953,5613.0,46,887.08,1546307395,0.017,-0.03,-0.323,48.36,78.32,2019-01-01 07:19:55+05:30,1.0,866.0,2,0.0,0.0,2373.61,2.3736,19.28,0.325,3.0,-5.3,0.0516,3787.6,3.788,224.23,2.833,81.67,cruise,0.0138,-0.0384,-0.3105,0
12:53:33.954,5614.0,46,883.0,1546307396,0.023,-0.053,-0.37,48.84,78.31,2019-01-01 07:19:56+05:30,1.0,867.0,2,-0.5,-0.139,2386.39,2.3864,19.2,0.374,3.52,-8.14,0.0861,3824.7,3.825,225.29,2.847,81.65,cruise,0.025,-0.043,-0.3871,0
12:53:34.954,5615.0,45,872.1,1546307397,0.037,-0.017,-0.49,48.96,78.3,2019-01-01 07:19:57+05:30,1.0,868.0,2,-1.5,-0.417,2398.89,2.3989,19.38,0.492,4.32,-1.98,0.062,3833.6,3.834,226.36,2.86,81.63,decel,0.039,-0.0257,-0.4744,0
12:53:35.953,5616.0,43,823.74,1546307398,0.04,-0.013,-0.457,47.2,78.33,2019-01-01 07:19:58+05:30,1.0,869.0,2,-3.0,-0.833,2410.83,2.4108,19.16,0.459,5.0,-1.62,0.0941,3697.2,3.697,227.39,2.874,81.62,decel,0.0341,-0.0057,-0.4701,0
12:53:36.954,5617.0,39,760.04,1546307399,-0.007,0.007,-0.313,40.0,78.47,2019-01-01 07:19:59+05:30,1.0,870.0,2,-3.0,-0.833,2421.67,2.4217,19.49,0.313,-1.28,1.28,0.2227,3138.8,3.139,228.26,2.885,81.61,decel,0.0001,-0.0014,-0.2994,0
12:53:37.954,5618.0,37,721.32,1546307400,-0.033,-0.007,-0.02,38.0,78.51,2019-01-01 07:20:00+05:30,1.0,871.0,2,-1.0,-0.278,2431.94,2.4319,19.5,0.039,-57.3,-10.28,0.2419,2983.4,2.983,229.09,2.895,81.59,decel,-0.0395,0.0029,-0.0311,0
12:53:38.954,5619.0,37,713.4,1546307401,-0.063,0.033,0.167,38.74,78.49,2019-01-01 07:20:01+05:30,1.0,872.0,2,1.0,0.278,2442.22,2.4422,19.28,0.182,-20.31,10.47,0.1272,3040.7,3.041,229.93,2.906,81.58,accel,-0.0571,0.0241,0.173,0
12:53:39.954,5620.0,39,750.72,1546307402,-0.048,0.043,0.223,43.21,78.4,2019-01-01 07:20:02+05:30,1.0,873.0,2,3.0,0.833,2453.06,2.4531,19.25,0.232,-11.93,10.68,0.0454,3387.7,3.388,230.87,2.918,81.57,accel,-0.0525,0.05,0.218,0
12:53:40.954,5621.0,43,841.68,1546307403,-0.043,0.067,0.133,48.99,78.28,2019-01-01 07:20:03+05:30,1.0,874.0,2,5.0,1.389,2465.0,2.465,19.57,0.155,-16.11,25.61,0.085,3834.9,3.835,231.94,2.932,81.55,accel,-0.0403,0.0602,0.1404,0
12:53:41.954,5622.0,49,950.14,1546307404,-0.017,0.037,0.053,55.21,78.15,2019-01-01 07:20:04+05:30,1.0,875.0,2,5.5,1.528,2478.61,2.4786,19.39,0.067,-14.74,33.61,0.067,4314.7,4.315,233.14,2.947,81.53,accel,-0.0205,0.0459,0.0424,0
12:53:42.954,5623.0,54,1050.08,1546307405,0.004,0.023,0.0,60.16,78.04,2019-01-01 07:20:05+05:30,1.0,876.0,2,5.0,1.389,2493.61,2.4936,19.45,0.023,9.87,80.13,0.0452,4694.9,4.695,234.44,2.964,81.51,accel,0.0119,0.0113,0.0131,0
12:53:43.954,5624.0,59,1143.56,1546307406,0.057,-0.027,0.09,64.56,77.95,2019-01-01 07:20:06+05:30,1.0,877.0,2,-27.0,-7.5,2510.0,2.51,19.38,0.11,31.24,-14.22,0.0755,5032.5,5.032,235.84,2.982,81.49,decel,0.0444,-0.0157,0.076,0
12:53:49.680,1.0,0,0.0,1546307412,0.053,0.003,0.15,5.24,79.13,2019-01-01 07:20:12+05:30,5.0,882.0,2,-23.5,-6.528,2510.0,2.51,,0.159,19.46,1.08,0.0551,414.6,0.415,236.41,2.989,81.48,idle,0.0674,-0.0045,0.1658,1
12:53:50.680,2.0,12,232.24,1546307413,0.103,0.027,0.2,33.33,78.57,2019-01-01 07:20:13+05:30,1.0,883.0,2,12.5,3.472,2513.33,2.5133,19.35,0.227,27.04,6.84,0.0551,2618.7,2.619,237.14,2.998,81.47,accel,0.0881,0.0318,0.1828,0
12:53:51.679,3.0,25,483.58,1546307414,0.077,0.057,0.09,45.08,78.33,2019-01-01 07:20:14+05:30,1.0,884.0,2,13.5,3.75,2520.28,2.5203,19.34,0.131,35.86,25.7,0.0945,3531.1,3.531,238.12,3.011,81.46,accel,0.0963,0.0518,0.1029,0
12:53:52.679,4.0,39,748.9,1546307415,0.103,0.033,0.012,61.77,77.99,2019-01-01 07:20:15+05:30,1.0,885.0,2,14.0,3.889,2531.11,2.5311,19.2,0.109,71.18,17.65,0.0631,4817.4,4.817,239.46,3.028,81.44,accel,0.0755,0.0386,0.0056,0
12:53:53.680,5.0,53,1024.68,1546307416,0.027,0.007,-0.035,70.26,77.81,2019-01-01 07:20:16+05:30,1.0,886.0,2,14.5,4.028,2545.83,2.5458,19.33,0.045,37.11,9.0,0.0238,5466.9,5.467,240.98,3.047,81.41,accel,0.059,0.0028,-0.0318,0
12:53:54.679,6.0,68,1312.84,1546307417,0.117,-0.04,-0.018,87.37,77.46,2019-01-01 07:20:17+05:30,1.0,887.0,2,9.5,2.639,2564.72,2.5647,19.31,0.125,69.45,-18.67,0.016,6767.7,6.768,242.86,3.072,81.39,accel,0.0865,-0.0382,-0.0186,0
12:53:55.679,7.0,72,1384.96,1546307418,0.08,-0.057,-0.003,82.44,77.56,2019-01-01 07:20:18+05:30,1.0,888.0,2,3.0,0.833,2584.72,2.5847,19.24,0.098,54.49,-35.45,0.0076,6394.0,6.394,244.64,3.095,81.36,accel,0.1116,-0.0581,-0.0061,0
12:53:56.679,8.0,74,1434.5,1546307419,0.103,-0.043,-0.013,85.61,77.48,2019-01-01 07:20:19+05:30,1.0,889.0,2,2.5,0.694,2605.28,2.6053,19.39,0.112,66.44,-22.5,0.0058,6633.1,6.633,246.48,3.118,81.33,accel,0.0656,-0.04,-0.0091,0
12:53:57.679,9.0,77,1479.58,1546307420,-0.05,-0.0,-0.013,80.04,77.59,2019-01-01 07:20:20+05:30,1.0,890.0,2,2.5,0.694,2626.67,2.6267,19.22,0.052,-75.43,-0.0,0.004,6210.3,6.21,248.2,3.141,81.31,accel,-0.0131,-0.0042,-0.0137,0
12:53:58.679,10.0,79,1516.18,1546307421,-0.01,0.013,-0.02,81.38,77.55,2019-01-01 07:20:21+05:30,1.0,891.0,2,1.5,0.417,2648.61,2.6486,19.19,0.026,-22.74,30.17,0.018,6311.0,6.311,249.96,3.163,81.28,accel,-0.0361,0.0155,-0.0226,0
12:53:59.679,11.0,80,1534.7,1546307422,-0.027,0.013,-0.047,81.16,77.55,2019-01-01 07:20:22+05:30,1.0,892.0,2,0.0,0.0,2670.83,2.6708,19.18,0.056,-28.97,13.49,0.0191,6294.0,6.294,251.7,3.186,81.25,cruise,-0.0111,0.0128,-0.0438,0
12:54:00.679,12.0,79,1522.6,1546307423,0.01,0.003,-0.057,80.8,77.55,2019-01-01 07:20:23+05:30,1.0,893.0,2,-1.0,-0.278,2692.78,2.6928,19.27,0.058,9.94,2.97,0.0081,6266.0,6.266,253.45,3.208,81.23,decel,-0.0027,0.0025,-0.0603,0
12:54:01.679,13.0,78,1499.98,1546307424,-0.027,-0.0,-0.063,79.0,77.58,2019-01-01 07:20:24+05:30,1.0,894.0,2,-1.5,-0.417,2714.44,2.7144,19.23,0.069,-23.2,-0.0,0.0081,6128.8,6.129,255.15,3.23,81.2,decel,-0.0158,-0.0008,-0.058,0
12:54:02.680,14.0,76,1462.86,1546307425,-0.013,0.01,-0.047,77.0,77.61,2019-01-01 07:20:25+05:30,1.0,895.0,2,-2.0,-0.556,2735.56,2.7356,19.25,0.05,-15.14,11.59,0.0092,5976.0,5.976,256.81,3.251,81.17,decel,-0.0197,0.0124,-0.0531,0
12:54:03.679,15.0,74,1430.1,1546307426,-0.02,0.037,-0.063,75.0,77.65,2019-01-01 07:20:26+05:30,1.0,896.0,2,-1.5,-0.417,2756.11,2.7561,19.33,0.076,-15.31,29.24,0.0081,5823.8,5.824,258.43,3.272,81.15,decel,-0.0178,0.0349,-0.0588,0
12:54:04.679,16.0,73,1408.62,1546307427,-0.024,0.044,-0.053,74.0,77.66,2019-01-01 07:20:27+05:30,1.0,897.0,2,-37.0,-10.278,2776.39,2.7764,19.3,0.073,-19.21,37.1,0.0153,5746.8,5.747,260.02,3.293,81.13,decel,-0.025,0.0443,-0.0553,0
12:54:16.057,4096867422.0,0,0.0,1546307431,-0.032,0.033,-0.033,1.0,79.12,2019-01-01 07:20:31+05:30,4.0,901.0,2,-36.5,-10.139,2776.39,2.7764,,0.057,-34.44,35.67,0.0268,79.1,0.079,260.11,3.294,81.12,idle,-0.0306,0.0335,-0.0296,1
12:54:17.057,1059994827.0,0,0.0,1546307434,-0.023,0.017,0.0,1.0,79.12,2019-01-01 07:20:34+05:30,3.0,904.0,2,0.0,0.0,2776.39,2.7764,,0.029,-53.53,36.47,0.0191,79.1,0.079,260.18,3.295,81.12,idle,-0.0239,0.017,-0.0049,1
12:54:18.057,3019718040.0,0,0.0,1546307438,-0.015,0.006,-0.0,1.0,79.12,2019-01-01 07:20:38+05:30,4.0,908.0,2,0.0,0.0,2776.39,2.7764,,0.016,-68.2,21.8,0.0,79.1,0.079,260.26,3.296,81.12,idle,-0.0148,0.0058,0.0024,1
12:54:19.057,1087093923.0,0,0.0,1546307442,-0.007,-0.002,0.0,1.0,79.12,2019-01-01 07:20:42+05:30,4.0,912.0,2,0.0,0.0,2776.39,2.7764,,0.007,-74.05,-15.95,0.0133,79.1,0.079,260.35,3.297,81.12,idle,-0.0084,-0.0019,0.0018,1
12:54:20.057,320191819.0,0,0.0,1546307445,0.002,-0.005,-0.023,1.0,79.12,2019-01-01 07:20:45+05:30,3.0,915.0,2,32.5,9.028,2776.39,2.7764,,0.024,4.86,-12.22,0.0677,79.1,0.079,260.42,3.298,81.12,idle,0.0056,-0.0055,-0.0252,1
12:54:27.220,12.0,65,1261.78,1546307449,0.031,0.002,-0.127,98.36,77.16,2019-01-01 07:20:49+05:30,4.0,919.0,2,31.0,8.611,2848.61,2.8486,19.41,0.131,13.72,0.88,0.1309,7589.5,7.589,268.85,3.407,80.99,accel,0.0264,0.0025,-0.1265,0
12:54:28.219,13.0,62,1195.3,1546307450,0.027,0.017,-0.283,65.16,77.82,2019-01-01 07:20:50+05:30,1.0,920.0,2,-3.5,-0.972,2865.83,2.8658,19.28,0.285,5.44,3.42,0.1384,5070.8,5.071,270.26,3.425,80.97,decel,0.0318,0.0179,-0.2855,0
12:54:29.220,14.0,58,1113.82,1546307451,0.017,0.023,-0.403,60.36,77.91,2019-01-01 07:20:51+05:30,1.0,921.0,2,-4.0,-1.111,2881.94,2.8819,19.2,0.404,2.41,3.26,0.0659,4702.6,4.703,271.56,3.442,80.95,decel,0.0121,0.0211,-0.3984,0
12:54:30.219,15.0,54,1046.26,1546307452,-0.007,0.01,-0.39,55.0,78.01,2019-01-01 07:20:52+05:30,1.0,922.0,2,-2.5,-0.694,2896.94,2.8969,19.38,0.39,-1.03,1.47,0.0578,4290.6,4.291,272.76,3.457,80.93,decel,-0.0041,0.0098,-0.3912,0
12:54:31.219,16.0,53,1017.46,1546307453,0.017,0.003,-0.297,55.36,78.0,2019-01-01 07:20:53+05:30,1.0,923.0,2,-1.0,-0.278,2911.67,2.9117,19.2,0.298,3.28,0.58,0.09,4318.1,4.318,273.96,3.473,80.91,decel,0.0179,0.0063,-0.3003,0
12:54:32.220,17.0,52,1013.66,1546307454,0.063,0.017,-0.21,58.5,77.93,2019-01-01 07:20:54+05:30,1.0,924.0,2,0.5,0.139,2926.11,2.9261,19.49,0.22,16.65,4.43,0.0641,4558.9,4.559,275.22,3.489,80.9,cruise,0.0612,0.0139,-0.2078,0
12:54:33.219,18.0,54,1035.9,1546307455,0.073,0.01,-0.172,62.67,77.84,2019-01-01 07:20:55+05:30,1.0,925.0,2,2.0,0.556,2941.11,2.9411,19.18,0.187,22.96,3.06,0.0282,4878.2,4.878,276.58,3.506,80.87,accel,0.0723,0.0095,-0.1665,0
12:54:34.220,19.0,56,1086.98,1546307456,0.033,-0.013,-0.155,62.75,77.84,2019-01-01 07:20:56+05:30,1.0,926.0,2,3.0,0.833,2956.67,2.9567,19.41,0.159,11.98,-4.69,0.0123,4884.5,4.884,277.93,3.524,80.85,accel,0.0353,-0.0098,-0.1704,0
12:54:35.219,20.0,60,1160.18,1546307457,-0.01,-0.02,-0.148,64.6,77.79,2019-01-01 07:20:57+05:30,1.0,927.0,2,4.0,1.111,2973.33,2.9733,19.34,0.15,-3.83,-7.68,0.1123,5025.2,5.025,279.33,3.542,80.83,accel,-0.0134,-0.0235,-0.1313,0
12:54:36.220,21.0,64,1231.1,1546307458,-0.05,-0.03,0.043,65.0,77.78,2019-01-01 07:20:58+05:30,1.0,928.0,2,-8.0,-2.222,2991.11,2.9911,19.24,0.072,-43.64,-24.46,0.2006,5055.7,5.056,280.73,3.56,80.81,decel,-0.0437,-0.0259,0.0352,0
12:54:55.220,40.0,44,859.24,1546307477,-0.05,-0.017,0.253,45.0,78.18,2019-01-01 07:21:17+05:30,5.0,933.0,2,-11.0,-3.056,3052.22,3.0522,19.53,0.258,-11.15,-3.77,0.1613,3518.1,3.518,285.62,3.622,80.74,decel,-0.0589,-0.0235,0.2551,0
12:54:56.219,41.0,42,822.16,1546307478,-0.067,-0.02,0.36,43.0,78.21,2019-01-01 07:21:18+05:30,1.0,934.0,2,-0.5,-0.139,3063.89,3.0639,19.58,0.367,-10.53,-3.13,0.0536,3363.0,3.363,286.56,3.634,80.72,cruise,-0.06,-0.0106,0.3586,0
12:54:57.219,42.0,43,828.5,1546307479,-0.037,0.03,0.313,45.21,78.16,2019-01-01 07:21:19+05:30,1.0,935.0,2,1.5,0.417,3075.83,3.0758,19.27,0.317,-6.71,5.44,0.0751,3533.6,3.534,287.54,3.647,80.71,accel,-0.0375,0.0185,0.308,0
12:54:58.220,43.0,45,870.62,1546307480,0.0,0.033,0.213,49.01,78.08,2019-01-01 07:21:20+05:30,1.0,936.0,2,3.0,0.833,3088.33,3.0883,19.35,0.216,0.0,8.81,0.0608,3826.7,3.827,288.6,3.66,80.69,accel,-0.006,0.0472,0.226,0
12:54:59.219,44.0,49,948.9,1546307481,-0.003,0.067,0.203,54.83,77.96,2019-01-01 07:21:21+05:30,1.0,937.0,2,5.0,1.389,3101.94,3.1019,19.37,0.214,-0.8,18.26,0.0242,4274.5,4.275,289.79,3.676,80.68,accel,0.0067,0.0491,0.193,0
12:55:00.219,45.0,55,1063.72,1546307482,0.007,-0.003,0.167,62.71,77.8,2019-01-01 07:21:22+05:30,1.0,938.0,2,6.5,1.806,3117.22,3.1172,19.34,0.167,2.4,-1.03,0.0561,4878.8,4.879,291.14,3.693,80.66,accel,-0.0046,0.0186,0.1655,0
12:55:01.220,46.0,62,1194.76,1546307483,-0.04,0.007,0.093,69.05,77.66,2019-01-01 07:21:23+05:30,1.0,939.0,2,6.5,1.806,3134.44,3.1344,19.27,0.101,-23.21,3.96,0.0592,5362.4,5.362,292.63,3.712,80.63,accel,-0.0265,-0.0181,0.1035,0
12:55:02.219,47.0,68,1305.58,1546307484,-0.027,-0.053,0.05,74.11,77.56,2019-01-01 07:21:24+05:30,1.0,940.0,2,5.5,1.528,3153.33,3.1533,19.2,0.078,-20.33,-43.01,0.0517,5748.0,5.748,294.23,3.733,80.61,accel,-0.0421,-0.0264,0.0366,0
12:55:03.219,48.0,73,1399.24,1546307485,-0.047,0.02,-0.01,78.44,77.46,2019-01-01 07:21:25+05:30,1.0,941.0,2,4.5,1.25,3173.61,3.1736,19.17,0.052,-64.56,22.6,0.0309,6076.0,6.076,295.92,3.755,80.58,accel,-0.0325,-0.003,0.0018,0
12:55:04.220,49.0,77,1483.18,1546307486,0.013,0.007,0.007,82.99,77.36,2019-01-01 07:21:26+05:30,1.0,942.0,2,-17.5,-4.861,3195.0,3.195,19.26,0.016,52.71,25.37,0.0089,6420.1,6.42,297.7,3.778,80.56,decel,0.0023,0.0225,0.0002,0
12:55:05.219,50.0,38,1557.06,1546307487,0.023,0.043,0.003,40.84,78.2,2019-01-01 07:21:27+05:30,1.0,943.0,2,-38.5,-10.694,3205.56,3.2056,40.98,0.049,28.08,61.66,0.005,3193.7,3.194,298.59,3.789,80.54,decel,0.0297,0.0344,0.0046,0
12:55:14.630,1.0,0,0.0,1546307496,0.03,0.037,-0.003,1.0,79.0,2019-01-01 07:21:36+05:30,5.0,948.0,2,-10.0,-2.778,3205.56,3.2056,,0.048,38.94,50.82,0.005,79.0,0.079,298.7,3.79,80.54,idle,0.0244,0.0403,-0.0025,1
12:55:15.630,2.0,18,359.94,1546307497,-0.003,0.033,-0.007,36.74,78.28,2019-01-01 07:21:37+05:30,1.0,949.0,2,18.5,5.139,3210.56,3.2106,20.0,0.034,-5.08,77.0,0.0035,2876.0,2.876,299.5,3.801,80.53,accel,0.0027,0.0358,-0.0082,0
12:55:16.630,3.0,37,709.76,1546307498,0.0,0.017,-0.01,55.19,77.91,2019-01-01 07:21:38+05:30,1.0,950.0,2,18.0,5.0,3220.83,3.2208,19.18,0.02,0.0,59.53,0.0035,4299.9,4.3,300.69,3.816,80.51,accel,-0.005,0.0076,-0.0065,0
12:55:17.630,4.0,54,1047.66,1546307499,0.0,-0.04,-0.003,71.45,77.58,2019-01-01 07:21:39+05:30,1.0,951.0,2,17.0,4.722,3235.83,3.2358,19.4,0.04,0.0,-85.71,0.0174,5543.1,5.543,302.23,3.836,80.49,accel,0.0041,-0.027,-0.0072,0
12:55:18.630,5.0,71,1367.9,1546307500,0.01,-0.02,0.023,88.18,77.23,2019-01-01 07:21:40+05:30,1.0,952.0,2,9.5,2.639,3255.56,3.2556,19.27,0.032,18.16,-38.57,0.0408,6810.1,6.81,304.12,3.86,80.46,accel,0.0077,-0.0336,0.0182,0
12:55:19.630,6.0,73,1663.06,1546307501,-0.003,-0.033,0.077,79.3,77.4,2019-01-01 07:21:41+05:30,1.0,953.0,2,2.0,0.556,3275.83,3.2758,22.78,0.084,-2.05,-23.18,0.076,6137.8,6.138,305.83,3.882,80.43,accel,-0.0044,-0.0175,0.0981,0
12:55:20.630,7.0,75,1579.8,1546307502,-0.017,0.003,0.173,76.0,77.46,2019-01-01 07:21:42+05:30,1.0,954.0,2,2.0,0.556,3296.67,3.2967,21.06,0.174,-5.61,0.99,0.0742,5887.0,5.887,307.46,3.903,80.41,accel,-0.0129,-0.0157,0.145,0
12:55:21.630,8.0,77,1477.1,1546307503,0.0,-0.053,0.027,78.0,77.42,2019-01-01 07:21:43+05:30,1.0,955.0,2,-37.5,-10.417,3318.06,3.3181,19.18,0.059,0.0,-63.0,0.1351,6038.8,6.039,309.14,3.925,80.38,decel,-0.0032,-0.0342,0.048,0
12:55:27.157,1.0,0,0.0,1546307509,0.007,-0.027,-0.097,1.0,78.96,2019-01-01 07:21:49+05:30,5.0,960.0,2,-32.5,-9.028,3318.06,3.3181,,0.101,3.98,-15.52,0.0982,79.0,0.079,309.25,3.926,80.38,idle,0.0081,-0.0418,-0.1134,1
12:55:28.157,2.0,12,241.72,1546307510,0.007,-0.033,-0.167,26.12,78.45,2019-01-01 07:21:50+05:30,1.0,961.0,2,13.0,3.611,3321.39,3.3214,20.14,0.17,2.35,-11.17,0.0513,2049.1,2.049,309.82,3.934,80.37,accel,0.0061,-0.0237,-0.1513,0
12:55:29.157,3.0,26,502.36,1546307511,0.003,-0.0,-0.067,39.9,78.17,2019-01-01 07:21:51+05:30,1.0,962.0,2,13.5,3.75,3328.61,3.3286,19.32,0.067,2.56,-0.0,0.0622,3119.0,3.119,310.68,3.945,80.36,accel,0.0044,-0.0028,-0.0699,0
12:55:30.157,4.0,39,747.96,1546307512,0.013,-0.007,-0.053,52.8,77.91,2019-01-01 07:21:52+05:30,1.0,963.0,2,12.0,3.333,3339.44,3.3394,19.18,0.055,13.67,-7.31,0.1024,4113.6,4.114,311.83,3.959,80.34,accel,0.0136,-0.0104,-0.0688,0
12:55:31.156,5.0,50,972.66,1546307513,0.03,-0.05,-0.237,64.03,77.68,2019-01-01 07:21:53+05:30,1.0,964.0,2,11.0,3.056,3353.33,3.3533,19.45,0.244,7.06,-11.82,0.1467,4973.9,4.974,313.21,3.977,80.32,accel,0.0255,-0.0433,-0.2181,0
12:55:32.157,6.0,61,1173.0,1546307514,0.027,-0.053,-0.343,67.82,77.6,2019-01-01 07:21:54+05:30,1.0,965.0,2,4.0,1.111,3370.28,3.3703,19.23,0.348,4.45,-8.76,0.0643,5262.8,5.263,314.67,3.996,80.3,accel,0.0336,-0.0608,-0.3537,0
12:55:33.156,7.0,58,1118.86,1546307515,0.033,-0.043,-0.353,61.64,77.71,2019-01-01 07:21:55+05:30,1.0,966.0,2,-3.0,-0.833,3386.39,3.3864,19.29,0.357,5.3,-6.92,0.0379,4790.0,4.79,316.0,4.013,80.28,decel,0.0294,-0.0349,-0.3474,0
12:55:34.156,8.0,55,1067.48,1546307516,0.007,0.013,-0.283,56.56,77.81,2019-01-01 07:21:56+05:30,1.0,967.0,2,-2.0,-0.556,3401.67,3.4017,19.41,0.283,1.42,2.63,0.0379,4400.9,4.401,317.22,4.029,80.26,decel,0.0047,0.0079,-0.2826,0
12:55:35.157,9.0,54,1037.16,1546307517,-0.017,0.023,-0.293,55.0,77.84,2019-01-01 07:21:57+05:30,1.0,968.0,2,-1.5,-0.417,3416.67,3.4167,19.21,0.294,-3.31,4.48,0.0781,4281.2,4.281,318.41,4.044,80.24,decel,-0.0126,0.0219,-0.3032,0
12:55:36.156,10.0,52,1014.84,1546307518,0.017,-0.0,-0.423,54.36,77.85,2019-01-01 07:21:58+05:30,1.0,969.0,2,-1.0,-0.278,3431.11,3.4311,19.52,0.423,2.3,-0.0,0.0839,4231.9,4.232,319.59,4.059,80.22,decel,0.0165,0.005,-0.4083,0
12:55:37.157,11.0,52,1003.74,1546307519,0.073,-0.01,-0.45,58.84,77.75,2019-01-01 07:21:59+05:30,1.0,970.0,2,-1.5,-0.417,3445.56,3.4456,19.3,0.456,9.21,-1.26,0.0391,4574.8,4.575,320.86,4.076,80.21,decel,0.0692,-0.0145,-0.4631,0
12:55:38.157,12.0,49,949.48,1546307520,0.077,-0.033,-0.373,56.16,77.8,2019-01-01 07:22:00+05:30,1.0,971.0,2,-3.0,-0.833,3459.17,3.4592,19.38,0.382,11.62,-4.95,0.171,4369.2,4.369,322.07,4.091,80.19,decel,0.084,-0.0296,-0.3622,0
12:55:39.156,13.0,46,896.16,1546307521,0.06,-0.037,-0.123,51.8,77.88,2019-01-01 07:22:01+05:30,1.0,972.0,2,-2.0,-0.556,3471.94,3.4719,19.48,0.142,25.04,-15.13,0.2381,4034.2,4.034,323.19,4.106,80.17,decel,0.0478,-0.0416,-0.1303,0
12:55:40.157,14.0,45,866.6,1546307522,-0.013,-0.04,0.103,46.0,77.99,2019-01-01 07:22:02+05:30,1.0,973.0,2,-0.5,-0.139,3484.44,3.4844,19.26,0.111,-6.71,-21.07,0.1775,3587.5,3.588,324.19,4.118,80.15,cruise,0.0054,-0.0334,0.1075,0
12:55:41.156,15.0,45,874.72,1546307523,0.013,0.007,0.227,48.24,77.94,2019-01-01 07:22:03+05:30,1.0,974.0,2,1.0,0.278,3496.94,3.4969,19.44,0.227,3.28,1.76,0.0637,3759.8,3.76,325.23,4.132,80.14,accel,-0.008,0.0009,0.2241,0
12:55:42.157,16.0,47,914.6,1546307524,-0.017,0.03,0.19,51.82,77.87,2019-01-01 07:22:04+05:30,1.0,975.0,2,4.0,1.111,3510.0,3.51,19.46,0.193,-5.05,8.94,0.0725,4035.2,4.035,326.36,4.146,80.12,accel,0.0021,0.0339,0.1902,0
12:55:43.157,17.0,53,1027.72,1546307525,0.03,0.037,0.087,61.9,77.66,2019-01-01 07:22:05+05:30,1.0,976.0,2,6.0,1.667,3524.72,3.5247,19.39,0.099,17.61,21.9,0.1015,4807.2,4.807,327.69,4.163,80.1,accel,0.0158,0.035,0.0862,0
12:55:44.156,18.0,59,1134.5,1546307526,0.013,0.003,-0.013,65.97,77.57,2019-01-01 07:22:06+05:30,1.0,977.0,2,5.0,1.389,3541.11,3.5411,19.23,0.019,44.26,9.27,0.0709,5117.3,5.117,329.11,4.182,80.08,accel,0.0208,0.0037,-0.0038,0
12:55:45.157,19.0,63,1225.04,1546307527,0.02,-0.027,-0.05,69.42,77.5,2019-01-01 07:22:07+05:30,1.0,978.0,2,4.0,1.111,3558.61,3.5586,19.45,0.06,19.39,-26.63,0.0615,5380.0,5.38,330.61,4.201,80.06,accel,0.0176,-0.0284,-0.0689,0
12:55:46.156,20.0,67,1287.5,1546307528,0.01,-0.03,-0.133,71.07,77.46,2019-01-01 07:22:08+05:30,1.0,979.0,2,2.5,0.694,3577.22,3.5772,19.22,0.137,4.19,-12.68,0.0418,5505.1,5.505,332.14,4.221,80.03,accel,0.0101,-0.0264,-0.1113,0
12:55:47.157,21.0,68,1315.94,1546307529,0.0,0.01,-0.083,69.82,77.48,2019-01-01 07:22:09+05:30,1.0,980.0,2,0.5,0.139,3596.11,3.5961,19.35,0.084,0.0,6.87,0.0404,5409.7,5.41,333.64,4.24,80.01,cruise,-0.0004,0.0056,-0.1014,0
12:55:48.157,22.0,68,1320.1,1546307530,-0.007,0.023,-0.053,69.0,77.49,2019-01-01 07:22:10+05:30,1.0,981.0,2,-0.5,-0.139,3615.0,3.615,19.41,0.058,-6.91,23.28,0.0658,5346.8,5.347,335.12,4.259,79.99,cruise,-0.0061,0.0267,-0.0382,0
12:55:49.156,23.0,67,1292.48,1546307531,0.002,0.013,0.043,68.16,77.5,2019-01-01 07:22:11+05:30,1.0,982.0,2,-1.0,-0.278,3633.61,3.6336,19.29,0.045,2.55,16.8,0.0609,5282.4,5.282,336.59,4.278,79.97,decel,0.0017,0.0097,0.0311,0
12:55:50.157,24.0,66,1264.56,1546307532,0.015,-0.03,0.06,68.2,77.49,2019-01-01 07:22:12+05:30,1.0,983.0,2,-1.0,-0.278,3651.94,3.6519,19.16,0.069,12.6,-25.88,0.0098,5284.8,5.285,338.06,4.297,79.94,decel,0.015,-0.0277,0.0671,0
12:55:51.157,25.0,65,1253.18,1546307533,0.022,-0.047,0.06,67.9,77.49,2019-01-01 07:22:13+05:30,1.0,984.0,2,0.0,0.0,3670.0,3.67,19.28,0.079,16.1,-36.33,0.0214,5261.6,5.262,339.52,4.316,79.92,cruise,0.0215,-0.048,0.0602,0
12:55:52.157,26.0,66,1270.24,1546307534,0.023,-0.04,0.023,70.2,77.44,2019-01-01 07:22:14+05:30,1.0,985.0,2,1.5,0.417,3688.33,3.6883,19.25,0.052,26.49,-50.88,0.0543,5436.3,5.436,341.03,4.336,79.9,accel,0.023,-0.0381,0.0161,0
12:55:53.157,27.0,68,1307.78,1546307535,0.02,-0.01,-0.047,73.15,77.37,2019-01-01 07:22:15+05:30,1.0,986.0,2,2.5,0.694,3707.22,3.7072,19.23,0.052,22.6,-11.08,0.0446,5659.6,5.66,342.6,4.356,79.88,accel,0.0235,-0.0152,-0.038,0
12:55:54.156,28.0,71,1372.2,1546307536,0.03,-0.01,-0.06,77.24,77.28,2019-01-01 07:22:16+05:30,1.0,987.0,2,3.0,0.833,3726.94,3.7269,19.33,0.068,26.25,-8.48,0.0101,5969.1,5.969,344.26,4.377,79.85,accel,0.0209,-0.0008,-0.0662,0
12:55:55.157,29.0,74,1421.58,1546307537,0.01,0.007,-0.067,77.91,77.26,2019-01-01 07:22:17+05:30,1.0,988.0,2,2.5,0.694,3747.5,3.7475,19.21,0.068,8.44,5.9,0.0085,6019.3,6.019,345.93,4.399,79.82,accel,0.0238,-0.0051,-0.064,0
12:55:56.157,30.0,76,1456.52,1546307538,0.063,-0.033,-0.05,83.69,77.14,2019-01-01 07:22:18+05:30,1.0,989.0,2,1.5,0.417,3768.61,3.7686,19.16,0.087,46.44,-22.31,0.0123,6455.8,6.456,347.73,4.422,79.8,accel,0.0466,-0.0206,-0.0521,0
12:55:57.156,31.0,77,1487.42,1546307539,0.063,-0.01,-0.043,84.35,77.12,2019-01-01 07:22:19+05:30,1.0,990.0,2,1.0,0.278,3790.0,3.79,19.32,0.077,54.98,-7.47,0.0118,6505.1,6.505,349.53,4.446,79.77,accel,0.0805,-0.0211,-0.0405,0
12:55:58.157,32.0,78,1508.88,1546307540,0.107,0.003,-0.027,88.48,77.03,2019-01-01 07:22:20+05:30,1.0,991.0,2,1.0,0.278,3811.67,3.8117,19.34,0.11,75.75,1.56,0.0106,6815.6,6.816,351.43,4.47,79.74,accel,0.0913,0.0117,-0.0297,0
12:55:59.157,33.0,79,1524.32,1546307541,0.05,0.06,-0.023,84.85,77.1,2019-01-01 07:22:21+05:30,1.0,992.0,2,1.0,0.278,3833.61,3.8336,19.3,0.081,37.89,47.47,0.005,6541.9,6.542,353.24,4.494,79.71,accel,0.0598,0.0564,-0.0209,0
12:56:00.156,34.0,80,1542.88,1546307542,0.013,0.073,-0.017,83.03,77.13,2019-01-01 07:22:22+05:30,1.0,993.0,2,0.5,0.139,3855.83,3.8558,19.29,0.076,9.84,73.66,0.0065,6404.1,6.404,355.02,4.517,79.69,cruise,0.0103,0.0712,-0.0183,0
12:56:01.157,35.0,80,1564.0,1546307543,-0.017,0.053,-0.03,81.82,77.15,2019-01-01 07:22:23+05:30,1.0,994.0,2,0.0,0.0,3878.06,3.8781,19.55,0.063,-15.6,56.95,0.0101,6312.4,6.312,356.78,4.54,79.66,cruise,-0.0192,0.0546,-0.028,0
12:56:02.157,36.0,80,1575.7,1546307544,-0.02,0.037,-0.037,81.22,77.15,2019-01-01 07:22:24+05:30,1.0,995.0,2,0.0,0.0,3900.28,3.9003,19.7,0.056,-20.92,41.34,0.0118,6266.1,6.266,358.52,4.562,79.63,cruise,-0.0148,0.0416,-0.0429,0
12:56:03.156,37.0,80,1572.98,1546307545,0.023,0.05,-0.053,82.84,77.11,2019-01-01 07:22:25+05:30,1.0,996.0,2,0.0,0.0,3922.5,3.9225,19.66,0.076,17.52,40.87,0.018,6387.8,6.388,360.29,4.585,79.61,cruise,0.016,0.0387,-0.0424,0
12:56:04.157,38.0,80,1562.62,1546307546,0.047,0.007,-0.017,84.76,77.07,2019-01-01 07:22:26+05:30,1.0,997.0,2,0.0,0.0,3944.72,3.9447,19.53,0.05,68.64,7.97,0.0182,6532.5,6.532,362.11,4.609,79.58,cruise,0.0548,0.0223,-0.0287,0
12:56:05.157,39.0,80,1536.44,1546307547,0.083,0.007,-0.04,87.64,77.01,2019-01-01 07:22:27+05:30,1.0,998.0,2,-1.5,-0.417,3966.94,3.9669,19.21,0.092,63.93,4.34,0.0125,6749.2,6.749,363.98,4.633,79.55,decel,0.0755,-0.0106,-0.0301,0
12:56:06.157,40.0,77,1480.58,1546307548,0.05,-0.053,-0.037,82.0,77.11,2019-01-01 07:22:28+05:30,1.0,999.0,2,-3.5,-0.972,3988.33,3.9883,19.23,0.082,37.72,-40.43,0.0017,6323.0,6.323,365.74,4.656,79.52,decel,0.0572,-0.0352,-0.0457,0
12:56:07.156,41.0,73,1413.28,1546307549,0.023,-0.02,-0.037,75.84,77.23,2019-01-01 07:22:29+05:30,1.0,1000.0,2,-3.5,-0.972,4008.61,4.0086,19.36,0.048,28.67,-24.66,0.0543,5857.1,5.857,367.36,4.677,79.5,decel,0.0137,-0.0348,-0.0301,0
12:56:08.157,42.0,70,1346.08,1546307550,-0.02,-0.03,0.057,71.0,77.32,2019-01-01 07:22:30+05:30,1.0,1001.0,2,-4.0,-1.111,4028.06,4.0281,19.23,0.067,-17.25,-26.41,0.1409,5489.7,5.49,368.89,4.697,79.47,decel,-0.0084,-0.0199,0.0572,0
12:56:09.157,43.0,65,1253.24,1546307551,0.023,-0.002,0.24,67.84,77.38,2019-01-01 07:22:31+05:30,1.0,1002.0,2,-5.0,-1.389,4046.11,4.0461,19.28,0.241,5.47,-0.48,0.1587,5249.5,5.249,370.35,4.715,79.45,decel,0.0122,-0.0079,0.2241,0
12:56:10.156,44.0,60,1150.96,1546307552,0.03,-0.005,0.373,63.4,77.47,2019-01-01 07:22:32+05:30,1.0,1003.0,2,-5.0,-1.389,4062.78,4.0628,19.18,0.374,4.6,-0.77,0.1285,4911.6,4.912,371.71,4.733,79.43,decel,0.0393,-0.0023,0.4099,0
12:56:11.157,45.0,55,1063.66,1546307553,0.043,0.005,0.497,59.44,77.54,2019-01-01 07:22:33+05:30,1.0,1004.0,2,-4.5,-1.25,4078.06,4.0781,19.34,0.499,4.94,0.57,0.1613,4609.0,4.609,372.99,4.75,79.41,decel,0.0337,0.0038,0.4493,0
12:56:12.157,46.0,51,983.28,1546307554,0.007,0.007,0.177,52.56,77.68,2019-01-01 07:22:34+05:30,1.0,1005.0,2,-4.0,-1.111,4092.22,4.0922,19.28,0.177,2.26,2.26,0.3101,4082.9,4.083,374.13,4.764,79.4,decel,0.0142,0.0088,0.2189,0
12:56:13.156,47.0,47,913.36,1546307555,0.027,-0.003,-0.123,50.16,77.72,2019-01-01 07:22:35+05:30,1.0,1006.0,2,-3.5,-0.972,4105.28,4.1053,19.43,0.126,12.38,-1.36,0.3151,3898.4,3.898,375.21,4.778,79.38,decel,0.0239,-0.0052,-0.1582,0
12:56:14.157,48.0,44,861.54,1546307556,0.05,-0.043,-0.453,49.0,77.74,2019-01-01 07:22:36+05:30,1.0,1007.0,2,-2.0,-0.556,4117.5,4.1175,19.58,0.458,6.27,-5.39,0.1837,3809.3,3.809,376.27,4.792,79.36,decel,0.0526,-0.0428,-0.4198,0
12:56:15.157,49.0,43,837.52,1546307557,0.06,-0.077,-0.428,48.8,77.74,2019-01-01 07:22:37+05:30,1.0,1008.0,2,-0.5,-0.139,4129.44,4.1294,19.48,0.439,7.86,-10.1,0.0509,3793.7,3.794,377.32,4.805,79.35,cruise,0.0542,-0.0749,-0.4528,0
12:56:16.156,50.0,43,836.72,1546307558,0.023,-0.07,-0.355,46.44,77.79,2019-01-01 07:22:38+05:30,1.0,1009.0,2,0.5,0.139,4141.39,4.1414,19.46,0.363,3.64,-11.13,0.1121,3612.6,3.613,378.32,4.818,79.33,cruise,0.0289,-0.0726,-0.3439,0
12:56:17.157,51.0,44,861.64,1546307559,0.017,-0.047,-0.208,48.2,77.75,2019-01-01 07:22:39+05:30,1.0,1010.0,2,2.0,0.556,4153.61,4.1536,19.58,0.214,4.56,-12.69,0.1233,3747.6,3.748,379.36,4.832,79.32,accel,0.0157,-0.0446,-0.21,0
12:56:18.157,52.0,47,910.2,1546307560,0.02,-0.02,-0.11,52.71,77.66,2019-01-01 07:22:40+05:30,1.0,1011.0,2,3.5,0.972,4166.67,4.1667,19.37,0.114,10.14,-10.14,0.074,4093.5,4.093,380.5,4.846,79.3,accel,0.0185,-0.0219,-0.1096,0
12:56:19.156,53.0,51,985.9,1546307561,0.027,-0.017,-0.063,58.28,77.54,2019-01-01 07:22:41+05:30,1.0,1012.0,2,4.5,1.25,4180.83,4.1808,19.33,0.071,22.48,-13.93,0.0271,4519.0,4.519,381.76,4.862,79.28,accel,0.0254,-0.0171,-0.0655,0
12:56:20.157,54.0,56,1075.0,1546307562,0.047,-0.017,-0.063,65.36,77.39,2019-01-01 07:22:42+05:30,1.0,1013.0,2,5.0,1.389,4196.39,4.1964,19.2,0.08,35.76,-12.2,0.0017,5058.2,5.058,383.16,4.881,79.26,accel,0.0524,-0.0154,-0.0609,0
12:56:21.157,55.0,61,1169.86,1546307563,0.097,-0.007,-0.06,74.36,77.21,2019-01-01 07:22:43+05:30,1.0,1014.0,2,4.5,1.25,4213.33,4.2133,19.18,0.114,58.09,-3.51,0.0051,5741.3,5.741,384.76,4.901,79.23,accel,0.0936,-0.0069,-0.0583,0
12:56:22.156,56.0,65,1258.94,1546307564,0.097,0.003,-0.053,77.9,77.13,2019-01-01 07:22:44+05:30,1.0,1015.0,2,4.0,1.111,4231.39,4.2314,19.37,0.111,61.31,1.55,0.0129,6008.4,6.008,386.43,4.923,79.21,accel,0.0952,-0.0015,-0.0567,0
12:56:23.156,57.0,69,1335.34,1546307565,0.037,-0.013,-0.078,76.48,77.16,2019-01-01 07:22:45+05:30,1.0,1016.0,2,4.0,1.111,4250.56,4.2506,19.35,0.087,25.08,-8.56,0.0312,5901.2,5.901,388.06,4.944,79.18,accel,0.0406,-0.0047,-0.0771,0
12:56:24.157,58.0,73,1399.56,1546307566,-0.007,-0.003,-0.115,75.88,77.16,2019-01-01 07:22:46+05:30,1.0,1017.0,2,2.5,0.694,4270.83,4.2708,19.17,0.115,-3.48,-1.49,0.0321,5854.9,5.855,389.69,4.965,79.16,accel,-0.0108,-0.013,-0.1119,0
12:56:25.157,59.0,74,1410.5,1546307567,-0.017,-0.04,-0.142,75.55,77.17,2019-01-01 07:22:47+05:30,1.0,1018.0,2,0.5,0.139,4291.39,4.2914,19.06,0.149,-6.57,-15.63,0.0396,5830.2,5.83,391.31,4.986,79.13,cruise,-0.0108,-0.0288,-0.1465,0
12:56:26.156,60.0,74,1421.44,1546307568,0.02,-0.033,-0.193,76.6,77.14,2019-01-01 07:22:48+05:30,1.0,1019.0,2,-0.5,-0.139,4311.94,4.3119,19.21,0.197,5.83,-9.65,0.0505,5908.9,5.909,392.95,5.007,79.11,cruise,0.0126,-0.046,-0.189,0
12:56:27.157,61.0,73,1400.86,1546307569,0.007,-0.053,-0.243,77.78,77.11,2019-01-01 07:22:49+05:30,1.0,1020.0,2,-1.0,-0.278,4332.22,4.3322,19.19,0.249,1.61,-12.3,0.0587,5997.6,5.998,394.62,5.029,79.08,decel,0.0114,-0.0397,-0.2467,0
12:56:28.157,62.0,72,1550.24,1546307570,-0.01,0.007,-0.31,80.47,77.05,2019-01-01 07:22:50+05:30,1.0,1021.0,2,-1.0,-0.278,4352.22,4.3522,21.53,0.31,-1.85,1.29,0.0527,6200.2,6.2,396.34,5.051,79.06,decel,-0.0106,-0.0024,-0.3065,0
12:56:29.157,63.0,71,1699.62,1546307571,-0.013,0.033,-0.347,74.85,77.16,2019-01-01 07:22:51+05:30,1.0,1022.0,2,-1.0,-0.278,4371.94,4.3719,23.94,0.349,-2.14,5.43,0.0214,5775.4,5.775,397.94,5.072,79.03,decel,-0.0152,0.0367,-0.3485,0
12:56:30.157,64.0,70,1664.18,1546307572,0.0,0.053,-0.347,71.0,77.23,2019-01-01 07:22:52+05:30,1.0,1023.0,2,-1.5,-0.417,4391.39,4.3914,23.77,0.351,0.0,8.68,0.0312,5483.3,5.483,399.47,5.092,79.01,decel,0.005,0.0524,-0.35,0
12:56:31.157,65.0,68,1652.7,1546307573,0.02,0.047,-0.293,70.6,77.23,2019-01-01 07:22:53+05:30,1.0,1024.0,2,-1.5,-0.417,4410.28,4.4103,24.3,0.297,3.86,9.09,0.1001,5452.4,5.452,400.98,5.111,78.99,decel,0.0153,0.0474,-0.2851,0
12:56:32.157,66.0,67,1663.36,1546307574,0.003,0.033,-0.153,68.24,77.28,2019-01-01 07:22:54+05:30,1.0,1025.0,2,-1.0,-0.278,4428.89,4.4289,24.83,0.157,1.1,12.17,0.101,5273.6,5.274,402.45,5.13,78.96,decel,0.0018,0.0325,-0.1654,0
12:56:33.157,67.0,66,1509.61,1546307575,0.0,0.023,-0.097,67.0,77.3,2019-01-01 07:22:55+05:30,1.0,1026.0,2,1.5,0.417,4447.22,4.4472,22.87,0.1,0.0,13.34,0.0516,5179.1,5.179,403.89,5.149,78.94,accel,0.0061,0.0213,-0.0751,0
12:56:34.157,68.0,70,1355.86,1546307576,0.05,0.022,-0.05,75.0,77.13,2019-01-01 07:22:56+05:30,1.0,1027.0,2,3.5,0.972,4466.67,4.4667,19.37,0.074,42.47,17.28,0.0658,5784.8,5.785,405.49,5.17,78.92,accel,0.047,0.0279,-0.0857,0
12:56:35.157,69.0,73,1408.94,1546307577,0.073,0.055,-0.18,81.34,77.0,2019-01-01 07:22:57+05:30,1.0,1028.0,2,1.5,0.417,4486.94,4.4869,19.3,0.202,21.2,15.81,0.0658,6263.2,6.263,407.23,5.192,78.89,accel,0.0694,0.0456,-0.1413,0
12:56:36.157,70.0,73,1415.7,1546307578,0.03,0.038,-0.133,76.4,77.09,2019-01-01 07:22:58+05:30,1.0,1029.0,2,-0.5,-0.139,4507.22,4.5072,19.39,0.142,12.24,15.57,0.0344,5889.7,5.89,408.87,5.214,78.87,cruise,0.036,0.049,-0.1576,0
12:56:37.157,71.0,72,1394.82,1546307579,-0.003,0.033,-0.2,73.0,77.16,2019-01-01 07:22:59+05:30,1.0,1030.0,2,-1.5,-0.417,4527.22,4.5272,19.37,0.203,-0.85,9.37,0.0985,5632.7,5.633,410.43,5.234,78.84,decel,-0.0091,0.0219,-0.1907,0
12:56:38.157,72.0,70,1341.06,1546307580,-0.025,-0.037,-0.327,71.0,77.19,2019-01-01 07:23:00+05:30,1.0,1031.0,2,-4.0,-1.111,4546.67,4.5467,19.16,0.33,-4.34,-6.44,0.1469,5480.5,5.48,411.96,5.254,78.82,decel,-0.0171,-0.0268,-0.3295,0
12:56:39.156,73.0,64,1231.4,1546307581,0.005,-0.053,-0.493,65.4,77.3,2019-01-01 07:23:01+05:30,1.0,1032.0,2,-5.5,-1.528,4564.44,4.5644,19.24,0.496,0.58,-6.14,0.1272,5055.4,5.055,413.36,5.272,78.8,decel,-0.003,-0.063,-0.499,0
12:56:40.157,74.0,59,1132.22,1546307582,-0.002,-0.067,-0.577,60.0,77.41,2019-01-01 07:23:02+05:30,1.0,1033.0,2,-4.5,-1.25,4580.83,4.5808,19.19,0.581,-0.2,-6.62,0.0439,4644.6,4.645,414.65,5.289,78.78,decel,0.0019,-0.057,-0.5589,0
12:56:41.157,75.0,55,1070.42,1546307583,0.008,-0.02,-0.513,56.64,77.47,2019-01-01 07:23:03+05:30,1.0,1034.0,2,-3.0,-0.833,4596.11,4.5961,19.46,0.513,0.89,-2.23,0.0344,4387.9,4.388,415.87,5.304,78.76,decel,0.0082,-0.0265,-0.5296,0
12:56:42.156,76.0,53,1026.32,1546307584,0.035,-0.02,-0.523,56.8,77.46,2019-01-01 07:23:04+05:30,1.0,1035.0,2,-2.0,-0.556,4610.83,4.6108,19.36,0.525,3.83,-2.19,0.0121,4399.7,4.4,417.09,5.32,78.74,decel,0.0342,-0.019,-0.5245,0
12:56:43.157,77.0,51,992.64,1546307585,0.055,-0.037,-0.537,56.4,77.47,2019-01-01 07:23:05+05:30,1.0,1036.0,2,-0.5,-0.139,4625.0,4.625,19.46,0.541,5.83,-3.92,0.0852,4369.3,4.369,418.3,5.336,78.72,cruise,0.0557,-0.0367,-0.5199,0
12:56:44.157,78.0,52,1001.9,1546307586,0.043,-0.04,-0.383,57.23,77.45,2019-01-01 07:23:06+05:30,1.0,1037.0,2,1.0,0.278,4639.44,4.6394,19.27,0.387,6.37,-5.93,0.1687,4432.5,4.432,419.54,5.352,78.7,accel,0.0409,-0.0377,-0.4033,0
12:56:45.156,79.0,53,1024.26,1546307587,0.003,-0.013,-0.2,55.59,77.47,2019-01-01 07:23:07+05:30,1.0,1038.0,2,1.5,0.417,4654.17,4.6542,19.33,0.2,0.86,-3.72,0.2226,4306.6,4.307,420.73,5.367,78.69,accel,0.0056,-0.0153,-0.1801,0
12:56:46.157,80.0,55,1055.92,1546307588,-0.003,-0.003,0.06,57.81,77.43,2019-01-01 07:23:08+05:30,1.0,1039.0,2,2.0,0.556,4669.44,4.6694,19.2,0.06,-2.86,-2.86,0.1943,4476.2,4.476,421.98,5.383,78.67,accel,-0.0048,-0.0045,0.0402,0
12:56:47.157,81.0,57,1096.84,1546307589,0.023,-0.02,0.18,61.91,77.34,2019-01-01 07:23:09+05:30,1.0,1040.0,2,2.0,0.556,4685.28,4.6853,19.24,0.183,7.24,-6.29,0.1266,4788.1,4.788,423.31,5.4,78.65,accel,0.0247,-0.0155,0.1954,0
12:56:48.157,82.0,59,1138.62,1546307590,0.057,-0.02,0.313,66.58,77.24,2019-01-01 07:23:10+05:30,1.0,1041.0,2,2.0,0.556,4701.67,4.7017,19.3,0.319,10.3,-3.6,0.1018,5142.6,5.143,424.73,5.419,78.62,accel,0.0558,-0.024,0.3042,0
12:56:49.157,83.0,61,1177.48,1546307591,0.043,-0.01,0.38,66.41,77.24,2019-01-01 07:23:11+05:30,1.0,1042.0,2,1.0,0.278,4718.61,4.7186,19.3,0.383,6.45,-1.5,0.0601,5129.5,5.13,426.16,5.437,78.6,accel,0.0436,-0.01,0.3856,0
12:56:50.157,84.0,61,1177.38,1546307592,0.003,0.013,0.433,62.24,77.32,2019-01-01 07:23:12+05:30,1.0,1043.0,2,-1.0,-0.278,4735.56,4.7356,19.3,0.433,0.4,1.72,0.0298,4812.4,4.812,427.5,5.455,78.58,decel,-0.0006,0.0191,0.4274,0
12:56:51.156,85.0,59,1139.66,1546307593,-0.027,0.033,0.43,60.0,77.36,2019-01-01 07:23:13+05:30,1.0,1044.0,2,-2.0,-0.556,4751.94,4.7519,19.32,0.432,-3.58,4.38,0.0108,4641.6,4.642,428.79,5.471,78.56,decel,-0.0184,0.0236,0.4352,0
12:56:52.157,86.0,57,1094.0,1546307594,0.023,-0.027,0.45,59.84,77.36,2019-01-01 07:23:14+05:30,1.0,1045.0,2,-2.0,-0.556,4767.78,4.7678,19.19,0.451,2.92,-3.43,0.0108,4629.2,4.629,430.07,5.488,78.54,decel,0.0127,-0.0189,0.4444,0
12:56:53.157,87.0,55,1068.32,1546307595,0.043,-0.05,0.447,59.44,77.37,2019-01-01 07:23:15+05:30,1.0,1046.0,2,-1.0,-0.278,4783.06,4.7831,19.42,0.452,5.46,-6.35,0.0125,4598.9,4.599,431.35,5.504,78.52,decel,0.0524,-0.0585,0.4564,0
12:56:54.157,88.0,55,1065.16,1546307596,0.073,-0.05,0.427,62.79,77.29,2019-01-01 07:23:16+05:30,1.0,1047.0,2,1.0,0.278,4798.33,4.7983,19.37,0.436,9.64,-6.58,0.0912,4853.0,4.853,432.7,5.522,78.5,accel,0.0634,-0.0374,0.415,0
12:56:55.157,89.0,57,1106.14,1546307597,0.043,0.02,0.28,64.33,77.26,2019-01-01 07:23:17+05:30,1.0,1048.0,2,3.0,0.833,4814.17,4.8142,19.41,0.284,8.71,4.04,0.1435,4970.1,4.97,434.08,5.54,78.48,accel,0.0527,0.0088,0.2888,0
12:56:56.157,90.0,61,1180.82,1546307598,0.047,0.01,0.14,69.79,77.15,2019-01-01 07:23:18+05:30,1.0,1049.0,2,4.5,1.25,4831.11,4.8311,19.36,0.148,18.51,3.87,0.122,5384.3,5.384,435.57,5.559,78.46,accel,0.0394,0.0104,0.136,0
12:56:57.157,91.0,66,1267.48,1546307599,0.02,-0.027,0.037,73.03,77.08,2019-01-01 07:23:19+05:30,1.0,1050.0,2,4.5,1.25,4849.44,4.8494,19.2,0.05,23.59,-32.7,0.0686,5629.2,5.629,437.14,5.579,78.44,accel,0.0244,-0.0167,0.0386,0
12:56:58.156,92.0,70,1358.08,1546307600,0.007,-0.0,0.01,75.9,77.01,2019-01-01 07:23:20+05:30,1.0,1051.0,2,4.5,1.25,4868.89,4.8689,19.4,0.012,34.99,-0.0,0.0137,5845.1,5.845,438.76,5.6,78.41,accel,0.0047,-0.0145,0.0114,0
12:56:59.157,93.0,75,1441.28,1546307601,-0.017,-0.003,0.02,79.97,76.93,2019-01-01 07:23:21+05:30,1.0,1052.0,2,4.5,1.25,4889.72,4.8897,19.22,0.026,-40.05,-6.52,0.0068,6152.1,6.152,440.47,5.623,78.39,accel,-0.0152,0.0133,0.0144,0
12:57:00.157,94.0,79,1516.7,1546307602,-0.027,0.047,0.007,83.54,76.85,2019-01-01 07:23:22+05:30,1.0,1053.0,2,-17.5,-4.861,4911.67,4.9117,19.2,0.055,-29.61,59.31,0.0065,6420.0,6.42,442.25,5.646,78.36,decel,-0.0291,0.0283,0.015,0
12:57:06.316,0.0,40,1582.86,1546307603,-0.03,0.007,0.013,41.0,77.7,2019-01-01 07:23:23+05:30,1.0,1054.0,2,-39.5,-10.972,4922.78,4.9228,39.57,0.033,-63.8,12.08,0.0065,3185.7,3.186,443.14,5.657,78.34,decel,-0.0288,0.0254,0.0066,0
12:57:14.576,0.0,0,0.0,1546307608,-0.017,0.03,0.0,1.0,78.5,2019-01-01 07:23:28+05:30,5.0,1059.0,2,-20.0,-5.556,4922.78,4.9228,,0.034,-29.54,60.46,0.0075,78.5,0.078,443.25,5.659,78.34,idle,-0.0154,0.0173,0.0003,1
12:57:15.575,0.0,0,0.0,1546307613,-0.006,0.0,0.0,1.0,78.5,2019-01-01 07:23:33+05:30,5.0,1064.0,2,8.5,2.361,4922.78,4.9228,,0.006,-90.0,0.0,0.0,78.5,0.078,443.36,5.66,78.34,idle,-0.0089,0.0046,0.0066,1
12:57:16.576,0.0,17,0.0,1546307618,-0.017,0.0,0.0,18.0,78.16,2019-01-01 07:23:38+05:30,5.0,1069.0,2,16.5,4.583,4946.39,4.9464,0.0,0.017,-90.0,0.0,0.0577,1406.9,1.407,445.31,5.685,78.31,accel,-0.0178,0.0005,-0.0074,0
12:57:22.028,0.0,33,0.0,1546307623,-0.033,0.027,-0.1,58.1,77.35,2019-01-01 07:23:43+05:30,5.0,1074.0,2,16.5,4.583,4992.22,4.9922,0.0,0.109,-17.67,14.38,0.1258,4494.0,4.494,451.55,5.766,78.22,accel,-0.0255,0.0247,-0.0973,0
12:57:26.237,5.0,50,964.12,1546307628,-0.014,0.05,-0.25,80.26,76.9,2019-01-01 07:23:48+05:30,5.0,1079.0,2,14.0,3.889,5061.67,5.0617,19.28,0.255,-3.14,11.29,0.1367,6172.0,6.172,460.12,5.877,78.09,accel,-0.0253,0.0567,-0.2494,0
12:57:27.237,6.0,61,1170.34,1546307629,-0.03,0.083,-0.373,65.88,77.19,2019-01-01 07:23:49+05:30,1.0,1080.0,2,4.0,1.111,5078.61,5.0786,19.19,0.383,-4.49,12.51,0.0857,5085.3,5.085,461.54,5.895,78.06,accel,-0.021,0.067,-0.3742,0
12:57:28.237,7.0,58,1119.46,1546307630,0.003,0.057,-0.415,59.24,77.32,2019-01-01 07:23:50+05:30,1.0,1081.0,2,-2.0,-0.556,5094.72,5.0947,19.3,0.419,0.41,7.82,0.0276,4580.4,4.58,462.81,5.912,78.04,decel,-0.0002,0.0799,-0.4143,0
12:57:29.237,8.0,57,1095.88,1546307631,0.043,0.14,-0.425,61.44,77.27,2019-01-01 07:23:51+05:30,1.0,1082.0,2,-1.0,-0.278,5110.56,5.1106,19.23,0.45,5.49,18.15,0.0225,4747.5,4.747,464.13,5.929,78.02,decel,0.0408,0.1171,-0.4191,0
12:57:30.237,9.0,56,1083.52,1546307632,0.07,0.1,-0.458,62.6,77.24,2019-01-01 07:23:52+05:30,1.0,1083.0,2,-0.5,-0.139,5126.11,5.1261,19.35,0.474,8.49,12.18,0.0856,4835.2,4.835,465.47,5.946,78.0,cruise,0.0765,0.1223,-0.4756,0
12:57:31.237,10.0,56,1074.52,1546307633,0.093,0.07,-0.587,64.44,77.2,2019-01-01 07:23:53+05:30,1.0,1084.0,2,-1.5,-0.417,5141.67,5.1417,19.19,0.598,8.94,6.72,0.0677,4974.8,4.975,466.85,5.964,77.98,decel,0.0827,0.0456,-0.5607,0
12:57:32.237,11.0,53,1018.96,1546307634,0.05,-0.06,-0.487,58.0,77.32,2019-01-01 07:23:54+05:30,1.0,1085.0,2,-3.0,-0.833,5156.39,5.1564,19.23,0.493,5.82,-6.99,0.1387,4484.6,4.485,468.1,5.98,77.96,decel,0.0619,-0.0408,-0.5221,0
12:57:33.237,12.0,50,974.82,1546307635,0.04,-0.03,-0.313,54.2,77.4,2019-01-01 07:23:55+05:30,1.0,1086.0,2,-2.5,-0.694,5170.28,5.1703,19.5,0.317,7.25,-5.43,0.3087,4195.1,4.195,469.26,5.995,77.95,decel,0.0301,-0.0343,-0.2669,0
12:57:34.237,13.0,48,935.06,1546307636,-0.003,0.037,0.113,49.0,77.5,2019-01-01 07:23:56+05:30,1.0,1087.0,2,-1.0,-0.278,5183.61,5.1836,19.48,0.119,-1.45,18.12,0.2793,3797.5,3.798,470.32,6.009,77.93,decel,0.0022,0.0317,0.0682,0
12:57:35.237,14.0,48,922.64,1546307637,-0.007,0.053,0.213,49.1,77.49,2019-01-01 07:23:57+05:30,1.0,1088.0,2,0.5,0.139,5196.94,5.1969,19.22,0.22,-1.83,13.97,0.0577,3804.8,3.805,471.37,6.023,77.91,cruise,-0.0078,0.0555,0.2428,0
12:57:36.237,15.0,49,938.98,1546307638,0.003,0.033,0.213,53.03,77.41,2019-01-01 07:23:58+05:30,1.0,1089.0,2,3.0,0.833,5210.56,5.2106,19.16,0.216,0.8,8.81,0.0866,4105.1,4.105,472.52,6.037,77.9,accel,0.0024,0.0346,0.1956,0
12:57:37.237,16.0,54,1034.32,1546307639,0.02,0.017,0.063,61.51,77.24,2019-01-01 07:23:59+05:30,1.0,1090.0,2,5.0,1.389,5225.56,5.2256,19.15,0.068,17.04,14.42,0.1041,4751.0,4.751,473.83,6.054,77.88,accel,0.0193,0.0191,0.0735,0
12:57:38.237,17.0,59,1135.54,1546307640,0.033,0.013,0.013,67.3,77.12,2019-01-01 07:24:00+05:30,1.0,1091.0,2,4.5,1.25,5241.94,5.2419,19.25,0.038,60.88,20.13,0.0361,5190.2,5.19,475.28,6.073,77.86,accel,0.0349,0.004,0.0098,0
12:57:39.236,18.0,63,1220.84,1546307641,0.047,-0.037,-0.007,71.37,77.03,2019-01-01 07:24:01+05:30,1.0,1092.0,2,3.5,0.972,5259.44,5.2594,19.38,0.06,51.3,-37.91,0.0377,5497.6,5.498,476.8,6.093,77.83,accel,0.0459,-0.0253,-0.0079,0
12:57:40.237,19.0,66,1280.08,1546307642,0.04,-0.033,-0.06,72.42,77.0,2019-01-01 07:24:02+05:30,1.0,1093.0,2,2.5,0.694,5277.78,5.2778,19.4,0.079,30.29,-24.59,0.0633,5576.3,5.576,478.35,6.113,77.81,accel,0.0402,-0.0435,-0.0583,0
12:57:41.237,20.0,68,1309.82,1546307643,0.018,-0.043,-0.133,71.1,77.03,2019-01-01 07:24:03+05:30,1.0,1094.0,2,1.0,0.278,5296.67,5.2967,19.26,0.141,7.34,-17.76,0.0505,5476.8,5.477,479.87,6.133,77.78,accel,0.0167,-0.0337,-0.1384,0
12:57:42.236,21.0,68,1306.28,1546307644,-0.005,-0.007,-0.157,69.0,77.06,2019-01-01 07:24:04+05:30,1.0,1095.0,2,-0.5,-0.139,5315.56,5.3156,19.21,0.157,-1.82,-2.55,0.0635,5317.1,5.317,481.35,6.152,77.76,cruise,-0.0018,-0.0155,-0.1486,0
12:57:43.237,22.0,67,1301.94,1546307645,0.002,-0.017,-0.037,68.16,77.08,2019-01-01 07:24:05+05:30,1.0,1096.0,2,-0.5,-0.139,5334.17,5.3342,19.43,0.041,2.81,-24.65,0.1185,5253.8,5.254,482.81,6.171,77.74,cruise,-0.0018,-0.01,-0.0419,0
12:57:44.237,23.0,67,1296.16,1546307646,-0.003,-0.007,0.08,68.06,77.07,2019-01-01 07:24:06+05:30,1.0,1097.0,2,0.5,0.139,5352.78,5.3528,19.35,0.08,-2.14,-5.0,0.074,5245.4,5.245,484.27,6.19,77.72,cruise,0.002,-0.0119,0.0819,0
12:57:45.237,24.0,68,1304.26,1546307647,0.01,0.003,0.1,70.76,77.01,2019-01-01 07:24:07+05:30,1.0,1098.0,2,1.0,0.278,5371.67,5.3717,19.18,0.101,5.71,1.71,0.0456,5449.2,5.449,485.78,6.21,77.69,accel,0.0008,0.0046,0.0964,0
12:57:46.237,25.0,69,1334.66,1546307648,-0.003,0.05,0.013,72.18,76.98,2019-01-01 07:24:08+05:30,1.0,1099.0,2,2.0,0.556,5390.83,5.3908,19.34,0.052,-3.32,75.06,0.0816,5556.4,5.556,487.32,6.23,77.67,accel,0.0112,0.0528,0.0139,0
12:57:47.237,26.0,72,1391.38,1546307649,0.053,0.107,-0.063,80.04,76.82,2019-01-01 07:24:09+05:30,1.0,1100.0,2,3.0,0.833,5410.83,5.4108,19.32,0.135,23.11,52.42,0.0401,6148.7,6.149,489.03,6.252,77.64,accel,0.0369,0.1015,-0.0551,0
12:57:48.237,27.0,75,1446.62,1546307650,0.037,0.09,-0.047,81.57,76.78,2019-01-01 07:24:10+05:30,1.0,1101.0,2,3.0,0.833,5431.67,5.4317,19.29,0.108,20.02,56.39,0.0081,6262.9,6.263,490.77,6.274,77.62,accel,0.0521,0.0984,-0.061,0
12:57:49.237,28.0,78,1495.84,1546307651,0.053,0.063,-0.057,85.53,76.7,2019-01-01 07:24:11+05:30,1.0,1102.0,2,2.5,0.694,5453.33,5.4533,19.18,0.1,31.96,38.99,0.0153,6560.2,6.56,492.59,6.298,77.59,accel,0.0394,0.047,-0.0425,0
12:57:50.237,29.0,80,1538.32,1546307652,0.0,-0.013,-0.027,83.11,76.74,2019-01-01 07:24:12+05:30,1.0,1103.0,2,1.0,0.278,5475.56,5.4756,19.23,0.03,0.0,-25.71,0.0173,6377.9,6.378,494.37,6.321,77.56,accel,0.0112,0.0111,-0.0391,0
12:57:51.237,30.0,80,1580.28,1546307653,-0.003,0.037,-0.057,82.98,76.74,2019-01-01 07:24:13+05:30,1.0,1104.0,2,-0.5,-0.139,5497.78,5.4978,19.75,0.068,-2.53,32.95,0.0154,6367.9,6.368,496.13,6.344,77.54,cruise,-0.0096,0.0145,-0.0491,0
12:57:52.237,31.0,79,1617.46,1546307654,-0.003,0.013,-0.048,81.71,76.76,2019-01-01 07:24:14+05:30,1.0,1105.0,2,-0.5,-0.139,5519.72,5.5197,20.47,0.05,-3.45,15.13,0.0062,6272.1,6.272,497.88,6.367,77.51,cruise,-0.0042,0.0238,-0.0517,0
12:57:53.237,32.0,79,1648.64,1546307655,0.017,0.027,-0.045,82.89,76.73,2019-01-01 07:24:15+05:30,1.0,1106.0,2,0.0,0.0,5541.67,5.5417,20.87,0.055,17.95,29.3,0.0051,6360.1,6.36,499.64,6.39,77.48,cruise,0.0274,0.0286,-0.043,0
12:57:54.237,33.0,79,1678.64,1546307656,0.063,0.04,-0.038,86.54,76.65,2019-01-01 07:24:16+05:30,1.0,1107.0,2,-0.5,-0.139,5563.61,5.5636,21.25,0.084,48.79,28.53,0.006,6633.3,6.633,501.49,6.414,77.45,cruise,0.0483,0.0327,-0.0393,0
12:57:55.237,34.0,78,1708.78,1546307657,0.017,0.0,-0.033,81.78,76.74,2019-01-01 07:24:17+05:30,1.0,1108.0,2,-0.5,-0.139,5585.28,5.5853,21.91,0.037,27.26,0.0,0.0121,6275.8,6.276,503.23,6.437,77.43,cruise,0.028,0.0085,-0.0354,0
12:57:56.237,35.0,78,1735.48,1546307658,0.0,-0.04,-0.015,80.3,76.77,2019-01-01 07:24:18+05:30,1.0,1109.0,2,0.0,0.0,5606.94,5.6069,22.25,0.043,0.0,-69.44,0.0297,6164.6,6.165,504.94,6.459,77.4,cruise,-0.0043,-0.0496,-0.0081,0
12:57:57.237,36.0,78,1760.72,1546307659,-0.003,-0.09,0.025,79.66,76.77,2019-01-01 07:24:19+05:30,1.0,1110.0,2,0.0,0.0,5628.61,5.6286,22.57,0.093,-1.84,-74.37,0.0201,6115.5,6.115,506.64,6.481,77.37,cruise,-0.003,-0.0823,0.0198,0
12:57:58.237,37.0,78,1761.86,1546307660,0.03,-0.04,0.002,81.4,76.73,2019-01-01 07:24:20+05:30,1.0,1111.0,2,0.0,0.0,5650.28,5.6503,22.59,0.05,36.84,-53.07,0.0276,6245.8,6.246,508.38,6.504,77.35,cruise,0.0324,-0.0416,0.0008,0
12:57:59.237,38.0,78,1739.72,1546307661,0.073,0.03,-0.03,84.84,76.66,2019-01-01 07:24:21+05:30,1.0,1112.0,2,0.0,0.0,5671.94,5.6719,22.3,0.084,59.84,20.81,0.03,6503.8,6.504,510.18,6.527,77.32,cruise,0.0687,0.0295,-0.0282,0
12:58:00.237,39.0,78,1683.0,1546307662,0.067,0.067,0.03,84.36,76.66,2019-01-01 07:24:22+05:30,1.0,1113.0,2,0.0,0.0,5693.61,5.6936,21.58,0.099,42.39,42.39,0.1378,6467.0,6.467,511.98,6.551,77.29,cruise,0.0733,0.0616,0.0355,0
12:58:01.237,40.0,78,1592.5,1546307663,0.05,0.047,0.233,83.0,76.68,2019-01-01 07:24:23+05:30,1.0,1114.0,2,-1.0,-0.278,5715.28,5.7153,20.42,0.243,11.88,11.16,0.1805,6364.4,6.364,513.75,6.574,77.27,decel,0.0414,0.0579,0.2186,0
12:58:02.237,41.0,76,1460.84,1546307664,0.0,0.057,0.39,77.0,76.8,2019-01-01 07:24:24+05:30,1.0,1115.0,2,-4.5,-1.25,5736.39,5.7364,19.22,0.394,0.0,8.32,0.125,5913.6,5.914,515.39,6.595,77.24,decel,0.0077,0.0489,0.4138,0
12:58:03.237,42.0,69,1328.56,1546307665,0.01,0.03,0.48,70.8,76.92,2019-01-01 07:24:25+05:30,1.0,1116.0,2,-7.5,-2.083,5755.56,5.7556,19.25,0.481,1.19,3.58,0.1595,5445.9,5.446,516.9,6.615,77.22,decel,0.0082,0.0294,0.4482,0
12:58:04.237,43.0,61,1175.5,1546307666,0.043,-0.007,0.17,65.44,77.02,2019-01-01 07:24:26+05:30,1.0,1117.0,2,-7.5,-2.083,5772.5,5.7725,19.27,0.175,14.18,-2.29,0.3201,5040.2,5.04,518.3,6.633,77.2,decel,0.0369,0.001,0.2093,0
12:58:05.237,44.0,54,1047.26,1546307667,0.05,-0.003,-0.16,59.0,77.15,2019-01-01 07:24:27+05:30,1.0,1118.0,2,-6.5,-1.806,5787.5,5.7875,19.39,0.168,17.35,-1.03,0.3692,4551.8,4.552,519.57,6.65,77.18,decel,0.0626,-0.014,-0.2104,0
12:58:06.237,45.0,48,930.42,1546307668,0.08,-0.027,-0.567,55.4,77.21,2019-01-01 07:24:28+05:30,1.0,1119.0,2,-4.5,-1.25,5800.83,5.8008,19.38,0.573,8.02,-2.7,0.2143,4277.4,4.277,520.75,6.665,77.16,decel,0.0637,-0.0151,-0.5166,0
12:58:07.237,46.0,45,863.32,1546307669,0.027,-0.007,-0.48,48.16,77.36,2019-01-01 07:24:29+05:30,1.0,1120.0,2,-2.5,-0.694,5813.33,5.8133,19.18,0.481,3.22,-0.83,0.1237,3725.7,3.726,521.79,6.678,77.14,decel,0.044,-0.019,-0.5083,0
12:58:08.237,47.0,43,835.66,1546307670,0.047,-0.033,-0.323,47.95,77.36,2019-01-01 07:24:30+05:30,1.0,1121.0,2,0.0,0.0,5825.28,5.8253,19.43,0.328,8.24,-5.77,0.1452,3709.4,3.709,522.82,6.692,77.13,cruise,0.03,-0.0232,-0.3175,0
12:58:09.237,48.0,45,870.74,1546307671,0.017,-0.01,-0.19,49.77,77.32,2019-01-01 07:24:31+05:30,1.0,1122.0,2,2.5,0.694,5837.78,5.8378,19.35,0.191,5.11,-3.0,0.0906,3848.2,3.848,523.89,6.705,77.11,accel,0.0349,-0.0156,-0.1883,0
12:58:10.237,49.0,48,932.02,1546307672,0.043,-0.007,-0.15,56.36,77.18,2019-01-01 07:24:32+05:30,1.0,1123.0,2,4.0,1.111,5851.11,5.8511,19.42,0.156,15.98,-2.57,0.0293,4349.9,4.35,525.1,6.721,77.09,accel,0.0269,-0.0041,-0.156,0
12:58:11.237,50.0,53,1027.52,1546307673,-0.03,0.0,-0.133,58.89,77.13,2019-01-01 07:24:33+05:30,1.0,1124.0,2,5.0,1.389,5865.83,5.8658,19.39,0.136,-12.71,0.0,0.0632,4542.2,4.542,526.36,6.738,77.07,accel,-0.02,-0.0039,-0.1177,0
12:58:12.237,51.0,58,1127.44,1546307674,-0.057,-0.02,-0.033,63.87,77.02,2019-01-01 07:24:34+05:30,1.0,1125.0,2,5.0,1.389,5881.94,5.8819,19.44,0.069,-55.9,-16.89,0.0577,4919.3,4.919,527.73,6.755,77.05,accel,-0.0631,-0.0133,-0.0532,0
12:58:13.237,52.0,63,1222.28,1546307675,-0.053,-0.02,-0.033,68.5,76.93,2019-01-01 07:24:35+05:30,1.0,1126.0,2,5.0,1.389,5899.44,5.8994,19.4,0.066,-53.94,-17.76,0.0092,5269.7,5.27,529.19,6.774,77.03,accel,-0.0459,-0.0278,-0.017,0
12:58:14.237,53.0,68,1307.3,1546307676,0.013,-0.053,-0.017,74.05,76.81,2019-01-01 07:24:36+05:30,1.0,1127.0,2,4.5,1.25,5918.33,5.9183,19.22,0.057,13.15,-68.01,0.0234,5687.8,5.688,530.77,6.795,77.01,accel,0.007,-0.0472,-0.0253,0
12:58:15.237,54.0,72,1382.76,1546307677,0.027,-0.063,-0.063,78.78,76.71,2019-01-01 07:24:37+05:30,1.0,1128.0,2,3.5,0.972,5938.33,5.9383,19.2,0.093,16.86,-42.59,0.0516,6043.2,6.043,532.45,6.817,76.98,accel,0.027,-0.065,-0.0605,0
12:58:16.237,55.0,75,1452.28,1546307678,-0.003,-0.077,-0.12,78.56,76.71,2019-01-01 07:24:38+05:30,1.0,1129.0,2,2.5,0.694,5959.17,5.9592,19.36,0.143,-1.21,-32.68,0.0688,6026.3,6.026,534.12,6.839,76.95,accel,0.0028,-0.0776,-0.1188,0
12:58:17.237,56.0,77,1485.28,1546307679,-0.01,-0.087,-0.2,78.53,76.71,2019-01-01 07:24:39+05:30,1.0,1130.0,2,0.5,0.139,5980.56,5.9806,19.29,0.218,-2.63,-23.48,0.0917,6024.0,6.024,535.8,6.86,76.93,cruise,-0.0193,-0.0858,-0.2033,0
12:58:18.237,57.0,76,1473.44,1546307680,-0.02,-0.08,-0.303,77.0,76.73,2019-01-01 07:24:40+05:30,1.0,1131.0,2,-2.0,-0.556,6001.67,6.0017,19.39,0.314,-3.65,-14.76,0.0802,5908.2,5.908,537.44,6.882,76.9,decel,-0.0086,-0.081,-0.2985,0
12:58:19.237,58.0,73,1415.38,1546307681,0.03,-0.057,-0.358,76.4,76.74,2019-01-01 07:24:41+05:30,1.0,1132.0,2,-3.0,-0.833,6021.94,6.0219,19.39,0.364,4.73,-9.02,0.0376,5862.9,5.863,539.06,6.903,76.88,decel,0.0193,-0.0563,-0.3646,0
12:58:20.237,59.0,70,1346.5,1546307682,0.03,-0.03,-0.375,73.4,76.79,2019-01-01 07:24:42+05:30,1.0,1133.0,2,-3.0,-0.833,6041.39,6.0414,19.24,0.377,4.56,-4.56,0.0348,5636.4,5.636,540.63,6.923,76.85,decel,0.0367,-0.0288,-0.3658,0
12:58:21.237,60.0,67,1285.56,1546307683,0.043,-0.02,-0.308,71.44,76.83,2019-01-01 07:24:43+05:30,1.0,1134.0,2,-2.5,-0.694,6060.0,6.06,19.19,0.312,7.93,-3.68,0.0532,5488.7,5.489,542.16,6.943,76.83,decel,0.0401,-0.0239,-0.3163,0
12:58:22.237,61.0,65,1260.3,1546307684,0.034,-0.04,-0.27,68.72,76.88,2019-01-01 07:24:44+05:30,1.0,1135.0,2,-1.0,-0.278,6078.06,6.0781,19.39,0.275,7.1,-8.36,0.0341,5283.2,5.283,543.62,6.962,76.81,decel,0.0362,-0.0365,-0.2665,0
12:58:23.237,62.0,65,1250.48,1546307685,0.023,-0.04,-0.24,68.5,76.88,2019-01-01 07:24:45+05:30,1.0,1136.0,2,1.0,0.278,6096.11,6.0961,19.24,0.244,5.4,-9.42,0.042,5266.3,5.266,545.09,6.981,76.79,accel,0.0196,-0.0391,-0.2374,0
12:58:24.237,63.0,67,1286.5,1546307686,-0.013,-0.02,-0.187,70.22,76.84,2019-01-01 07:24:46+05:30,1.0,1137.0,2,2.0,0.556,6114.72,6.1147,19.2,0.189,-3.95,-6.09,0.0467,5395.7,5.396,546.58,7.001,76.76,accel,-0.0087,-0.0262,-0.198,0
12:58:25.237,64.0,69,1339.22,1546307687,-0.024,-0.027,-0.147,72.57,76.79,2019-01-01 07:24:47+05:30,1.0,1138.0,2,2.5,0.694,6133.89,6.1339,19.41,0.151,-9.12,-10.27,0.0666,5572.7,5.573,548.13,7.021,76.74,accel,-0.0293,-0.0168,-0.1263,0
12:58:26.238,65.0,72,1389.22,1546307688,-0.037,-0.013,-0.057,75.42,76.73,2019-01-01 07:24:48+05:30,1.0,1139.0,2,2.5,0.694,6153.89,6.1539,19.29,0.069,-32.33,-10.83,0.0666,5787.0,5.787,549.74,7.042,76.72,accel,-0.029,-0.0254,-0.0821,0
12:58:27.237,66.0,74,1436.1,1546307689,0.0,-0.057,-0.187,76.76,76.69,2019-01-01 07:24:49+05:30,1.0,1140.0,2,2.0,0.556,6174.44,6.1744,19.41,0.195,0.0,-16.95,0.1401,5886.7,5.887,551.38,7.063,76.69,accel,-0.0116,-0.0452,-0.1626,0
12:58:28.237,67.0,76,1459.8,1546307690,0.007,-0.048,-0.337,77.56,76.67,2019-01-01 07:24:50+05:30,1.0,1141.0,2,0.0,0.0,6195.56,6.1956,19.21,0.34,1.18,-8.1,0.193,5946.5,5.947,553.03,7.085,76.66,cruise,0.0195,-0.0575,-0.3626,0
12:58:29.237,68.0,74,1425.68,1546307691,0.06,-0.065,-0.57,79.8,76.62,2019-01-01 07:24:51+05:30,1.0,1142.0,2,-3.5,-0.972,6216.11,6.2161,19.27,0.577,5.97,-6.47,0.1354,6114.3,6.114,554.73,7.107,76.64,decel,0.0513,-0.0573,-0.5451,0
12:58:30.238,69.0,69,1334.66,1546307692,0.05,-0.052,-0.573,74.0,76.73,2019-01-01 07:24:52+05:30,1.0,1143.0,2,-5.5,-1.528,6235.28,6.2353,19.34,0.578,4.97,-5.17,0.0257,5678.0,5.678,556.3,7.128,76.61,decel,0.0536,-0.0585,-0.59,0
12:58:31.237,70.0,63,1219.02,1546307693,0.027,-0.073,-0.527,66.16,76.89,2019-01-01 07:24:53+05:30,1.0,1144.0,2,-6.0,-1.667,6252.78,6.2528,19.35,0.533,2.91,-7.88,0.0638,5087.0,5.087,557.72,7.146,76.59,decel,0.025,-0.0685,-0.5193,0
12:58:32.237,71.0,57,1093.42,1546307694,0.013,-0.077,-0.447,59.04,77.02,2019-01-01 07:24:54+05:30,1.0,1145.0,2,-5.5,-1.528,6268.61,6.2686,19.18,0.454,1.64,-9.77,0.0462,4547.3,4.547,558.98,7.162,76.57,decel,0.0147,-0.0786,-0.4475,0
12:58:33.237,72.0,52,1002.48,1546307695,0.053,-0.077,-0.447,57.24,77.06,2019-01-01 07:24:55+05:30,1.0,1146.0,2,-4.0,-1.111,6283.06,6.2831,19.28,0.457,6.66,-9.71,0.0248,4410.9,4.411,560.2,7.178,76.56,decel,0.0531,-0.0785,-0.4512,0
12:58:34.237,73.0,49,951.82,1546307696,0.097,-0.073,-0.49,57.76,77.04,2019-01-01 07:24:56+05:30,1.0,1147.0,2,-1.5,-0.417,6296.67,6.2967,19.42,0.505,11.08,-8.31,0.0415,4449.8,4.45,561.44,7.194,76.54,decel,0.097,-0.0674,-0.4858,0
12:58:35.237,74.0,49,942.4,1546307697,0.09,-0.033,-0.407,57.41,77.05,2019-01-01 07:24:57+05:30,1.0,1148.0,2,0.5,0.139,6310.28,6.3103,19.23,0.418,12.43,-4.53,0.1549,4423.4,4.423,562.67,7.21,76.52,cruise,0.0871,-0.044,-0.4132,0
12:58:36.237,75.0,50,960.36,1546307698,0.03,-0.02,-0.19,54.79,77.1,2019-01-01 07:24:58+05:30,1.0,1149.0,2,1.5,0.417,6324.17,6.3242,19.21,0.193,8.92,-5.94,0.2612,4224.3,4.224,563.84,7.225,76.5,accel,0.0331,-0.0042,-0.1741,0
12:58:37.237,76.0,52,998.0,1546307699,-0.01,0.057,0.113,55.36,77.08,2019-01-01 07:24:59+05:30,1.0,1150.0,2,2.5,0.694,6338.61,6.3386,19.19,0.127,-4.52,26.68,0.2075,4267.1,4.267,565.03,7.241,76.48,accel,-0.0093,0.0403,0.0927,0
12:58:38.237,77.0,55,1054.92,1546307700,-0.02,0.05,0.207,59.31,77.0,2019-01-01 07:25:00+05:30,1.0,1151.0,2,3.5,0.972,6353.89,6.3539,19.18,0.214,-5.37,13.52,0.0688,4566.9,4.567,566.3,7.257,76.46,accel,-0.0231,0.0632,0.2193,0
12:58:39.238,78.0,59,1130.56,1546307701,-0.03,0.063,0.247,63.52,76.91,2019-01-01 07:25:01+05:30,1.0,1152.0,2,3.5,0.972,6370.28,6.3703,19.16,0.257,-6.71,14.21,0.04,4885.3,4.885,567.65,7.275,76.44,accel,-0.0281,0.0553,0.2397,0
12:58:40.237,79.0,62,1195.54,1546307702,-0.023,0.03,0.287,65.26,76.87,2019-01-01 07:25:02+05:30,1.0,1153.0,2,2.0,0.556,6387.5,6.3875,19.28,0.289,-4.56,5.95,0.0866,5016.5,5.017,569.05,7.293,76.42,accel,-0.0235,0.0322,0.2979,0
12:58:41.237,80.0,63,1221.04,1546307703,0.003,0.013,0.413,64.54,76.88,2019-01-01 07:25:03+05:30,1.0,1154.0,2,0.5,0.139,6405.0,6.405,19.38,0.413,0.42,1.8,0.0828,4961.8,4.962,570.42,7.311,76.4,cruise,0.0034,0.0153,0.4027,0
12:58:42.237,81.0,63,1207.42,1546307704,0.03,0.017,0.443,66.4,76.84,2019-01-01 07:25:04+05:30,1.0,1155.0,2,-1.0,-0.278,6422.5,6.4225,19.17,0.444,3.87,2.19,0.0163,5102.2,5.102,571.84,7.329,76.38,decel,0.0311,0.0124,0.4469,0
12:58:43.237,82.0,61,1178.2,1546307705,0.023,0.003,0.417,63.84,76.89,2019-01-01 07:25:05+05:30,1.0,1156.0,2,-2.0,-0.556,6439.44,6.4394,19.31,0.418,3.16,0.41,0.0301,4908.7,4.909,573.21,7.347,76.36,decel,0.0195,0.0083,0.4135,0
12:58:44.237,83.0,59,1137.14,1546307706,-0.03,-0.017,0.383,60.0,76.96,2019-01-01 07:25:06+05:30,1.0,1157.0,2,-1.5,-0.417,6455.83,6.4558,19.27,0.385,-4.47,-2.53,0.017,4617.6,4.618,574.49,7.364,76.34,decel,-0.0268,-0.0209,0.3911,0
12:58:45.237,84.0,58,1112.12,1546307707,-0.053,-0.07,0.4,59.0,76.97,2019-01-01 07:25:07+05:30,1.0,1158.0,2,-0.5,-0.139,6471.94,6.4719,19.17,0.41,-7.44,-9.84,0.0405,4541.2,4.541,575.75,7.38,76.32,cruise,-0.0548,-0.0699,0.3933,0
12:58:46.237,85.0,58,1120.66,1546307708,-0.037,-0.09,0.323,60.3,76.94,2019-01-01 07:25:08+05:30,1.0,1159.0,2,1.0,0.278,6488.06,6.4881,19.32,0.337,-6.3,-15.47,0.1225,4639.5,4.639,577.04,7.397,76.3,accel,-0.0339,-0.0884,0.3249,0
12:58:47.237,86.0,60,1163.94,1546307709,0.01,-0.043,0.16,64.43,76.86,2019-01-01 07:25:09+05:30,1.0,1160.0,2,2.5,0.694,6504.72,6.5047,19.4,0.166,3.45,-15.01,0.1665,4952.1,4.952,578.41,7.415,76.28,accel,0.0041,-0.0417,0.1565,0
12:58:48.237,87.0,63,1225.72,1546307710,0.0,0.027,-0.01,67.45,76.79,2019-01-01 07:25:10+05:30,1.0,1161.0,2,3.5,0.972,6522.22,6.5222,19.46,0.029,0.0,69.68,0.1153,5179.5,5.179,579.85,7.434,76.25,accel,0.0092,0.0239,-0.0037,0
12:58:49.237,88.0,67,1301.84,1546307711,-0.01,0.037,-0.06,71.97,76.7,2019-01-01 07:25:11+05:30,1.0,1162.0,2,4.5,1.25,6540.83,6.5408,19.43,0.071,-8.07,31.31,0.0271,5520.1,5.52,581.39,7.454,76.23,accel,-0.0243,0.0384,-0.0625,0
12:58:50.238,89.0,72,1384.7,1546307712,-0.073,0.01,-0.053,77.16,76.59,2019-01-01 07:25:12+05:30,1.0,1163.0,2,4.5,1.25,6560.83,6.5608,19.23,0.091,-53.54,6.33,0.004,5909.7,5.91,583.03,7.475,76.21,accel,-0.0542,0.0081,-0.0552,0
12:58:51.237,90.0,76,1468.12,1546307713,-0.03,-0.013,-0.053,81.01,76.51,2019-01-01 07:25:13+05:30,1.0,1164.0,2,4.0,1.111,6581.94,6.5819,19.32,0.062,-28.8,-12.05,0.004,6198.1,6.198,584.75,7.498,76.18,accel,-0.0492,-0.0076,-0.0522,0
12:58:52.237,91.0,80,1545.02,1546307714,-0.043,0.01,-0.06,84.6,76.43,2019-01-01 07:25:14+05:30,1.0,1165.0,2,-1.5,-0.417,6604.17,6.6042,19.31,0.074,-35.26,7.71,0.0051,6466.0,6.466,586.55,7.521,76.15,decel,-0.0257,0.0048,-0.0575,0
12:58:53.238,92.0,73,1611.94,1546307715,0.003,0.017,-0.05,77.38,76.57,2019-01-01 07:25:15+05:30,1.0,1166.0,2,-7.5,-2.083,6624.44,6.6244,22.08,0.053,3.25,18.75,0.0085,5925.0,5.925,588.19,7.543,76.13,decel,-0.013,0.0166,-0.052,0
12:58:54.237,93.0,65,1670.66,1546307716,-0.03,0.02,-0.043,68.78,76.74,2019-01-01 07:25:16+05:30,1.0,1167.0,2,-7.5,-2.083,6642.5,6.6425,25.7,0.056,-32.32,20.88,0.0051,5278.2,5.278,589.66,7.562,76.1,decel,-0.0158,0.0253,-0.0448,0
12:58:55.237,94.0,58,1722.98,1546307717,-0.012,0.047,-0.053,61.49,76.88,2019-01-01 07:25:17+05:30,1.0,1168.0,2,-7.0,-1.944,6658.61,6.6586,29.71,0.072,-9.61,40.86,0.005,4727.4,4.727,590.97,7.579,76.08,decel,-0.022,0.0422,-0.0476,0
12:58:56.237,95.0,51,1770.32,1546307718,-0.015,0.057,-0.047,54.22,77.02,2019-01-01 07:25:18+05:30,1.0,1169.0,2,-7.0,-1.944,6672.78,6.6728,34.71,0.075,-11.48,49.12,0.0081,4176.0,4.176,592.13,7.594,76.07,decel,-0.0128,0.0579,-0.0545,0
12:58:57.237,96.0,44,1811.92,1546307719,0.012,0.067,-0.063,47.95,77.14,2019-01-01 07:25:19+05:30,1.0,1170.0,2,-3.5,-0.972,6685.0,6.685,41.18,0.093,7.43,46.25,0.015,3698.9,3.699,593.16,7.607,76.05,decel,0.0191,0.0676,-0.0549,0
12:58:58.238,97.0,44,1849.88,1546307720,0.05,0.067,-0.033,50.78,77.08,2019-01-01 07:25:20+05:30,1.0,1171.0,2,0.0,0.0,6697.22,6.6972,42.04,0.09,33.8,48.2,0.0221,3914.1,3.914,594.25,7.621,76.03,cruise,0.0384,0.0705,-0.0406,0
12:58:59.237,98.0,44,1882.94,1546307721,-0.007,0.06,-0.02,46.43,77.17,2019-01-01 07:25:21+05:30,1.0,1172.0,2,0.0,0.0,6709.44,6.7094,42.79,0.064,-6.32,70.55,0.0182,3583.0,3.583,595.24,7.634,76.02,cruise,0.0031,0.0505,-0.014,0
12:59:00.237,99.0,44,1907.26,1546307722,-0.047,0.003,0.003,46.09,77.17,2019-01-01 07:25:22+05:30,1.0,1173.0,2,0.0,0.0,6721.67,6.7217,43.35,0.047,-84.84,3.64,0.0118,3556.8,3.557,596.23,7.647,76.0,cruise,-0.0564,0.0148,0.0015,0
12:59:01.237,100.0,44,1926.54,1546307723,-0.077,0.017,-0.013,45.82,77.17,2019-01-01 07:25:23+05:30,1.0,1174.0,2,0.0,0.0,6733.89,6.7339,43.78,0.08,-74.47,12.28,0.0367,3535.9,3.536,597.21,7.66,75.99,cruise,-0.0662,0.0054,-0.0179,0
12:59:02.237,101.0,44,1940.22,1546307724,-0.01,0.017,-0.067,45.0,77.19,2019-01-01 07:25:24+05:30,1.0,1175.0,2,-22.0,-6.111,6746.11,6.7461,44.1,0.07,-8.23,14.09,0.033,3473.6,3.474,598.18,7.672,75.97,decel,-0.0186,0.0304,-0.0581,0
12:59:12.572,1.0,0,1034.13,1546307734,0.02,0.06,-0.073,2.6,78.03,2019-01-01 07:25:34+05:30,5.0,1180.0,2,-19.0,-5.278,6746.11,6.7461,,0.097,11.95,38.4,0.0103,202.9,0.203,598.46,7.676,75.97,idle,0.0233,0.0452,-0.0818,1
12:59:13.572,2.0,6,128.04,1546307735,0.023,0.017,-0.087,8.84,77.91,2019-01-01 07:25:35+05:30,1.0,1181.0,2,6.5,1.806,6747.78,6.7478,21.34,0.092,14.55,10.7,0.0091,688.7,0.689,598.65,7.678,75.97,accel,0.0222,0.0276,-0.0798,0
12:59:14.572,3.0,13,253.12,1546307736,-0.003,0.01,-0.07,20.22,77.68,2019-01-01 07:25:36+05:30,1.0,1182.0,2,6.5,1.806,6751.39,6.7514,19.47,0.071,-2.43,8.12,0.0089,1570.7,1.571,599.09,7.684,75.96,accel,-0.0014,0.0074,-0.0751,0
12:59:15.571,4.0,19,376.72,1546307737,-0.017,0.007,-0.083,26.15,77.56,2019-01-01 07:25:37+05:30,1.0,1183.0,2,6.5,1.806,6756.67,6.7567,19.83,0.085,-11.54,4.72,0.0068,2028.2,2.028,599.65,7.691,75.95,accel,-0.0193,0.0042,-0.0809,0
12:59:16.572,5.0,26,498.94,1546307738,-0.023,0.003,-0.08,33.08,77.42,2019-01-01 07:25:38+05:30,1.0,1184.0,2,6.5,1.806,6763.89,6.7639,19.19,0.083,-16.03,2.06,0.0125,2561.1,2.561,600.36,7.7,75.94,accel,-0.0217,0.0065,-0.0807,0
12:59:17.572,6.0,32,619.96,1546307739,-0.01,0.01,-0.06,35.8,77.36,2019-01-01 07:25:39+05:30,1.0,1185.0,2,2.5,0.694,6772.78,6.7728,19.37,0.062,-9.34,9.34,0.0289,2769.5,2.769,601.13,7.71,75.93,accel,-0.0088,0.008,-0.0575,0
12:59:18.571,7.0,31,611.08,1546307740,0.013,0.01,-0.023,33.04,77.41,2019-01-01 07:25:40+05:30,1.0,1186.0,2,-0.5,-0.139,6781.39,6.7814,19.71,0.028,27.4,20.73,0.0203,2557.6,2.558,601.84,7.719,75.92,cruise,0.0096,0.0111,-0.0278,0
12:59:19.572,8.0,31,604.16,1546307741,0.017,0.013,-0.027,33.36,77.41,2019-01-01 07:25:41+05:30,1.0,1187.0,2,0.0,0.0,6790.0,6.79,19.49,0.034,29.57,22.17,0.0072,2582.4,2.582,602.56,7.729,75.91,cruise,0.0213,0.012,-0.0213,0
12:59:20.572,9.0,31,596.96,1546307742,0.027,0.007,-0.037,34.16,77.39,2019-01-01 07:25:42+05:30,1.0,1188.0,2,-0.5,-0.139,6798.61,6.7986,19.26,0.046,35.64,8.69,0.0299,2643.6,2.644,603.29,7.738,75.9,cruise,0.0229,0.0081,-0.0432,0
12:59:21.571,10.0,30,588.78,1546307743,0.013,0.003,-0.083,32.04,77.43,2019-01-01 07:25:43+05:30,1.0,1189.0,2,-0.5,-0.139,6806.94,6.8069,19.63,0.084,8.9,2.05,0.0369,2480.9,2.481,603.98,7.747,75.89,cruise,0.0169,0.0018,-0.0769,0
12:59:22.572,11.0,30,579.38,1546307744,0.013,-0.007,-0.11,32.04,77.43,2019-01-01 07:25:44+05:30,1.0,1190.0,2,-0.5,-0.139,6815.28,6.8153,19.31,0.111,6.73,-3.62,0.0407,2480.9,2.481,604.67,7.756,75.88,cruise,0.0087,-0.0056,-0.114,0
12:59:23.572,12.0,29,569.28,1546307745,0.0,-0.013,-0.163,30.0,77.46,2019-01-01 07:25:45+05:30,1.0,1191.0,2,-0.5,-0.139,6823.33,6.8233,19.63,0.164,0.0,-4.56,0.0515,2323.8,2.324,605.32,7.764,75.87,cruise,0.0052,-0.0146,-0.1616,0
12:59:24.571,13.0,29,556.12,1546307746,0.013,-0.023,-0.213,31.04,77.44,2019-01-01 07:25:46+05:30,1.0,1192.0,2,-0.5,-0.139,6831.39,6.8314,19.18,0.215,3.47,-6.15,0.0391,2403.7,2.404,605.98,7.773,75.86,cruise,0.0075,-0.0218,-0.2137,0
12:59:25.572,14.0,28,538.96,1546307747,0.007,-0.02,-0.24,29.56,77.47,2019-01-01 07:25:47+05:30,1.0,1193.0,2,-1.0,-0.278,6839.17,6.8392,19.25,0.241,1.66,-4.76,0.014,2290.0,2.29,606.62,7.781,75.85,decel,0.0119,-0.0202,-0.2395,0
12:59:26.572,15.0,27,519.34,1546307748,0.023,-0.007,-0.22,29.84,77.46,2019-01-01 07:25:48+05:30,1.0,1194.0,2,-1.0,-0.278,6846.67,6.8467,19.23,0.221,5.97,-1.81,0.0456,2311.4,2.311,607.26,7.789,75.84,decel,0.0185,-0.0079,-0.2182,0
12:59:27.571,16.0,26,498.24,1546307749,0.017,0.003,-0.153,28.36,77.49,2019-01-01 07:25:49+05:30,1.0,1195.0,2,-1.5,-0.417,6853.89,6.8539,19.16,0.154,6.34,1.12,0.0635,2197.6,2.198,607.87,7.797,75.83,decel,0.0222,0.005,-0.1587,0
12:59:28.571,17.0,24,476.38,1546307750,0.017,0.007,-0.093,26.36,77.53,2019-01-01 07:25:50+05:30,1.0,1196.0,2,-1.5,-0.417,6860.56,6.8606,19.85,0.095,10.33,4.23,0.0615,2043.7,2.044,608.44,7.805,75.82,decel,0.0122,0.005,-0.0849,0
12:59:29.572,18.0,23,455.4,1546307751,0.0,-0.003,-0.03,24.0,77.57,2019-01-01 07:25:51+05:30,1.0,1197.0,2,-1.0,-0.278,6866.94,6.8669,19.8,0.03,0.0,-5.71,0.0326,1861.7,1.862,608.96,7.811,75.81,decel,-0.0001,-0.0039,-0.0358,0
12:59:30.572,19.0,22,437.3,1546307752,0.007,-0.007,-0.047,23.56,77.58,2019-01-01 07:25:52+05:30,1.0,1198.0,2,-1.0,-0.278,6873.06,6.8731,19.88,0.048,8.38,-8.38,0.0293,1827.8,1.828,609.46,7.818,75.8,decel,0.0146,-0.0017,-0.046,0
12:59:31.571,20.0,21,420.84,1546307753,0.057,0.02,-0.087,26.56,77.52,2019-01-01 07:25:53+05:30,1.0,1199.0,2,-1.0,-0.278,6878.89,6.8789,20.04,0.106,32.56,10.88,0.025,2058.9,2.059,610.04,7.825,75.79,decel,0.0457,0.0127,-0.0874,0
12:59:32.572,21.0,20,400.72,1546307754,0.033,0.013,-0.093,23.64,77.58,2019-01-01 07:25:54+05:30,1.0,1200.0,2,-1.0,-0.278,6884.44,6.8844,20.04,0.1,19.36,7.5,0.0216,1834.0,1.834,610.55,7.832,75.79,decel,0.0442,0.0193,-0.0903,0
12:59:33.572,22.0,19,377.04,1546307755,0.013,0.02,-0.053,67.74,76.69,2019-01-01 07:25:55+05:30,1.0,1201.0,2,-1.0,-0.278,6889.72,6.8897,19.84,0.058,12.92,20.13,0.0319,5195.0,5.195,611.99,7.851,75.76,decel,0.0013,0.0147,-0.0524,0
12:59:34.572,23.0,18,2268.64,1546307756,-0.047,0.007,-0.03,65.61,76.73,2019-01-01 07:25:56+05:30,1.0,1202.0,2,-1.5,-0.417,6894.72,6.8947,126.04,0.056,-56.76,7.16,0.025,5034.3,5.034,613.39,7.869,75.74,decel,-0.0351,0.0123,-0.039,0
12:59:35.571,24.0,16,2241.62,1546307757,-0.023,0.013,-0.08,17.0,77.7,2019-01-01 07:25:57+05:30,1.0,1203.0,2,-2.0,-0.556,6899.17,6.8992,140.1,0.084,-15.84,8.88,0.0298,1320.9,1.321,613.75,7.874,75.74,decel,-0.0311,0.0091,-0.0668,0
12:59:36.571,25.0,14,2210.6,1546307758,-0.007,-0.007,-0.083,15.0,77.74,2019-01-01 07:25:58+05:30,1.0,1204.0,2,-1.5,-0.417,6903.06,6.9031,157.9,0.084,-4.8,-4.8,0.0206,1166.1,1.166,614.08,7.878,75.73,decel,-0.0044,-0.0062,-0.094,0
12:59:37.572,26.0,13,2182.34,1546307759,0.017,-0.023,-0.117,15.36,77.73,2019-01-01 07:25:59+05:30,1.0,1205.0,2,-1.0,-0.278,6906.67,6.9067,167.87,0.12,8.11,-11.01,0.0186,1193.9,1.194,614.41,7.882,75.73,decel,0.0178,-0.022,-0.108,0
12:59:38.572,27.0,12,2154.58,1546307760,0.03,-0.017,-0.113,15.4,77.73,2019-01-01 07:26:00+05:30,1.0,1206.0,2,-1.5,-0.417,6910.0,6.91,179.55,0.118,14.71,-8.27,0.0106,1197.0,1.197,614.74,7.886,75.72,decel,0.0285,-0.0175,-0.1231,0
12:59:39.572,28.0,10,206.74,1546307761,0.027,-0.0,-0.133,13.16,77.77,2019-01-01 07:26:01+05:30,1.0,1207.0,2,-2.0,-0.556,6912.78,6.9128,20.67,0.136,11.48,-0.0,0.0252,1023.5,1.023,615.03,7.89,75.72,decel,0.0282,0.0004,-0.123,0
12:59:40.571,29.0,8,171.52,1546307762,0.02,0.01,-0.083,10.6,77.82,2019-01-01 07:26:02+05:30,1.0,1208.0,2,-1.5,-0.417,6915.0,6.915,21.44,0.086,13.45,6.68,0.0451,824.9,0.825,615.26,7.893,75.71,decel,0.0189,0.0081,-0.0884,0
12:59:41.572,30.0,7,136.98,1546307763,0.007,-0.0,-0.043,8.56,77.86,2019-01-01 07:26:03+05:30,1.0,1209.0,2,-2.0,-0.556,6916.94,6.9169,19.57,0.044,9.25,-0.0,0.0319,666.5,0.666,615.44,7.895,75.71,decel,0.0081,0.0028,-0.0431,0
12:59:42.572,31.0,4,94.84,1546307764,0.003,-0.0,-0.02,5.24,77.93,2019-01-01 07:26:04+05:30,1.0,1210.0,2,-2.0,-0.556,6918.06,6.9181,23.71,0.02,8.53,-0.0,0.0169,408.4,0.408,615.55,7.897,75.71,decel,0.0022,-0.0022,-0.0179,0
12:59:43.572,32.0,3,59.08,1546307765,-0.0,-0.003,-0.01,4.0,77.95,2019-01-01 07:26:05+05:30,1.0,1211.0,2,-1.5,-0.417,6918.89,6.9189,19.69,0.01,-0.0,-16.7,0.0058,311.8,0.312,615.64,7.898,75.71,decel,0.0003,-0.0019,-0.0112,0
12:59:44.571,33.0,1,31.3,1546307766,0.0,-0.0,-0.01,2.0,77.99,2019-01-01 07:26:06+05:30,1.0,1212.0,2,-1.5,-0.417,6919.17,6.9192,,0.01,0.0,-0.0,0.0,156.0,0.156,615.68,7.898,75.71,decel,-0.0001,-0.0004,-0.0102,0
12:59:45.572,34.0,0,12.4,1546307767,0.0,-0.0,-0.01,1.0,78.01,2019-01-01 07:26:07+05:30,1.0,1213.0,2,-0.5,-0.139,6919.17,6.9192,,0.01,0.0,-0.0,0.0,78.0,0.078,615.71,7.899,75.71,idle,-0.0,0.0001,-0.0095,1
12:59:46.572,35.0,0,0.0,1546307768,0.0,-0.0,-0.01,1.0,78.01,2019-01-01 07:26:08+05:30,1.0,1214.0,2,0.0,0.0,6919.17,6.9192,,0.01,0.0,-0.0,0.0,78.0,0.078,615.73,7.899,75.71,idle,0.0001,-0.0001,-0.0094,1
12:59:47.572,36.0,0,0.0,1546307769,-0.0,-0.0,-0.01,1.0,78.01,2019-01-01 07:26:09+05:30,1.0,1215.0,2,0.0,0.0,6919.17,6.9192,,0.01,-0.0,-0.0,0.0,78.0,0.078,615.75,7.899,75.71,idle,-0.0002,0.0001,-0.0117,1
12:59:48.571,37.0,0,0.0,1546307770,0.0,-0.0,-0.01,1.0,78.01,2019-01-01 07:26:10+05:30,1.0,1216.0,2,0.0,0.0,6919.17,6.9192,,0.01,0.0,-0.0,0.0,78.0,0.078,615.77,7.899,75.71,idle,0.0001,0.0001,-0.0101,1
12:59:49.571,38.0,0,0.0,1546307771,0.0,-0.0,-0.01,1.0,78.01,2019-01-01 07:26:11+05:30,1.0,1217.0,2,0.0,0.0,6919.17,6.9192,,0.01,0.0,-0.0,0.0,78.0,0.078,615.79,7.9,75.71,idle,0.0004,-0.0006,-0.0051,1
12:59:50.571,39.0,0,0.0,1546307772,0.0,-0.0,-0.01,1.0,78.01,2019-01-01 07:26:12+05:30,1.0,1218.0,2,0.0,0.0,6919.17,6.9192,,0.01,0.0,-0.0,0.004,78.0,0.078,615.81,7.9,75.71,idle,-0.0006,0.0009,-0.0159,1
12:59:51.572,40.0,0,0.0,1546307773,0.003,0.01,-0.017,1.0,78.01,2019-01-01 07:26:13+05:30,1.0,1219.0,2,0.0,0.0,6919.17,6.9192,,0.02,8.65,30.08,0.014,78.0,0.078,615.84,7.9,75.71,idle,0.0023,0.0092,-0.0214,1
12:59:52.572,41.0,0,0.0,1546307774,0.013,0.02,0.01,1.0,78.01,2019-01-01 07:26:14+05:30,1.0,1220.0,2,1.5,0.417,6919.17,6.9192,,0.026,30.17,50.65,0.0445,78.0,0.078,615.86,7.901,75.71,idle,0.0162,0.0208,0.0279,1
12:59:53.572,42.0,3,74.12,1546307775,0.037,0.023,0.07,11.58,77.8,2019-01-01 07:26:15+05:30,1.0,1221.0,2,4.5,1.25,6920.0,6.92,24.71,0.082,26.66,16.2,0.0792,900.9,0.901,616.11,7.904,75.7,accel,0.0323,0.0228,0.0553,0
12:59:54.572,43.0,9,184.6,1546307776,0.03,0.007,-0.087,17.7,77.68,2019-01-01 07:26:16+05:30,1.0,1222.0,2,5.5,1.528,6922.5,6.9225,20.51,0.092,18.97,4.35,0.2053,1374.9,1.375,616.49,7.909,75.7,accel,0.0345,0.0061,-0.089,0
12:59:55.572,44.0,14,286.26,1546307777,0.03,-0.02,-0.337,22.89,77.57,2019-01-01 07:26:17+05:30,1.0,1223.0,2,6.0,1.667,6926.39,6.9264,20.45,0.339,5.08,-3.38,0.1629,1775.6,1.776,616.98,7.915,75.69,accel,0.0256,-0.0188,-0.3301,0
12:59:56.572,45.0,21,404.12,1546307778,0.017,-0.03,-0.393,30.1,77.43,2019-01-01 07:26:18+05:30,1.0,1224.0,2,7.5,2.083,6932.22,6.9322,19.24,0.395,2.47,-4.36,0.0845,2330.6,2.331,617.63,7.923,75.68,accel,0.0216,-0.0307,-0.3951,0
13:00:02.874,0.0,29,556.04,1546307779,0.027,-0.023,-0.227,32.16,77.38,2019-01-01 07:26:19+05:30,1.0,1225.0,2,-10.5,-2.917,6940.28,6.9403,19.17,0.23,6.75,-5.75,0.1973,2488.5,2.489,618.32,7.932,75.67,decel,0.0236,-0.0225,-0.2164,0
13:00:03.874,0.0,0,0.0,1546307782,0.02,-0.007,0.0,1.0,78.01,2019-01-01 07:26:22+05:30,3.0,1228.0,2,-8.0,-2.222,6940.28,6.9403,,0.021,70.71,-19.29,0.1311,78.0,0.078,618.39,7.933,75.67,idle,0.0207,-0.0075,-0.0244,1
13:00:04.874,0.0,13,0.0,1546307784,0.01,0.0,0.0,14.8,77.73,2019-01-01 07:26:24+05:30,2.0,1230.0,2,12.5,3.472,6947.5,6.9475,0.0,0.01,90.0,0.0,0.0,1150.4,1.15,619.03,7.941,75.66,accel,0.0107,0.0002,0.0201,0
13:00:05.874,0.0,25,0.0,1546307786,-0.008,0.0,0.0,26.0,77.5,2019-01-01 07:26:26+05:30,2.0,1232.0,2,12.5,3.472,6961.39,6.9614,0.0,0.008,-90.0,0.0,0.0,2015.0,2.015,620.14,7.956,75.64,accel,-0.0069,0.0,-0.0033,0
13:00:06.874,0.0,38,0.0,1546307789,-0.033,0.0,0.0,39.0,77.24,2019-01-01 07:26:29+05:30,3.0,1235.0,2,12.5,3.472,6993.06,6.9931,0.0,0.033,-90.0,0.0,0.0058,3012.4,3.012,622.66,7.988,75.6,accel,-0.0374,-0.0004,-0.0058,0
13:00:07.874,0.0,50,0.0,1546307792,-0.067,-0.007,-0.01,81.22,76.39,2019-01-01 07:26:32+05:30,3.0,1238.0,2,12.5,3.472,7034.72,7.0347,0.0,0.068,-79.67,-5.9,0.0115,6204.4,6.204,627.83,8.056,75.52,accel,-0.0621,-0.0048,-0.0068,0
13:00:12.090,10.0,63,1208.76,1546307794,-0.039,-0.02,-0.023,96.31,76.08,2019-01-01 07:26:34+05:30,2.0,1240.0,2,8.5,2.361,7069.72,7.0697,19.19,0.049,-51.99,-23.83,0.0089,7327.3,7.327,631.9,8.11,75.46,accel,-0.0422,-0.024,-0.021,0
13:00:13.090,11.0,67,1292.32,1546307795,0.02,-0.047,-0.027,73.56,76.53,2019-01-01 07:26:35+05:30,1.0,1241.0,2,4.0,1.111,7088.33,7.0883,19.29,0.058,20.25,-54.44,0.0089,5629.5,5.63,633.46,8.13,75.44,accel,0.023,-0.0441,-0.0307,0
13:00:14.090,12.0,71,1367.1,1546307796,0.087,-0.03,-0.04,82.55,76.35,2019-01-01 07:26:36+05:30,1.0,1242.0,2,3.5,0.972,7108.06,7.1081,19.25,0.1,60.11,-17.4,0.0085,6302.7,6.303,635.21,8.153,75.41,accel,0.0832,-0.0309,-0.0373,0
13:00:15.090,13.0,74,1435.74,1546307797,0.092,0.003,-0.043,85.58,76.28,2019-01-01 07:26:37+05:30,1.0,1243.0,2,3.5,0.972,7128.61,7.1286,19.4,0.102,64.9,1.69,0.0035,6528.0,6.528,637.02,8.177,75.38,accel,0.0951,0.0061,-0.0454,0
13:00:16.090,14.0,78,1495.88,1546307798,0.065,0.017,-0.047,86.97,76.25,2019-01-01 07:26:38+05:30,1.0,1244.0,2,3.0,0.833,7150.28,7.1503,19.18,0.082,52.44,11.97,0.0106,6631.5,6.631,638.87,8.201,75.35,accel,0.0631,0.0106,-0.0441,0
13:00:17.091,15.0,80,1546.52,1546307799,0.022,-0.027,-0.027,85.07,76.28,2019-01-01 07:26:39+05:30,1.0,1245.0,2,0.0,0.0,7172.5,7.1725,19.33,0.044,29.95,-37.78,0.0153,6489.1,6.489,640.67,8.224,75.32,cruise,0.023,-0.0232,-0.0298,0
13:00:18.090,16.0,78,1588.42,1546307800,0.003,-0.03,-0.017,81.19,76.35,2019-01-01 07:26:40+05:30,1.0,1246.0,2,-1.5,-0.417,7194.17,7.1942,20.36,0.035,4.97,-60.08,0.0085,6198.9,6.199,642.39,8.247,75.3,decel,0.0026,-0.0292,-0.0148,0
13:00:19.090,17.0,77,1624.52,1546307801,-0.003,0.01,-0.01,79.68,76.38,2019-01-01 07:26:41+05:30,1.0,1247.0,2,-1.0,-0.278,7215.56,7.2156,21.1,0.014,-11.98,43.77,0.0101,6086.0,6.086,644.08,8.269,75.27,decel,-0.001,0.0114,-0.0123,0
13:00:20.090,18.0,76,1655.46,1546307802,0.0,0.04,-0.03,78.44,76.4,2019-01-01 07:26:42+05:30,1.0,1248.0,2,-1.5,-0.417,7236.67,7.2367,21.78,0.05,0.0,53.13,0.0166,5992.8,5.993,645.75,8.291,75.25,decel,-0.0048,0.0328,-0.0263,0
13:00:21.091,19.0,74,1682.06,1546307803,-0.007,0.003,-0.043,76.29,76.43,2019-01-01 07:26:43+05:30,1.0,1249.0,2,-2.0,-0.556,7257.22,7.2572,22.73,0.044,-9.22,3.94,0.0232,5830.8,5.831,647.37,8.312,75.22,decel,-0.002,0.0097,-0.0492,0
13:00:22.090,20.0,72,1707.16,1546307804,0.03,0.003,-0.075,76.63,76.42,2019-01-01 07:26:44+05:30,1.0,1250.0,2,-1.0,-0.278,7277.22,7.2772,23.71,0.081,21.79,2.13,0.0262,5856.1,5.856,648.99,8.333,75.2,decel,0.0277,0.0006,-0.0679,0
13:00:23.090,21.0,72,1731.42,1546307805,0.067,0.027,-0.095,79.0,76.37,2019-01-01 07:26:45+05:30,1.0,1251.0,2,0.0,0.0,7297.22,7.2972,24.05,0.119,34.15,13.08,0.0558,6033.2,6.033,650.67,8.355,75.17,cruise,0.0679,0.0298,-0.098,0
13:00:24.091,22.0,72,1732.68,1546307806,0.08,0.05,-0.18,79.4,76.36,2019-01-01 07:26:46+05:30,1.0,1252.0,2,-2.0,-0.556,7317.22,7.3172,24.06,0.203,23.18,14.24,0.1109,6063.0,6.063,652.35,8.377,75.14,decel,0.0779,0.0437,-0.1827,0
13:00:56.090,54.0,68,1304.02,1546307838,0.047,0.01,-0.315,72.76,76.49,2019-01-01 07:27:18+05:30,5.0,1257.0,2,-6.0,-1.667,7411.67,7.4117,19.18,0.319,8.48,1.8,0.1042,5565.4,5.565,660.08,8.478,75.03,decel,0.0496,0.0153,-0.3112,0
13:00:57.090,55.0,60,1153.82,1546307839,0.013,-0.013,-0.385,62.04,76.7,2019-01-01 07:27:19+05:30,1.0,1258.0,2,-7.5,-2.083,7428.33,7.4283,19.23,0.385,1.93,-1.93,0.0351,4758.5,4.758,661.4,8.496,75.01,decel,0.0114,-0.0139,-0.3884,0
13:00:58.091,56.0,53,1022.44,1546307840,-0.013,-0.013,-0.345,54.0,76.85,2019-01-01 07:27:20+05:30,1.0,1259.0,2,-6.5,-1.806,7443.06,7.4431,19.29,0.345,-2.16,-2.16,0.1002,4149.9,4.15,662.56,8.511,74.99,decel,-0.0119,-0.0143,-0.3392,0
13:00:59.090,57.0,47,908.6,1546307841,-0.013,-0.007,-0.195,48.0,76.97,2019-01-01 07:27:21+05:30,1.0,1260.0,2,-5.0,-1.389,7456.11,7.4561,19.33,0.196,-3.81,-2.05,0.1353,3694.6,3.695,663.58,8.524,74.97,decel,-0.0149,-0.0056,-0.2012,0
13:01:00.090,58.0,43,830.8,1546307842,-0.01,-0.003,-0.075,44.0,77.05,2019-01-01 07:27:22+05:30,1.0,1261.0,2,-4.5,-1.25,7468.06,7.4681,19.32,0.076,-7.59,-2.27,0.0961,3390.2,3.39,664.52,8.536,74.96,decel,-0.0065,-0.0053,-0.0722,0
13:01:01.091,59.0,38,744.48,1546307843,0.0,-0.007,-0.005,39.0,77.14,2019-01-01 07:27:23+05:30,1.0,1262.0,2,-4.0,-1.111,7478.61,7.4786,19.59,0.009,0.0,-54.46,0.0473,3008.5,3.008,665.36,8.547,74.94,decel,-0.0038,-0.0032,-0.0047,0
13:01:02.091,60.0,35,677.44,1546307844,-0.013,0.013,0.015,36.0,77.2,2019-01-01 07:27:24+05:30,1.0,1263.0,2,-3.0,-0.833,7488.33,7.4883,19.36,0.024,-33.22,33.22,0.0101,2779.2,2.779,666.13,8.557,74.93,decel,-0.0124,0.0091,0.0132,0
13:01:03.090,61.0,32,621.52,1546307845,-0.023,0.02,0.008,33.0,77.26,2019-01-01 07:27:25+05:30,1.0,1264.0,2,-2.5,-0.694,7497.22,7.4972,19.42,0.032,-46.88,39.4,0.0036,2549.6,2.55,666.84,8.566,74.92,decel,-0.0185,0.0226,0.0108,0
13:01:04.090,62.0,30,578.72,1546307846,-0.007,0.027,0.01,31.0,77.3,2019-01-01 07:27:26+05:30,1.0,1265.0,2,-2.0,-0.556,7505.56,7.5056,19.29,0.03,-13.66,65.67,0.0036,2396.3,2.396,667.51,8.575,74.91,decel,-0.0152,0.026,0.0066,0
13:01:05.090,63.0,28,544.0,1546307847,-0.02,0.017,0.003,29.0,77.34,2019-01-01 07:27:27+05:30,1.0,1266.0,2,-2.0,-0.556,7513.33,7.5133,19.43,0.026,-49.2,40.05,0.0051,2242.9,2.243,668.13,8.583,74.9,decel,-0.0106,0.0166,0.0068,0
13:01:06.091,64.0,26,510.7,1546307848,0.003,-0.003,0.013,27.24,77.37,2019-01-01 07:27:28+05:30,1.0,1267.0,2,-2.0,-0.556,7520.56,7.5206,19.64,0.014,12.67,-12.67,0.005,2107.6,2.108,668.71,8.59,74.89,decel,-0.0065,-0.0014,0.0092,0
13:01:07.090,65.0,24,478.38,1546307849,-0.007,-0.013,0.007,25.0,77.41,2019-01-01 07:27:29+05:30,1.0,1268.0,2,-1.5,-0.417,7527.22,7.5272,19.93,0.016,-25.37,-52.71,0.0065,1935.2,1.935,669.25,8.597,74.89,decel,0.0023,-0.0162,0.0105,0
13:01:08.090,66.0,23,445.68,1546307850,0.02,-0.02,0.02,25.6,77.4,2019-01-01 07:27:30+05:30,1.0,1269.0,2,-1.5,-0.417,7533.61,7.5336,19.38,0.035,35.26,-35.26,0.0115,1981.4,1.981,669.8,8.605,74.88,decel,0.0118,-0.0152,0.0161,0
13:01:09.091,67.0,21,413.52,1546307851,0.007,0.003,0.03,22.56,77.46,2019-01-01 07:27:31+05:30,1.0,1270.0,2,-2.0,-0.556,7539.44,7.5394,19.69,0.031,13.07,5.56,0.0225,1747.5,1.747,670.29,8.611,74.87,decel,0.013,-0.002,0.0345,0
13:01:10.090,68.0,19,379.74,1546307852,0.007,0.003,0.063,20.56,77.5,2019-01-01 07:27:32+05:30,1.0,1271.0,2,-2.0,-0.556,7544.72,7.5447,19.99,0.063,6.33,2.71,0.0203,1593.4,1.593,670.73,8.616,74.86,decel,0.0034,0.0068,0.0593,0
13:01:11.090,69.0,17,344.68,1546307853,-0.013,0.007,0.067,18.0,77.55,2019-01-01 07:27:33+05:30,1.0,1272.0,2,-1.5,-0.417,7549.44,7.5494,20.28,0.069,-10.92,5.86,0.005,1395.9,1.396,671.12,8.621,74.86,decel,-0.0111,0.0042,0.0691,0
13:01:12.091,70.0,16,307.52,1546307854,-0.02,-0.003,0.057,17.0,77.57,2019-01-01 07:27:34+05:30,1.0,1273.0,2,-1.5,-0.417,7553.89,7.5539,19.22,0.06,-19.31,-2.84,0.0191,1318.7,1.319,671.48,8.626,74.85,decel,-0.0212,-0.0008,0.0556,0
13:01:13.091,71.0,14,269.62,1546307855,-0.02,-0.0,0.03,15.0,77.6,2019-01-01 07:27:35+05:30,1.0,1274.0,2,-2.5,-0.694,7557.78,7.5578,19.26,0.036,-33.69,-0.0,0.0236,1164.0,1.164,671.81,8.63,74.85,decel,-0.0189,-0.0012,0.0314,0
13:01:14.090,72.0,11,228.06,1546307856,-0.007,-0.0,0.01,12.0,77.66,2019-01-01 07:27:36+05:30,1.0,1275.0,2,-2.5,-0.694,7560.83,7.5608,20.73,0.012,-34.99,-0.0,0.0185,931.9,0.932,672.07,8.634,74.84,decel,-0.0074,0.0001,0.0092,0
13:01:15.091,73.0,9,190.3,1546307857,0.003,-0.0,-0.007,10.24,77.7,2019-01-01 07:27:37+05:30,1.0,1276.0,2,-1.5,-0.417,7563.33,7.5633,21.14,0.008,23.2,-0.0,0.0137,795.6,0.796,672.29,8.637,74.84,decel,0.002,0.0003,-0.0076,0
13:01:16.090,74.0,8,155.78,1546307858,0.003,-0.0,-0.017,9.24,77.72,2019-01-01 07:27:38+05:30,1.0,1277.0,2,-1.5,-0.417,7565.56,7.5656,19.47,0.017,10.01,-0.0,0.005,718.1,0.718,672.49,8.639,74.84,decel,0.005,0.0001,-0.0157,0
13:01:17.090,75.0,6,123.1,1546307859,0.007,0.0,-0.013,7.56,77.75,2019-01-01 07:27:39+05:30,1.0,1278.0,2,-2.0,-0.556,7567.22,7.5672,20.52,0.015,28.3,0.0,0.005,587.8,0.588,672.65,8.641,74.83,decel,0.0051,-0.0005,-0.0135,0
13:01:18.091,76.0,4,85.32,1546307860,0.003,-0.003,-0.007,5.24,77.8,2019-01-01 07:27:40+05:30,1.0,1279.0,2,-1.5,-0.417,7568.33,7.5683,21.33,0.008,21.5,-21.5,0.0035,407.7,0.408,672.76,8.643,74.83,decel,0.0043,-0.0024,-0.008,0
13:01:19.090,77.0,3,61.5,1546307861,0.003,-0.003,-0.007,4.24,77.82,2019-01-01 07:27:41+05:30,1.0,1280.0,2,-1.5,-0.417,7569.17,7.5692,20.5,0.008,21.5,-21.5,0.0023,330.0,0.33,672.86,8.644,74.83,decel,0.0022,-0.0036,-0.0052,0
13:01:20.091,78.0,1,37.08,1546307862,0.0,-0.003,-0.003,2.0,77.86,2019-01-01 07:27:42+05:30,1.0,1281.0,2,-1.0,-0.278,7569.44,7.5694,,0.004,0.0,-45.0,0.0023,155.7,0.156,672.9,8.644,74.83,decel,0.0004,-0.0024,-0.0048,0
13:01:21.090,79.0,1,22.82,1546307863,-0.0,-0.0,-0.007,2.0,77.86,2019-01-01 07:27:43+05:30,1.0,1282.0,2,-0.5,-0.139,7569.72,7.5697,,0.007,-0.0,-0.0,0.0023,155.7,0.156,672.94,8.645,74.83,cruise,-0.0002,-0.0005,-0.0057,0
13:01:22.091,80.0,0,9.94,1546307864,0.0,-0.0,-0.007,1.0,77.88,2019-01-01 07:27:44+05:30,1.0,1283.0,2,-0.5,-0.139,7569.72,7.5697,,0.007,0.0,-0.0,0.0017,77.9,0.078,672.96,8.645,74.83,idle,-0.0,0.0002,-0.0078,1
13:01:23.090,81.0,0,9.94,1546307865,0.0,-0.0,-0.01,1.0,77.88,2019-01-01 07:27:45+05:30,1.0,1284.0,2,0.0,0.0,7569.72,7.5697,,0.01,0.0,-0.0,0.0017,77.9,0.078,672.99,8.646,74.83,idle,0.0001,0.0001,-0.0097,1
13:01:24.090,82.0,0,5.42,1546307866,0.0,-0.0,-0.01,1.0,77.88,2019-01-01 07:27:46+05:30,1.0,1285.0,2,0.0,0.0,7569.72,7.5697,,0.01,0.0,-0.0,0.0,77.9,0.078,673.01,8.646,74.83,idle,-0.0,0.0001,-0.0101,1
13:01:25.091,83.0,0,5.42,1546307867,0.0,-0.0,-0.01,1.0,77.88,2019-01-01 07:27:47+05:30,1.0,1286.0,2,0.0,0.0,7569.72,7.5697,,0.01,0.0,-0.0,0.0,77.9,0.078,673.03,8.646,74.83,idle,-0.0001,-0.0006,-0.0098,1
13:01:26.090,84.0,0,0.0,1546307868,0.0,-0.003,-0.01,1.0,77.88,2019-01-01 07:27:48+05:30,1.0,1287.0,2,0.0,0.0,7569.72,7.5697,,0.01,0.0,-16.7,0.0,77.9,0.078,673.05,8.646,74.83,idle,0.0002,-0.0021,-0.0105,1
13:01:27.091,85.0,0,0.0,1546307869,0.0,-0.003,-0.01,1.0,77.88,2019-01-01 07:27:49+05:30,1.0,1288.0,2,0.0,0.0,7569.72,7.5697,,0.01,0.0,-16.7,0.0,77.9,0.078,673.07,8.647,74.83,idle,0.0,-0.0036,-0.0101,1
13:01:28.090,86.0,0,0.0,1546307870,0.0,-0.003,-0.01,1.0,77.88,2019-01-01 07:27:50+05:30,1.0,1289.0,2,0.0,0.0,7569.72,7.5697,,0.01,0.0,-16.7,0.0,77.9,0.078,673.09,8.647,74.83,idle,-0.0005,-0.0033,-0.0082,1
13:01:29.090,87.0,0,0.0,1546307871,0.0,-0.0,-0.01,1.0,77.88,2019-01-01 07:27:51+05:30,1.0,1290.0,2,0.0,0.0,7569.72,7.5697,,0.01,0.0,-0.0,0.004,77.9,0.078,673.11,8.647,74.83,idle,0.0007,0.0013,-0.0126,1
13:01:30.091,88.0,0,0.0,1546307872,0.003,0.01,-0.017,1.0,77.88,2019-01-01 07:27:52+05:30,1.0,1291.0,2,0.0,0.0,7569.72,7.5697,,0.02,8.65,30.08,0.0214,77.9,0.078,673.14,8.647,74.83,idle,0.0029,0.0083,-0.0155,1
13:01:31.091,89.0,0,0.0,1546307873,0.003,0.007,0.023,1.0,77.88,2019-01-01 07:27:53+05:30,1.0,1292.0,2,1.0,0.278,7569.72,7.5697,,0.024,7.11,16.79,0.0525,77.9,0.078,673.16,8.648,74.83,idle,0.0019,0.0091,0.0197,1
13:01:32.090,90.0,2,49.48,1546307874,-0.003,0.003,0.087,6.53,77.77,2019-01-01 07:27:54+05:30,1.0,1293.0,2,3.5,0.972,7570.28,7.5703,24.74,0.087,-1.97,1.97,0.0789,507.8,0.508,673.3,8.65,74.82,accel,-0.0011,0.0001,0.0985,0
13:01:33.090,91.0,7,141.16,1546307875,0.003,-0.01,0.18,13.56,77.63,2019-01-01 07:27:55+05:30,1.0,1294.0,2,5.5,1.528,7572.22,7.5722,20.17,0.18,0.95,-3.18,0.0504,1052.7,1.053,673.59,8.653,74.82,accel,0.0004,-0.0065,0.1613,0
13:01:34.091,92.0,13,262.36,1546307876,0.0,0.01,0.167,20.61,77.49,2019-01-01 07:27:56+05:30,1.0,1295.0,2,7.0,1.944,7575.83,7.5758,20.18,0.167,0.0,3.43,0.0333,1597.1,1.597,674.04,8.659,74.81,accel,0.0047,0.0059,0.1827,0
13:01:35.090,93.0,21,405.52,1546307877,0.013,0.03,0.23,30.35,77.29,2019-01-01 07:27:57+05:30,1.0,1296.0,2,7.5,2.083,7581.67,7.5817,19.31,0.232,3.21,7.42,0.065,2345.8,2.346,674.69,8.667,74.8,accel,0.0053,0.0357,0.2221,0
13:01:36.091,94.0,28,554.82,1546307878,-0.003,0.067,0.297,35.38,77.19,2019-01-01 07:27:58+05:30,1.0,1297.0,2,6.5,1.806,7589.44,7.5894,19.82,0.304,-0.56,12.71,0.0665,2731.0,2.731,675.45,8.677,74.79,accel,0.0057,0.0603,0.3029,0
13:01:37.091,95.0,34,660.64,1546307879,0.01,0.06,0.363,40.58,77.08,2019-01-01 07:27:59+05:30,1.0,1298.0,2,5.0,1.389,7598.89,7.5989,19.43,0.368,1.56,9.38,0.033,3127.9,3.128,676.31,8.689,74.78,accel,0.0046,0.065,0.3555,0
13:01:38.090,96.0,38,745.88,1546307880,-0.013,0.057,0.333,43.2,77.02,2019-01-01 07:28:00+05:30,1.0,1299.0,2,4.5,1.25,7609.44,7.6094,19.63,0.338,-2.2,9.71,0.0367,3327.3,3.327,677.24,8.701,74.76,accel,-0.0132,0.056,0.3374,0
13:01:39.091,97.0,43,828.64,1546307881,-0.043,0.043,0.29,48.16,76.92,2019-01-01 07:28:01+05:30,1.0,1300.0,2,4.5,1.25,7621.39,7.6214,19.27,0.296,-8.34,8.34,0.0415,3704.5,3.704,678.27,8.714,74.75,accel,-0.0394,0.0398,0.291,0
13:01:40.091,98.0,47,912.46,1546307882,-0.03,0.01,0.25,52.59,76.83,2019-01-01 07:28:02+05:30,1.0,1301.0,2,4.5,1.25,7634.44,7.6344,19.41,0.252,-6.84,2.27,0.0467,4040.5,4.04,679.39,8.729,74.73,accel,-0.0359,0.017,0.249,0
13:01:41.090,99.0,52,1012.24,1546307883,-0.007,0.01,0.197,58.31,76.71,2019-01-01 07:28:03+05:30,1.0,1302.0,2,5.5,1.528,7648.89,7.6489,19.47,0.197,-2.03,2.9,0.067,4473.0,4.473,680.63,8.745,74.71,accel,0.0033,-0.001,0.1935,0
13:01:42.090,100.0,58,1124.8,1546307884,0.043,-0.01,0.117,67.96,76.51,2019-01-01 07:28:04+05:30,1.0,1303.0,2,6.0,1.667,7665.0,7.665,19.39,0.125,20.11,-4.59,0.0656,5199.6,5.2,682.08,8.764,74.69,accel,0.0297,0.0031,0.1228,0
13:01:43.091,101.0,64,1233.2,1546307885,0.003,0.027,0.067,70.36,76.46,2019-01-01 07:28:05+05:30,1.0,1304.0,2,5.5,1.528,7682.78,7.6828,19.27,0.072,2.38,21.93,0.0485,5379.7,5.38,683.57,8.783,74.67,accel,0.0136,0.0173,0.0634,0
13:01:44.090,102.0,69,1329.58,1546307886,-0.003,0.007,0.02,74.62,76.37,2019-01-01 07:28:06+05:30,1.0,1305.0,2,5.0,1.389,7701.94,7.7019,19.27,0.021,-8.06,19.09,0.0388,5698.7,5.699,685.15,8.804,74.64,accel,-0.0091,0.0098,0.0208,0
13:01:45.090,103.0,74,1418.0,1546307887,-0.007,-0.01,-0.01,79.16,76.28,2019-01-01 07:28:07+05:30,1.0,1306.0,2,4.5,1.25,7722.5,7.7225,19.16,0.016,-26.33,-39.33,0.0252,6038.3,6.038,686.83,8.826,74.62,accel,-0.0021,-0.0097,-0.0113,0
13:01:46.091,104.0,78,1496.04,1546307888,0.023,-0.007,-0.03,84.57,76.16,2019-01-01 07:28:08+05:30,1.0,1307.0,2,2.0,0.556,7744.17,7.7442,19.18,0.038,36.75,-10.49,0.0101,6440.9,6.441,688.62,8.849,74.59,accel,0.0175,-0.0056,-0.026,0
13:01:47.090,105.0,78,1567.16,1546307889,0.017,0.007,-0.017,83.67,76.17,2019-01-01 07:28:09+05:30,1.0,1308.0,2,0.0,0.0,7765.83,7.7658,20.09,0.025,42.76,16.23,0.0065,6373.1,6.373,690.39,8.873,74.56,cruise,0.0219,0.0064,-0.023,0
13:01:48.090,106.0,78,1628.46,1546307890,0.02,-0.007,-0.023,83.36,76.18,2019-01-01 07:28:10+05:30,1.0,1309.0,2,0.0,0.0,7787.5,7.7875,20.88,0.031,39.76,-12.93,0.0065,6350.4,6.35,692.15,8.896,74.53,cruise,0.0153,-0.0126,-0.0166,0
13:01:49.091,107.0,78,1677.68,1546307891,0.003,-0.05,-0.01,81.37,76.21,2019-01-01 07:28:11+05:30,1.0,1310.0,2,-0.5,-0.139,7809.17,7.8092,21.51,0.051,3.37,-78.21,0.0089,6201.2,6.201,693.88,8.918,74.51,cruise,0.0099,-0.0386,-0.0161,0
13:01:50.090,108.0,77,1713.76,1546307892,0.01,0.0,-0.027,80.36,76.22,2019-01-01 07:28:12+05:30,1.0,1311.0,2,-0.5,-0.139,7830.56,7.8306,22.26,0.029,20.32,0.0,0.0089,6125.0,6.125,695.58,8.941,74.48,cruise,0.0007,-0.0155,-0.0212,0
13:01:51.091,109.0,77,1740.26,1546307893,-0.017,0.017,-0.023,79.08,76.25,2019-01-01 07:28:13+05:30,1.0,1312.0,2,0.0,0.0,7851.94,7.8519,22.6,0.033,-30.73,30.73,0.0072,6029.8,6.03,697.25,8.963,74.46,cruise,-0.0083,0.0403,-0.0284,0
13:01:52.090,110.0,77,1756.76,1546307894,0.01,0.087,-0.037,79.33,76.23,2019-01-01 07:28:14+05:30,1.0,1313.0,2,0.0,0.0,7873.33,7.8733,22.82,0.095,6.04,66.22,0.0081,6047.3,6.047,698.93,8.985,74.43,cruise,0.0041,0.055,-0.0322,0
13:01:53.090,111.0,77,1761.54,1546307895,0.033,-0.007,-0.023,80.87,76.2,2019-01-01 07:28:15+05:30,1.0,1314.0,2,0.0,0.0,7894.72,7.8947,22.88,0.041,53.93,-9.87,0.0103,6162.3,6.162,700.65,9.007,74.4,cruise,0.0372,0.0239,-0.0272,0
13:01:54.091,112.0,77,1765.98,1546307896,0.06,0.037,-0.017,83.03,76.15,2019-01-01 07:28:16+05:30,1.0,1315.0,2,0.0,0.0,7916.11,7.9161,22.93,0.073,55.84,30.68,0.0136,6322.7,6.323,702.4,9.03,74.38,cruise,0.0569,0.0158,-0.0134,0
13:01:55.091,113.0,77,1770.7,1546307897,0.04,0.023,0.003,81.48,76.18,2019-01-01 07:28:17+05:30,1.0,1316.0,2,0.0,0.0,7937.5,7.9375,23.0,0.046,59.89,29.83,0.0108,6207.1,6.207,704.13,9.053,74.35,cruise,0.0406,0.0367,0.0001,0
13:01:56.090,114.0,77,1777.22,1546307898,0.0,0.02,0.0,78.44,76.23,2019-01-01 07:28:18+05:30,1.0,1317.0,2,0.0,0.0,7958.89,7.9589,23.08,0.02,0.0,90.0,0.003,5979.5,5.979,705.79,9.075,74.32,cruise,0.0021,0.0103,0.0022,0
13:01:57.091,115.0,77,1788.28,1546307899,-0.03,-0.09,-0.003,78.76,76.22,2019-01-01 07:28:19+05:30,1.0,1318.0,2,0.0,0.0,7980.28,7.9803,23.22,0.095,-18.43,-71.48,0.0017,6003.1,6.003,707.45,9.097,74.3,cruise,-0.033,-0.0856,-0.0047,0
13:01:58.090,116.0,77,1807.7,1546307900,-0.053,-0.16,0.0,78.66,76.22,2019-01-01 07:28:20+05:30,1.0,1319.0,2,0.0,0.0,8001.67,8.0017,23.48,0.169,-18.33,-71.67,0.0051,5995.5,5.995,709.12,9.118,74.27,cruise,-0.0507,-0.1621,-0.0007,0
13:01:59.090,117.0,77,1814.56,1546307901,-0.05,-0.14,0.007,78.0,76.22,2019-01-01 07:28:21+05:30,1.0,1320.0,2,0.0,0.0,8023.06,8.0231,23.57,0.149,-19.63,-70.17,0.0065,5945.2,5.945,710.77,9.14,74.25,cruise,-0.0514,-0.1339,0.0129,0
13:02:00.091,118.0,77,1807.8,1546307902,-0.05,-0.023,0.013,78.0,76.22,2019-01-01 07:28:22+05:30,1.0,1321.0,2,0.0,0.0,8044.44,8.0444,23.48,0.057,-62.15,-24.0,0.0176,5945.2,5.945,712.42,9.162,74.22,cruise,-0.0465,-0.0316,0.0079,0
13:02:01.090,119.0,77,1764.26,1546307903,-0.027,0.05,0.04,78.0,76.21,2019-01-01 07:28:23+05:30,1.0,1322.0,2,0.0,0.0,8065.83,8.0658,22.91,0.069,-22.86,46.01,0.0573,5944.4,5.944,714.07,9.183,74.2,cruise,-0.0379,0.0551,0.0271,0
13:02:02.090,120.0,77,1684.38,1546307904,-0.03,0.09,0.123,78.0,76.21,2019-01-01 07:28:24+05:30,1.0,1323.0,2,0.0,0.0,8087.22,8.0872,21.88,0.155,-11.14,35.41,0.1566,5944.4,5.944,715.73,9.205,74.17,cruise,-0.0097,0.0891,0.1598,0
13:02:03.091,121.0,77,1569.86,1546307905,0.06,0.083,0.343,82.8,76.11,2019-01-01 07:28:25+05:30,1.0,1324.0,2,-1.0,-0.278,8108.61,8.1086,20.39,0.358,9.65,13.41,0.1124,6301.9,6.302,717.48,9.228,74.14,decel,0.0339,0.0829,0.3042,0
13:02:04.090,122.0,75,1445.98,1546307906,0.033,0.05,0.193,78.64,76.19,2019-01-01 07:28:26+05:30,1.0,1325.0,2,-4.5,-1.25,8129.44,8.1294,19.28,0.202,9.4,14.32,0.2074,5991.6,5.992,719.14,9.25,74.12,decel,0.0597,0.0489,0.2157,0
13:02:05.090,123.0,68,1309.12,1546307907,0.073,0.003,-0.067,74.84,76.26,2019-01-01 07:28:27+05:30,1.0,1326.0,2,-7.0,-1.944,8148.33,8.1483,19.25,0.099,47.43,1.73,0.2501,5707.3,5.707,720.73,9.271,74.09,decel,0.0493,0.0048,-0.0855,0
13:02:06.091,124.0,61,1179.18,1546307908,0.0,-0.02,-0.307,62.0,76.51,2019-01-01 07:28:28+05:30,1.0,1327.0,2,-6.5,-1.806,8165.28,8.1653,19.33,0.308,0.0,-3.73,0.1234,4743.6,4.744,722.04,9.288,74.07,decel,0.0178,-0.022,-0.2853,0
13:02:07.090,125.0,55,1056.52,1546307909,0.003,-0.027,-0.237,56.24,76.62,2019-01-01 07:28:29+05:30,1.0,1328.0,2,-5.5,-1.528,8180.56,8.1806,19.21,0.239,0.72,-6.5,0.0891,4309.1,4.309,723.24,9.304,74.05,decel,-0.007,-0.0242,-0.2433,0
13:02:08.090,126.0,50,959.88,1546307910,-0.013,-0.02,-0.13,51.0,76.72,2019-01-01 07:28:30+05:30,1.0,1329.0,2,-5.0,-1.389,8194.44,8.1944,19.2,0.132,-5.64,-8.7,0.0563,3912.7,3.913,724.33,9.318,74.04,decel,-0.0105,-0.0225,-0.1469,0
13:02:09.091,127.0,45,878.54,1546307911,0.0,-0.027,-0.153,46.0,76.82,2019-01-01 07:28:31+05:30,1.0,1330.0,2,-4.0,-1.111,8206.94,8.2069,19.52,0.155,0.0,-10.01,0.0182,3533.7,3.534,725.31,9.33,74.02,decel,0.0024,-0.0283,-0.1335,0
13:02:10.090,128.0,42,818.6,1546307912,0.017,-0.033,-0.117,44.36,76.85,2019-01-01 07:28:32+05:30,1.0,1331.0,2,-2.5,-0.694,8218.61,8.2186,19.49,0.123,7.96,-15.6,0.0485,3409.1,3.409,726.26,9.343,74.01,decel,0.014,-0.0265,-0.1217,0
13:02:11.090,129.0,40,782.34,1546307913,0.013,-0.003,-0.057,42.04,76.89,2019-01-01 07:28:33+05:30,1.0,1332.0,2,-1.5,-0.417,8229.72,8.2297,19.56,0.059,12.83,-2.94,0.0503,3232.5,3.232,727.15,9.354,73.99,decel,0.012,-0.0117,-0.0611,0
13:02:12.091,130.0,39,765.82,1546307914,0.0,-0.007,-0.017,40.0,76.93,2019-01-01 07:28:34+05:30,1.0,1333.0,2,-0.5,-0.139,8240.56,8.2406,19.64,0.018,0.0,-22.38,0.0231,3077.2,3.077,728.01,9.366,73.98,cruise,0.0061,0.0002,-0.0166,0
13:02:13.090,131.0,39,750.64,1546307915,0.017,0.007,-0.017,41.36,76.9,2019-01-01 07:28:35+05:30,1.0,1334.0,2,-0.5,-0.139,8251.39,8.2514,19.25,0.025,42.76,16.23,0.0035,3180.6,3.181,728.89,9.377,73.97,cruise,0.0085,0.0023,-0.0121,0
13:02:14.091,132.0,38,736.38,1546307916,0.01,-0.0,-0.023,39.8,76.93,2019-01-01 07:28:36+05:30,1.0,1335.0,2,-1.0,-0.278,8261.94,8.2619,19.38,0.025,23.5,-0.0,0.033,3061.8,3.062,729.74,9.388,73.96,decel,0.0178,0.0027,-0.0267,0
13:02:15.091,133.0,37,721.92,1546307917,0.037,0.007,-0.077,40.96,76.9,2019-01-01 07:28:37+05:30,1.0,1336.0,2,-1.0,-0.278,8272.22,8.2722,19.51,0.086,25.57,4.68,0.0781,3149.8,3.15,730.62,9.4,73.94,decel,0.031,0.0057,-0.0771,0
13:02:16.090,134.0,36,706.0,1546307918,0.037,0.007,-0.177,39.96,76.92,2019-01-01 07:28:38+05:30,1.0,1337.0,2,-1.0,-0.278,8282.22,8.2822,19.61,0.181,11.8,2.22,0.103,3073.7,3.074,731.47,9.411,73.93,decel,0.0419,0.0074,-0.1763,0
13:02:17.091,135.0,35,687.8,1546307919,0.043,0.003,-0.283,39.44,76.93,2019-01-01 07:28:39+05:30,1.0,1338.0,2,-1.0,-0.278,8291.94,8.2919,19.65,0.286,8.64,0.6,0.0775,3034.1,3.034,732.31,9.422,73.92,decel,0.0389,0.0033,-0.2818,0
13:02:18.091,136.0,34,666.66,1546307920,0.023,-0.0,-0.328,36.84,76.98,2019-01-01 07:28:40+05:30,1.0,1339.0,2,-1.0,-0.278,8301.39,8.3014,19.61,0.329,4.01,-0.0,0.0233,2835.9,2.836,733.1,9.432,73.9,decel,0.0243,-0.0016,-0.3311,0
13:02:19.090,137.0,33,641.9,1546307921,0.01,-0.003,-0.295,34.8,77.02,2019-01-01 07:28:41+05:30,1.0,1340.0,2,-1.0,-0.278,8310.56,8.3106,19.45,0.295,1.94,-0.58,0.0732,2680.3,2.68,733.85,9.441,73.89,decel,0.0134,-0.0001,-0.2915,0
13:02:20.091,138.0,32,613.3,1546307922,0.017,-0.0,-0.188,47.25,76.77,2019-01-01 07:28:42+05:30,1.0,1341.0,2,13.5,3.75,8319.44,8.3194,19.17,0.189,5.17,-0.0,0.0962,3627.4,3.627,734.85,9.455,73.88,accel,0.0099,-0.0017,-0.1893,0
13:02:49.096,20.0,60,1157.52,1546307951,0.003,-0.022,-0.103,76.61,76.17,2019-01-01 07:29:11+05:30,5.0,1346.0,2,16.0,4.444,8402.78,8.4028,19.29,0.105,1.63,-12.05,0.0569,5835.4,5.835,742.96,9.561,73.75,accel,0.01,-0.024,-0.1028,0
13:02:50.097,21.0,64,1228.04,1546307952,0.017,-0.065,-0.08,69.44,76.31,2019-01-01 07:29:12+05:30,1.0,1347.0,2,3.0,0.833,8420.56,8.4206,19.19,0.104,9.37,-38.48,0.0125,5299.0,5.299,744.43,9.58,73.73,accel,0.0134,-0.0593,-0.0828,0
13:02:51.096,22.0,66,1280.72,1546307953,0.013,-0.068,-0.083,70.19,76.29,2019-01-01 07:29:13+05:30,1.0,1348.0,2,2.0,0.556,8438.89,8.4389,19.4,0.108,6.91,-38.99,0.0373,5354.8,5.355,745.92,9.6,73.71,accel,0.0128,-0.0766,-0.0801,0
13:02:52.097,23.0,68,1314.14,1546307954,0.0,-0.073,-0.017,70.46,76.28,2019-01-01 07:29:14+05:30,1.0,1349.0,2,1.5,0.417,8457.78,8.4578,19.33,0.075,0.0,-76.89,0.0804,5374.7,5.375,747.41,9.619,73.68,accel,0.0022,-0.0616,-0.0165,0
13:02:53.096,24.0,69,1339.2,1546307955,-0.007,-0.023,0.077,71.13,76.26,2019-01-01 07:29:15+05:30,1.0,1350.0,2,1.0,0.278,8476.94,8.4769,19.41,0.081,-4.98,-16.57,0.0631,5424.4,5.424,748.92,9.639,73.66,accel,-0.01,-0.0353,0.0785,0
13:02:54.097,25.0,70,1359.28,1546307956,-0.023,-0.037,0.103,72.11,76.24,2019-01-01 07:29:16+05:30,1.0,1351.0,2,1.5,0.417,8496.39,8.4964,19.42,0.112,-11.87,-19.32,0.0536,5497.7,5.498,750.44,9.659,73.64,accel,-0.0194,-0.0265,0.0951,0
13:02:55.097,26.0,72,1383.7,1546307957,-0.037,-0.027,0.0,74.34,76.19,2019-01-01 07:29:17+05:30,1.0,1352.0,2,1.5,0.417,8516.39,8.5164,19.22,0.046,-53.88,-36.12,0.0917,5664.0,5.664,752.02,9.68,73.61,accel,-0.0389,-0.0356,0.0086,0
13:02:56.097,27.0,73,1412.88,1546307958,-0.063,-0.05,-0.08,75.69,76.16,2019-01-01 07:29:18+05:30,1.0,1353.0,2,1.5,0.417,8536.67,8.5367,19.35,0.113,-33.73,-26.15,0.0529,5764.6,5.765,753.62,9.701,73.59,accel,-0.0662,-0.0424,-0.084,0
13:02:57.097,28.0,75,1451.36,1546307959,-0.073,-0.03,-0.1,76.0,76.15,2019-01-01 07:29:19+05:30,1.0,1354.0,2,-13.5,-3.75,8557.5,8.5575,19.35,0.127,-34.96,-13.62,0.0166,5787.4,5.787,755.23,9.722,73.56,decel,-0.0658,-0.0365,-0.1001,0
13:03:03.677,1.0,46,888.68,1546307966,-0.023,-0.023,-0.067,47.0,76.72,2019-01-01 07:29:26+05:30,5.0,1359.0,2,-29.0,-8.056,8621.39,8.6214,19.32,0.074,-17.99,-17.99,0.0335,3605.8,3.606,760.23,9.787,73.49,decel,-0.028,-0.0186,-0.0621,0
13:03:04.677,2.0,17,326.0,1546307967,-0.007,0.01,-0.033,18.0,77.3,2019-01-01 07:29:27+05:30,1.0,1360.0,2,-6.5,-1.806,8626.11,8.6261,19.18,0.035,-11.48,16.51,0.0231,1391.4,1.391,760.62,9.792,73.48,decel,-0.006,0.0073,-0.0429,0
13:03:05.676,3.0,33,647.36,1546307968,-0.037,0.023,-0.077,49.78,76.66,2019-01-01 07:29:28+05:30,1.0,1361.0,2,16.0,4.444,8635.28,8.6353,19.62,0.088,-24.72,15.07,0.0327,3816.1,3.816,761.68,9.806,73.46,accel,-0.0372,0.0263,-0.0676,0
13:03:06.677,4.0,49,957.28,1546307969,-0.077,0.027,-0.097,65.31,76.35,2019-01-01 07:29:29+05:30,1.0,1362.0,2,16.0,4.444,8648.89,8.6489,19.54,0.127,-37.41,12.3,0.0125,4986.4,4.986,763.07,9.824,73.44,accel,-0.0775,0.0213,-0.1005,0
13:03:07.676,5.0,65,1259.74,1546307970,-0.07,-0.0,-0.1,80.89,76.03,2019-01-01 07:29:30+05:30,1.0,1363.0,2,11.5,3.194,8666.94,8.6669,19.38,0.122,-34.99,-0.0,0.0182,6150.1,6.15,764.77,9.847,73.42,accel,-0.0666,0.0062,-0.1034,0
13:03:08.676,6.0,72,1553.0,1546307971,-0.013,0.02,-0.067,79.11,76.06,2019-01-01 07:29:31+05:30,1.0,1364.0,2,6.5,1.806,8686.94,8.6869,21.57,0.071,-10.53,16.33,0.0771,6017.1,6.017,766.45,9.869,73.39,accel,-0.0168,0.015,-0.0593,0
13:03:09.677,7.0,78,1503.96,1546307972,0.012,0.04,0.047,79.96,76.04,2019-01-01 07:29:32+05:30,1.0,1365.0,2,1.0,0.278,8708.61,8.7086,19.28,0.063,11.0,39.51,0.1303,6080.2,6.08,768.14,9.891,73.36,accel,0.0128,0.0457,0.0396,0
13:03:10.676,8.0,74,1435.06,1546307973,0.005,0.068,0.193,75.4,76.13,2019-01-01 07:29:33+05:30,1.0,1366.0,2,-4.0,-1.111,8729.17,8.7292,19.39,0.205,1.4,19.4,0.1531,5740.2,5.74,769.73,9.912,73.34,decel,0.0058,0.0608,0.1938,0
13:03:11.676,9.0,70,1349.92,1546307974,-0.002,0.045,0.353,71.0,76.21,2019-01-01 07:29:34+05:30,1.0,1367.0,2,-5.0,-1.389,8748.61,8.7486,19.28,0.356,-0.32,7.26,0.1196,5410.9,5.411,771.23,9.932,73.32,decel,-0.0025,0.05,0.3619,0
13:03:12.676,10.0,64,1241.7,1546307975,0.012,0.042,0.427,65.96,76.31,2019-01-01 07:29:35+05:30,1.0,1368.0,2,-6.0,-1.667,8766.39,8.7664,19.4,0.429,1.6,5.62,0.0905,5033.4,5.033,772.63,9.95,73.29,decel,0.0132,0.0423,0.4166,0
13:03:13.677,11.0,58,1117.06,1546307976,0.045,0.053,0.247,62.6,76.37,2019-01-01 07:29:36+05:30,1.0,1369.0,2,-6.5,-1.806,8782.5,8.7825,19.26,0.257,10.1,11.92,0.2425,4780.8,4.781,773.96,9.967,73.27,decel,0.0419,0.049,0.2491,0
13:03:14.676,12.0,51,994.94,1546307977,0.058,0.043,-0.053,56.64,76.49,2019-01-01 07:29:37+05:30,1.0,1370.0,2,-6.0,-1.667,8796.67,8.7967,19.51,0.09,40.36,28.69,0.2691,4332.4,4.332,775.16,9.983,73.26,decel,0.0636,0.0486,-0.0528,0
13:03:15.676,13.0,46,892.2,1546307978,0.083,0.037,-0.29,53.64,76.54,2019-01-01 07:29:38+05:30,1.0,1371.0,2,-4.5,-1.25,8809.44,8.8094,19.4,0.304,15.85,6.99,0.1661,4105.6,4.106,776.3,9.998,73.24,decel,0.074,0.0296,-0.284,0
13:03:16.677,14.0,42,810.26,1546307979,0.067,-0.007,-0.373,48.36,76.64,2019-01-01 07:29:39+05:30,1.0,1372.0,2,-4.0,-1.111,8821.11,8.8211,19.29,0.379,10.18,-1.06,0.0561,3706.3,3.706,777.33,10.011,73.22,decel,0.0793,0.0028,-0.3778,0
13:03:17.676,15.0,38,743.56,1546307980,0.087,-0.01,-0.397,45.96,76.69,2019-01-01 07:29:40+05:30,1.0,1373.0,2,-3.5,-0.972,8831.67,8.8317,19.57,0.407,12.36,-1.41,0.0188,3524.7,3.525,778.31,10.024,73.21,decel,0.0738,-0.0214,-0.4018,0
13:03:18.676,16.0,35,685.68,1546307981,0.03,-0.05,-0.36,38.4,76.84,2019-01-01 07:29:41+05:30,1.0,1374.0,2,-3.0,-0.833,8841.39,8.8414,19.59,0.365,4.72,-7.88,0.1007,2950.7,2.951,779.13,10.035,73.19,decel,0.0422,-0.0385,-0.3544,0
13:03:19.677,17.0,32,628.7,1546307982,0.007,-0.03,-0.207,33.56,76.93,2019-01-01 07:29:42+05:30,1.0,1375.0,2,-3.0,-0.833,8850.28,8.8503,19.65,0.209,1.92,-8.24,0.1636,2581.8,2.582,779.85,10.044,73.18,decel,-0.005,-0.0409,-0.2,0
13:03:20.677,18.0,29,566.92,1546307983,-0.04,-0.037,-0.033,30.0,77.0,2019-01-01 07:29:43+05:30,1.0,1376.0,2,-3.0,-0.833,8858.33,8.8583,19.55,0.064,-38.9,-35.51,0.0977,2310.0,2.31,780.49,10.052,73.17,decel,-0.0285,-0.0267,-0.0471,0
13:03:21.676,19.0,26,505.74,1546307984,-0.003,-0.003,-0.043,27.0,77.06,2019-01-01 07:29:44+05:30,1.0,1377.0,2,-2.0,-0.556,8865.56,8.8656,19.45,0.043,-3.98,-3.98,0.0534,2080.6,2.081,781.07,10.06,73.16,decel,-0.0113,-0.0111,-0.0373,0
13:03:22.676,20.0,25,481.6,1546307985,0.01,-0.013,-0.13,26.8,77.06,2019-01-01 07:29:45+05:30,1.0,1378.0,2,-2.0,-0.556,8872.5,8.8725,19.26,0.131,4.38,-5.69,0.068,2065.2,2.065,781.64,10.067,73.16,decel,0.0148,-0.0091,-0.1269,0
13:03:23.677,21.0,22,435.2,1546307986,0.02,-0.013,-0.177,24.6,77.11,2019-01-01 07:29:46+05:30,1.0,1379.0,2,-2.5,-0.694,8878.61,8.8786,19.78,0.179,6.43,-4.17,0.0238,1896.9,1.897,782.17,10.074,73.15,decel,0.016,-0.0133,-0.1789,0
13:03:24.676,22.0,20,391.4,1546307987,-0.003,-0.01,-0.16,21.0,77.18,2019-01-01 07:29:47+05:30,1.0,1380.0,2,-2.0,-0.556,8884.17,8.8842,19.57,0.16,-1.07,-3.58,0.0276,1620.8,1.621,782.62,10.08,73.14,decel,0.0007,-0.0106,-0.1616,0
13:03:25.676,23.0,18,347.42,1546307988,-0.003,-0.003,-0.123,19.0,77.21,2019-01-01 07:29:48+05:30,1.0,1381.0,2,-2.5,-0.694,8889.17,8.8892,19.3,0.123,-1.4,-1.4,0.0385,1467.0,1.467,783.03,10.085,73.13,decel,-0.0054,-0.0033,-0.1221,0
13:03:26.677,24.0,15,301.52,1546307989,0.0,0.0,-0.083,16.0,77.27,2019-01-01 07:29:49+05:30,1.0,1382.0,2,-3.5,-0.972,8893.33,8.8933,20.1,0.083,0.0,0.0,0.0415,1236.3,1.236,783.37,10.09,73.13,decel,0.0014,0.0012,-0.0816,0
13:03:27.676,25.0,11,228.64,1546307990,0.01,0.003,-0.04,12.8,77.34,2019-01-01 07:29:50+05:30,1.0,1383.0,2,-3.0,-0.833,8896.39,8.8964,20.79,0.041,14.0,4.16,0.0344,990.0,0.99,783.64,10.093,73.13,decel,0.0084,0.0015,-0.0418,0
13:03:28.676,26.0,9,189.06,1546307991,0.007,-0.003,-0.015,10.56,77.38,2019-01-01 07:29:51+05:30,1.0,1384.0,2,-2.0,-0.556,8898.89,8.8989,21.01,0.017,24.59,-10.27,0.018,817.1,0.817,783.87,10.096,73.12,decel,0.0089,-0.0013,-0.0143,0
13:03:29.677,27.0,7,152.02,1546307992,0.007,-0.003,-0.005,8.56,77.42,2019-01-01 07:29:52+05:30,1.0,1385.0,2,-2.0,-0.556,8900.83,8.9008,21.72,0.009,50.21,-19.23,0.0051,662.7,0.663,784.06,10.099,73.12,decel,0.0052,-0.0049,-0.0051,0
13:03:30.676,28.0,5,108.06,1546307993,0.0,-0.007,-0.008,6.0,77.47,2019-01-01 07:29:53+05:30,1.0,1386.0,2,-2.0,-0.556,8902.22,8.9022,21.61,0.011,0.0,-41.19,0.0025,464.8,0.465,784.18,10.1,73.12,decel,0.0013,-0.005,-0.0072,0
13:03:31.676,29.0,3,72.3,1546307994,0.0,-0.0,-0.01,4.0,77.51,2019-01-01 07:29:54+05:30,1.0,1387.0,2,-1.5,-0.417,8903.06,8.9031,24.1,0.01,0.0,-0.0,0.0012,310.0,0.31,784.27,10.101,73.12,decel,-0.0005,-0.0014,-0.0116,0
13:03:32.676,30.0,2,41.78,1546307995,-0.0,-0.0,-0.01,3.0,77.53,2019-01-01 07:29:55+05:30,1.0,1388.0,2,-1.5,-0.417,8903.61,8.9036,20.89,0.01,-0.0,-0.0,0.0,232.6,0.233,784.34,10.102,73.12,decel,-0.0001,0.0005,-0.0099,0
13:03:33.677,31.0,0,17.02,1546307996,0.0,-0.0,-0.01,1.0,77.57,2019-01-01 07:29:56+05:30,1.0,1389.0,2,-1.0,-0.278,8903.61,8.9036,,0.01,0.0,-0.0,0.0,77.6,0.078,784.36,10.102,73.11,idle,0.0004,-0.0001,-0.0051,1
13:03:34.676,32.0,0,0.0,1546307997,0.0,-0.0,-0.01,1.0,77.57,2019-01-01 07:29:57+05:30,1.0,1390.0,2,0.0,0.0,8903.61,8.9036,,0.01,0.0,-0.0,0.0387,77.6,0.078,784.38,10.103,73.11,idle,-0.0005,0.0002,-0.0205,1
13:03:35.676,33.0,0,0.0,1546307998,-0.003,-0.003,-0.077,1.0,77.57,2019-01-01 07:29:58+05:30,1.0,1391.0,2,0.0,0.0,8903.61,8.9036,,0.077,-2.23,-2.23,0.0429,77.6,0.078,784.4,10.103,73.11,idle,-0.0025,-0.0025,-0.0638,1
13:03:36.677,34.0,0,17.3,1546307999,-0.003,-0.013,-0.09,1.0,77.57,2019-01-01 07:29:59+05:30,1.0,1392.0,2,1.5,0.417,8903.61,8.9036,,0.091,-1.89,-8.21,0.0221,77.6,0.078,784.42,10.103,73.11,idle,-0.0036,-0.0153,-0.1038,1
13:03:37.676,35.0,3,61.02,1546308000,-0.002,-0.037,-0.12,6.85,77.45,2019-01-01 07:30:00+05:30,1.0,1393.0,2,3.0,0.833,8904.44,8.9044,20.34,0.126,-0.91,-17.13,0.03,530.5,0.531,784.57,10.105,73.11,accel,-0.0013,-0.0331,-0.1062,0
13:03:38.676,36.0,6,131.48,1546308001,0.005,-0.037,-0.06,11.6,77.36,2019-01-01 07:30:01+05:30,1.0,1394.0,2,4.0,1.111,8906.11,8.9061,21.91,0.071,4.06,-31.57,0.0429,897.4,0.897,784.82,10.108,73.11,accel,0.0045,-0.0417,-0.072,0
13:03:39.677,37.0,11,228.92,1546308002,0.012,-0.04,-0.037,18.41,77.22,2019-01-01 07:30:02+05:30,1.0,1395.0,2,6.0,1.667,8909.17,8.9092,20.81,0.056,12.42,-45.8,0.0303,1421.6,1.422,785.21,10.114,73.1,accel,0.0125,-0.0347,-0.0287,0
13:03:40.676,38.0,18,349.38,1546308003,0.027,-0.01,0.0,27.25,77.04,2019-01-01 07:30:03+05:30,1.0,1396.0,2,6.5,1.806,8914.17,8.9142,19.41,0.029,69.68,-20.32,0.0197,2099.3,2.099,785.8,10.121,73.09,accel,0.0251,-0.0157,-0.0037,0
13:03:41.677,39.0,24,472.42,1546308004,0.033,0.003,-0.007,33.56,76.91,2019-01-01 07:30:04+05:30,1.0,1397.0,2,6.0,1.667,8920.83,8.9208,19.68,0.034,77.0,5.08,0.0101,2581.1,2.581,786.51,10.13,73.08,accel,0.0377,0.0084,-0.0068,0
13:03:42.677,40.0,30,586.04,1546308005,0.033,0.03,-0.02,39.07,76.8,2019-01-01 07:30:05+05:30,1.0,1398.0,2,6.0,1.667,8929.17,8.9292,19.53,0.049,42.47,37.86,0.0068,3000.6,3.001,787.35,10.141,73.07,accel,0.0276,0.0262,-0.0201,0
13:03:43.676,41.0,36,689.8,1546308006,-0.013,0.02,-0.017,41.86,76.74,2019-01-01 07:30:06+05:30,1.0,1399.0,2,5.0,1.389,8939.17,8.9392,19.16,0.029,-26.35,43.06,0.0165,3212.3,3.212,788.24,10.153,73.06,accel,-0.0111,0.0223,-0.0145,0
13:03:44.677,42.0,40,780.42,1546308007,-0.04,-0.0,0.01,45.3,76.67,2019-01-01 07:30:07+05:30,1.0,1400.0,2,4.0,1.111,8950.28,8.9503,19.51,0.041,-75.96,-0.0,0.0156,3473.2,3.473,789.2,10.165,73.04,accel,-0.0378,-0.0022,0.0068,0
13:03:45.676,43.0,44,861.74,1546308008,-0.013,-0.023,0.01,48.86,76.6,2019-01-01 07:30:08+05:30,1.0,1401.0,2,4.0,1.111,8962.5,8.9625,19.58,0.028,-27.4,-54.51,0.0115,3742.7,3.743,790.24,10.179,73.02,accel,-0.0164,-0.021,0.0117,0
13:03:46.676,44.0,48,934.78,1546308009,0.023,-0.013,-0.01,54.28,76.48,2019-01-01 07:30:09+05:30,1.0,1402.0,2,4.0,1.111,8975.83,8.9758,19.47,0.028,54.51,-27.4,0.0289,4151.3,4.151,791.4,10.194,73.01,accel,0.0275,-0.0133,-0.011,0
13:03:47.677,45.0,52,999.14,1546308010,0.047,0.01,-0.047,59.5,76.38,2019-01-01 07:30:10+05:30,1.0,1403.0,2,3.0,0.833,8990.28,8.9903,19.21,0.067,44.37,8.56,0.0345,4544.6,4.545,792.66,10.211,72.99,accel,0.0404,0.0085,-0.0452,0
13:03:48.676,46.0,54,1044.54,1546308011,0.007,0.013,-0.079,57.42,76.41,2019-01-01 07:30:11+05:30,1.0,1404.0,2,2.0,0.556,9005.28,9.0053,19.34,0.08,5.0,9.31,0.035,4387.5,4.387,793.88,10.227,72.97,accel,0.0133,0.0156,-0.0809,0
13:03:49.677,47.0,56,1073.7,1546308012,-0.013,0.003,-0.117,58.1,76.4,2019-01-01 07:30:12+05:30,1.0,1405.0,2,1.0,0.278,9020.83,9.0208,19.17,0.118,-6.34,1.46,0.037,4438.8,4.439,795.11,10.243,72.95,accel,-0.0167,-0.0008,-0.117,0
13:03:50.677,48.0,56,1088.52,1546308013,-0.022,-0.027,-0.153,57.31,76.41,2019-01-01 07:30:13+05:30,1.0,1406.0,2,0.0,0.0,9036.39,9.0364,19.44,0.157,-8.06,-9.91,0.0335,4379.1,4.379,796.33,10.259,72.93,cruise,-0.0206,-0.0224,-0.1505,0
13:03:51.676,49.0,56,1086.16,1546308014,-0.005,-0.023,-0.184,57.0,76.41,2019-01-01 07:30:14+05:30,1.0,1407.0,2,-0.5,-0.139,9051.94,9.0519,19.4,0.185,-1.54,-7.12,0.0441,4355.4,4.355,797.54,10.275,72.91,cruise,-0.0045,-0.0271,-0.1871,0
13:03:52.677,50.0,55,1065.2,1546308015,0.015,-0.013,-0.24,57.2,76.4,2019-01-01 07:30:15+05:30,1.0,1408.0,2,-1.0,-0.278,9067.22,9.0672,19.37,0.241,3.57,-3.09,0.0545,4370.1,4.37,798.75,10.29,72.89,decel,0.0132,-0.01,-0.2384,0
13:03:53.676,51.0,54,1034.7,1546308016,0.03,0.017,-0.293,57.4,76.39,2019-01-01 07:30:16+05:30,1.0,1409.0,2,-1.0,-0.278,9082.22,9.0822,19.16,0.295,5.84,3.3,0.0394,4384.8,4.385,799.97,10.306,72.87,decel,0.0308,0.0156,-0.2933,0
13:03:54.676,52.0,53,1022.32,1546308017,0.053,0.033,-0.317,58.3,76.37,2019-01-01 07:30:17+05:30,1.0,1410.0,2,0.0,0.0,9096.94,9.0969,19.29,0.323,9.44,5.86,0.0148,4452.4,4.452,801.21,10.323,72.86,cruise,0.0553,0.033,-0.3174,0
13:03:55.677,53.0,54,1037.16,1546308018,0.077,0.04,-0.29,62.5,76.28,2019-01-01 07:30:18+05:30,1.0,1411.0,2,1.5,0.417,9111.94,9.1119,19.21,0.303,14.74,7.59,0.0462,4767.5,4.768,802.53,10.34,72.84,accel,0.0724,0.0402,-0.2894,0
13:03:56.676,54.0,56,1075.82,1546308019,0.05,0.05,-0.227,63.57,76.26,2019-01-01 07:30:19+05:30,1.0,1412.0,2,2.5,0.694,9127.5,9.1275,19.21,0.238,12.14,12.14,0.0686,4847.8,4.848,803.88,10.358,72.81,accel,0.0556,0.0497,-0.2257,0
13:03:57.677,55.0,59,1139.96,1546308020,0.017,0.06,-0.153,65.24,76.22,2019-01-01 07:30:20+05:30,1.0,1413.0,2,4.0,1.111,9143.89,9.1439,19.32,0.165,5.91,21.29,0.0605,4972.6,4.973,805.26,10.376,72.79,accel,0.0094,0.0625,-0.1584,0
13:03:58.676,56.0,64,1230.94,1546308021,-0.04,0.07,-0.107,69.3,76.14,2019-01-01 07:30:21+05:30,1.0,1414.0,2,4.5,1.25,9161.67,9.1617,19.23,0.134,-17.37,31.5,0.0516,5276.5,5.277,806.72,10.395,72.77,accel,-0.03,0.064,-0.0994,0
13:03:59.677,57.0,68,1311.9,1546308022,-0.03,0.047,-0.05,72.24,76.07,2019-01-01 07:30:22+05:30,1.0,1415.0,2,3.5,0.972,9180.56,9.1806,19.29,0.075,-23.61,38.87,0.0311,5495.3,5.495,808.25,10.415,72.75,accel,-0.0399,0.0543,-0.0553,0
13:04:00.676,58.0,71,1360.38,1546308023,-0.037,0.053,-0.057,73.79,76.04,2019-01-01 07:30:23+05:30,1.0,1416.0,2,2.0,0.556,9200.28,9.2003,19.16,0.086,-25.43,37.95,0.0386,5611.0,5.611,809.81,10.436,72.72,accel,-0.0298,0.0468,-0.0559,0
13:04:01.677,59.0,72,1383.56,1546308024,-0.013,0.03,-0.12,73.0,76.05,2019-01-01 07:30:24+05:30,1.0,1417.0,2,-35.5,-9.861,9220.28,9.2203,19.22,0.124,-6.0,13.96,0.063,5551.6,5.552,811.35,10.456,72.7,decel,-0.0167,0.0352,-0.1171,0
13:04:07.959,1.0,0,0.0,1546308030,-0.01,0.007,-0.183,1.0,77.49,2019-01-01 07:30:30+05:30,5.0,1422.0,2,-32.5,-9.028,9220.28,9.2203,,0.183,-3.13,2.19,0.0506,77.5,0.077,811.46,10.457,72.7,idle,-0.0093,0.002,-0.192,1
13:04:08.959,2.0,7,137.08,1546308031,-0.007,-0.043,-0.22,14.54,77.22,2019-01-01 07:30:31+05:30,1.0,1423.0,2,6.5,1.806,9222.22,9.2222,19.58,0.224,-1.79,-11.05,0.0437,1122.8,1.123,811.77,10.461,72.69,accel,-0.0062,-0.0402,-0.2051,0
13:04:09.959,3.0,13,261.54,1546308032,0.0,-0.057,-0.133,19.95,77.11,2019-01-01 07:30:32+05:30,1.0,1424.0,2,6.0,1.667,9225.83,9.2258,20.12,0.145,0.0,-23.2,0.0684,1538.3,1.538,812.2,10.467,72.69,accel,-0.0015,-0.0558,-0.1468,0
13:04:10.959,4.0,19,375.1,1546308033,-0.003,-0.03,-0.085,25.47,76.99,2019-01-01 07:30:33+05:30,1.0,1425.0,2,6.0,1.667,9231.11,9.2311,19.74,0.09,-1.91,-19.43,0.049,1960.9,1.961,812.74,10.474,72.68,accel,0.0,-0.0335,-0.0781,0
13:04:11.959,5.0,25,480.16,1546308034,-0.007,-0.0,-0.035,31.04,76.88,2019-01-01 07:30:34+05:30,1.0,1426.0,2,5.5,1.528,9238.06,9.2381,19.21,0.036,-11.31,-0.0,0.0404,2386.4,2.386,813.41,10.482,72.67,accel,-0.0118,0.0031,-0.0363,0
13:04:12.959,6.0,30,576.5,1546308035,-0.03,0.027,-0.005,32.19,76.86,2019-01-01 07:30:35+05:30,1.0,1427.0,2,1.0,0.278,9246.39,9.2464,19.22,0.041,-47.53,41.6,0.0275,2474.1,2.474,814.09,10.491,72.66,accel,-0.0263,0.0262,-0.006,0
13:04:13.959,7.0,27,527.9,1546308036,-0.023,0.027,0.02,28.0,76.94,2019-01-01 07:30:36+05:30,1.0,1428.0,2,-2.5,-0.694,9253.89,9.2539,19.55,0.041,-34.39,41.54,0.0225,2154.3,2.154,814.69,10.499,72.65,decel,-0.0228,0.0247,0.0227,0
13:04:14.958,8.0,25,484.16,1546308037,-0.007,0.007,0.04,26.0,76.98,2019-01-01 07:30:37+05:30,1.0,1429.0,2,-2.0,-0.556,9260.83,9.2608,19.37,0.041,-9.78,9.78,0.01,2001.5,2.001,815.25,10.506,72.64,decel,-0.0102,0.0111,0.0362,0
13:04:15.959,9.0,23,444.12,1546308038,-0.017,0.01,0.03,73.79,76.02,2019-01-01 07:30:38+05:30,1.0,1430.0,2,-2.0,-0.556,9267.22,9.2672,19.31,0.036,-28.26,16.17,0.0051,5609.5,5.61,816.81,10.527,72.62,decel,-0.0131,0.0061,0.0329,0
13:04:16.959,10.0,21,2475.8,1546308039,-0.02,0.007,0.033,71.84,76.05,2019-01-01 07:30:39+05:30,1.0,1431.0,2,-2.0,-0.556,9273.06,9.2731,117.9,0.039,-30.66,10.28,0.003,5463.4,5.463,818.32,10.547,72.59,decel,-0.0252,0.0107,0.0312,0
13:04:17.958,11.0,19,2437.68,1546308040,-0.027,0.013,0.027,20.0,77.09,2019-01-01 07:30:40+05:30,1.0,1432.0,2,-2.0,-0.556,9278.33,9.2783,128.3,0.04,-42.02,18.8,0.0081,1541.8,1.542,818.75,10.552,72.59,decel,-0.0194,0.0094,0.0311,0
13:04:18.959,12.0,17,2400.72,1546308041,0.01,-0.003,0.017,18.8,77.11,2019-01-01 07:30:41+05:30,1.0,1433.0,2,-2.0,-0.556,9283.06,9.2831,141.22,0.02,30.08,-8.65,0.0379,1449.7,1.45,819.15,10.558,72.58,decel,0.0024,-0.0008,0.0086,0
13:04:19.959,13.0,15,2364.0,1546308042,0.01,-0.007,-0.043,16.8,77.15,2019-01-01 07:30:42+05:30,1.0,1434.0,2,-2.0,-0.556,9287.22,9.2872,157.6,0.045,12.93,-9.01,0.0346,1296.1,1.296,819.51,10.562,72.57,decel,0.0146,-0.007,-0.0329,0
13:04:20.958,14.0,13,2327.62,1546308043,0.013,-0.003,-0.043,15.04,77.18,2019-01-01 07:30:43+05:30,1.0,1435.0,2,-2.0,-0.556,9290.83,9.2908,179.05,0.045,16.78,-3.82,0.0017,1160.8,1.161,819.84,10.566,72.57,decel,0.011,-0.0039,-0.0523,0
13:04:21.959,15.0,11,217.52,1546308044,0.003,-0.0,-0.04,12.24,77.24,2019-01-01 07:30:44+05:30,1.0,1436.0,2,-2.0,-0.556,9293.89,9.2939,19.77,0.04,4.29,-0.0,0.028,945.4,0.945,820.1,10.57,72.56,decel,0.0045,0.0004,-0.031,0
13:04:22.959,16.0,9,181.98,1546308045,0.003,-0.0,0.007,10.24,77.28,2019-01-01 07:30:45+05:30,1.0,1437.0,2,-2.0,-0.556,9296.39,9.2964,20.22,0.008,23.2,-0.0,0.0254,791.3,0.791,820.32,10.573,72.56,decel,0.001,0.0006,-0.0007,0
13:04:23.959,17.0,7,147.98,1546308046,-0.003,-0.0,0.0,8.0,77.32,2019-01-01 07:30:46+05:30,1.0,1438.0,2,-2.0,-0.556,9298.33,9.2983,21.14,0.003,-90.0,-0.0,0.0085,618.6,0.619,820.49,10.575,72.56,decel,-0.0009,-0.0011,0.004,0
13:04:24.958,18.0,5,112.5,1546308047,-0.0,-0.003,-0.01,6.0,77.36,2019-01-01 07:30:47+05:30,1.0,1439.0,2,-2.0,-0.556,9299.72,9.2997,22.5,0.01,-0.0,-16.7,0.01,464.2,0.464,820.62,10.577,72.56,decel,-0.0015,-0.0018,-0.0108,0
13:04:25.959,19.0,3,75.36,1546308048,-0.003,0.0,-0.02,4.0,77.4,2019-01-01 07:30:48+05:30,1.0,1440.0,2,-1.5,-0.417,9300.56,9.3006,25.12,0.02,-8.53,0.0,0.0051,309.6,0.31,820.71,10.578,72.56,decel,-0.0023,-0.0008,-0.0197,0
13:04:26.959,20.0,2,48.72,1546308049,-0.003,-0.0,-0.017,3.0,77.42,2019-01-01 07:30:49+05:30,1.0,1441.0,2,-1.0,-0.278,9301.11,9.3011,24.36,0.017,-10.01,-0.0,0.0035,232.3,0.232,820.77,10.579,72.55,decel,-0.0034,0.0004,-0.0175,0
13:04:27.959,21.0,1,26.04,1546308050,-0.003,-0.0,-0.013,2.0,77.44,2019-01-01 07:30:50+05:30,1.0,1442.0,2,-1.0,-0.278,9301.39,9.3014,,0.013,-12.99,-0.0,0.0035,154.9,0.155,820.81,10.579,72.55,decel,-0.0023,0.0001,-0.0129,0
13:04:28.959,22.0,0,8.52,1546308051,0.0,0.0,-0.01,1.0,77.46,2019-01-01 07:30:51+05:30,1.0,1443.0,2,-0.5,-0.139,9301.39,9.3014,,0.01,0.0,0.0,0.0017,77.5,0.077,820.83,10.579,72.55,idle,-0.0006,-0.0006,-0.0096,1
13:04:29.958,23.0,0,0.0,1546308052,0.0,-0.0,-0.01,1.0,77.46,2019-01-01 07:30:52+05:30,1.0,1444.0,2,0.0,0.0,9301.39,9.3014,,0.01,0.0,-0.0,0.0,77.5,0.077,820.86,10.58,72.55,idle,-0.0003,0.0007,-0.0096,1
13:04:30.959,24.0,0,0.0,1546308053,0.0,-0.0,-0.01,1.0,77.46,2019-01-01 07:30:53+05:30,1.0,1445.0,2,0.0,0.0,9301.39,9.3014,,0.01,0.0,-0.0,0.0,77.5,0.077,820.88,10.58,72.55,idle,0.0008,0.0006,-0.0129,1
13:04:31.959,25.0,0,0.0,1546308054,-0.0,-0.003,-0.01,1.0,77.46,2019-01-01 07:30:54+05:30,1.0,1446.0,2,0.0,0.0,9301.39,9.3014,,0.01,-0.0,-16.7,0.0387,77.5,0.077,820.9,10.58,72.55,idle,0.0007,-0.0062,-0.0037,1
13:04:32.959,26.0,0,1.48,1546308055,-0.003,-0.02,0.057,1.0,77.46,2019-01-01 07:30:55+05:30,1.0,1447.0,2,12.5,3.472,9301.39,9.3014,,0.06,-2.84,-19.31,0.0751,77.5,0.077,820.92,10.58,72.55,idle,-0.0072,-0.0146,0.0467,1
13:04:42.959,36.0,25,493.82,1546308065,-0.027,-0.01,0.14,40.33,76.67,2019-01-01 07:31:05+05:30,5.0,1452.0,2,15.0,4.167,9336.11,9.3361,19.75,0.143,-10.89,-4.01,0.1235,3092.1,3.092,825.21,10.636,72.49,accel,-0.019,-0.0163,0.1538,0
13:04:43.959,37.0,30,574.8,1546308066,-0.013,-0.02,0.3,34.57,76.78,2019-01-01 07:31:06+05:30,1.0,1453.0,2,4.0,1.111,9344.44,9.3444,19.16,0.301,-2.48,-3.81,0.1137,2654.3,2.654,825.95,10.646,72.48,accel,-0.024,-0.0136,0.2859,0
13:04:44.959,38.0,33,636.7,1546308067,-0.033,-0.007,0.36,36.71,76.74,2019-01-01 07:31:07+05:30,1.0,1454.0,2,2.5,0.694,9353.61,9.3536,19.29,0.362,-5.24,-1.11,0.0416,2817.1,2.817,826.73,10.656,72.46,accel,-0.02,-0.013,0.3723,0
13:04:45.959,39.0,35,683.26,1546308068,0.0,-0.017,0.38,38.17,76.71,2019-01-01 07:31:08+05:30,1.0,1455.0,2,2.0,0.556,9363.33,9.3633,19.52,0.38,0.0,-2.56,0.0456,2928.0,2.928,827.55,10.667,72.45,accel,-0.0136,-0.0126,0.3688,0
13:04:46.958,40.0,37,723.6,1546308069,-0.02,-0.007,0.293,40.1,76.66,2019-01-01 07:31:09+05:30,1.0,1456.0,2,2.5,0.694,9373.61,9.3736,19.56,0.294,-3.9,-1.37,0.0721,3074.1,3.074,828.4,10.678,72.44,accel,-0.0086,-0.0083,0.3018,0
13:04:47.959,41.0,40,767.2,1546308070,0.0,-0.003,0.237,43.43,76.59,2019-01-01 07:31:10+05:30,1.0,1457.0,2,2.5,0.694,9384.72,9.3847,19.18,0.237,0.0,-0.73,0.0516,3326.3,3.326,829.33,10.69,72.42,accel,-0.0061,-0.0044,0.2324,0
13:04:48.959,42.0,42,820.74,1546308071,-0.01,-0.007,0.19,45.91,76.54,2019-01-01 07:31:11+05:30,1.0,1458.0,2,3.0,0.833,9396.39,9.3964,19.54,0.19,-3.01,-2.11,0.0357,3514.0,3.514,830.3,10.703,72.41,accel,-0.0104,-0.0049,0.1914,0
13:04:49.959,43.0,46,883.46,1546308072,-0.027,-0.005,0.167,50.27,76.45,2019-01-01 07:31:12+05:30,1.0,1459.0,2,3.5,0.972,9409.17,9.4092,19.21,0.169,-9.18,-1.69,0.025,3843.1,3.843,831.37,10.717,72.39,accel,-0.0209,-0.0058,0.1673,0
13:04:50.959,44.0,49,951.36,1546308073,-0.017,-0.005,0.14,53.3,76.39,2019-01-01 07:31:13+05:30,1.0,1460.0,2,3.5,0.972,9422.78,9.4228,19.42,0.141,-6.92,-2.03,0.0391,4071.6,4.072,832.5,10.732,72.37,accel,-0.0268,-0.0057,0.1382,0
13:04:51.959,45.0,53,1015.4,1546308074,-0.03,-0.008,0.09,57.05,76.31,2019-01-01 07:31:14+05:30,1.0,1461.0,2,3.5,0.972,9437.5,9.4375,19.16,0.095,-18.37,-4.82,0.0465,4353.5,4.353,833.71,10.747,72.36,accel,-0.0193,-0.0066,0.0936,0
13:04:52.959,46.0,56,1073.36,1546308075,0.0,-0.007,0.047,59.77,76.25,2019-01-01 07:31:15+05:30,1.0,1462.0,2,2.5,0.694,9453.06,9.4531,19.17,0.048,0.0,-8.47,0.0465,4557.5,4.557,834.98,10.764,72.34,accel,-0.0075,-0.0084,0.0412,0
13:04:53.959,47.0,58,1126.28,1546308076,-0.01,-0.017,-0.003,61.45,76.21,2019-01-01 07:31:16+05:30,1.0,1463.0,2,2.5,0.694,9469.17,9.4692,19.42,0.02,-30.08,-58.44,0.0289,4683.1,4.683,836.28,10.781,72.32,accel,-0.008,-0.015,0.0037,0
13:04:54.958,48.0,61,1171.3,1546308077,-0.017,-0.028,-0.003,64.15,76.15,2019-01-01 07:31:17+05:30,1.0,1464.0,2,2.5,0.694,9486.11,9.4861,19.2,0.033,-31.12,-58.35,0.0058,4885.0,4.885,837.63,10.799,72.3,accel,-0.0153,-0.0313,-0.0079,0
13:04:55.959,49.0,63,1212.46,1546308078,-0.01,-0.055,-0.013,65.94,76.11,2019-01-01 07:31:18+05:30,1.0,1465.0,2,2.0,0.556,9503.61,9.5036,19.25,0.057,-10.03,-73.4,0.0085,5018.7,5.019,839.03,10.817,72.27,accel,-0.012,-0.0507,-0.0108,0
13:04:56.959,50.0,65,1248.9,1546308079,-0.01,-0.052,-0.02,67.61,76.08,2019-01-01 07:31:19+05:30,1.0,1466.0,2,1.5,0.417,9521.67,9.5217,19.21,0.057,-10.18,-66.73,0.0085,5143.8,5.144,840.46,10.836,72.25,accel,-0.0077,-0.0567,-0.0212,0
13:04:57.958,51.0,66,1276.78,1546308080,-0.017,-0.043,-0.03,68.26,76.06,2019-01-01 07:31:20+05:30,1.0,1467.0,2,1.0,0.278,9540.0,9.54,19.35,0.055,-17.96,-51.27,0.0051,5191.9,5.192,841.9,10.855,72.23,accel,-0.0208,-0.038,-0.0294,0
13:04:58.959,52.0,67,1299.32,1546308081,-0.037,0.007,-0.023,68.96,76.04,2019-01-01 07:31:21+05:30,1.0,1468.0,2,1.0,0.278,9558.61,9.5586,19.39,0.044,-56.99,9.13,0.0101,5243.7,5.244,843.36,10.874,72.21,accel,-0.0338,0.0018,-0.0225,0
13:04:59.959,53.0,68,1315.06,1546308082,-0.017,0.04,-0.01,69.65,76.02,2019-01-01 07:31:22+05:30,1.0,1469.0,2,1.0,0.278,9577.5,9.5775,19.34,0.045,-22.41,63.75,0.0068,5294.8,5.295,844.83,10.894,72.18,accel,-0.017,0.0458,-0.0108,0
13:05:00.959,54.0,69,1325.32,1546308083,0.013,0.08,-0.013,71.54,75.98,2019-01-01 07:31:23+05:30,1.0,1470.0,2,0.5,0.139,9596.67,9.5967,19.21,0.082,9.11,77.06,0.0091,5435.6,5.436,846.34,10.913,72.16,cruise,0.0127,0.0736,-0.0132,0
13:05:01.959,55.0,69,1334.88,1546308084,0.02,0.07,-0.027,72.14,75.96,2019-01-01 07:31:24+05:30,1.0,1471.0,2,0.5,0.139,9615.83,9.6158,19.35,0.078,14.93,64.36,0.0103,5479.8,5.48,847.86,10.933,72.14,cruise,0.0159,0.0763,-0.0265,0
13:05:02.959,56.0,70,1347.1,1546308085,-0.01,0.067,-0.033,71.55,75.97,2019-01-01 07:31:25+05:30,1.0,1472.0,2,0.5,0.139,9635.28,9.6353,19.24,0.075,-7.63,62.77,0.0035,5435.7,5.436,849.37,10.953,72.11,cruise,-0.0024,0.0617,-0.0326,0
13:05:03.959,57.0,70,1356.74,1546308086,-0.003,0.04,-0.027,71.54,75.97,2019-01-01 07:31:26+05:30,1.0,1473.0,2,0.5,0.139,9654.72,9.6547,19.38,0.048,-3.56,55.82,0.005,5434.9,5.435,850.88,10.973,72.09,cruise,-0.0105,0.0439,-0.0278,0
13:05:04.959,58.0,71,1368.54,1546308087,-0.013,0.033,-0.023,72.56,75.94,2019-01-01 07:31:27+05:30,1.0,1474.0,2,1.0,0.278,9674.44,9.6744,19.28,0.042,-17.91,51.32,0.0035,5510.2,5.51,852.41,10.993,72.07,accel,-0.0064,0.0306,-0.0226,0
13:05:05.959,59.0,72,1379.16,1546308088,0.003,0.017,-0.02,73.71,75.91,2019-01-01 07:31:28+05:30,1.0,1475.0,2,0.5,0.139,9694.44,9.6944,19.16,0.026,6.52,40.05,0.003,5595.3,5.595,853.96,11.014,72.04,cruise,-0.0043,0.0189,-0.0205,0
13:05:06.959,60.0,72,1387.24,1546308089,-0.007,0.013,-0.017,73.34,75.92,2019-01-01 07:31:29+05:30,1.0,1476.0,2,0.0,0.0,9714.44,9.7144,19.27,0.023,-18.11,35.26,0.0068,5568.0,5.568,855.51,11.034,72.02,cruise,0.0005,0.0097,-0.0158,0
13:05:07.958,61.0,72,1392.76,1546308090,0.017,0.01,-0.007,74.61,75.89,2019-01-01 07:31:30+05:30,1.0,1477.0,2,0.0,0.0,9734.44,9.7344,19.34,0.021,54.32,28.54,0.0072,5662.2,5.662,857.08,11.055,71.99,cruise,0.0121,0.0143,-0.0082,0
13:05:08.959,62.0,72,1397.26,1546308091,0.013,0.03,-0.003,74.3,75.89,2019-01-01 07:31:31+05:30,1.0,1478.0,2,0.5,0.139,9754.44,9.7544,19.41,0.033,23.32,66.02,0.0023,5638.6,5.639,858.65,11.076,71.97,cruise,0.0145,0.0286,-0.003,0
13:05:09.959,63.0,73,1403.0,1546308092,0.0,0.033,-0.003,74.38,75.88,2019-01-01 07:31:32+05:30,1.0,1479.0,2,0.5,0.139,9774.72,9.7747,19.22,0.033,0.0,84.81,0.0017,5644.0,5.644,860.22,11.096,71.95,cruise,-0.0001,0.0285,-0.0014,0
13:05:10.959,64.0,73,1412.56,1546308093,-0.013,-0.0,0.0,74.5,75.87,2019-01-01 07:31:33+05:30,1.0,1480.0,2,0.5,0.139,9795.0,9.795,19.35,0.013,-90.0,-0.0,0.0051,5652.3,5.652,861.79,11.117,71.92,cruise,-0.0131,0.0095,-0.0025,0
13:05:11.959,65.0,74,1423.18,1546308094,-0.013,0.007,-0.01,75.52,75.85,2019-01-01 07:31:34+05:30,1.0,1481.0,2,0.5,0.139,9815.56,9.8156,19.23,0.018,-46.8,23.11,0.0051,5728.2,5.728,863.38,11.138,71.9,cruise,-0.0117,-0.0056,-0.0071,0
13:05:12.959,66.0,74,1433.42,1546308095,-0.003,-0.02,-0.007,75.51,75.84,2019-01-01 07:31:35+05:30,1.0,1482.0,2,0.5,0.139,9836.11,9.8361,19.37,0.021,-8.06,-69.15,0.003,5726.7,5.727,864.97,11.159,71.87,cruise,-0.0058,-0.0047,-0.0106,0
13:05:13.958,67.0,75,1443.44,1546308096,-0.01,0.02,-0.013,76.19,75.82,2019-01-01 07:31:36+05:30,1.0,1483.0,2,0.5,0.139,9856.94,9.8569,19.25,0.026,-22.74,50.65,0.003,5776.7,5.777,866.57,11.18,71.85,cruise,-0.0077,0.0034,-0.0087,0
13:05:14.959,68.0,75,1440.88,1546308097,-0.02,-0.0,-0.01,76.0,75.82,2019-01-01 07:31:37+05:30,1.0,1484.0,2,-0.5,-0.139,9877.78,9.8778,19.21,0.022,-63.43,-0.0,0.0108,5762.3,5.762,868.17,11.201,71.82,cruise,-0.0193,0.0142,-0.0132,0
13:05:15.959,69.0,74,1419.42,1546308098,-0.03,0.037,-0.03,75.0,75.84,2019-01-01 07:31:38+05:30,1.0,1485.0,2,-1.5,-0.417,9898.33,9.8983,19.18,0.056,-32.2,41.09,0.02,5688.0,5.688,869.75,11.222,71.8,decel,-0.0347,0.0292,-0.028,0
13:05:16.959,70.0,72,1380.32,1546308099,-0.043,0.038,0.01,73.0,75.87,2019-01-01 07:31:39+05:30,1.0,1486.0,2,-3.0,-0.833,9918.33,9.9183,19.17,0.058,-47.58,40.72,0.0693,5538.5,5.539,871.29,11.242,71.77,decel,-0.037,0.0389,0.0016,0
13:05:17.959,71.0,68,1318.72,1546308100,-0.02,0.035,0.105,69.0,75.95,2019-01-01 07:31:40+05:30,1.0,1487.0,2,-4.0,-1.111,9937.22,9.9372,19.39,0.112,-10.24,18.13,0.1235,5240.6,5.241,872.75,11.261,71.75,decel,-0.0229,0.038,0.1247,0
13:05:18.959,72.0,64,1234.46,1546308101,-0.023,0.042,0.255,65.0,76.02,2019-01-01 07:31:41+05:30,1.0,1488.0,2,-5.0,-1.389,9955.0,9.955,19.29,0.259,-5.09,9.32,0.0821,4941.3,4.941,874.12,11.279,71.73,decel,-0.0231,0.0377,0.234,0
13:05:19.959,73.0,58,1125.16,1546308102,-0.047,0.033,0.122,59.0,76.14,2019-01-01 07:31:42+05:30,1.0,1489.0,2,-5.5,-1.528,9971.11,9.9711,19.4,0.135,-20.4,14.17,0.1993,4492.3,4.492,875.37,11.296,71.71,decel,-0.0486,0.0391,0.1367,0
13:05:20.958,74.0,53,1030.08,1546308103,-0.057,0.037,-0.137,54.0,76.24,2019-01-01 07:31:43+05:30,1.0,1490.0,2,-5.0,-1.389,9985.83,9.9858,19.44,0.153,-21.88,14.0,0.261,4117.0,4.117,876.51,11.311,71.69,decel,-0.0534,0.0281,-0.1547,0
13:05:21.958,75.0,48,929.82,1546308104,-0.01,-0.007,-0.4,49.0,76.33,2019-01-01 07:31:44+05:30,1.0,1491.0,2,-4.0,-1.111,9999.17,9.9992,19.37,0.4,-1.43,-1.0,0.1378,3740.2,3.74,877.55,11.324,71.68,decel,-0.0097,0.0038,-0.3776,0
13:05:22.959,76.0,45,864.38,1546308105,0.047,-0.007,-0.34,49.76,76.32,2019-01-01 07:31:45+05:30,1.0,1492.0,2,-2.0,-0.556,10011.67,10.0117,19.21,0.343,7.87,-1.17,0.1043,3797.7,3.798,878.61,11.338,71.66,decel,0.0403,-0.0182,-0.3532,0
13:05:23.958,77.0,44,850.3,1546308106,0.043,-0.037,-0.197,49.01,76.33,2019-01-01 07:31:46+05:30,1.0,1493.0,2,0.5,0.139,10023.89,10.0239,19.32,0.205,12.11,-10.4,0.124,3740.9,3.741,879.64,11.352,71.64,cruise,0.053,-0.0262,-0.1948,0
13:05:24.958,78.0,46,887.08,1546308107,0.05,-0.01,-0.093,53.29,76.24,2019-01-01 07:31:47+05:30,1.0,1494.0,2,2.5,0.694,10036.67,10.0367,19.28,0.106,28.13,-5.41,0.0618,4062.8,4.063,880.77,11.367,71.63,accel,0.0387,-0.0196,-0.0951,0
13:05:25.958,79.0,49,941.72,1546308108,0.01,-0.01,-0.087,54.11,76.22,2019-01-01 07:31:48+05:30,1.0,1495.0,2,3.5,0.972,10050.28,10.0503,19.22,0.088,6.51,-6.51,0.005,4124.3,4.124,881.92,11.382,71.61,accel,0.0232,-0.003,-0.0825,0
13:05:26.958,80.0,53,1019.42,1546308109,0.027,0.017,-0.083,59.55,76.11,2019-01-01 07:31:49+05:30,1.0,1496.0,2,3.5,0.972,10065.0,10.065,19.23,0.089,17.68,11.02,0.0035,4532.4,4.532,883.18,11.398,71.59,accel,0.0117,0.0141,-0.0856,0
13:05:27.957,81.0,56,1077.5,1546308110,-0.013,0.017,-0.09,58.97,76.11,2019-01-01 07:31:50+05:30,1.0,1497.0,2,2.0,0.556,10080.56,10.0806,19.24,0.093,-8.08,10.59,0.0185,4488.2,4.488,884.42,11.415,71.57,accel,0.0024,0.0163,-0.0885,0
13:05:28.958,82.0,57,1098.14,1546308111,0.01,-0.0,-0.118,59.11,76.11,2019-01-01 07:31:51+05:30,1.0,1498.0,2,0.0,0.0,10096.39,10.0964,19.27,0.118,4.84,-0.0,0.0433,4498.9,4.499,885.67,11.431,71.55,cruise,-0.0029,0.0018,-0.1208,0
13:05:29.957,83.0,56,1089.82,1546308112,-0.01,-0.007,-0.175,57.0,76.15,2019-01-01 07:31:52+05:30,1.0,1499.0,2,-1.0,-0.278,10111.94,10.1119,19.46,0.175,-3.27,-2.29,0.0502,4340.6,4.341,886.88,11.447,71.53,decel,-0.0015,-0.0084,-0.1737,0
13:05:30.957,84.0,55,1054.04,1546308113,0.017,-0.0,-0.218,57.36,76.13,2019-01-01 07:31:53+05:30,1.0,1500.0,2,-1.5,-0.417,10127.22,10.1272,19.16,0.219,4.46,-0.0,0.0331,4366.8,4.367,888.09,11.463,71.51,decel,0.0122,0.0007,-0.2138,0
13:05:31.958,85.0,53,1030.18,1546308114,0.033,0.01,-0.24,56.64,76.14,2019-01-01 07:31:54+05:30,1.0,1501.0,2,-1.5,-0.417,10141.94,10.1419,19.44,0.242,7.82,2.36,0.0497,4312.6,4.313,889.29,11.479,71.5,decel,0.0366,0.0122,-0.248,0
13:05:32.957,86.0,52,1007.3,1546308115,0.06,0.01,-0.313,57.8,76.12,2019-01-01 07:31:55+05:30,1.0,1502.0,2,-1.5,-0.417,10156.39,10.1564,19.37,0.319,10.85,1.8,0.0765,4399.7,4.4,890.51,11.495,71.48,decel,0.056,0.0029,-0.307,0
13:05:33.957,87.0,50,967.82,1546308116,0.057,-0.027,-0.393,55.56,76.16,2019-01-01 07:31:56+05:30,1.0,1503.0,2,-2.5,-0.694,10170.28,10.1703,19.36,0.398,8.23,-3.89,0.0785,4231.4,4.231,891.69,11.51,71.46,decel,0.0608,-0.0172,-0.3928,0
13:05:34.957,88.0,47,916.86,1546308117,0.06,-0.017,-0.47,52.8,76.21,2019-01-01 07:31:57+05:30,1.0,1504.0,2,-3.0,-0.833,10183.33,10.1833,19.51,0.474,7.27,-2.05,0.0626,4023.9,4.024,892.81,11.525,71.44,decel,0.0574,-0.0251,-0.4772,0
13:05:35.957,89.0,44,858.38,1546308118,0.053,-0.03,-0.517,49.24,76.28,2019-01-01 07:31:58+05:30,1.0,1505.0,2,-3.5,-0.972,10195.56,10.1956,19.51,0.521,5.84,-3.3,0.0658,3756.0,3.756,893.85,11.538,71.43,decel,0.054,-0.0251,-0.5047,0
13:05:36.957,90.0,40,784.98,1546308119,0.053,-0.03,-0.387,45.24,76.36,2019-01-01 07:31:59+05:30,1.0,1506.0,2,-3.5,-0.972,10206.67,10.2067,19.62,0.392,7.78,-4.39,0.1662,3454.5,3.455,894.81,11.551,71.41,decel,0.053,-0.0328,-0.4042,0
13:05:37.957,91.0,37,724.4,1546308120,0.05,-0.043,-0.187,42.0,76.42,2019-01-01 07:32:00+05:30,1.0,1507.0,2,-2.0,-0.556,10216.94,10.2169,19.58,0.198,14.61,-12.52,0.2538,3209.6,3.21,895.7,11.563,71.4,decel,0.0502,-0.0417,-0.1647,0
13:05:38.957,92.0,36,700.76,1546308121,0.04,-0.033,0.117,40.2,76.45,2019-01-01 07:32:01+05:30,1.0,1508.0,2,0.0,0.0,10226.94,10.2269,19.47,0.128,18.21,-14.94,0.2128,3073.3,3.073,896.55,11.574,71.38,cruise,0.0392,-0.0337,0.0977,0
13:05:39.957,93.0,37,716.34,1546308122,0.023,-0.013,0.223,41.37,76.43,2019-01-01 07:32:02+05:30,1.0,1509.0,2,1.5,0.417,10237.22,10.2372,19.36,0.225,5.88,-3.32,0.0563,3161.9,3.162,897.43,11.585,71.37,accel,0.023,-0.0097,0.2302,0
13:05:40.957,94.0,39,761.94,1546308123,0.01,0.02,0.203,43.47,76.38,2019-01-01 07:32:03+05:30,1.0,1510.0,2,2.5,0.694,10248.06,10.2481,19.54,0.204,2.81,5.62,0.0529,3320.2,3.32,898.36,11.597,71.36,accel,0.0124,0.0114,0.2056,0
13:05:41.957,95.0,42,823.12,1546308124,0.013,0.003,0.123,47.27,76.3,2019-01-01 07:32:04+05:30,1.0,1511.0,2,3.5,0.972,10259.72,10.2597,19.6,0.124,6.03,1.39,0.0815,3606.7,3.607,899.36,11.611,71.34,accel,0.0083,0.0163,0.1171,0
13:05:42.956,96.0,46,891.3,1546308125,0.0,0.013,0.04,50.42,76.23,2019-01-01 07:32:05+05:30,1.0,1512.0,2,4.0,1.111,10272.5,10.2725,19.38,0.042,0.0,18.0,0.0558,3843.5,3.844,900.42,11.625,71.32,accel,0.0057,-0.0004,0.0466,0
13:05:43.957,97.0,50,959.98,1546308126,0.01,-0.033,0.017,55.08,76.14,2019-01-01 07:32:06+05:30,1.0,1513.0,2,3.5,0.972,10286.39,10.2864,19.2,0.038,15.08,-59.13,0.0266,4193.8,4.194,901.59,11.64,71.31,accel,0.0044,-0.0259,0.0109,0
13:05:44.957,98.0,53,1022.54,1546308127,0.0,-0.027,-0.013,57.04,76.1,2019-01-01 07:32:07+05:30,1.0,1514.0,2,3.0,0.833,10301.11,10.3011,19.29,0.03,0.0,-64.29,0.0238,4340.7,4.341,902.8,11.656,71.29,accel,0.0053,-0.026,-0.0082,0
13:05:45.956,99.0,56,1081.38,1546308128,0.01,0.007,-0.03,60.53,76.02,2019-01-01 07:32:08+05:30,1.0,1515.0,2,3.0,0.833,10316.67,10.3167,19.31,0.032,17.98,12.48,0.0293,4601.5,4.601,904.07,11.672,71.27,accel,0.0055,0.0035,-0.0333,0
13:05:46.957,100.0,59,1131.88,1546308129,0.003,0.023,-0.07,62.55,75.98,2019-01-01 07:32:09+05:30,1.0,1516.0,2,2.5,0.694,10333.06,10.3331,19.18,0.074,2.33,18.17,0.024,4752.5,4.753,905.39,11.69,71.25,accel,0.0055,0.0235,-0.0674,0
13:05:47.956,101.0,61,1173.7,1546308130,0.006,0.013,-0.073,64.3,75.94,2019-01-01 07:32:10+05:30,1.0,1517.0,2,1.5,0.417,10350.0,10.35,19.24,0.074,4.63,10.06,0.024,4882.9,4.883,906.75,11.708,71.23,accel,0.0064,0.0156,-0.0775,0
13:05:48.957,102.0,62,1204.76,1546308131,0.007,0.007,-0.03,64.81,75.92,2019-01-01 07:32:11+05:30,1.0,1518.0,2,1.0,0.278,10367.22,10.3672,19.43,0.032,12.8,12.8,0.075,4920.4,4.92,908.12,11.726,71.21,accel,0.0049,0.0039,-0.0232,0
13:05:49.956,103.0,63,1223.7,1546308132,0.003,0.017,0.073,64.96,75.92,2019-01-01 07:32:12+05:30,1.0,1519.0,2,1.0,0.278,10384.72,10.3847,19.42,0.075,2.29,13.1,0.0725,4931.8,4.932,909.49,11.744,71.18,accel,0.003,0.0177,0.0694,0
13:05:50.957,104.0,64,1233.4,1546308133,0.001,0.057,0.11,65.5,75.9,2019-01-01 07:32:13+05:30,1.0,1520.0,2,0.5,0.139,10402.5,10.4025,19.27,0.124,0.46,27.39,0.0317,4971.5,4.971,910.87,11.762,71.16,cruise,0.007,0.061,0.1078,0
13:05:51.957,105.0,64,1240.4,1546308134,0.02,0.107,0.047,66.99,75.87,2019-01-01 07:32:14+05:30,1.0,1521.0,2,0.5,0.139,10420.28,10.4203,19.38,0.119,9.71,64.48,0.0701,5082.5,5.083,912.28,11.781,71.14,cruise,0.0075,0.0989,0.0509,0
13:05:52.956,106.0,65,1248.92,1546308135,-0.02,0.077,-0.03,66.5,75.87,2019-01-01 07:32:15+05:30,1.0,1522.0,2,0.5,0.139,10438.33,10.4383,19.21,0.085,-13.61,64.91,0.0672,5045.4,5.045,913.68,11.799,71.12,cruise,-0.0023,0.0877,-0.0352,0
13:05:53.957,107.0,65,1260.2,1546308136,0.033,0.047,-0.087,69.32,75.81,2019-01-01 07:32:16+05:30,1.0,1523.0,2,0.5,0.139,10456.39,10.4564,19.39,0.104,18.46,26.8,0.0289,5255.1,5.255,915.14,11.818,71.1,cruise,0.0093,0.0332,-0.0767,0
13:05:54.956,108.0,66,1276.08,1546308137,0.05,-0.02,-0.067,71.83,75.76,2019-01-01 07:32:17+05:30,1.0,1524.0,2,1.0,0.278,10474.72,10.4747,19.33,0.086,35.57,-13.45,0.0125,5441.8,5.442,916.65,11.838,71.07,accel,0.0789,-0.0059,-0.0808,0
13:05:55.956,109.0,67,1293.24,1546308138,0.193,0.01,-0.09,84.17,75.5,2019-01-01 07:32:18+05:30,1.0,1525.0,2,1.0,0.278,10493.33,10.4933,19.3,0.213,64.86,2.69,0.0146,6354.8,6.355,918.42,11.862,71.05,accel,0.1668,0.0026,-0.0797,0
13:05:56.957,110.0,68,1305.32,1546308139,0.16,0.027,-0.063,82.25,75.54,2019-01-01 07:32:19+05:30,1.0,1526.0,2,0.5,0.139,10512.22,10.5122,19.2,0.174,66.81,8.92,0.0265,6213.2,6.213,920.14,11.884,71.02,cruise,0.1778,0.0251,-0.0666,0
13:05:57.956,111.0,68,1311.34,1546308140,0.107,0.022,-0.037,77.88,75.62,2019-01-01 07:32:20+05:30,1.0,1527.0,2,0.0,0.0,10531.11,10.5311,19.28,0.115,68.08,11.0,0.0231,5889.3,5.889,921.78,11.906,70.99,cruise,0.0947,0.0286,-0.037,0
13:05:58.956,112.0,68,1318.12,1546308141,0.007,0.025,-0.017,69.94,75.77,2019-01-01 07:32:21+05:30,1.0,1528.0,2,0.5,0.139,10550.0,10.55,19.38,0.031,13.04,53.67,0.0129,5299.4,5.299,923.25,11.926,70.97,cruise,0.0148,0.0192,-0.0166,0
13:05:59.957,113.0,69,1326.56,1546308142,0.017,-0.002,-0.013,71.92,75.73,2019-01-01 07:32:22+05:30,1.0,1529.0,2,0.5,0.139,10569.17,10.5692,19.23,0.021,52.27,-5.34,0.0023,5446.5,5.447,924.76,11.946,70.95,cruise,0.0169,0.0015,-0.0144,0
13:06:00.956,114.0,69,1340.64,1546308143,0.063,-0.028,-0.013,75.82,75.65,2019-01-01 07:32:23+05:30,1.0,1530.0,2,0.5,0.139,10588.33,10.5883,19.43,0.07,63.89,-23.52,0.0115,5735.8,5.736,926.36,11.967,70.92,cruise,0.0584,-0.0297,-0.0099,0
13:06:01.956,115.0,70,1357.62,1546308144,0.05,-0.055,0.007,75.82,75.64,2019-01-01 07:32:24+05:30,1.0,1531.0,2,1.0,0.278,10607.78,10.6078,19.39,0.075,42.04,-47.45,0.0125,5735.0,5.735,927.95,11.988,70.9,accel,0.0531,-0.0563,0.004,0
13:06:02.957,116.0,71,1373.32,1546308145,0.0,-0.052,0.01,72.66,75.7,2019-01-01 07:32:25+05:30,1.0,1532.0,2,1.0,0.278,10627.5,10.6275,19.34,0.053,0.0,-79.11,0.0035,5500.4,5.5,929.48,12.008,70.87,accel,-0.002,-0.0471,0.0111,0
13:06:03.956,117.0,72,1383.92,1546308146,-0.047,0.003,0.003,73.58,75.68,2019-01-01 07:32:26+05:30,1.0,1533.0,2,0.5,0.139,10647.5,10.6475,19.22,0.047,-84.84,3.64,0.0118,5568.5,5.569,931.03,12.028,70.85,cruise,-0.0441,-0.0033,0.003,0
13:06:04.956,118.0,72,1396.42,1546308147,-0.047,0.027,-0.013,73.7,75.67,2019-01-01 07:32:27+05:30,1.0,1534.0,2,0.5,0.139,10667.5,10.6675,19.39,0.056,-57.48,28.97,0.011,5576.9,5.577,932.57,12.049,70.83,cruise,-0.0476,0.0335,-0.0122,0
13:06:05.957,119.0,73,1411.76,1546308148,-0.027,0.037,-0.018,74.55,75.65,2019-01-01 07:32:28+05:30,1.0,1535.0,2,1.0,0.278,10687.78,10.6878,19.34,0.049,-33.27,48.75,0.0025,5639.7,5.64,934.14,12.069,70.8,accel,-0.0327,0.0306,-0.021,0
13:06:06.956,120.0,74,1418.42,1546308149,-0.02,0.003,-0.015,75.0,75.63,2019-01-01 07:32:29+05:30,1.0,1536.0,2,0.0,0.0,10708.33,10.7083,19.17,0.025,-52.59,6.84,0.0223,5672.2,5.672,935.72,12.09,70.78,cruise,-0.01,0.0065,-0.0103,0
13:06:08.956,122.0,73,1408.68,1546308150,0.017,-0.0,0.022,75.36,75.62,2019-01-01 07:32:30+05:30,1.0,1537.0,2,-2.5,-0.694,10728.61,10.7286,19.3,0.028,37.69,-0.0,0.0312,5698.7,5.699,937.3,12.111,70.75,decel,0.0095,0.0022,0.0179,0
13:06:09.956,123.0,69,1332.54,1546308152,-0.003,0.03,0.047,70.0,75.72,2019-01-01 07:32:32+05:30,2.0,1539.0,2,-4.0,-1.111,10766.94,10.7669,19.31,0.056,-3.08,32.5,0.0565,5300.4,5.3,940.24,12.15,70.71,decel,-0.0015,0.0232,0.0513,0
13:06:10.956,124.0,65,1259.16,1546308153,-0.033,0.03,0.13,66.0,75.8,2019-01-01 07:32:33+05:30,1.0,1540.0,2,-4.5,-1.25,10785.0,10.785,19.37,0.137,-13.89,12.61,0.0932,5002.8,5.003,941.63,12.168,70.68,decel,-0.033,0.0389,0.1184,0
13:06:11.957,125.0,60,1166.98,1546308154,-0.05,0.04,0.233,61.0,75.9,2019-01-01 07:32:34+05:30,1.0,1541.0,2,-5.0,-1.389,10801.67,10.8017,19.45,0.242,-11.94,9.53,0.1256,4629.9,4.63,942.92,12.185,70.66,decel,-0.0463,0.03,0.2542,0
13:06:12.956,126.0,55,1068.58,1546308155,-0.047,-0.0,0.38,56.0,75.99,2019-01-01 07:32:35+05:30,1.0,1542.0,2,-5.0,-1.389,10816.94,10.8169,19.43,0.383,-7.05,-0.0,0.0804,4255.4,4.255,944.1,12.201,70.65,decel,-0.0504,0.0098,0.3614,0
13:06:13.956,127.0,50,974.68,1546308156,-0.063,0.013,0.25,51.0,76.09,2019-01-01 07:32:36+05:30,1.0,1543.0,2,-4.5,-1.25,10830.83,10.8308,19.49,0.258,-14.13,2.89,0.2095,3880.6,3.881,945.18,12.215,70.63,decel,-0.0684,0.0038,0.2584,0
13:06:14.957,128.0,46,897.1,1546308157,-0.077,0.007,-0.03,47.0,76.17,2019-01-01 07:32:37+05:30,1.0,1544.0,2,-3.5,-0.972,10843.61,10.8436,19.5,0.083,-68.19,4.84,0.2642,3580.0,3.58,946.17,12.228,70.61,decel,-0.0621,0.0167,-0.0387,0
13:06:15.956,129.0,43,827.94,1546308158,0.017,0.037,-0.278,54.58,76.01,2019-01-01 07:32:38+05:30,1.0,1545.0,2,-2.5,-0.694,10855.56,10.8556,19.25,0.281,3.47,7.57,0.1347,4148.6,4.149,947.33,12.243,70.6,decel,-0.0008,0.0272,-0.266,0
13:06:16.956,130.0,41,1265.74,1546308159,0.04,0.017,-0.245,67.09,75.76,2019-01-01 07:32:39+05:30,1.0,1546.0,2,0.5,0.139,10866.94,10.8669,30.87,0.249,9.25,3.92,0.0958,5082.7,5.083,948.74,12.262,70.57,cruise,0.0591,0.0241,-0.2477,0
13:07:12.857,26.0,44,1703.54,1546308215,0.08,0.027,-0.098,62.55,75.84,2019-01-01 07:33:35+05:30,5.0,1551.0,2,3.0,0.833,10928.06,10.9281,38.72,0.129,38.2,12.05,0.1099,4743.8,4.744,955.33,12.349,70.47,accel,0.0564,0.0241,-0.1045,0
13:07:13.858,27.0,47,1711.88,1546308216,-0.007,0.043,-0.03,48.26,76.13,2019-01-01 07:33:36+05:30,1.0,1552.0,2,3.5,0.972,10941.11,10.9411,36.42,0.053,-7.6,54.38,0.0367,3674.0,3.674,956.35,12.362,70.46,accel,0.0177,0.0424,-0.0277,0
13:07:14.858,28.0,51,1713.86,1546308217,0.013,0.063,-0.04,53.04,76.03,2019-01-01 07:33:37+05:30,1.0,1553.0,2,3.5,0.972,10955.28,10.9553,33.61,0.076,9.88,56.27,0.0068,4032.6,4.033,957.47,12.377,70.44,accel,-0.0038,0.0663,-0.0347,0
13:07:15.857,29.0,54,1710.62,1546308218,-0.01,0.073,-0.043,55.0,75.98,2019-01-01 07:33:38+05:30,1.0,1554.0,2,3.0,0.833,10970.28,10.9703,31.68,0.085,-6.73,58.84,0.0017,4178.9,4.179,958.63,12.392,70.42,accel,-0.0054,0.0681,-0.0487,0
13:07:16.858,30.0,57,1706.62,1546308219,-0.003,0.03,-0.043,58.0,75.92,2019-01-01 07:33:39+05:30,1.0,1555.0,2,1.5,0.417,10986.11,10.9861,29.94,0.053,-3.27,34.84,0.0133,4403.4,4.403,959.85,12.408,70.4,accel,0.0002,0.0354,-0.0414,0
13:07:17.857,31.0,57,1704.66,1546308220,0.01,-0.0,-0.02,58.8,75.9,2019-01-01 07:33:40+05:30,1.0,1556.0,2,0.0,0.0,11001.94,11.0019,29.91,0.022,26.57,-0.0,0.023,4462.9,4.463,961.09,12.425,70.38,cruise,0.0078,-0.0068,-0.0195,0
13:07:18.858,32.0,57,1692.68,1546308221,0.01,-0.03,0.003,58.8,75.9,2019-01-01 07:33:41+05:30,1.0,1557.0,2,0.0,0.0,11017.78,11.0178,29.7,0.032,18.35,-70.81,0.025,4462.9,4.463,962.33,12.441,70.36,cruise,0.0047,-0.0219,0.0057,0
13:07:19.857,33.0,57,1668.18,1546308222,-0.02,-0.013,0.03,58.0,75.91,2019-01-01 07:33:42+05:30,1.0,1558.0,2,0.0,0.0,11033.61,11.0336,29.27,0.038,-31.45,-19.83,0.025,4402.8,4.403,963.55,12.457,70.34,cruise,-0.0067,-0.0175,0.0223,0
13:07:20.858,34.0,57,1630.14,1546308223,0.01,-0.027,0.053,58.8,75.89,2019-01-01 07:33:43+05:30,1.0,1559.0,2,0.0,0.0,11049.44,11.0494,28.6,0.06,9.54,-26.59,0.0677,4462.3,4.462,964.79,12.473,70.33,cruise,-0.0084,-0.0302,0.0595,0
13:07:21.857,35.0,57,1562.12,1546308224,-0.02,-0.057,0.157,58.0,75.9,2019-01-01 07:33:44+05:30,1.0,1560.0,2,9.5,2.639,11065.28,11.0653,27.41,0.168,-6.83,-19.81,0.1035,4402.2,4.402,966.02,12.49,70.31,accel,0.0013,-0.0497,0.1574,0
13:07:22.858,36.0,76,1457.58,1546308225,0.033,-0.03,0.26,79.64,75.46,2019-01-01 07:33:45+05:30,1.0,1561.0,2,6.5,1.806,11086.39,11.0864,19.18,0.264,7.19,-6.53,0.0534,6009.6,6.01,967.69,12.512,70.28,accel,0.0105,-0.0359,0.2571,0
13:07:23.857,37.0,70,1340.98,1546308226,-0.01,-0.01,0.233,71.0,75.63,2019-01-01 07:33:46+05:30,1.0,1562.0,2,-6.5,-1.806,11105.83,11.1058,19.16,0.233,-2.46,-2.46,0.0959,5369.7,5.37,969.18,12.531,70.26,decel,0.0116,-0.0043,0.2345,0
13:07:24.858,38.0,63,1207.6,1546308227,0.02,0.003,0.082,65.6,75.73,2019-01-01 07:33:47+05:30,1.0,1563.0,2,-7.5,-2.083,11123.33,11.1233,19.17,0.084,13.7,2.04,0.1693,4967.9,4.968,970.56,12.55,70.24,decel,0.0023,-0.0054,0.0761,0
13:07:25.858,39.0,55,1062.7,1546308228,-0.023,-0.043,-0.105,56.0,75.92,2019-01-01 07:33:48+05:30,1.0,1564.0,2,-6.5,-1.806,11138.61,11.1386,19.32,0.116,-11.46,-21.8,0.1276,4251.5,4.252,971.74,12.565,70.22,decel,-0.0113,-0.035,-0.0921,0
13:07:26.858,40.0,50,960.88,1546308229,-0.003,-0.043,-0.162,51.0,76.02,2019-01-01 07:33:49+05:30,1.0,1565.0,2,-3.5,-0.972,11152.5,11.1525,19.22,0.168,-1.03,-14.86,0.042,3877.0,3.877,972.82,12.579,70.2,decel,-0.0102,-0.0456,-0.1738,0
13:07:27.858,41.0,48,923.3,1546308230,0.0,-0.017,-0.187,49.0,76.06,2019-01-01 07:33:50+05:30,1.0,1566.0,2,-1.0,-0.278,11165.83,11.1658,19.24,0.188,0.0,-5.19,0.0189,3726.9,3.727,973.85,12.593,70.18,decel,0.0073,-0.0203,-0.1821,0
13:07:28.857,42.0,48,935.3,1546308231,0.02,0.013,-0.15,52.53,75.98,2019-01-01 07:33:51+05:30,1.0,1567.0,2,2.0,0.556,11179.17,11.1792,19.49,0.152,7.57,4.91,0.04,3991.2,3.991,974.96,12.608,70.17,accel,0.0106,0.0197,-0.1511,0
13:07:29.858,43.0,52,1000.38,1546308232,-0.023,0.053,-0.107,57.41,75.88,2019-01-01 07:33:52+05:30,1.0,1568.0,2,5.0,1.389,11193.61,11.1936,19.24,0.122,-10.9,25.84,0.0282,4356.3,4.356,976.17,12.624,70.15,accel,-0.0135,0.0453,-0.1042,0
13:07:30.858,44.0,58,1111.74,1546308233,-0.02,0.02,-0.097,63.92,75.75,2019-01-01 07:33:53+05:30,1.0,1569.0,2,5.0,1.389,11209.72,11.2097,19.17,0.101,-11.42,11.42,0.0453,4841.9,4.842,977.51,12.641,70.13,accel,-0.0294,0.0296,-0.1003,0
13:07:31.857,45.0,62,1197.1,1546308234,-0.02,-0.007,-0.18,65.79,75.71,2019-01-01 07:33:54+05:30,1.0,1570.0,2,2.5,0.694,11226.94,11.2269,19.31,0.181,-6.34,-2.21,0.1005,4981.0,4.981,978.9,12.66,70.11,accel,-0.0085,-0.0213,-0.1815,0
13:07:32.858,46.0,63,1223.22,1546308235,0.037,-0.07,-0.297,66.96,75.68,2019-01-01 07:33:55+05:30,1.0,1571.0,2,0.0,0.0,11244.44,11.2444,19.42,0.307,6.91,-13.16,0.0788,5067.5,5.068,980.31,12.678,70.08,cruise,0.0246,-0.0528,-0.2915,0
13:07:33.858,47.0,62,1196.8,1546308236,0.022,-0.02,-0.33,64.76,75.72,2019-01-01 07:33:56+05:30,1.0,1572.0,2,-1.5,-0.417,11261.67,11.2617,19.3,0.331,3.81,-3.46,0.0166,4903.6,4.904,981.67,12.696,70.06,decel,0.0314,-0.033,-0.336,0
13:07:34.857,48.0,60,1149.68,1546308237,0.015,-0.01,-0.317,62.2,75.76,2019-01-01 07:33:57+05:30,1.0,1573.0,2,-3.0,-0.833,11278.33,11.2783,19.16,0.318,2.71,-1.8,0.0243,4712.3,4.712,982.98,12.713,70.04,decel,0.0104,-0.0043,-0.3088,0
13:07:35.858,49.0,56,1083.5,1546308238,-0.015,-0.017,-0.283,57.0,75.86,2019-01-01 07:33:58+05:30,1.0,1574.0,2,-3.5,-0.972,11293.89,11.2939,19.35,0.284,-3.03,-3.43,0.032,4324.0,4.324,984.18,12.729,70.02,decel,-0.0145,-0.0172,-0.2931,0
13:07:36.858,50.0,53,1018.86,1546308239,-0.027,-0.053,-0.347,54.0,75.92,2019-01-01 07:33:59+05:30,1.0,1575.0,2,-3.0,-0.833,11308.61,11.3086,19.22,0.352,-4.4,-8.66,0.0586,4099.7,4.1,985.32,12.744,70.01,decel,-0.0246,-0.0576,-0.3402,0
13:07:37.857,51.0,50,967.54,1546308240,-0.007,-0.083,-0.4,51.0,75.98,2019-01-01 07:34:00+05:30,1.0,1576.0,2,-3.0,-0.833,11322.5,11.3225,19.35,0.409,-0.98,-11.72,0.0271,3875.0,3.875,986.39,12.758,69.99,decel,-0.0117,-0.0752,-0.4012,0
13:07:38.858,52.0,47,917.38,1546308241,0.013,-0.053,-0.383,49.04,76.01,2019-01-01 07:34:01+05:30,1.0,1577.0,2,-3.0,-0.833,11335.56,11.3356,19.52,0.387,1.93,-7.87,0.0879,3727.5,3.728,987.43,12.772,69.97,decel,0.0195,-0.0589,-0.3851,0
13:07:39.857,53.0,44,860.64,1546308242,0.057,-0.047,-0.24,49.56,76.0,2019-01-01 07:34:02+05:30,1.0,1578.0,2,-2.5,-0.694,11347.78,11.3478,19.56,0.251,13.12,-10.79,0.1951,3766.6,3.767,988.48,12.786,69.96,decel,0.0498,-0.0463,-0.2386,0
13:07:40.858,54.0,42,819.88,1546308243,0.053,-0.06,0.003,47.24,76.04,2019-01-01 07:34:03+05:30,1.0,1579.0,2,-1.0,-0.278,11359.44,11.3594,19.52,0.08,41.42,-48.5,0.2385,3592.1,3.592,989.47,12.799,69.94,decel,0.0595,-0.0574,0.0069,0
13:07:41.858,55.0,42,816.24,1546308244,0.053,-0.06,0.237,47.87,76.03,2019-01-01 07:34:04+05:30,1.0,1580.0,2,1.0,0.278,11371.11,11.3711,19.43,0.25,12.23,-13.88,0.1538,3639.6,3.64,990.48,12.812,69.93,accel,0.0473,-0.0637,0.2289,0
13:07:42.857,56.0,44,845.14,1546308245,0.025,-0.037,0.293,49.41,75.99,2019-01-01 07:34:05+05:30,1.0,1581.0,2,2.5,0.694,11383.33,11.3833,19.21,0.296,4.84,-7.17,0.0345,3754.7,3.755,991.53,12.826,69.91,accel,0.0297,-0.0334,0.3016,0
13:07:43.858,57.0,47,912.56,1546308246,0.025,0.027,0.23,53.83,75.9,2019-01-01 07:34:06+05:30,1.0,1582.0,2,4.0,1.111,11396.39,11.3964,19.42,0.233,6.16,6.66,0.1028,4085.7,4.086,992.66,12.841,69.89,accel,0.0223,0.025,0.2201,0
13:07:44.857,58.0,52,998.2,1546308247,0.028,0.067,0.092,59.46,75.79,2019-01-01 07:34:07+05:30,1.0,1583.0,2,4.5,1.25,11410.83,11.4108,19.2,0.117,13.82,34.87,0.0962,4506.5,4.506,993.91,12.857,69.87,accel,0.0281,0.0674,0.1011,0
13:07:45.858,59.0,56,1081.18,1546308248,0.038,0.06,0.045,63.82,75.69,2019-01-01 07:34:08+05:30,1.0,1584.0,2,4.0,1.111,11426.39,11.4264,19.31,0.084,26.87,45.53,0.0344,4830.5,4.831,995.26,12.875,69.85,accel,0.0407,0.0594,0.0428,0
13:07:46.857,60.0,60,1149.44,1546308249,0.055,0.01,0.025,68.65,75.59,2019-01-01 07:34:09+05:30,1.0,1585.0,2,3.5,0.972,11443.06,11.4431,19.16,0.061,63.92,9.4,0.0405,5189.3,5.189,996.7,12.894,69.83,accel,0.0496,0.0109,0.0216,0
13:07:47.858,61.0,63,1211.04,1546308250,0.035,-0.037,-0.033,69.73,75.57,2019-01-01 07:34:10+05:30,1.0,1586.0,2,3.0,0.833,11460.56,11.4606,19.22,0.061,35.22,-37.57,0.0526,5269.5,5.269,998.16,12.914,69.81,accel,0.0433,-0.0381,-0.0289,0
13:07:48.857,62.0,66,1266.6,1546308251,0.027,-0.06,-0.08,71.73,75.52,2019-01-01 07:34:11+05:30,1.0,1587.0,2,2.5,0.694,11478.89,11.4789,19.19,0.104,15.11,-35.4,0.0271,5417.0,5.417,999.67,12.933,69.78,accel,0.0159,-0.0584,-0.0865,0
13:07:49.858,63.0,68,1313.94,1546308252,-0.037,-0.047,-0.08,71.14,75.53,2019-01-01 07:34:12+05:30,1.0,1588.0,2,2.0,0.556,11497.78,11.4978,19.32,0.1,-21.74,-28.07,0.0693,5373.2,5.373,1001.16,12.953,69.76,accel,-0.0237,-0.0484,-0.0691,0
13:07:50.858,64.0,70,1352.04,1546308253,-0.037,-0.017,0.04,72.19,75.5,2019-01-01 07:34:13+05:30,1.0,1589.0,2,1.5,0.417,11517.22,11.5172,19.31,0.057,-40.41,-17.33,0.0961,5450.3,5.45,1002.67,12.973,69.74,accel,-0.0518,-0.0182,0.0296,0
13:07:51.858,65.0,71,1361.38,1546308254,-0.06,0.013,0.11,72.0,75.5,2019-01-01 07:34:14+05:30,1.0,1590.0,2,-0.5,-0.139,11536.94,11.5369,19.17,0.126,-28.44,5.92,0.0461,5436.0,5.436,1004.18,12.993,69.71,cruise,-0.0452,0.0184,0.1168,0
13:07:52.858,66.0,69,1338.12,1546308255,0.003,0.043,0.127,70.24,75.53,2019-01-01 07:34:15+05:30,1.0,1591.0,2,-2.0,-0.556,11556.11,11.5561,19.39,0.134,1.28,18.7,0.0348,5305.2,5.305,1005.66,13.013,69.69,decel,-0.0088,0.0353,0.121,0
13:07:53.858,67.0,67,1287.36,1546308256,0.013,0.01,0.06,69.04,75.55,2019-01-01 07:34:16+05:30,1.0,1592.0,2,-3.0,-0.833,11574.72,11.5747,19.21,0.062,12.06,9.25,0.0573,5216.0,5.216,1007.1,13.032,69.67,decel,0.0208,0.0162,0.0656,0
13:07:54.858,68.0,63,1213.14,1546308257,0.023,-0.01,0.013,65.84,75.61,2019-01-01 07:34:17+05:30,1.0,1593.0,2,-4.5,-1.25,11592.22,11.5922,19.26,0.028,54.51,-20.73,0.0388,4978.2,4.978,1008.49,13.05,69.65,decel,0.0177,-0.0139,0.0105,0
13:07:55.857,69.0,58,1117.7,1546308258,-0.007,-0.023,-0.017,59.0,75.75,2019-01-01 07:34:18+05:30,1.0,1594.0,2,-5.0,-1.389,11608.33,11.6083,19.27,0.029,-13.75,-51.36,0.0208,4469.2,4.469,1009.73,13.067,69.63,decel,-0.0041,-0.0199,-0.0181,0
13:07:56.858,70.0,53,1023.56,1546308259,-0.02,-0.0,-0.027,54.0,75.84,2019-01-01 07:34:19+05:30,1.0,1595.0,2,-5.0,-1.389,11623.06,11.6231,19.31,0.034,-36.53,-0.0,0.0051,4095.4,4.095,1010.87,13.082,69.61,decel,-0.0189,-0.0021,-0.0244,0
13:07:57.857,71.0,48,936.26,1546308260,-0.013,0.013,-0.02,49.0,75.94,2019-01-01 07:34:20+05:30,1.0,1596.0,2,-4.5,-1.25,11636.39,11.6364,19.51,0.027,-28.59,28.59,0.004,3721.1,3.721,1011.9,13.095,69.59,decel,-0.0184,0.0133,-0.0212,0
13:07:58.858,72.0,44,852.38,1546308261,-0.013,0.013,-0.02,45.0,76.02,2019-01-01 07:34:21+05:30,1.0,1597.0,2,-4.0,-1.111,11648.61,11.6486,19.37,0.027,-28.59,28.59,0.0017,3420.9,3.421,1012.85,13.108,69.58,decel,-0.0051,0.0134,-0.0214,0
13:07:59.858,73.0,40,772.96,1546308262,0.023,0.007,-0.023,42.84,76.06,2019-01-01 07:34:22+05:30,1.0,1598.0,2,-4.0,-1.111,11659.72,11.6597,19.32,0.033,43.73,12.15,0.0085,3258.4,3.258,1013.76,13.12,69.57,decel,0.0151,0.0068,-0.0211,0
13:08:00.857,74.0,36,693.92,1546308263,0.023,0.003,-0.007,38.84,76.13,2019-01-01 07:34:23+05:30,1.0,1599.0,2,-4.0,-1.111,11669.72,11.6697,19.28,0.024,71.68,7.11,0.0131,2956.9,2.957,1014.58,13.13,69.55,decel,0.0299,0.003,-0.0076,0
13:08:01.858,75.0,32,617.2,1546308264,0.04,0.003,0.003,36.2,76.18,2019-01-01 07:34:24+05:30,1.0,1600.0,2,-4.0,-1.111,11678.61,11.6786,19.29,0.04,83.95,4.28,0.005,2757.7,2.758,1015.34,13.141,69.54,decel,0.0333,0.0031,0.0045,0
13:08:02.858,76.0,28,544.92,1546308265,0.023,0.007,-0.003,30.84,76.29,2019-01-01 07:34:25+05:30,1.0,1601.0,2,-4.0,-1.111,11686.39,11.6864,19.46,0.024,71.68,16.79,0.0216,2352.8,2.353,1016.0,13.149,69.53,decel,0.0299,0.0066,-0.0086,0
13:08:03.857,77.0,24,478.14,1546308266,0.023,0.013,-0.037,26.84,76.37,2019-01-01 07:34:26+05:30,1.0,1602.0,2,-3.5,-0.972,11693.06,11.6931,19.92,0.045,30.39,16.61,0.0175,2049.8,2.05,1016.57,13.157,69.52,decel,0.0173,0.0137,-0.0288,0
13:08:04.858,78.0,21,411.68,1546308267,-0.013,0.017,-0.013,22.0,76.46,2019-01-01 07:34:27+05:30,1.0,1603.0,2,-3.0,-0.833,11698.89,11.6989,19.6,0.025,-31.28,42.76,0.0201,1682.1,1.682,1017.03,13.163,69.51,decel,-0.0098,0.0172,-0.0202,0
13:08:05.858,79.0,18,350.22,1546308268,-0.03,0.01,0.003,19.0,76.52,2019-01-01 07:34:28+05:30,1.0,1604.0,2,-3.0,-0.833,11703.89,11.7039,19.46,0.032,-70.81,18.35,0.0201,1453.9,1.454,1017.44,13.168,69.51,decel,-0.0327,0.008,0.0092,0
13:08:06.858,80.0,15,290.06,1546308269,-0.03,-0.01,0.027,16.0,76.58,2019-01-01 07:34:29+05:30,1.0,1605.0,2,-3.0,-0.833,11708.06,11.7081,19.34,0.042,-46.18,-13.92,0.0139,1225.3,1.225,1017.78,13.172,69.5,decel,-0.0254,-0.0075,0.0209,0
13:08:07.858,81.0,12,231.22,1546308270,0.007,-0.013,0.003,13.56,76.63,2019-01-01 07:34:30+05:30,1.0,1606.0,2,-3.0,-0.833,11711.39,11.7114,19.27,0.015,27.68,-59.64,0.0175,1039.1,1.039,1018.07,13.176,69.5,decel,0.0018,-0.0141,0.0069,0
13:08:08.857,82.0,9,176.78,1546308271,0.013,-0.01,-0.007,11.04,76.68,2019-01-01 07:34:31+05:30,1.0,1607.0,2,-3.0,-0.833,11713.89,11.7139,19.64,0.018,46.8,-34.11,0.0058,846.5,0.847,1018.3,13.179,69.5,decel,0.0162,-0.0101,-0.007,0
13:08:09.858,83.0,6,119.56,1546308272,0.013,-0.003,-0.007,8.04,76.74,2019-01-01 07:34:32+05:30,1.0,1608.0,2,-3.0,-0.833,11715.56,11.7156,19.93,0.015,59.64,-11.49,0.0017,617.0,0.617,1018.47,13.181,69.49,decel,0.0113,-0.0033,-0.0088,0
13:08:10.858,84.0,3,73.48,1546308273,0.003,-0.0,-0.01,4.24,76.81,2019-01-01 07:34:33+05:30,1.0,1609.0,2,-2.0,-0.556,11716.39,11.7164,24.49,0.01,16.7,-0.0,0.003,325.7,0.326,1018.56,13.183,69.49,decel,0.005,0.0022,-0.0093,0
13:08:11.858,85.0,2,39.7,1546308274,0.007,0.007,-0.013,3.56,76.83,2019-01-01 07:34:34+05:30,1.0,1610.0,2,-1.5,-0.417,11716.94,11.7169,19.85,0.016,25.37,25.37,0.0017,273.5,0.274,1018.64,13.184,69.49,decel,0.0048,0.003,-0.0121,0
13:08:12.858,86.0,0,16.4,1546308275,0.003,-0.007,-0.01,1.0,76.88,2019-01-01 07:34:35+05:30,1.0,1611.0,2,0.0,0.0,11716.94,11.7169,,0.013,13.81,-33.84,0.0017,76.9,0.077,1018.66,13.184,69.49,idle,0.0047,-0.0023,-0.0115,1
13:08:13.858,87.0,2,53.16,1546308276,0.003,-0.003,-0.01,4.74,76.8,2019-01-01 07:34:36+05:30,1.0,1612.0,2,1.5,0.417,11717.5,11.7175,26.58,0.011,16.03,-16.03,0.0017,364.0,0.364,1018.76,13.185,69.49,accel,0.0022,-0.0076,-0.0087,0
13:08:14.857,88.0,3,76.44,1546308277,0.0,-0.01,-0.007,4.58,76.81,2019-01-01 07:34:37+05:30,1.0,1613.0,2,0.5,0.139,11718.33,11.7183,25.48,0.012,0.0,-55.01,0.0017,351.8,0.352,1018.86,13.186,69.49,cruise,0.0001,-0.006,-0.008,0
13:08:15.858,89.0,3,76.44,1546308278,0.0,0.003,-0.01,4.0,76.82,2019-01-01 07:34:38+05:30,1.0,1614.0,2,0.0,0.0,11719.17,11.7192,25.48,0.01,0.0,16.7,0.0017,307.3,0.307,1018.94,13.188,69.49,cruise,0.0004,0.0003,-0.0093,0
13:08:16.858,90.0,3,76.44,1546308279,0.003,0.003,-0.01,4.24,76.81,2019-01-01 07:34:39+05:30,1.0,1615.0,2,0.0,0.0,11720.0,11.72,25.48,0.011,16.03,16.03,0.0,325.7,0.326,1019.03,13.189,69.48,cruise,0.0024,0.0039,-0.0102,0
13:08:17.857,91.0,3,76.44,1546308280,0.003,0.003,-0.01,4.24,76.81,2019-01-01 07:34:40+05:30,1.0,1616.0,2,-1.0,-0.278,11720.83,11.7208,25.48,0.011,16.03,16.03,0.0,325.7,0.326,1019.13,13.19,69.48,decel,0.0037,0.0034,-0.0102,0
13:08:18.858,92.0,1,23.28,1546308281,0.003,0.003,-0.01,2.24,76.85,2019-01-01 07:34:41+05:30,1.0,1617.0,2,-1.5,-0.417,11721.11,11.7211,,0.011,16.03,16.03,0.0,172.1,0.172,1019.17,13.191,69.48,decel,0.0025,0.0023,-0.0099,0
13:08:19.858,93.0,0,0.0,1546308282,0.0,-0.0,-0.01,1.0,76.88,2019-01-01 07:34:42+05:30,1.0,1618.0,2,-0.5,-0.139,11721.11,11.7211,,0.01,0.0,-0.0,0.0,76.9,0.077,1019.19,13.191,69.48,idle,0.0001,0.0007,-0.0098,1
13:08:20.857,94.0,0,1.94,1546308283,0.0,-0.0,-0.01,1.0,76.88,2019-01-01 07:34:43+05:30,1.0,1619.0,2,0.0,0.0,11721.11,11.7211,,0.01,0.0,-0.0,0.0,76.9,0.077,1019.22,13.191,69.48,idle,-0.0001,-0.0009,-0.0105,1
13:08:21.858,95.0,0,1.94,1546308284,0.0,-0.0,-0.01,1.0,76.88,2019-01-01 07:34:44+05:30,1.0,1620.0,2,0.0,0.0,11721.11,11.7211,,0.01,0.0,-0.0,0.004,76.9,0.077,1019.24,13.191,69.48,idle,0.0009,0.001,-0.0098,1
13:08:22.858,96.0,0,1.94,1546308285,0.0,0.003,-0.003,1.0,76.88,2019-01-01 07:34:45+05:30,1.0,1621.0,2,0.0,0.0,11721.11,11.7211,,0.004,0.0,45.0,0.0085,76.9,0.077,1019.26,13.192,69.48,idle,-0.002,0.0031,-0.003,1
13:08:23.858,97.0,0,1.94,1546308286,-0.01,-0.003,0.007,1.0,76.88,2019-01-01 07:34:46+05:30,1.0,1622.0,2,1.0,0.278,11721.11,11.7211,,0.013,-52.71,-13.81,0.0081,76.9,0.077,1019.28,13.192,69.48,idle,-0.0078,-0.0042,0.0077,1
13:08:24.857,98.0,2,39.78,1546308287,-0.007,-0.013,0.013,6.05,76.77,2019-01-01 07:34:47+05:30,1.0,1623.0,2,3.0,0.833,11721.67,11.7217,19.89,0.02,-20.84,-41.36,0.0065,464.5,0.464,1019.41,13.194,69.48,accel,-0.0087,-0.0129,0.0112,0
13:08:25.858,99.0,6,124.0,1546308288,-0.007,-0.003,0.0,12.3,76.65,2019-01-01 07:34:48+05:30,1.0,1624.0,2,5.5,1.528,11723.33,11.7233,20.67,0.008,-66.8,-23.2,0.0115,942.8,0.943,1019.67,13.197,69.47,accel,-0.0048,-0.0013,0.0023,0
13:08:26.858,100.0,13,251.7,1546308289,0.003,0.023,-0.01,21.48,76.46,2019-01-01 07:34:49+05:30,1.0,1625.0,2,7.5,2.083,11726.94,11.7269,19.36,0.025,6.82,65.59,0.0137,1642.4,1.642,1020.13,13.203,69.47,accel,-0.0012,0.0232,-0.0123,0
13:08:27.857,101.0,21,413.52,1546308290,-0.0,0.033,-0.027,30.78,76.28,2019-01-01 07:34:50+05:30,1.0,1626.0,2,9.0,2.5,11732.78,11.7328,19.69,0.043,-0.0,50.71,0.0098,2347.9,2.348,1020.78,13.212,69.46,accel,0.0061,0.028,-0.0243,0
13:08:28.858,102.0,31,602.7,1546308291,0.027,0.007,-0.027,43.22,76.02,2019-01-01 07:34:51+05:30,1.0,1627.0,2,9.5,2.639,11741.39,11.7414,19.44,0.039,44.07,10.39,0.0035,3285.6,3.286,1021.69,13.224,69.44,accel,0.0205,0.0141,-0.0306,0
13:08:29.858,103.0,40,776.06,1546308292,0.027,0.017,-0.033,51.05,75.86,2019-01-01 07:34:52+05:30,1.0,1628.0,2,8.0,2.222,11752.5,11.7525,19.4,0.046,36.03,21.74,0.0081,3872.7,3.873,1022.77,13.238,69.43,accel,0.0327,0.0114,-0.0288,0
13:08:30.858,104.0,47,918.3,1546308293,0.037,0.013,-0.017,57.39,75.73,2019-01-01 07:34:53+05:30,1.0,1629.0,2,6.5,1.806,11765.56,11.7656,19.54,0.043,59.95,17.71,0.0085,4346.1,4.346,1023.97,13.254,69.41,accel,0.0327,0.0191,-0.021,0
13:08:31.857,105.0,53,1033.3,1546308294,0.023,0.033,-0.02,61.04,75.66,2019-01-01 07:34:54+05:30,1.0,1630.0,2,5.5,1.528,11780.28,11.7803,19.5,0.045,30.8,47.27,0.0017,4618.3,4.618,1025.26,13.271,69.39,accel,0.0242,0.0215,-0.0165,0
13:08:32.858,106.0,58,1126.42,1546308295,0.01,0.013,-0.017,63.93,75.59,2019-01-01 07:34:55+05:30,1.0,1631.0,2,4.5,1.25,11796.39,11.7964,19.42,0.024,25.05,33.39,0.0108,4832.5,4.832,1026.6,13.288,69.37,accel,0.0138,0.0295,-0.0208,0
13:08:33.858,107.0,62,1198.66,1546308296,0.01,0.057,-0.037,66.89,75.53,2019-01-01 07:34:56+05:30,1.0,1632.0,2,3.5,0.972,11813.61,11.8136,19.33,0.069,8.37,56.08,0.018,5052.2,5.052,1028.0,13.307,69.34,accel,0.0014,0.0419,-0.0326,0
13:08:34.857,108.0,65,1249.94,1546308297,-0.017,0.017,-0.053,68.11,75.5,2019-01-01 07:34:57+05:30,1.0,1633.0,2,2.5,0.694,11831.67,11.8317,19.23,0.058,-16.98,16.98,0.0272,5142.3,5.142,1029.43,13.326,69.32,accel,-0.0075,0.0261,-0.0561,0
13:08:35.858,109.0,67,1283.22,1546308298,-0.003,-0.007,-0.09,69.3,75.47,2019-01-01 07:34:58+05:30,1.0,1634.0,2,1.0,0.278,11850.28,11.8503,19.15,0.09,-1.9,-4.44,0.0321,5230.1,5.23,1030.88,13.345,69.3,accel,-0.008,-0.0127,-0.0908,0
13:08:36.858,110.0,67,1301.86,1546308299,-0.01,-0.027,-0.117,68.53,75.48,2019-01-01 07:34:59+05:30,1.0,1635.0,2,0.5,0.139,11868.89,11.8689,19.43,0.12,-4.76,-12.95,0.018,5172.6,5.173,1032.32,13.364,69.28,cruise,-0.0111,-0.0224,-0.1122,0
13:08:37.857,111.0,68,1304.22,1546308300,-0.02,0.01,-0.083,69.0,75.47,2019-01-01 07:35:00+05:30,1.0,1636.0,2,0.0,0.0,11887.78,11.8878,19.18,0.086,-13.45,6.68,0.0438,5207.4,5.207,1033.77,13.383,69.25,cruise,-0.0165,0.0092,-0.0903,0
13:08:38.858,112.0,67,1285.82,1546308301,-0.003,0.04,-0.03,68.0,75.49,2019-01-01 07:35:01+05:30,1.0,1637.0,2,-1.5,-0.417,11906.39,11.9064,19.19,0.05,-3.43,52.99,0.087,5133.3,5.133,1035.19,13.402,69.23,decel,-0.005,0.036,-0.0215,0
13:08:39.858,113.0,65,1262.22,1546308302,0.017,0.03,0.087,67.36,75.49,2019-01-01 07:35:02+05:30,1.0,1638.0,2,-2.0,-0.556,11924.44,11.9244,19.42,0.094,10.47,18.7,0.1251,5085.0,5.085,1036.61,13.421,69.21,decel,0.0174,0.0331,0.0803,0
13:08:40.857,114.0,63,1219.76,1546308303,0.02,0.013,0.22,65.6,75.53,2019-01-01 07:35:03+05:30,1.0,1639.0,2,-3.0,-0.833,11941.94,11.9419,19.36,0.221,5.19,3.37,0.13,4954.8,4.955,1037.98,13.439,69.19,decel,0.0207,0.017,0.217,0
13:08:41.857,115.0,59,1148.18,1546308304,0.007,0.007,0.347,60.56,75.62,2019-01-01 07:35:04+05:30,1.0,1640.0,2,-4.5,-1.25,11958.33,11.9583,19.46,0.347,1.16,1.16,0.1026,4579.5,4.58,1039.25,13.456,69.17,decel,0.0033,-0.0044,0.3654,0
13:08:42.858,116.0,54,1051.12,1546308305,-0.008,-0.043,0.423,55.0,75.73,2019-01-01 07:35:05+05:30,1.0,1641.0,2,-4.5,-1.25,11973.33,11.9733,19.47,0.425,-1.08,-5.8,0.1315,4165.2,4.165,1040.41,13.471,69.15,decel,-0.0013,-0.0292,0.3974,0
13:08:43.858,117.0,50,962.76,1546308306,0.025,-0.027,0.167,53.0,75.77,2019-01-01 07:35:06+05:30,1.0,1642.0,2,-4.5,-1.25,11987.22,11.9872,19.26,0.171,8.41,-9.08,0.2834,4015.8,4.016,1041.53,13.486,69.13,decel,0.0195,-0.039,0.1886,0
13:08:44.857,118.0,45,877.32,1546308307,0.042,-0.037,-0.143,49.36,75.84,2019-01-01 07:35:07+05:30,1.0,1643.0,2,-4.0,-1.111,11999.72,11.9997,19.5,0.154,15.87,-13.94,0.2961,3743.5,3.743,1042.57,13.5,69.12,decel,0.0425,-0.0281,-0.1643,0
13:08:45.858,119.0,42,820.56,1546308308,0.05,-0.013,-0.425,47.0,75.88,2019-01-01 07:35:08+05:30,1.0,1644.0,2,-2.0,-0.556,12011.39,12.0114,19.54,0.428,6.71,-1.74,0.1549,3566.4,3.566,1043.56,13.513,69.1,decel,0.0541,-0.018,-0.4016,0
13:08:46.858,120.0,41,796.78,1546308309,0.07,-0.023,-0.395,47.6,75.86,2019-01-01 07:35:09+05:30,1.0,1645.0,2,0.0,0.0,12022.78,12.0228,19.43,0.402,10.03,-3.28,0.0552,3610.9,3.611,1044.56,13.526,69.09,cruise,0.0631,-0.0228,-0.4092,0
13:08:47.858,121.0,42,808.06,1546308310,0.06,-0.03,-0.318,48.88,75.84,2019-01-01 07:35:10+05:30,1.0,1646.0,2,1.0,0.278,12034.44,12.0344,19.24,0.325,10.64,-5.3,0.0663,3707.1,3.707,1045.59,13.54,69.07,accel,0.0689,-0.0272,-0.3167,0
13:08:48.858,122.0,43,840.06,1546308311,0.067,-0.013,-0.263,51.34,75.78,2019-01-01 07:35:11+05:30,1.0,1647.0,2,2.0,0.556,12046.39,12.0464,19.54,0.272,14.28,-2.74,0.0414,3890.5,3.891,1046.67,13.554,69.05,accel,0.0571,-0.0147,-0.2624,0
13:08:49.858,123.0,46,887.34,1546308312,0.02,0.007,-0.237,51.02,75.79,2019-01-01 07:35:12+05:30,1.0,1648.0,2,2.5,0.694,12059.17,12.0592,19.29,0.238,4.82,1.69,0.048,3866.8,3.867,1047.75,13.568,69.04,accel,0.0286,0.0052,-0.2331,0
13:08:50.857,124.0,48,937.06,1546308313,0.013,0.013,-0.17,52.7,75.75,2019-01-01 07:35:13+05:30,1.0,1649.0,2,2.5,0.694,12072.5,12.0725,19.52,0.171,4.36,4.36,0.065,3992.0,3.992,1048.85,13.583,69.02,accel,0.0062,0.0182,-0.1755,0
13:08:51.858,125.0,51,993.82,1546308314,-0.007,0.037,-0.107,54.96,75.7,2019-01-01 07:35:14+05:30,1.0,1650.0,2,3.5,0.972,12086.67,12.0867,19.49,0.113,-3.54,19.04,0.0615,4160.5,4.16,1050.01,13.598,69.0,accel,-0.0001,0.0285,-0.1026,0
13:08:52.858,126.0,55,1055.32,1546308315,-0.003,0.033,-0.047,58.93,75.62,2019-01-01 07:35:15+05:30,1.0,1651.0,2,3.5,0.972,12101.94,12.1019,19.19,0.058,-2.99,35.02,0.0405,4456.3,4.456,1051.25,13.614,68.98,accel,-0.0096,0.044,-0.0504,0
13:08:53.858,127.0,58,1111.1,1546308316,-0.03,0.063,-0.03,61.63,75.56,2019-01-01 07:35:16+05:30,1.0,1652.0,2,2.5,0.694,12118.06,12.1181,19.16,0.076,-23.26,56.04,0.0108,4656.8,4.657,1052.54,13.631,68.96,accel,-0.028,0.0525,-0.0277,0
13:08:54.857,128.0,60,1160.58,1546308317,-0.037,0.03,-0.027,63.36,75.52,2019-01-01 07:35:17+05:30,1.0,1653.0,2,2.0,0.556,12134.72,12.1347,19.34,0.055,-42.51,33.22,0.0085,4784.9,4.785,1053.87,13.649,68.94,accel,-0.0318,0.0369,-0.0271,0
13:08:55.858,129.0,62,1205.6,1546308318,-0.007,0.013,-0.043,64.84,75.49,2019-01-01 07:35:18+05:30,1.0,1654.0,2,2.0,0.556,12151.94,12.1519,19.45,0.045,-8.86,16.61,0.0288,4894.8,4.895,1055.23,13.667,68.92,accel,-0.0165,0.009,-0.0452,0
13:08:56.858,130.0,64,1234.38,1546308319,-0.017,-0.01,-0.083,66.15,75.46,2019-01-01 07:35:19+05:30,1.0,1655.0,2,1.5,0.417,12169.72,12.1697,19.29,0.085,-11.49,-6.73,0.0337,4991.7,4.992,1056.62,13.685,68.9,accel,-0.007,-0.0062,-0.0787,0
13:08:57.857,131.0,65,1251.62,1546308320,-0.003,-0.007,-0.11,66.43,75.45,2019-01-01 07:35:20+05:30,1.0,1656.0,2,0.5,0.139,12187.78,12.1878,19.26,0.11,-1.56,-3.64,0.0429,5012.1,5.012,1058.01,13.704,68.88,cruise,-0.013,-0.0102,-0.117,0
13:08:58.858,132.0,65,1251.52,1546308321,-0.037,-0.017,-0.167,66.0,75.46,2019-01-01 07:35:21+05:30,1.0,1657.0,2,-0.5,-0.139,12205.83,12.2058,19.25,0.172,-12.43,-5.68,0.0425,4980.4,4.98,1059.39,13.722,68.86,cruise,-0.0258,-0.0163,-0.1562,0
13:08:59.858,133.0,64,1229.5,1546308322,-0.03,-0.02,-0.193,65.0,75.47,2019-01-01 07:35:22+05:30,1.0,1658.0,2,-2.0,-0.556,12223.61,12.2236,19.21,0.196,-8.79,-5.85,0.0575,4905.6,4.906,1060.75,13.74,68.84,decel,-0.0417,-0.0183,-0.2063,0
13:09:00.857,134.0,61,1183.42,1546308323,-0.06,-0.007,-0.277,62.0,75.53,2019-01-01 07:35:23+05:30,1.0,1659.0,2,-2.5,-0.694,12240.56,12.2406,19.4,0.284,-12.22,-1.41,0.0575,4682.9,4.683,1062.06,13.757,68.81,decel,-0.0504,-0.0086,-0.2655,0
13:09:01.858,135.0,59,1143.92,1546308324,-0.023,-0.0,-0.303,60.0,75.57,2019-01-01 07:35:24+05:30,1.0,1660.0,2,-2.0,-0.556,12256.94,12.2569,19.39,0.304,-4.34,-0.0,0.0231,4534.2,4.534,1063.32,13.774,68.8,decel,-0.0299,0.0006,-0.3096,0
13:09:02.858,136.0,57,1104.8,1546308325,0.007,-0.0,-0.323,58.56,75.59,2019-01-01 07:35:25+05:30,1.0,1661.0,2,-1.5,-0.417,12272.78,12.2728,19.38,0.323,1.24,-0.0,0.0136,4426.6,4.427,1064.54,13.79,68.78,decel,0.0149,-0.0015,-0.3205,0
13:09:03.858,137.0,56,1084.38,1546308326,0.06,-0.02,-0.297,61.8,75.52,2019-01-01 07:35:26+05:30,1.0,1662.0,2,-0.5,-0.139,12288.33,12.2883,19.36,0.304,11.4,-3.78,0.0317,4667.1,4.667,1065.84,13.808,68.76,cruise,0.0489,-0.0154,-0.299,0
13:09:04.858,138.0,56,1086.34,1546308327,0.05,-0.037,-0.26,61.69,75.52,2019-01-01 07:35:27+05:30,1.0,1663.0,2,1.0,0.278,12303.89,12.3039,19.4,0.267,10.78,-7.96,0.0598,4658.8,4.659,1067.14,13.825,68.74,accel,0.0607,-0.0439,-0.2541,0
13:09:05.858,139.0,58,1112.06,1546308328,0.07,-0.083,-0.18,66.13,75.43,2019-01-01 07:35:28+05:30,1.0,1664.0,2,1.5,0.417,12320.0,12.32,19.17,0.21,19.45,-23.26,0.0751,4988.2,4.988,1068.52,13.843,68.71,accel,0.065,-0.0771,-0.1919,0
13:09:06.858,140.0,59,1147.42,1546308329,0.057,-0.077,-0.11,66.56,75.42,2019-01-01 07:35:29+05:30,1.0,1665.0,2,2.0,0.556,12336.39,12.3364,19.45,0.146,23.0,-31.86,0.1345,5020.0,5.02,1069.92,13.862,68.69,accel,0.0558,-0.0807,-0.0943,0
13:09:07.857,141.0,62,1192.1,1546308330,0.017,-0.043,0.08,64.36,75.46,2019-01-01 07:35:30+05:30,1.0,1666.0,2,-2.5,-0.694,12353.61,12.3536,19.23,0.092,10.6,-27.73,0.1694,4856.6,4.857,1071.26,13.879,68.67,decel,0.0214,-0.0393,0.0631,0
13:09:25.858,159.0,54,1038.68,1546308348,-0.013,0.02,0.228,55.0,75.64,2019-01-01 07:35:48+05:30,5.0,1671.0,2,-5.0,-1.389,12428.61,12.4286,19.23,0.229,-3.25,5.01,0.1525,4160.2,4.16,1077.04,13.956,68.58,decel,-0.0184,0.016,0.2469,0
13:09:26.858,160.0,52,1010.26,1546308349,-0.04,0.047,0.385,53.0,75.68,2019-01-01 07:35:49+05:30,1.0,1672.0,2,-1.5,-0.417,12443.06,12.4431,19.43,0.39,-5.89,6.92,0.0828,4011.0,4.011,1078.16,13.971,68.56,decel,-0.0349,0.0487,0.3659,0
13:09:27.858,161.0,51,993.6,1546308350,-0.03,0.047,0.352,52.0,75.7,2019-01-01 07:35:50+05:30,1.0,1673.0,2,0.0,0.0,12457.22,12.4572,19.48,0.356,-4.83,7.58,0.0429,3936.4,3.936,1079.25,13.985,68.55,cruise,-0.0318,0.0499,0.366,0
13:09:28.858,162.0,52,1001.4,1546308351,-0.033,0.037,0.3,53.95,75.66,2019-01-01 07:35:51+05:30,1.0,1674.0,2,1.0,0.278,12471.67,12.4717,19.26,0.304,-6.23,6.99,0.0665,4081.9,4.082,1080.38,14.0,68.53,accel,-0.0356,0.0298,0.2921,0
13:09:29.858,163.0,53,1031.5,1546308352,-0.047,0.003,0.22,55.9,75.62,2019-01-01 07:35:52+05:30,1.0,1675.0,2,2.0,0.556,12486.39,12.4864,19.46,0.225,-12.06,0.76,0.0581,4227.2,4.227,1081.56,14.016,68.51,accel,-0.0432,0.0115,0.2243,0
13:09:30.858,164.0,56,1077.2,1546308353,-0.017,0.023,0.187,59.79,75.53,2019-01-01 07:35:53+05:30,1.0,1676.0,2,3.0,0.833,12501.94,12.5019,19.24,0.189,-5.16,6.98,0.0366,4515.9,4.516,1082.81,14.032,68.49,accel,-0.0193,0.0162,0.186,0
13:09:31.858,165.0,59,1143.16,1546308354,0.04,0.03,0.147,66.73,75.39,2019-01-01 07:35:54+05:30,1.0,1677.0,2,3.5,0.972,12518.33,12.5183,19.38,0.155,14.93,11.14,0.0557,5030.8,5.031,1084.21,14.051,68.47,accel,0.0416,0.0352,0.1453,0
13:09:32.858,166.0,63,1218.3,1546308355,0.093,0.047,0.077,71.44,75.29,2019-01-01 07:35:55+05:30,1.0,1678.0,2,-29.5,-8.194,12535.83,12.5358,19.34,0.13,45.87,21.27,0.072,5378.7,5.379,1085.7,14.07,68.45,decel,0.0916,0.0419,0.0787,0
13:09:38.893,1.0,0,0.0,1546308361,0.083,0.03,0.003,7.64,76.57,2019-01-01 07:36:01+05:30,5.0,1683.0,2,-24.0,-6.667,12535.83,12.5358,,0.088,70.04,19.86,0.0624,585.0,0.585,1086.52,14.081,68.43,idle,0.0839,0.0351,0.003,1
13:09:39.892,2.0,15,299.62,1546308362,0.033,0.047,-0.047,33.38,76.05,2019-01-01 07:36:02+05:30,1.0,1684.0,2,15.0,4.167,12540.0,12.54,19.97,0.074,26.4,39.3,0.0333,2538.5,2.539,1087.22,14.09,68.42,accel,0.03,0.0405,-0.0486,0
13:09:40.893,3.0,30,589.42,1546308363,-0.023,0.053,-0.06,45.16,75.81,2019-01-01 07:36:03+05:30,1.0,1685.0,2,15.0,4.167,12548.33,12.5483,19.65,0.083,-16.03,39.52,0.0135,3423.6,3.424,1088.17,14.103,68.41,accel,-0.0164,0.0643,-0.0578,0
13:09:41.892,4.0,45,866.0,1546308364,-0.023,0.09,-0.033,59.54,75.52,2019-01-01 07:36:04+05:30,1.0,1686.0,2,14.5,4.028,12560.83,12.5608,19.24,0.099,-13.49,65.92,0.0285,4496.5,4.496,1089.42,14.119,68.39,accel,-0.0303,0.074,-0.0337,0
13:09:42.893,5.0,59,1130.82,1546308365,-0.04,0.033,-0.003,72.95,75.25,2019-01-01 07:36:05+05:30,1.0,1687.0,2,13.5,3.75,12577.22,12.5772,19.17,0.052,-50.36,39.44,0.0173,5489.5,5.489,1090.95,14.14,68.37,accel,-0.0343,0.0493,-0.0052,0
13:09:43.893,6.0,72,1383.92,1546308366,-0.04,0.03,-0.003,77.89,75.15,2019-01-01 07:36:06+05:30,1.0,1688.0,2,5.0,1.389,12597.22,12.5972,19.22,0.05,-52.99,36.79,0.0023,5853.4,5.853,1092.57,14.161,68.34,accel,-0.0449,0.0164,0.0023,0
13:09:44.892,7.0,69,1326.54,1546308367,-0.05,-0.007,-0.007,70.0,75.3,2019-01-01 07:36:07+05:30,1.0,1689.0,2,-3.0,-0.833,12616.39,12.6164,19.23,0.051,-78.8,-7.89,0.0203,5271.0,5.271,1094.04,14.181,68.32,decel,-0.0454,0.0041,-0.0144,0
13:09:45.893,8.0,66,1267.08,1546308368,-0.02,0.013,-0.04,67.0,75.36,2019-01-01 07:36:08+05:30,1.0,1690.0,2,-3.0,-0.833,12634.72,12.6347,19.2,0.047,-25.43,16.21,0.0169,5049.1,5.049,1095.44,14.199,68.29,decel,-0.0233,0.0049,-0.0336,0
13:09:46.892,9.0,63,1209.08,1546308369,-0.003,-0.003,-0.03,64.0,75.42,2019-01-01 07:36:09+05:30,1.0,1691.0,2,-3.0,-0.833,12652.22,12.6522,19.19,0.03,-5.68,-5.68,0.0191,4826.9,4.827,1096.78,14.217,68.27,decel,0.0003,0.001,-0.0316,0
13:09:47.893,10.0,60,1153.88,1546308370,0.007,-0.003,-0.003,61.56,75.46,2019-01-01 07:36:10+05:30,1.0,1692.0,2,-3.0,-0.833,12668.89,12.6689,19.23,0.008,58.78,-21.5,0.0191,4645.3,4.645,1098.07,14.234,68.25,decel,0.0016,-0.0044,-0.0079,0
13:09:48.892,11.0,57,1103.34,1546308371,-0.01,-0.003,0.007,58.0,75.53,2019-01-01 07:36:11+05:30,1.0,1693.0,2,-2.5,-0.694,12684.72,12.6847,19.36,0.013,-52.71,-13.81,0.0208,4380.7,4.381,1099.29,14.25,68.23,decel,-0.0038,-0.0011,0.0177,0
13:09:49.893,12.0,55,1057.36,1546308372,0.023,0.007,0.037,57.84,75.53,2019-01-01 07:36:12+05:30,1.0,1694.0,2,-2.0,-0.556,12700.0,12.7,19.22,0.044,31.42,9.13,0.0173,4368.7,4.369,1100.5,14.266,68.22,decel,0.0183,0.0034,0.0245,0
13:09:50.892,13.0,53,1017.44,1546308373,0.063,-0.003,0.007,59.04,75.5,2019-01-01 07:36:13+05:30,1.0,1695.0,2,-2.0,-0.556,12714.72,12.7147,19.2,0.063,83.11,-2.71,0.0197,4457.5,4.458,1101.74,14.283,68.2,decel,0.0668,0.0018,0.0142,0
13:09:51.893,14.0,51,984.76,1546308374,0.107,0.017,-0.0,60.56,75.47,2019-01-01 07:36:14+05:30,1.0,1696.0,2,-2.0,-0.556,12728.89,12.7289,19.31,0.108,80.97,9.03,0.004,4570.5,4.57,1103.01,14.3,68.18,decel,0.1035,0.0101,0.0034,0
13:09:52.892,15.0,49,956.76,1546308375,0.1,0.033,-0.0,58.0,75.52,2019-01-01 07:36:15+05:30,1.0,1697.0,2,-1.5,-0.417,12742.5,12.7425,19.53,0.105,71.74,18.26,0.0329,4380.2,4.38,1104.23,14.316,68.16,decel,0.1025,0.0428,-0.0124,0
13:09:53.892,16.0,48,932.58,1546308376,0.077,0.087,-0.057,55.16,75.57,2019-01-01 07:36:16+05:30,1.0,1698.0,2,-1.0,-0.278,12755.83,12.7558,19.43,0.129,36.51,42.24,0.0329,4168.4,4.168,1105.38,14.331,68.14,decel,0.0747,0.077,-0.0425,0
13:09:54.892,17.0,47,911.5,1546308377,0.037,0.07,-0.057,50.96,75.65,2019-01-01 07:36:17+05:30,1.0,1699.0,2,-1.0,-0.278,12768.89,12.7689,19.39,0.098,22.29,45.85,0.0115,3855.1,3.855,1106.45,14.345,68.12,decel,0.0413,0.0766,-0.0681,0
13:09:55.893,18.0,46,892.6,1546308378,0.013,0.05,-0.077,48.04,75.71,2019-01-01 07:36:18+05:30,1.0,1700.0,2,-1.0,-0.278,12781.67,12.7817,19.4,0.093,8.06,32.63,0.0115,3637.1,3.637,1107.46,14.359,68.11,decel,0.0073,0.0463,-0.0709,0
13:09:56.892,19.0,45,876.0,1546308379,-0.023,0.02,-0.057,46.0,75.75,2019-01-01 07:36:19+05:30,1.0,1701.0,2,-0.5,-0.139,12794.17,12.7942,19.47,0.065,-20.84,18.02,0.022,3484.5,3.484,1108.43,14.371,68.09,cruise,-0.0201,0.0228,-0.0575,0
13:09:57.893,20.0,45,862.7,1546308380,-0.03,0.023,-0.033,46.0,75.75,2019-01-01 07:36:20+05:30,1.0,1702.0,2,-0.5,-0.139,12806.67,12.8067,19.17,0.05,-36.72,27.28,0.0175,3484.5,3.484,1109.4,14.384,68.08,cruise,-0.0263,0.0206,-0.0384,0
13:09:58.892,21.0,44,851.0,1546308381,-0.007,0.017,-0.023,45.0,75.76,2019-01-01 07:36:21+05:30,1.0,1703.0,2,-1.0,-0.278,12818.89,12.8189,19.34,0.029,-13.75,35.26,0.0321,3409.2,3.409,1110.35,14.397,68.06,decel,-0.0176,0.0202,-0.0133,0
13:09:59.893,22.0,43,839.52,1546308382,-0.033,0.013,0.027,44.0,75.78,2019-01-01 07:36:22+05:30,1.0,1704.0,2,-1.0,-0.278,12830.83,12.8308,19.52,0.045,-47.76,16.96,0.0314,3334.3,3.334,1111.27,14.409,68.05,decel,-0.0176,0.0061,0.0167,0
13:10:00.893,23.0,42,815.96,1546308383,-0.017,-0.023,0.035,43.0,75.8,2019-01-01 07:36:23+05:30,1.0,1705.0,2,-1.5,-0.417,12842.5,12.8425,19.43,0.045,-22.09,-30.59,0.0144,3259.4,3.259,1112.18,14.421,68.03,decel,-0.0351,-0.0113,0.042,0
13:10:01.892,24.0,40,774.48,1546308384,-0.073,-0.003,0.055,41.0,75.84,2019-01-01 07:36:24+05:30,1.0,1706.0,2,-3.0,-0.833,12853.61,12.8536,19.36,0.091,-52.96,-1.88,0.01,3109.4,3.109,1113.04,14.432,68.02,decel,-0.055,-0.0178,0.0533,0
13:10:02.893,25.0,36,706.6,1546308385,-0.04,-0.033,0.045,37.0,75.91,2019-01-01 07:36:25+05:30,1.0,1707.0,2,-4.5,-1.25,12863.61,12.8636,19.63,0.069,-35.63,-28.73,0.0236,2808.7,2.809,1113.82,14.443,68.01,decel,-0.0553,-0.0174,0.0427,0
13:10:03.892,26.0,31,608.24,1546308386,-0.04,-0.01,0.01,32.0,76.01,2019-01-01 07:36:26+05:30,1.0,1708.0,2,-5.5,-1.528,12872.22,12.8722,19.62,0.042,-70.53,-13.63,0.0278,2432.3,2.432,1114.5,14.451,68.0,decel,-0.029,-0.0237,0.0131,0
13:10:04.893,27.0,25,482.14,1546308387,0.013,-0.047,-0.01,27.04,76.11,2019-01-01 07:36:27+05:30,1.0,1709.0,2,-7.0,-1.944,12879.17,12.8792,19.29,0.05,15.14,-70.76,0.0153,2058.0,2.058,1115.07,14.459,67.99,decel,0.0071,-0.038,-0.0123,0
13:10:05.893,28.0,17,334.18,1546308388,0.023,-0.037,-0.02,19.84,76.25,2019-01-01 07:36:28+05:30,1.0,1710.0,2,-7.5,-2.083,12883.89,12.8839,19.66,0.048,28.67,-50.52,0.0058,1512.8,1.513,1115.49,14.464,67.98,decel,0.0248,-0.0416,-0.0175,0
13:10:06.892,29.0,10,206.36,1546308389,0.017,-0.027,-0.01,12.36,76.4,2019-01-01 07:36:29+05:30,1.0,1711.0,2,-6.0,-1.667,12886.67,12.8867,20.64,0.033,30.56,-53.85,0.0051,944.3,0.944,1115.75,14.468,67.98,decel,0.0161,-0.0238,-0.0128,0
13:10:07.893,30.0,5,105.92,1546308390,0.0,0.0,-0.013,6.0,76.53,2019-01-01 07:36:30+05:30,1.0,1712.0,2,-4.5,-1.25,12888.06,12.8881,21.18,0.013,0.0,0.0,0.0017,459.2,0.459,1115.88,14.47,67.98,decel,0.0017,-0.0034,-0.0115,0
13:10:08.892,31.0,1,37.6,1546308391,0.0,-0.0,-0.013,2.0,76.61,2019-01-01 07:36:31+05:30,1.0,1713.0,2,-2.5,-0.694,12888.33,12.8883,,0.013,0.0,-0.0,0.0017,153.2,0.153,1115.92,14.47,67.98,decel,-0.0014,0.0022,-0.0123,0
13:10:09.892,32.0,0,0.0,1546308392,0.0,-0.0,-0.01,1.0,76.63,2019-01-01 07:36:32+05:30,1.0,1714.0,2,-0.5,-0.139,12888.33,12.8883,,0.01,0.0,-0.0,0.0017,76.6,0.077,1115.94,14.47,67.98,idle,0.0003,-0.0003,-0.0118,1
13:10:10.893,33.0,0,0.0,1546308393,0.0,-0.0,-0.01,1.0,76.63,2019-01-01 07:36:33+05:30,1.0,1715.0,2,0.0,0.0,12888.33,12.8883,,0.01,0.0,-0.0,0.0,76.6,0.077,1115.97,14.471,67.98,idle,-0.0001,-0.0006,-0.0095,1
13:10:11.892,34.0,0,0.0,1546308394,0.0,-0.0,-0.01,1.0,76.63,2019-01-01 07:36:34+05:30,1.0,1716.0,2,0.0,0.0,12888.33,12.8883,,0.01,0.0,-0.0,0.0,76.6,0.077,1115.99,14.471,67.98,idle,0.0008,0.0001,-0.0074,1
13:10:12.893,35.0,0,0.0,1546308395,0.003,-0.003,-0.01,1.0,76.63,2019-01-01 07:36:35+05:30,1.0,1717.0,2,0.0,0.0,12888.33,12.8883,,0.011,16.03,-16.03,0.0058,76.6,0.077,1116.01,14.471,67.98,idle,0.0023,-0.0017,-0.0142,1
13:10:13.893,36.0,0,0.0,1546308396,0.003,-0.003,-0.02,1.0,76.63,2019-01-01 07:36:36+05:30,1.0,1718.0,2,0.0,0.0,12888.33,12.8883,,0.02,8.44,-8.44,0.0248,76.6,0.077,1116.03,14.471,67.97,idle,0.0018,-0.0056,-0.0183,1
13:10:14.892,37.0,0,1.26,1546308397,0.0,-0.01,0.027,1.0,76.63,2019-01-01 07:36:37+05:30,1.0,1719.0,2,1.0,0.278,12888.33,12.8883,,0.029,0.0,-20.32,0.0839,76.6,0.077,1116.05,14.472,67.97,idle,0.0034,-0.0072,0.0279,1
13:10:15.893,38.0,2,38.5,1546308398,0.007,-0.003,0.143,5.98,76.53,2019-01-01 07:36:38+05:30,1.0,1720.0,2,2.5,0.694,12888.89,12.8889,19.25,0.143,2.8,-1.2,0.1165,457.6,0.458,1116.18,14.473,67.97,accel,0.0031,-0.0041,0.1429,0
13:10:16.893,39.0,5,98.24,1546308399,-0.017,0.003,0.26,9.69,76.45,2019-01-01 07:36:39+05:30,1.0,1721.0,2,3.5,0.972,12890.28,12.8903,19.65,0.261,-3.74,0.66,0.087,740.8,0.741,1116.38,14.476,67.97,accel,-0.0136,0.001,0.2613,0
13:10:17.893,40.0,9,186.14,1546308400,-0.037,0.003,0.313,14.83,76.35,2019-01-01 07:36:40+05:30,1.0,1722.0,2,5.0,1.389,12892.78,12.8928,20.68,0.315,-6.74,0.55,0.0365,1132.3,1.132,1116.7,14.48,67.96,accel,-0.0414,0.0079,0.305,0
13:10:18.893,41.0,15,291.6,1546308401,-0.057,0.023,0.243,21.46,76.22,2019-01-01 07:36:41+05:30,1.0,1723.0,2,6.0,1.667,12896.94,12.8969,19.44,0.251,-13.14,5.26,0.1102,1635.7,1.636,1117.15,14.486,67.96,accel,-0.0505,0.0166,0.2552,0
13:10:19.892,42.0,21,404.52,1546308402,-0.017,0.013,0.097,26.67,76.11,2019-01-01 07:36:42+05:30,1.0,1724.0,2,4.5,1.25,12902.78,12.9028,19.26,0.099,-9.85,7.52,0.2078,2029.9,2.03,1117.72,14.494,67.95,accel,-0.0245,0.0199,0.0945,0
13:10:20.893,43.0,24,478.42,1546308403,0.013,0.018,-0.167,29.29,76.06,2019-01-01 07:36:43+05:30,1.0,1725.0,2,3.0,0.833,12909.44,12.9094,19.93,0.168,4.43,6.13,0.2822,2227.8,2.228,1118.33,14.502,67.94,accel,0.0207,0.0116,-0.1838,0
13:10:21.893,44.0,27,534.7,1546308404,0.067,-0.005,-0.467,35.68,75.93,2019-01-01 07:36:44+05:30,1.0,1726.0,2,2.5,0.694,12916.94,12.9169,19.8,0.472,8.16,-0.61,0.1693,2709.2,2.709,1119.09,14.512,67.93,accel,0.0589,-0.0009,-0.4411,0
13:10:22.892,45.0,29,571.06,1546308405,0.067,-0.005,-0.453,36.98,75.9,2019-01-01 07:36:45+05:30,1.0,1727.0,2,2.0,0.556,12925.0,12.925,19.69,0.458,8.41,-0.63,0.0869,2806.8,2.807,1119.87,14.522,67.92,accel,0.0753,-0.0056,-0.4746,0
13:10:23.893,46.0,31,599.34,1546308406,0.077,-0.003,-0.31,39.36,75.85,2019-01-01 07:36:46+05:30,1.0,1728.0,2,1.5,0.417,12933.61,12.9336,19.33,0.319,13.95,-0.54,0.1935,2985.5,2.985,1120.7,14.533,67.9,accel,0.0692,-0.0046,-0.2892,0
13:10:24.893,47.0,32,618.9,1546308407,0.042,-0.01,-0.07,37.65,75.88,2019-01-01 07:36:47+05:30,1.0,1729.0,2,1.0,0.278,12942.5,12.9425,19.34,0.082,30.71,-6.98,0.149,2856.9,2.857,1121.49,14.543,67.89,accel,0.0483,-0.0087,-0.0935,0
13:10:25.893,48.0,33,651.02,1546308408,0.027,-0.017,-0.037,37.91,75.87,2019-01-01 07:36:48+05:30,1.0,1730.0,2,1.5,0.417,12951.67,12.9517,19.73,0.049,33.55,-20.36,0.0225,2876.2,2.876,1122.29,14.554,67.88,accel,0.0235,-0.0169,-0.0207,0
13:10:26.892,49.0,35,689.02,1546308409,0.003,-0.02,-0.027,38.11,75.87,2019-01-01 07:36:49+05:30,1.0,1731.0,2,2.0,0.556,12961.39,12.9614,19.69,0.034,5.1,-36.36,0.0081,2891.4,2.891,1123.09,14.564,67.87,accel,0.0033,-0.0212,-0.0292,0
13:10:27.893,50.0,37,725.84,1546308410,-0.009,-0.02,-0.043,39.85,75.83,2019-01-01 07:36:50+05:30,1.0,1732.0,2,2.0,0.556,12971.67,12.9717,19.62,0.048,-10.75,-24.48,0.0217,3021.8,3.022,1123.93,14.575,67.85,accel,-0.0063,-0.0185,-0.0495,0
13:10:28.893,51.0,39,762.92,1546308411,0.003,-0.007,-0.07,42.31,75.78,2019-01-01 07:36:51+05:30,1.0,1733.0,2,2.5,0.694,12982.5,12.9825,19.56,0.07,2.44,-5.71,0.027,3206.3,3.206,1124.82,14.587,67.84,accel,-0.0017,-0.0085,-0.0655,0
13:10:29.892,52.0,42,808.78,1546308412,0.01,0.007,-0.097,45.9,75.71,2019-01-01 07:36:52+05:30,1.0,1734.0,2,2.5,0.694,12994.17,12.9942,19.26,0.098,5.87,4.11,0.0534,3475.1,3.475,1125.79,14.6,67.82,accel,0.0154,0.0083,-0.0928,0
13:10:30.892,53.0,44,846.82,1546308413,0.04,0.03,-0.173,49.75,75.63,2019-01-01 07:36:53+05:30,1.0,1735.0,2,1.5,0.417,13006.39,13.0064,19.25,0.18,12.83,9.59,0.126,3762.6,3.763,1126.83,14.614,67.81,accel,0.0356,0.0291,-0.1814,0
13:10:31.893,54.0,45,870.94,1546308414,0.043,0.047,-0.343,50.34,75.61,2019-01-01 07:36:54+05:30,1.0,1736.0,2,1.0,0.278,13018.89,13.0189,19.35,0.349,7.08,7.74,0.1429,3806.2,3.806,1127.89,14.628,67.79,accel,0.0448,0.0477,-0.3407,0
13:10:32.893,55.0,46,882.84,1546308415,0.033,0.057,-0.457,50.2,75.61,2019-01-01 07:36:55+05:30,1.0,1737.0,2,0.5,0.139,13031.67,13.0317,19.19,0.462,4.1,7.09,0.0575,3795.6,3.796,1128.94,14.642,67.77,cruise,0.0347,0.0564,-0.454,0
13:10:33.892,56.0,46,893.26,1546308416,0.017,0.047,-0.413,48.78,75.64,2019-01-01 07:36:56+05:30,1.0,1738.0,2,0.0,0.0,13044.44,13.0444,19.42,0.416,2.34,6.49,0.0793,3689.7,3.69,1129.97,14.655,67.76,cruise,0.0108,0.048,-0.4134,0
13:10:34.893,57.0,46,899.8,1546308417,-0.023,0.023,-0.303,47.31,75.67,2019-01-01 07:36:57+05:30,1.0,1739.0,2,0.5,0.139,13057.22,13.0572,19.56,0.305,-4.33,4.33,0.0711,3579.9,3.58,1130.96,14.668,67.74,cruise,-0.0117,0.0217,-0.3014,0
13:10:35.892,58.0,47,905.48,1546308418,-0.003,-0.01,-0.28,48.1,75.65,2019-01-01 07:36:58+05:30,1.0,1740.0,2,0.5,0.139,13070.28,13.0703,19.27,0.28,-0.61,-2.05,0.0711,3638.8,3.639,1131.97,14.682,67.73,cruise,-0.0191,-0.0099,-0.29,0
13:10:36.893,59.0,47,903.8,1546308419,-0.027,-0.033,-0.413,48.0,75.65,2019-01-01 07:36:59+05:30,1.0,1741.0,2,-0.5,-0.139,13083.33,13.0833,19.23,0.415,-3.73,-4.56,0.0922,3631.2,3.631,1132.98,14.695,67.71,cruise,-0.0077,-0.0305,-0.3989,0
13:10:37.893,60.0,46,894.58,1546308420,0.027,-0.033,-0.457,49.16,75.62,2019-01-01 07:37:00+05:30,1.0,1742.0,2,-1.5,-0.417,13096.11,13.0961,19.45,0.459,3.37,-4.12,0.0386,3717.5,3.717,1134.02,14.709,67.7,decel,0.0078,-0.0373,-0.4709,0
13:10:38.892,61.0,44,844.12,1546308421,-0.013,-0.037,-0.38,45.0,75.7,2019-01-01 07:37:01+05:30,1.0,1743.0,2,-2.5,-0.694,13108.33,13.1083,19.18,0.382,-1.95,-5.56,0.1879,3406.5,3.406,1134.96,14.721,67.68,decel,0.0038,-0.0334,-0.3661,0
13:10:39.893,62.0,41,802.38,1546308422,-0.003,-0.013,-0.1,42.0,75.76,2019-01-01 07:37:02+05:30,1.0,1744.0,2,-2.0,-0.556,13119.72,13.1197,19.57,0.101,-1.7,-7.4,0.2569,3181.9,3.182,1135.85,14.733,67.67,decel,-0.0179,-0.0143,-0.1105,0
13:10:40.893,63.0,40,780.96,1546308423,-0.043,0.017,0.133,41.0,75.78,2019-01-01 07:37:03+05:30,1.0,1745.0,2,-0.5,-0.139,13130.83,13.1308,19.52,0.141,-17.78,6.93,0.1769,3107.0,3.107,1136.71,14.744,67.65,cruise,-0.0291,0.016,0.1386,0
13:10:41.892,64.0,40,783.46,1546308424,-0.003,0.03,0.247,41.73,75.76,2019-01-01 07:37:04+05:30,1.0,1746.0,2,1.0,0.278,13141.94,13.1419,19.59,0.249,-0.69,6.92,0.0573,3161.5,3.161,1137.59,14.756,67.64,accel,-0.0148,0.0336,0.2439,0
13:10:42.893,65.0,42,810.1,1546308425,0.0,0.027,0.2,45.53,75.68,2019-01-01 07:37:05+05:30,1.0,1747.0,2,3.0,0.833,13153.61,13.1536,19.29,0.202,0.0,7.69,0.0789,3445.7,3.446,1138.54,14.769,67.63,accel,0.0088,0.0207,0.1996,0
13:10:43.893,66.0,46,884.64,1546308426,0.023,-0.01,0.093,52.56,75.54,2019-01-01 07:37:06+05:30,1.0,1748.0,2,4.0,1.111,13166.39,13.1664,19.23,0.096,13.81,-5.96,0.0919,3970.4,3.97,1139.65,14.783,67.61,accel,0.0171,-0.004,0.0974,0
13:10:44.892,67.0,50,958.88,1546308427,0.0,-0.003,0.017,54.39,75.5,2019-01-01 07:37:07+05:30,1.0,1749.0,2,3.5,0.972,13180.28,13.1803,19.18,0.017,0.0,-10.01,0.0621,4106.4,4.106,1140.79,14.798,67.59,accel,0.0028,-0.0052,0.0135,0
13:10:45.893,68.0,53,1020.2,1546308428,-0.017,0.023,-0.03,56.95,75.45,2019-01-01 07:37:08+05:30,1.0,1750.0,2,3.0,0.833,13195.0,13.195,19.25,0.041,-24.21,33.7,0.0332,4296.9,4.297,1141.98,14.814,67.57,accel,-0.0177,0.0211,-0.0318,0
13:10:46.893,69.0,56,1076.72,1546308429,-0.023,0.04,-0.047,59.62,75.39,2019-01-01 07:37:09+05:30,1.0,1751.0,2,2.5,0.694,13210.56,13.2106,19.23,0.066,-20.44,37.4,0.0085,4494.8,4.495,1143.23,14.831,67.55,accel,-0.0237,0.045,-0.0412,0
13:10:47.892,70.0,58,1125.0,1546308430,-0.023,0.05,-0.037,60.95,75.36,2019-01-01 07:37:10+05:30,1.0,1752.0,2,2.0,0.556,13226.67,13.2267,19.4,0.066,-20.29,48.93,0.0131,4593.2,4.593,1144.51,14.848,67.53,accel,-0.0196,0.0427,-0.0402,0
13:10:48.893,71.0,60,1154.58,1546308431,-0.02,0.013,-0.063,61.84,75.34,2019-01-01 07:37:11+05:30,1.0,1753.0,2,1.0,0.278,13243.33,13.2433,19.24,0.067,-17.27,11.13,0.0301,4659.0,4.659,1145.8,14.865,67.51,accel,-0.0262,0.0202,-0.0661,0
13:10:49.893,72.0,60,1158.58,1546308432,-0.043,0.003,-0.097,61.2,75.35,2019-01-01 07:37:12+05:30,1.0,1754.0,2,0.0,0.0,13260.0,13.26,19.31,0.106,-23.9,1.62,0.0273,4611.4,4.611,1147.08,14.882,67.49,cruise,-0.0383,-0.0005,-0.0924,0
13:10:50.892,73.0,60,1162.58,1546308433,-0.033,-0.0,-0.043,61.0,75.35,2019-01-01 07:37:13+05:30,1.0,1755.0,2,0.0,0.0,13276.67,13.2767,19.38,0.054,-37.5,-0.0,0.0852,4596.3,4.596,1148.36,14.899,67.47,cruise,-0.0313,-0.0026,-0.0444,0
13:10:51.893,74.0,60,1153.64,1546308434,0.0,0.007,0.07,61.0,75.35,2019-01-01 07:37:14+05:30,1.0,1756.0,2,-0.5,-0.139,13293.33,13.2933,19.23,0.07,0.0,5.71,0.0956,4596.3,4.596,1149.63,14.916,67.45,cruise,-0.0077,0.0154,0.0714,0
13:10:52.893,75.0,59,1149.08,1546308435,0.003,0.04,0.147,60.28,75.36,2019-01-01 07:37:15+05:30,1.0,1757.0,2,0.0,0.0,13309.72,13.3097,19.48,0.152,1.13,15.22,0.0385,4542.7,4.543,1150.9,14.932,67.43,cruise,0.0121,0.0299,0.1453,0
13:10:53.892,76.0,60,1155.28,1546308436,0.023,0.003,0.11,63.46,75.29,2019-01-01 07:37:16+05:30,1.0,1758.0,2,1.0,0.278,13326.39,13.3264,19.25,0.112,11.81,1.53,0.0821,4777.9,4.778,1152.22,14.95,67.41,accel,0.0178,0.0106,0.106,0
13:10:54.893,77.0,61,1173.7,1546308437,0.01,-0.023,-0.01,64.11,75.27,2019-01-01 07:37:17+05:30,1.0,1759.0,2,1.5,0.417,13343.33,13.3433,19.24,0.027,21.74,-58.41,0.0917,4825.6,4.826,1153.56,14.968,67.39,accel,0.009,-0.0284,0.0014,0
13:10:55.893,78.0,63,1207.68,1546308438,-0.003,-0.04,-0.07,65.73,75.24,2019-01-01 07:37:18+05:30,1.0,1760.0,2,1.5,0.417,13360.83,13.3608,19.17,0.081,-2.13,-29.72,0.0551,4945.5,4.946,1154.94,14.986,67.37,accel,0.0024,-0.0365,-0.0836,0
13:10:56.892,79.0,64,1242.76,1546308439,0.027,-0.0,-0.12,68.81,75.17,2019-01-01 07:37:19+05:30,1.0,1761.0,2,1.5,0.417,13378.61,13.3786,19.42,0.123,12.68,-0.0,0.028,5172.4,5.172,1156.37,15.005,67.35,accel,0.0201,0.0006,-0.1095,0
13:10:57.893,80.0,66,1273.72,1546308440,0.043,0.043,-0.073,71.82,75.11,2019-01-01 07:37:20+05:30,1.0,1762.0,2,1.5,0.417,13396.94,13.3969,19.3,0.095,26.91,26.91,0.0465,5394.4,5.394,1157.87,15.025,67.32,accel,0.0511,0.0389,-0.0783,0
13:10:58.892,81.0,67,1297.9,1546308441,0.067,0.04,-0.027,74.25,75.06,2019-01-01 07:37:21+05:30,1.0,1763.0,2,1.0,0.278,13415.56,13.4156,19.37,0.083,54.24,28.98,0.0369,5573.2,5.573,1159.42,15.046,67.3,accel,0.0585,0.043,-0.0252,0
13:10:59.893,82.0,68,1309.22,1546308442,0.03,0.03,-0.0,71.85,75.1,2019-01-01 07:37:22+05:30,1.0,1764.0,2,0.5,0.139,13434.44,13.4344,19.25,0.042,45.0,45.0,0.0137,5395.9,5.396,1160.92,15.066,67.28,cruise,0.035,0.0302,0.0002,0
13:11:00.893,83.0,68,1316.04,1546308443,0.01,0.027,-0.01,70.03,75.13,2019-01-01 07:37:23+05:30,1.0,1765.0,2,0.0,0.0,13453.33,13.4533,19.35,0.03,19.15,62.36,0.0208,5261.4,5.261,1162.38,15.085,67.25,cruise,0.0104,0.0256,-0.0137,0
13:11:01.892,84.0,68,1318.3,1546308444,0.0,0.02,-0.04,69.05,75.15,2019-01-01 07:37:24+05:30,1.0,1766.0,2,0.0,0.0,13472.22,13.4722,19.39,0.045,0.0,26.57,0.015,5189.1,5.189,1163.82,15.104,67.23,cruise,-0.002,0.0212,-0.0326,0
13:11:02.893,85.0,68,1317.96,1546308445,-0.01,0.003,-0.023,69.0,75.15,2019-01-01 07:37:25+05:30,1.0,1767.0,2,0.0,0.0,13491.11,13.4911,19.38,0.025,-23.32,6.82,0.0108,5185.4,5.185,1165.26,15.124,67.21,cruise,-0.0116,0.0019,-0.0306,0
13:11:03.893,86.0,68,1317.2,1546308446,-0.02,-0.023,-0.02,69.08,75.14,2019-01-01 07:37:26+05:30,1.0,1768.0,2,0.0,0.0,13510.0,13.51,19.37,0.036,-33.27,-39.12,0.0108,5190.7,5.191,1166.71,15.143,67.19,cruise,-0.0138,-0.0225,-0.0155,0
13:11:04.892,87.0,68,1321.12,1546308447,0.003,-0.027,-0.003,69.35,75.13,2019-01-01 07:37:27+05:30,1.0,1769.0,2,0.0,0.0,13528.89,13.5289,19.43,0.027,6.3,-81.07,0.0098,5210.3,5.21,1168.15,15.162,67.16,cruise,-0.0042,-0.0273,-0.0035,0
13:11:05.893,88.0,68,1321.48,1546308448,-0.003,-0.01,-0.003,69.04,75.13,2019-01-01 07:37:28+05:30,1.0,1770.0,2,0.5,0.139,13547.78,13.5478,19.43,0.011,-16.03,-67.01,0.0196,5187.0,5.187,1169.59,15.181,67.14,cruise,0.0019,-0.0073,-0.0059,0
13:11:06.893,89.0,69,1322.78,1546308449,-0.002,0.023,-0.037,70.11,75.11,2019-01-01 07:37:29+05:30,1.0,1771.0,2,0.5,0.139,13566.94,13.5669,19.17,0.044,-2.63,31.83,0.0335,5266.0,5.266,1171.06,15.201,67.12,cruise,-0.0043,0.0164,-0.0316,0
13:11:07.892,90.0,69,1325.74,1546308450,-0.015,0.017,-0.07,70.16,75.1,2019-01-01 07:37:30+05:30,1.0,1772.0,2,0.0,0.0,13586.11,13.5861,19.21,0.074,-11.76,13.36,0.0418,5269.0,5.269,1172.52,15.22,67.09,cruise,-0.0133,0.0256,-0.077,0
13:11:08.892,91.0,69,1329.1,1546308451,-0.008,0.023,-0.12,70.24,75.1,2019-01-01 07:37:31+05:30,1.0,1773.0,2,0.0,0.0,13605.28,13.6053,19.26,0.122,-3.75,10.83,0.0259,5275.0,5.275,1173.98,15.24,67.07,cruise,-0.0119,0.0164,-0.1138,0
13:11:09.893,92.0,69,1335.16,1546308452,-0.007,-0.007,-0.107,70.02,75.1,2019-01-01 07:37:32+05:30,1.0,1774.0,2,0.0,0.0,13624.44,13.6244,19.35,0.107,-3.74,-3.74,0.0259,5258.5,5.259,1175.45,15.259,67.05,cruise,0.0014,-0.0055,-0.1105,0
13:11:10.893,93.0,69,1329.84,1546308453,0.02,-0.023,-0.07,71.6,75.06,2019-01-01 07:37:33+05:30,1.0,1775.0,2,-1.0,-0.278,13643.61,13.6436,19.27,0.076,15.19,-17.53,0.0527,5374.3,5.374,1176.94,15.279,67.02,decel,0.0083,-0.0196,-0.0674,0
13:11:11.893,94.0,67,1301.22,1546308454,-0.013,-0.003,-0.003,68.0,75.13,2019-01-01 07:37:34+05:30,1.0,1776.0,2,-2.0,-0.556,13662.22,13.6622,19.42,0.014,-71.93,-12.67,0.0685,5108.8,5.109,1178.36,15.298,67.0,decel,-0.0016,-0.0085,-0.0076,0
13:11:12.892,95.0,65,1249.16,1546308455,0.003,0.01,0.067,66.24,75.16,2019-01-01 07:37:35+05:30,1.0,1777.0,2,-3.0,-0.833,13680.28,13.6803,19.22,0.068,2.54,8.48,0.1306,4978.6,4.979,1179.74,15.316,66.98,decel,-0.0067,0.016,0.0759,0
13:11:13.893,96.0,61,1178.34,1546308456,0.0,0.037,0.25,62.0,75.25,2019-01-01 07:37:36+05:30,1.0,1778.0,2,-4.5,-1.25,13697.22,13.6972,19.32,0.253,0.0,8.42,0.1587,4665.5,4.666,1181.04,15.333,66.96,decel,0.009,0.0317,0.2295,0
13:11:14.893,97.0,56,1084.98,1546308457,0.027,0.04,0.383,59.16,75.3,2019-01-01 07:37:37+05:30,1.0,1779.0,2,-4.5,-1.25,13712.78,13.7128,19.37,0.386,4.01,5.95,0.1236,4454.7,4.455,1182.27,15.35,66.94,decel,0.0208,0.0417,0.4223,0
13:11:15.893,98.0,52,996.58,1546308458,0.01,0.057,0.497,53.8,75.4,2019-01-01 07:37:38+05:30,1.0,1780.0,2,-4.0,-1.111,13727.22,13.7272,19.16,0.5,1.15,6.54,0.184,4056.5,4.057,1183.4,15.365,66.92,decel,0.009,0.061,0.452,0
13:11:16.892,99.0,48,929.36,1546308459,-0.007,0.083,0.137,49.0,75.5,2019-01-01 07:37:39+05:30,1.0,1781.0,2,-3.0,-0.833,13740.56,13.7406,19.36,0.16,-2.5,31.18,0.36,3699.5,3.7,1184.43,15.378,66.91,decel,-0.0001,0.0761,0.1668,0
13:11:17.893,100.0,46,882.84,1546308460,0.017,0.053,-0.223,48.36,75.51,2019-01-01 07:37:40+05:30,1.0,1782.0,2,-2.5,-0.694,13753.33,13.7533,19.19,0.23,4.24,13.33,0.3039,3651.7,3.652,1185.44,15.392,66.89,decel,0.0117,0.0585,-0.2425,0
13:11:18.893,101.0,43,838.4,1546308461,0.02,0.02,-0.467,45.6,75.56,2019-01-01 07:37:41+05:30,1.0,1783.0,2,-1.5,-0.417,13765.28,13.7653,19.5,0.468,2.45,2.45,0.1244,3445.5,3.446,1186.4,15.405,66.88,decel,0.019,0.0168,-0.4438,0
13:11:19.893,102.0,43,832.72,1546308462,0.007,-0.013,-0.387,44.94,75.57,2019-01-01 07:37:42+05:30,1.0,1784.0,2,0.5,0.139,13777.22,13.7772,19.37,0.387,1.04,-1.92,0.0556,3396.1,3.396,1187.34,15.417,66.86,cruise,0.0111,-0.0114,-0.4048,0
13:11:20.893,103.0,44,853.74,1546308463,0.01,-0.01,-0.36,47.27,75.52,2019-01-01 07:37:43+05:30,1.0,1785.0,2,1.5,0.417,13789.44,13.7894,19.4,0.36,1.59,-1.59,0.0146,3569.8,3.57,1188.33,15.43,66.85,accel,0.0075,-0.0094,-0.3567,0
13:11:21.893,104.0,46,891.46,1546308464,0.003,0.007,-0.383,49.42,75.48,2019-01-01 07:37:44+05:30,1.0,1786.0,2,2.5,0.694,13802.22,13.8022,19.38,0.383,0.45,1.05,0.0119,3730.2,3.73,1189.37,15.444,66.83,accel,0.0039,0.0045,-0.3862,0
13:11:22.893,105.0,49,941.0,1546308465,-0.013,0.003,-0.377,53.22,75.4,2019-01-01 07:37:45+05:30,1.0,1787.0,2,3.5,0.972,13815.83,13.8158,19.2,0.377,-1.97,0.46,0.0999,4012.8,4.013,1190.49,15.459,66.81,accel,-0.015,0.0064,-0.3613,0
13:11:23.892,106.0,53,1020.36,1546308466,-0.033,-0.0,-0.207,57.81,75.3,2019-01-01 07:37:46+05:30,1.0,1788.0,2,4.0,1.111,13830.56,13.8306,19.25,0.21,-9.06,-0.0,0.1383,4353.1,4.353,1191.69,15.475,66.79,accel,-0.0312,-0.0043,-0.2268,0
13:11:24.893,107.0,57,1093.4,1546308467,-0.027,-0.013,-0.103,61.3,75.23,2019-01-01 07:37:47+05:30,1.0,1789.0,2,3.5,0.972,13846.39,13.8464,19.18,0.107,-14.58,-6.96,0.0904,4611.6,4.612,1192.98,15.492,66.77,accel,-0.0241,-0.0079,-0.0907,0
13:11:25.893,108.0,60,1152.4,1546308468,-0.0,0.013,-0.027,63.73,75.18,2019-01-01 07:37:48+05:30,1.0,1790.0,2,2.5,0.694,13863.06,13.8631,19.21,0.03,-0.0,25.71,0.0451,4791.2,4.791,1194.31,15.51,66.75,accel,-0.009,0.008,-0.0312,0
13:11:26.893,109.0,62,1202.56,1546308469,-0.013,0.027,-0.023,65.33,75.14,2019-01-01 07:37:49+05:30,1.0,1791.0,2,2.5,0.694,13880.28,13.8803,19.4,0.038,-20.13,45.62,0.0023,4908.9,4.909,1195.67,15.528,66.73,accel,-0.0014,0.0316,-0.0237,0
13:11:27.892,110.0,65,1245.7,1546308470,0.02,0.04,-0.027,69.49,75.06,2019-01-01 07:37:50+05:30,1.0,1792.0,2,2.0,0.556,13898.33,13.8983,19.16,0.052,22.51,49.97,0.005,5215.9,5.216,1197.12,15.547,66.71,accel,0.0089,0.0369,-0.0236,0
13:11:28.893,111.0,66,1278.06,1546308471,0.013,0.017,-0.017,69.12,75.06,2019-01-01 07:37:51+05:30,1.0,1793.0,2,1.0,0.278,13916.67,13.9167,19.36,0.027,28.4,38.46,0.0169,5188.1,5.188,1198.56,15.566,66.69,accel,0.0237,0.0165,-0.0216,0
13:11:29.893,112.0,67,1288.72,1546308472,0.04,-0.01,-0.05,71.2,75.01,2019-01-01 07:37:52+05:30,1.0,1794.0,2,0.0,0.0,13935.28,13.9353,19.23,0.065,38.11,-8.88,0.0455,5340.7,5.341,1200.04,15.586,66.66,cruise,0.0292,-0.0058,-0.0439,0
13:11:30.892,113.0,66,1276.32,1546308473,0.02,-0.0,-0.107,68.6,75.06,2019-01-01 07:37:53+05:30,1.0,1795.0,2,-1.5,-0.417,13953.61,13.9536,19.34,0.109,10.59,-0.0,0.0849,5149.1,5.149,1201.47,15.605,66.64,decel,0.0286,-0.006,-0.1151,0
13:11:31.893,114.0,64,1241.7,1546308474,0.04,0.003,-0.217,68.2,75.07,2019-01-01 07:37:54+05:30,1.0,1796.0,2,-2.0,-0.556,13971.39,13.9714,19.4,0.221,10.44,0.78,0.0802,5119.8,5.12,1202.9,15.624,66.62,decel,0.0359,0.0097,-0.2096,0
13:11:32.893,115.0,62,1187.76,1546308475,0.04,0.027,-0.263,66.2,75.1,2019-01-01 07:37:55+05:30,1.0,1797.0,2,-3.0,-0.833,13988.61,13.9886,19.16,0.267,8.6,5.8,0.0318,4971.6,4.972,1204.28,15.642,66.6,decel,0.0412,0.02,-0.2681,0
13:11:33.893,116.0,58,1114.68,1546308476,0.027,0.013,-0.278,61.16,75.2,2019-01-01 07:37:56+05:30,1.0,1798.0,2,-3.5,-0.972,14004.72,14.0047,19.22,0.28,5.54,2.66,0.0165,4599.2,4.599,1205.55,15.659,66.58,decel,0.0254,0.0187,-0.2719,0
13:11:34.893,117.0,55,1062.82,1546308477,0.0,0.017,-0.245,56.0,75.3,2019-01-01 07:37:57+05:30,1.0,1799.0,2,-2.0,-0.556,14020.0,14.02,19.32,0.246,0.0,3.97,0.02,4216.8,4.217,1206.73,15.675,66.56,decel,0.0025,0.0138,-0.2544,0
13:11:35.893,118.0,54,1047.5,1546308478,0.007,0.007,-0.242,55.56,75.31,2019-01-01 07:37:58+05:30,1.0,1800.0,2,0.0,0.0,14035.0,14.035,19.4,0.242,1.66,1.66,0.035,4184.2,4.184,1207.89,15.69,66.54,cruise,0.0042,0.0086,-0.2324,0
13:11:36.893,119.0,55,1061.96,1546308479,0.025,0.005,-0.183,59.03,75.24,2019-01-01 07:37:59+05:30,1.0,1801.0,2,1.0,0.278,14050.28,14.0503,19.31,0.185,7.78,1.55,0.0512,4441.4,4.441,1209.12,15.707,66.52,accel,0.0299,0.0027,-0.1897,0
13:11:37.892,120.0,56,1088.76,1546308480,0.055,-0.005,-0.14,63.29,75.15,2019-01-01 07:38:00+05:30,1.0,1802.0,2,2.0,0.556,14065.83,14.0658,19.44,0.15,21.44,-1.9,0.045,4756.2,4.756,1210.44,15.724,66.5,accel,0.0473,-0.0011,-0.1345,0
13:11:38.893,121.0,59,1137.42,1546308481,0.035,-0.005,-0.093,65.37,75.1,2019-01-01 07:38:01+05:30,1.0,1803.0,2,3.0,0.833,14082.22,14.0822,19.28,0.099,20.6,-2.88,0.0316,4909.3,4.909,1211.81,15.742,66.48,accel,0.0428,-0.0086,-0.0988,0
13:11:39.893,122.0,62,1191.46,1546308482,0.04,-0.027,-0.08,68.58,75.03,2019-01-01 07:38:02+05:30,1.0,1804.0,2,2.5,0.694,14099.44,14.0994,19.22,0.093,25.35,-16.8,0.0259,5145.6,5.146,1213.24,15.761,66.46,accel,0.0343,-0.0262,-0.0772,0
13:11:40.892,123.0,64,1232.72,1546308483,0.03,-0.04,-0.043,69.0,75.02,2019-01-01 07:38:03+05:30,1.0,1805.0,2,1.5,0.417,14117.22,14.1172,19.26,0.066,27.06,-37.34,0.0317,5176.4,5.176,1214.67,15.781,66.43,accel,0.034,-0.0384,-0.0404,0
13:11:41.893,124.0,65,1255.28,1546308484,0.037,-0.027,-0.017,70.02,75.0,2019-01-01 07:38:04+05:30,1.0,1806.0,2,1.0,0.278,14135.28,14.1353,19.31,0.049,49.23,-33.55,0.0332,5251.5,5.252,1216.13,15.8,66.41,accel,0.0342,-0.029,-0.0197,0
13:11:42.892,125.0,66,1275.06,1546308485,0.03,-0.017,-0.083,70.14,74.99,2019-01-01 07:38:05+05:30,1.0,1807.0,2,1.0,0.278,14153.61,14.1536,19.32,0.09,19.5,-10.9,0.1035,5259.8,5.26,1217.59,15.82,66.39,accel,0.0303,-0.0139,-0.0851,0
13:11:43.893,126.0,67,1285.0,1546308486,0.02,-0.01,-0.22,69.6,75.0,2019-01-01 07:38:06+05:30,1.0,1808.0,2,-0.5,-0.139,14172.22,14.1722,19.18,0.221,5.19,-2.59,0.0997,5220.0,5.22,1219.04,15.839,66.37,cruise,0.0239,-0.0158,-0.2162,0
13:11:44.893,127.0,65,1255.38,1546308487,0.017,-0.027,-0.277,67.36,75.04,2019-01-01 07:38:07+05:30,1.0,1809.0,2,-14.5,-4.028,14190.28,14.1903,19.31,0.279,3.5,-5.56,0.0429,5054.7,5.055,1220.45,15.858,66.34,decel,0.0101,-0.0212,-0.2813,0
13:11:50.525,1.0,38,747.34,1546308492,-0.01,-0.01,-0.193,39.0,75.61,2019-01-01 07:38:12+05:30,5.0,1814.0,2,-26.5,-7.361,14243.06,14.2431,19.67,0.194,-2.96,-2.96,0.1492,2948.8,2.949,1224.54,15.912,66.28,decel,-0.0046,-0.0107,-0.186,0
13:11:51.525,2.0,12,239.3,1546308493,0.0,0.007,0.013,13.0,76.13,2019-01-01 07:38:13+05:30,1.0,1815.0,2,-7.0,-1.944,14246.39,14.2464,19.94,0.015,0.0,28.3,0.1806,989.7,0.99,1224.82,15.915,66.28,decel,-0.0005,0.0018,0.0083,0
13:11:52.525,3.0,24,469.66,1546308494,0.023,-0.0,0.167,38.37,75.62,2019-01-01 07:38:14+05:30,1.0,1816.0,2,12.0,3.333,14253.06,14.2531,19.57,0.169,7.84,-0.0,0.1063,2901.5,2.902,1225.62,15.926,66.26,accel,0.0197,0.0061,0.1632,0
13:11:53.524,4.0,36,700.44,1546308495,0.027,0.02,0.217,50.4,75.37,2019-01-01 07:38:15+05:30,1.0,1817.0,2,12.0,3.333,14263.06,14.2631,19.46,0.22,7.06,5.23,0.0551,3798.6,3.799,1226.68,15.94,66.25,accel,0.0319,0.017,0.2273,0
13:11:54.524,5.0,48,919.32,1546308496,0.037,0.027,0.277,62.55,75.13,2019-01-01 07:38:16+05:30,1.0,1818.0,2,11.0,3.056,14276.39,14.2764,19.15,0.281,7.57,5.52,0.0532,4699.4,4.699,1227.99,15.957,66.23,accel,0.0304,0.0288,0.2637,0
13:11:55.525,6.0,58,1123.88,1546308497,0.017,0.027,0.323,64.18,75.09,2019-01-01 07:38:17+05:30,1.0,1819.0,2,4.0,1.111,14292.5,14.2925,19.38,0.325,3.0,4.77,0.0824,4819.3,4.819,1229.32,15.975,66.21,accel,0.0266,0.0228,0.3372,0
13:11:56.525,7.0,56,1072.27,1546308498,0.033,0.017,0.437,59.64,75.18,2019-01-01 07:38:18+05:30,1.0,1820.0,2,-2.5,-0.694,14308.06,14.3081,19.15,0.439,4.32,2.22,0.0709,4483.7,4.484,1230.57,15.992,66.19,decel,0.0212,0.0215,0.4269,0
13:11:57.524,8.0,53,1020.66,1546308499,0.0,0.053,0.453,54.0,75.29,2019-01-01 07:38:19+05:30,1.0,1821.0,2,-2.5,-0.694,14322.78,14.3228,19.26,0.456,0.0,6.67,0.0288,4065.7,4.066,1231.7,16.007,66.17,decel,0.0116,0.0522,0.4561,0
13:11:58.525,9.0,51,981.04,1546308500,0.02,0.077,0.397,53.6,75.29,2019-01-01 07:38:20+05:30,1.0,1822.0,2,-1.5,-0.417,14336.94,14.3369,19.24,0.405,2.83,10.96,0.0705,4035.5,4.036,1232.82,16.022,66.15,decel,0.0095,0.0774,0.3976,0
13:11:59.524,10.0,50,969.74,1546308501,0.013,0.06,0.313,52.14,75.32,2019-01-01 07:38:21+05:30,1.0,1823.0,2,0.0,0.0,14350.83,14.3508,19.39,0.319,2.34,10.84,0.0723,3927.2,3.927,1233.91,16.036,66.13,cruise,0.0231,0.053,0.3106,0
13:12:00.524,11.0,51,985.0,1546308502,0.05,0.003,0.253,57.34,75.21,2019-01-01 07:38:22+05:30,1.0,1824.0,2,1.5,0.417,14365.0,14.365,19.31,0.258,11.18,0.67,0.0416,4312.5,4.313,1235.11,16.052,66.12,accel,0.0407,0.0156,0.2578,0
13:12:01.524,12.0,53,1023.26,1546308503,0.043,0.03,0.233,59.79,75.16,2019-01-01 07:38:23+05:30,1.0,1825.0,2,2.5,0.694,14379.72,14.3797,19.31,0.239,10.37,7.22,0.0377,4493.8,4.494,1236.36,16.069,66.1,accel,0.0497,0.0189,0.229,0
13:12:02.525,13.0,56,1079.18,1546308504,0.057,0.033,0.18,64.18,75.07,2019-01-01 07:38:24+05:30,1.0,1826.0,2,2.5,0.694,14395.28,14.3953,19.27,0.192,17.3,9.91,0.0654,4818.0,4.818,1237.7,16.087,66.07,accel,0.053,0.0406,0.1791,0
13:12:03.524,14.0,58,1127.9,1546308505,0.05,0.04,0.103,65.19,75.05,2019-01-01 07:38:25+05:30,1.0,1827.0,2,2.0,0.556,14411.39,14.4114,19.45,0.121,24.35,19.26,0.064,4892.5,4.893,1239.05,16.105,66.05,accel,0.0531,0.0337,0.1072,0
13:12:04.524,15.0,60,1166.78,1546308506,0.047,0.003,0.053,66.44,75.02,2019-01-01 07:38:26+05:30,1.0,1828.0,2,2.0,0.556,14428.06,14.4281,19.45,0.071,41.52,2.43,0.0432,4984.3,4.984,1240.44,16.123,66.03,accel,0.0431,0.0068,0.0493,0
13:12:05.524,16.0,62,1194.92,1546308507,0.02,-0.01,0.017,65.98,75.02,2019-01-01 07:38:27+05:30,1.0,1829.0,2,1.5,0.417,14445.28,14.4453,19.27,0.028,45.4,-20.86,0.0242,4949.8,4.95,1241.81,16.141,66.01,accel,0.0248,-0.0072,0.0193,0
13:12:06.525,17.0,63,1222.1,1546308508,0.017,0.003,0.007,66.74,75.0,2019-01-01 07:38:28+05:30,1.0,1830.0,2,1.5,0.417,14462.78,14.4628,19.4,0.019,65.87,9.27,0.0121,5005.5,5.006,1243.2,16.16,65.99,accel,0.012,-0.007,0.005,0
13:12:07.524,18.0,65,1250.08,1546308509,0.01,-0.02,-0.007,68.23,74.97,2019-01-01 07:38:29+05:30,1.0,1831.0,2,1.5,0.417,14480.83,14.4808,19.23,0.023,25.26,-58.6,0.0081,5115.2,5.115,1244.62,16.179,65.97,accel,0.0146,-0.0064,-0.0044,0
13:12:08.524,19.0,66,1279.32,1546308510,0.03,0.003,-0.007,70.87,74.91,2019-01-01 07:38:30+05:30,1.0,1832.0,2,1.5,0.417,14499.17,14.4992,19.38,0.031,75.76,5.56,0.0035,5308.9,5.309,1246.1,16.199,65.94,accel,0.0266,-0.0089,-0.0103,0
13:12:09.525,20.0,68,1308.92,1546308511,0.03,-0.017,-0.013,73.02,74.87,2019-01-01 07:38:31+05:30,1.0,1833.0,2,2.0,0.556,14518.06,14.5181,19.25,0.037,54.5,-27.47,0.0065,5467.0,5.467,1247.62,16.219,65.92,accel,0.0319,-0.0108,-0.0096,0
13:12:10.524,21.0,70,1344.18,1546308512,0.023,-0.003,0.0,74.49,74.83,2019-01-01 07:38:32+05:30,1.0,1834.0,2,1.5,0.417,14537.5,14.5375,19.2,0.023,82.57,-7.43,0.0068,5574.1,5.574,1249.17,16.24,65.89,accel,0.0218,-0.0028,-0.0026,0
13:12:11.524,22.0,71,1375.04,1546308513,0.003,0.02,-0.003,73.71,74.85,2019-01-01 07:38:33+05:30,1.0,1835.0,2,1.5,0.417,14557.22,14.5572,19.37,0.02,8.44,78.02,0.0051,5517.2,5.517,1250.7,16.26,65.87,accel,0.0044,0.0161,-0.0008,0
13:12:12.524,23.0,73,1402.82,1546308514,0.0,0.027,-0.01,75.33,74.81,2019-01-01 07:38:34+05:30,1.0,1836.0,2,1.5,0.417,14577.5,14.5775,19.22,0.029,0.0,69.68,0.0157,5635.4,5.635,1252.26,16.281,65.85,accel,-0.0026,0.0314,-0.0129,0
13:12:13.525,24.0,74,1428.22,1546308515,0.007,0.037,-0.033,76.75,74.78,2019-01-01 07:38:35+05:30,1.0,1837.0,2,1.0,0.278,14598.06,14.5981,19.3,0.05,8.04,47.64,0.0133,5739.4,5.739,1253.86,16.302,65.82,accel,0.011,0.0337,-0.0296,0
13:12:14.524,25.0,75,1450.46,1546308516,0.033,0.027,-0.033,79.59,74.72,2019-01-01 07:38:36+05:30,1.0,1838.0,2,1.0,0.278,14618.89,14.6189,19.34,0.054,37.74,30.05,0.0,5947.0,5.947,1255.51,16.324,65.79,accel,0.0298,0.0284,-0.0358,0
13:12:15.524,26.0,76,1466.12,1546308517,0.027,0.02,-0.033,79.75,74.71,2019-01-01 07:38:37+05:30,1.0,1839.0,2,0.5,0.139,14640.0,14.64,19.29,0.047,34.98,25.13,0.0058,5958.1,5.958,1257.17,16.347,65.77,cruise,0.027,0.0212,-0.0311,0
13:12:16.525,27.0,76,1474.08,1546308518,0.0,0.017,-0.023,77.1,74.76,2019-01-01 07:38:38+05:30,1.0,1840.0,2,0.0,0.0,14661.11,14.6611,19.4,0.029,0.0,36.47,0.0068,5764.0,5.764,1258.77,16.368,65.74,cruise,0.0026,0.0138,-0.0245,0
13:12:17.525,28.0,76,1470.02,1546308519,-0.013,0.01,-0.02,77.0,74.76,2019-01-01 07:38:39+05:30,1.0,1841.0,2,0.0,0.0,14682.22,14.6822,19.34,0.026,-30.17,22.74,0.003,5756.5,5.757,1260.37,16.389,65.72,cruise,-0.0168,0.0126,-0.0194,0
13:12:18.524,29.0,76,1460.1,1546308520,-0.02,0.023,-0.017,77.0,74.75,2019-01-01 07:38:40+05:30,1.0,1842.0,2,-0.5,-0.139,14703.33,14.7033,19.21,0.035,-34.96,41.23,0.0035,5755.8,5.756,1261.96,16.411,65.69,cruise,-0.0151,0.0237,-0.0159,0
13:12:19.524,30.0,75,1447.36,1546308521,0.003,0.037,-0.013,76.24,74.76,2019-01-01 07:38:41+05:30,1.0,1843.0,2,-0.5,-0.139,14724.17,14.7242,19.3,0.039,4.37,70.17,0.0035,5699.7,5.7,1263.55,16.432,65.67,cruise,-0.0022,0.0329,-0.016,0
13:12:20.524,31.0,75,1436.98,1546308522,0.0,0.01,-0.02,76.0,74.76,2019-01-01 07:38:42+05:30,1.0,1844.0,2,-0.5,-0.139,14745.0,14.745,19.16,0.022,0.0,26.57,0.0051,5681.8,5.682,1265.13,16.453,65.64,cruise,0.004,0.0169,-0.0167,0
13:12:21.524,32.0,74,1436.32,1546308523,-0.003,-0.01,-0.01,75.23,74.78,2019-01-01 07:38:43+05:30,1.0,1845.0,2,0.0,0.0,14765.56,14.7656,19.41,0.014,-11.98,-43.77,0.0085,5625.7,5.626,1266.69,16.474,65.62,cruise,-0.0045,-0.02,-0.0118,0
13:12:22.525,33.0,75,1446.2,1546308524,-0.023,-0.053,-0.003,76.41,74.75,2019-01-01 07:38:44+05:30,1.0,1846.0,2,0.5,0.139,14786.39,14.7864,19.28,0.058,-23.43,-66.36,0.0051,5711.6,5.712,1268.28,16.495,65.59,cruise,-0.0245,-0.0415,-0.0031,0
13:12:23.524,34.0,75,1452.88,1546308525,-0.047,-0.02,0.0,76.13,74.75,2019-01-01 07:38:45+05:30,1.0,1847.0,2,0.0,0.0,14807.22,14.8072,19.37,0.051,-66.95,-23.05,0.0035,5690.7,5.691,1269.86,16.516,65.57,cruise,-0.0428,-0.0293,0.0007,0
13:12:24.524,35.0,75,1451.3,1546308526,-0.037,-0.02,-0.007,76.0,74.75,2019-01-01 07:38:46+05:30,1.0,1848.0,2,0.0,0.0,14828.06,14.8281,19.35,0.043,-60.2,-27.97,0.0035,5681.0,5.681,1271.43,16.537,65.54,cruise,-0.043,-0.0132,-0.0059,0
13:12:25.524,36.0,75,1439.18,1546308527,-0.027,-0.017,-0.003,76.0,74.74,2019-01-01 07:38:47+05:30,1.0,1849.0,2,-1.0,-0.278,14848.89,14.8489,19.19,0.032,-57.41,-32.04,0.0261,5680.2,5.68,1273.01,16.559,65.52,decel,-0.0208,-0.0238,-0.0075,0
13:12:26.525,37.0,73,1413.12,1546308528,0.003,-0.047,0.04,74.24,74.78,2019-01-01 07:38:48+05:30,1.0,1850.0,2,-2.0,-0.556,14869.17,14.8692,19.36,0.062,2.78,-49.52,0.0918,5551.7,5.552,1274.55,16.579,65.5,decel,-0.0002,-0.0414,0.0446,0
13:12:27.524,38.0,71,1368.54,1546308529,-0.01,-0.037,0.173,72.0,74.82,2019-01-01 07:38:49+05:30,1.0,1851.0,2,-2.5,-0.694,14888.89,14.8889,19.28,0.177,-3.24,-12.05,0.1251,5387.0,5.387,1276.05,16.599,65.47,decel,-0.0104,-0.0374,0.1728,0
13:12:28.525,39.0,68,1311.04,1546308530,-0.02,-0.018,0.29,69.0,74.87,2019-01-01 07:38:50+05:30,1.0,1852.0,2,-3.5,-0.972,14907.78,14.9078,19.28,0.291,-3.94,-3.54,0.0598,5166.0,5.166,1277.49,16.618,65.45,decel,-0.0217,-0.0226,0.2888,0
13:12:29.524,40.0,64,1241.46,1546308531,0.027,-0.015,0.253,67.16,74.91,2019-01-01 07:38:51+05:30,1.0,1853.0,2,-4.0,-1.111,14925.56,14.9256,19.4,0.255,6.08,-3.37,0.1195,5031.0,5.031,1278.88,16.637,65.43,decel,0.0337,-0.0106,0.2541,0
13:12:30.525,41.0,60,1156.2,1546308532,0.143,0.008,0.067,72.44,74.8,2019-01-01 07:38:52+05:30,1.0,1854.0,2,-4.5,-1.25,14942.22,14.9422,19.27,0.158,64.74,2.9,0.212,5418.5,5.419,1280.39,16.657,65.4,decel,0.1382,0.0069,0.0584,0
13:12:31.525,42.0,55,1070.1,1546308533,0.18,0.013,-0.17,70.4,74.83,2019-01-01 07:38:53+05:30,1.0,1855.0,2,-4.0,-1.111,14957.5,14.9575,19.46,0.248,46.55,3.01,0.1559,5268.0,5.268,1281.85,16.677,65.38,decel,0.1794,0.0141,-0.1511,0
13:12:32.524,43.0,52,997.84,1546308534,0.113,-0.017,-0.227,62.04,75.0,2019-01-01 07:38:54+05:30,1.0,1856.0,2,-2.5,-0.694,14971.94,14.9719,19.19,0.254,26.4,-3.84,0.0412,4653.0,4.653,1283.14,16.694,65.36,decel,0.1127,-0.0213,-0.248,0
13:12:33.525,44.0,50,973.86,1546308535,0.02,-0.073,-0.25,52.6,75.18,2019-01-01 07:38:55+05:30,1.0,1857.0,2,-0.5,-0.139,14985.83,14.9858,19.48,0.261,4.39,-16.23,0.0524,3954.5,3.954,1284.24,16.709,65.34,cruise,0.0235,-0.0697,-0.2333,0
13:12:34.525,45.0,51,989.8,1546308536,-0.013,-0.063,-0.15,53.34,75.17,2019-01-01 07:38:56+05:30,1.0,1858.0,2,1.5,0.417,15000.0,15.0,19.41,0.163,-4.57,-22.71,0.0734,4009.6,4.01,1285.36,16.723,65.33,accel,-0.0138,-0.0613,-0.163,0
13:12:35.524,46.0,53,1027.32,1546308537,-0.02,0.003,-0.107,56.38,75.1,2019-01-01 07:38:57+05:30,1.0,1859.0,2,2.5,0.694,15014.72,15.0147,19.38,0.109,-10.58,1.58,0.0282,4234.1,4.234,1286.53,16.739,65.31,accel,-0.0236,0.0003,-0.0957,0
13:12:36.524,47.0,56,1085.0,1546308538,-0.04,0.04,-0.097,60.36,75.02,2019-01-01 07:38:58+05:30,1.0,1860.0,2,3.5,0.972,15030.28,15.0303,19.38,0.112,-20.87,20.87,0.0585,4528.2,4.528,1287.79,16.756,65.29,accel,-0.0379,0.0401,-0.1033,0
13:12:37.525,48.0,60,1161.54,1546308539,-0.037,0.033,-0.203,63.6,74.95,2019-01-01 07:38:59+05:30,1.0,1861.0,2,3.0,0.833,15046.94,15.0469,19.36,0.209,-10.2,9.09,0.1167,4766.8,4.767,1289.11,16.773,65.27,accel,-0.0343,0.0316,-0.2077,0
13:12:38.524,49.0,62,1188.88,1546308540,0.0,0.013,-0.33,63.2,74.96,2019-01-01 07:39:00+05:30,1.0,1862.0,2,0.5,0.139,15064.17,15.0642,19.18,0.33,0.0,2.26,0.0725,4737.5,4.737,1290.43,16.791,65.25,cruise,-0.004,0.019,-0.3179,0
13:12:39.524,50.0,61,1169.54,1546308541,0.017,0.033,-0.327,63.36,74.95,2019-01-01 07:39:01+05:30,1.0,1863.0,2,-1.5,-0.417,15081.11,15.0811,19.17,0.329,2.96,5.75,0.0091,4748.8,4.749,1291.75,16.809,65.23,decel,0.0189,0.0256,-0.337,0
13:12:40.525,51.0,59,1142.38,1546308542,0.023,0.023,-0.313,61.84,74.98,2019-01-01 07:39:02+05:30,1.0,1864.0,2,-1.5,-0.417,15097.5,15.0975,19.36,0.315,4.19,4.19,0.0135,4636.8,4.637,1293.04,16.826,65.2,decel,0.0217,0.0269,-0.3065,0
13:12:41.524,52.0,58,1113.02,1546308543,0.03,0.003,-0.34,61.4,74.98,2019-01-01 07:39:03+05:30,1.0,1865.0,2,-2.0,-0.556,15113.61,15.1136,19.19,0.341,5.04,0.5,0.0782,4603.8,4.604,1294.32,16.843,65.18,decel,0.0322,0.0041,-0.3439,0
13:12:42.524,53.0,55,1056.28,1546308544,0.063,-0.033,-0.46,61.04,74.99,2019-01-01 07:39:04+05:30,1.0,1866.0,2,-3.5,-0.972,15128.89,15.1289,19.21,0.465,7.78,-4.07,0.1087,4577.4,4.577,1295.59,16.86,65.16,decel,0.0615,-0.0376,-0.4637,0
13:12:43.525,54.0,51,988.02,1546308545,0.083,-0.083,-0.557,58.64,75.03,2019-01-01 07:39:05+05:30,1.0,1867.0,2,-4.0,-1.111,15143.06,15.1431,19.37,0.569,8.38,-8.38,0.056,4399.8,4.4,1296.81,16.876,65.15,decel,0.0837,-0.0773,-0.5448,0
13:12:44.525,55.0,47,904.8,1546308546,0.087,-0.077,-0.46,54.96,75.1,2019-01-01 07:39:06+05:30,1.0,1868.0,2,-4.0,-1.111,15156.11,15.1561,19.25,0.474,10.57,-9.34,0.146,4127.5,4.127,1297.96,16.891,65.13,decel,0.0842,-0.0832,-0.4741,0
13:12:45.524,56.0,43,834.36,1546308547,0.075,-0.053,-0.27,50.0,75.2,2019-01-01 07:39:07+05:30,1.0,1869.0,2,-4.0,-1.111,15168.06,15.1681,19.4,0.285,15.25,-10.71,0.2312,3760.0,3.76,1299.0,16.905,65.11,decel,0.0808,-0.0454,-0.2593,0
13:12:46.524,57.0,39,764.9,1546308548,0.085,0.008,0.0,46.8,75.26,2019-01-01 07:39:08+05:30,1.0,1870.0,2,-3.0,-0.833,15178.89,15.1789,19.61,0.085,84.62,5.38,0.2233,3522.2,3.522,1299.98,16.918,65.1,decel,0.0797,0.001,-0.0041,0
13:12:47.524,58.0,37,724.92,1546308549,0.058,0.015,0.173,42.64,75.34,2019-01-01 07:39:09+05:30,1.0,1871.0,2,-1.0,-0.278,15189.17,15.1892,19.59,0.183,18.47,4.7,0.1061,3212.5,3.212,1300.87,16.93,65.08,decel,0.0605,0.0172,0.17,0
13:12:48.525,59.0,37,724.26,1546308550,0.027,0.005,0.193,41.41,75.36,2019-01-01 07:39:10+05:30,1.0,1872.0,2,1.5,0.417,15199.44,15.1994,19.57,0.195,7.96,1.47,0.0284,3120.7,3.121,1301.74,16.942,65.07,accel,0.0251,0.008,0.2006,0
13:12:49.525,60.0,40,775.1,1546308551,0.003,0.003,0.137,44.01,75.31,2019-01-01 07:39:11+05:30,1.0,1873.0,2,3.0,0.833,15210.56,15.2106,19.38,0.137,1.25,1.25,0.0845,3314.4,3.314,1302.66,16.954,65.05,accel,0.0063,-0.0021,0.1258,0
13:12:50.524,61.0,43,835.22,1546308552,0.017,-0.01,0.027,48.48,75.22,2019-01-01 07:39:12+05:30,1.0,1874.0,2,3.0,0.833,15222.5,15.2225,19.42,0.033,30.56,-17.4,0.07,3646.7,3.647,1303.67,16.967,65.04,accel,0.0138,-0.0057,0.0397,0
13:12:51.524,62.0,46,899.96,1546308553,0.017,-0.003,0.007,51.36,75.16,2019-01-01 07:39:13+05:30,1.0,1875.0,2,3.0,0.833,15235.28,15.2353,19.56,0.019,65.87,-9.27,0.02,3860.2,3.86,1304.74,16.982,65.02,accel,0.0197,-0.0053,-0.0014,0
13:12:52.525,63.0,49,955.26,1546308554,0.013,-0.0,-0.013,53.79,75.11,2019-01-01 07:39:14+05:30,1.0,1876.0,2,3.0,0.833,15248.89,15.2489,19.5,0.018,45.0,-0.0,0.0153,4040.2,4.04,1305.87,16.996,65.0,accel,0.008,0.0,-0.0116,0
13:12:53.524,64.0,52,1010.1,1546308555,-0.017,0.01,-0.023,55.63,75.07,2019-01-01 07:39:15+05:30,1.0,1877.0,2,3.0,0.833,15263.33,15.2633,19.42,0.03,-34.13,19.27,0.01,4176.1,4.176,1307.03,17.012,64.99,accel,-0.0076,0.0115,-0.02,0
13:12:54.524,65.0,55,1060.6,1546308556,-0.003,0.023,-0.033,58.23,75.01,2019-01-01 07:39:16+05:30,1.0,1878.0,2,2.5,0.694,15278.61,15.2786,19.28,0.04,-4.27,34.76,0.0265,4367.8,4.368,1308.24,17.028,64.97,accel,-0.0153,0.0218,-0.0369,0
13:12:55.525,66.0,57,1099.2,1546308557,-0.023,0.017,-0.073,59.42,74.98,2019-01-01 07:39:17+05:30,1.0,1879.0,2,1.5,0.417,15294.44,15.2944,19.28,0.078,-17.06,12.52,0.0265,4455.3,4.455,1309.48,17.045,64.95,accel,-0.0116,0.0165,-0.0679,0
13:12:56.524,67.0,58,1117.6,1546308558,0.017,-0.01,-0.083,60.88,74.95,2019-01-01 07:39:18+05:30,1.0,1880.0,2,0.5,0.139,15310.56,15.3106,19.27,0.085,11.49,-6.73,0.0058,4563.0,4.563,1310.75,17.062,64.93,cruise,0.0084,-0.0077,-0.0928,0
13:12:57.524,68.0,58,1119.82,1546308559,0.023,-0.03,-0.073,60.84,74.95,2019-01-01 07:39:19+05:30,1.0,1881.0,2,-0.5,-0.139,15326.67,15.3267,19.31,0.082,16.25,-21.4,0.0723,4560.0,4.56,1312.01,17.078,64.91,cruise,0.0306,-0.0342,-0.0594,0
13:12:58.525,69.0,57,1107.14,1546308560,0.033,-0.047,0.047,60.64,74.95,2019-01-01 07:39:20+05:30,1.0,1882.0,2,-1.0,-0.278,15342.5,15.3425,19.42,0.074,26.4,-39.3,0.0943,4545.0,4.545,1313.27,17.095,64.89,decel,0.0252,-0.041,0.0367,0
13:12:59.524,70.0,56,1087.2,1546308561,-0.01,-0.017,0.113,57.0,75.02,2019-01-01 07:39:21+05:30,1.0,1883.0,2,-1.0,-0.278,15358.06,15.3581,19.41,0.115,-5.0,-8.52,0.0403,4276.1,4.276,1314.46,17.111,64.87,decel,-0.0044,-0.0234,0.1169,0
13:13:00.524,71.0,55,1065.16,1546308562,-0.017,-0.003,0.12,56.0,75.04,2019-01-01 07:39:22+05:30,1.0,1884.0,2,-1.0,-0.278,15373.33,15.3733,19.37,0.121,-8.06,-1.42,0.0288,4202.2,4.202,1315.63,17.127,64.85,decel,-0.0193,0.0025,0.1188,0
13:13:01.525,72.0,54,1043.7,1546308563,-0.01,0.017,0.067,55.0,75.05,2019-01-01 07:39:23+05:30,1.0,1885.0,2,-1.0,-0.278,15388.33,15.3883,19.33,0.07,-8.23,14.09,0.0535,4127.8,4.128,1316.78,17.142,64.83,decel,-0.0075,0.0136,0.0673,0
13:13:02.524,73.0,53,1029.22,1546308564,0.007,-0.0,0.013,54.56,75.06,2019-01-01 07:39:24+05:30,1.0,1886.0,2,0.0,0.0,15403.06,15.4031,19.42,0.015,28.3,-0.0,0.0439,4095.3,4.095,1317.91,17.157,64.82,cruise,0.0013,0.0009,0.015,0
13:13:03.525,74.0,54,1034.44,1546308565,-0.017,-0.017,-0.02,55.8,75.03,2019-01-01 07:39:25+05:30,1.0,1887.0,2,1.0,0.278,15418.06,15.4181,19.16,0.031,-32.93,-32.93,0.033,4186.7,4.187,1319.08,17.173,64.8,accel,-0.0091,-0.0173,-0.0232,0
13:13:04.525,75.0,55,1061.42,1546308566,-0.013,-0.017,-0.053,57.71,74.99,2019-01-01 07:39:26+05:30,1.0,1888.0,2,1.5,0.417,15433.33,15.4333,19.3,0.057,-13.15,-17.3,0.0241,4327.7,4.328,1320.28,17.189,64.78,accel,-0.0208,-0.0151,-0.0519,0
13:13:05.524,76.0,57,1102.96,1546308567,-0.023,0.003,-0.067,60.52,74.93,2019-01-01 07:39:27+05:30,1.0,1889.0,2,2.5,0.694,15449.17,15.4492,19.35,0.071,-18.93,2.43,0.0091,4534.8,4.535,1321.54,17.205,64.76,accel,-0.0165,0.0005,-0.0642,0
13:13:06.524,77.0,60,1162.18,1546308568,0.0,-0.003,-0.05,64.1,74.86,2019-01-01 07:39:28+05:30,1.0,1890.0,2,3.5,0.972,15465.83,15.4658,19.37,0.05,0.0,-3.43,0.015,4798.5,4.799,1322.87,17.223,64.74,accel,-0.0035,-0.0011,-0.0554,0
13:13:07.525,78.0,64,1226.92,1546308569,0.0,-0.017,-0.037,68.21,74.77,2019-01-01 07:39:29+05:30,1.0,1891.0,2,3.5,0.972,15483.61,15.4836,19.17,0.041,0.0,-24.68,0.0243,5100.1,5.1,1324.29,17.242,64.72,accel,-0.0001,-0.0202,-0.0318,0
13:13:08.524,79.0,67,1290.5,1546308570,-0.007,-0.027,-0.003,70.95,74.71,2019-01-01 07:39:30+05:30,1.0,1892.0,2,3.0,0.833,15502.22,15.5022,19.26,0.028,-14.45,-74.25,0.0231,5300.7,5.301,1325.76,17.262,64.69,accel,-0.0054,-0.0219,-0.0056,0
13:13:09.524,80.0,70,1344.96,1546308571,0.003,0.01,0.007,73.92,74.65,2019-01-01 07:39:31+05:30,1.0,1893.0,2,2.5,0.694,15521.67,15.5217,19.21,0.013,13.81,52.71,0.005,5518.1,5.518,1327.29,17.282,64.67,accel,0.002,0.0053,0.0072,0
13:13:10.524,81.0,72,1397.6,1546308572,0.027,0.02,0.003,77.73,74.57,2019-01-01 07:39:32+05:30,1.0,1894.0,2,2.5,0.694,15541.67,15.5417,19.41,0.034,53.17,36.36,0.0072,5796.3,5.796,1328.9,17.304,64.64,accel,0.0268,0.0241,0.0025,0
13:13:11.525,82.0,75,1447.74,1546308573,0.037,0.01,-0.007,81.32,74.49,2019-01-01 07:39:33+05:30,1.0,1895.0,2,2.5,0.694,15562.5,15.5625,19.3,0.039,71.74,14.87,0.0058,6057.5,6.058,1330.59,17.327,64.62,accel,0.041,0.0044,-0.0047,0
13:13:12.524,83.0,77,1492.0,1546308574,0.037,-0.03,-0.007,82.86,74.46,2019-01-01 07:39:34+05:30,1.0,1896.0,2,2.0,0.556,15583.89,15.5839,19.38,0.048,50.22,-38.54,0.0133,6169.8,6.17,1332.3,17.35,64.59,accel,0.0255,-0.0244,-0.0097,0
13:13:13.524,84.0,79,1523.88,1546308575,-0.017,-0.01,-0.03,81.42,74.48,2019-01-01 07:39:35+05:30,1.0,1897.0,2,1.5,0.417,15605.83,15.6058,19.29,0.036,-28.26,-16.17,0.0266,6064.2,6.064,1333.98,17.372,64.56,accel,0.0011,-0.013,-0.0281,0
13:13:14.524,85.0,80,1548.88,1546308576,0.007,0.033,-0.06,82.62,74.45,2019-01-01 07:39:36+05:30,1.0,1898.0,2,0.5,0.139,15628.06,15.6281,19.36,0.069,5.84,28.65,0.0336,6151.1,6.151,1335.69,17.395,64.54,cruise,-0.0115,0.0344,-0.0626,0
13:13:15.524,86.0,80,1566.42,1546308577,-0.037,0.067,-0.097,81.37,74.47,2019-01-01 07:39:37+05:30,1.0,1899.0,2,0.0,0.0,15650.28,15.6503,19.58,0.124,-17.42,32.84,0.0187,6059.6,6.06,1337.38,17.418,64.51,cruise,-0.023,0.0656,-0.0919,0
13:13:16.525,87.0,80,1563.74,1546308578,-0.03,0.048,-0.083,81.0,74.48,2019-01-01 07:39:38+05:30,1.0,1900.0,2,0.0,0.0,15672.5,15.6725,19.55,0.1,-17.37,28.54,0.0225,6032.9,6.033,1339.05,17.44,64.48,cruise,-0.0386,0.0485,-0.091,0
13:13:17.524,88.0,80,1547.64,1546308579,-0.04,0.005,-0.053,81.0,74.47,2019-01-01 07:39:39+05:30,1.0,1901.0,2,-0.5,-0.139,15694.72,15.6947,19.35,0.067,-36.92,4.31,0.085,6032.1,6.032,1340.73,17.463,64.46,cruise,-0.0361,0.0055,-0.0428,0
13:13:18.524,89.0,79,1513.68,1546308580,0.0,-0.015,0.077,80.0,74.49,2019-01-01 07:39:40+05:30,1.0,1902.0,2,-2.5,-0.694,15716.67,15.7167,19.16,0.078,0.0,-11.02,0.1484,5959.2,5.959,1342.38,17.485,64.43,decel,-0.0015,-0.016,0.0671,0
13:13:19.525,90.0,75,1441.56,1546308581,0.027,0.01,0.243,78.16,74.52,2019-01-01 07:39:41+05:30,1.0,1903.0,2,-5.0,-1.389,15737.5,15.7375,19.22,0.245,6.33,2.34,0.173,5824.5,5.824,1344.0,17.507,64.4,decel,0.0324,0.0113,0.2461,0
13:13:20.525,91.0,69,1338.46,1546308582,0.033,0.067,0.423,72.64,74.63,2019-01-01 07:39:42+05:30,1.0,1904.0,2,-6.0,-1.667,15756.67,15.7567,19.4,0.43,4.41,8.97,0.121,5421.1,5.421,1345.51,17.527,64.38,decel,0.0199,0.0661,0.4335,0
13:13:21.524,92.0,63,1212.0,1546308583,-0.027,0.087,0.473,64.0,74.8,2019-01-01 07:39:43+05:30,1.0,1905.0,2,-6.0,-1.667,15774.17,15.7742,19.24,0.482,-3.21,10.41,0.1699,4787.2,4.787,1346.84,17.545,64.36,decel,-0.0126,0.0888,0.4543,0
13:13:22.525,93.0,57,1095.16,1546308584,0.013,0.047,0.157,59.04,74.89,2019-01-01 07:39:44+05:30,1.0,1906.0,2,-5.5,-1.528,15790.0,15.79,19.21,0.164,4.54,16.61,0.364,4421.5,4.422,1348.06,17.561,64.34,decel,0.0057,0.0421,0.1742,0
13:13:23.525,94.0,52,1007.02,1546308585,0.073,-0.04,-0.253,58.84,74.9,2019-01-01 07:39:45+05:30,1.0,1907.0,2,-4.5,-1.25,15804.44,15.8044,19.37,0.266,15.91,-8.64,0.3755,4407.1,4.407,1349.29,17.577,64.32,decel,0.0731,-0.0347,-0.2733,0
13:13:24.524,95.0,48,933.58,1546308586,0.12,-0.067,-0.593,58.6,74.9,2019-01-01 07:39:46+05:30,1.0,1908.0,2,-3.0,-0.833,15817.78,15.8178,19.45,0.609,11.37,-6.32,0.1815,4389.1,4.389,1350.51,17.594,64.3,decel,0.1241,-0.0693,-0.5675,0
13:13:25.525,96.0,46,898.8,1546308587,0.143,-0.053,-0.533,58.44,74.9,2019-01-01 07:39:47+05:30,1.0,1909.0,2,-0.5,-0.139,15830.56,15.8306,19.54,0.554,14.95,-5.49,0.1171,4377.2,4.377,1351.72,17.61,64.28,cruise,0.1336,-0.0517,-0.5506,0
13:13:26.525,97.0,47,919.08,1546308588,0.112,-0.03,-0.367,58.65,74.89,2019-01-01 07:39:48+05:30,1.0,1910.0,2,2.0,0.556,15843.61,15.8436,19.55,0.385,16.92,-4.47,0.1665,4392.3,4.392,1352.94,17.626,64.26,accel,0.1263,-0.0323,-0.362,0
13:13:27.524,98.0,50,966.46,1546308589,0.115,-0.037,-0.2,62.57,74.81,2019-01-01 07:39:49+05:30,1.0,1911.0,2,2.5,0.694,15857.5,15.8575,19.33,0.234,29.48,-9.11,0.123,4680.9,4.681,1354.24,17.644,64.24,accel,0.103,-0.0367,-0.2015,0
13:13:28.524,99.0,52,1013.92,1546308590,0.045,-0.05,-0.127,59.85,74.86,2019-01-01 07:39:50+05:30,1.0,1912.0,2,3.5,0.972,15871.94,15.8719,19.5,0.144,18.25,-20.36,0.0605,4480.4,4.48,1355.49,17.66,64.22,accel,0.0463,-0.0456,-0.1233,0
13:13:29.525,100.0,57,1096.38,1546308591,-0.027,-0.043,-0.08,62.26,74.81,2019-01-01 07:39:51+05:30,1.0,1913.0,2,4.5,1.25,15887.78,15.8878,19.23,0.095,-16.56,-26.99,0.0402,4657.7,4.658,1356.78,17.678,64.2,accel,-0.0169,-0.0496,-0.0847,0
13:13:30.524,101.0,61,1184.28,1546308592,-0.027,-0.057,-0.047,66.26,74.72,2019-01-01 07:39:52+05:30,1.0,1914.0,2,4.5,1.25,15904.72,15.9047,19.41,0.079,-20.08,-46.44,0.035,4950.9,4.951,1358.16,17.696,64.18,accel,-0.0429,-0.0526,-0.045,0
13:13:31.524,102.0,66,1266.98,1546308593,-0.047,-0.037,-0.01,70.83,74.63,2019-01-01 07:39:53+05:30,1.0,1915.0,2,4.0,1.111,15923.06,15.9231,19.2,0.061,-50.8,-37.6,0.0259,5286.0,5.286,1359.63,17.716,64.16,accel,-0.0299,-0.0393,-0.0051,0
13:13:32.525,103.0,69,1337.4,1546308594,0.017,-0.013,0.003,74.8,74.55,2019-01-01 07:39:54+05:30,1.0,1916.0,2,3.5,0.972,15942.22,15.9422,19.38,0.022,51.88,-36.98,0.0406,5576.3,5.576,1361.18,17.736,64.13,accel,0.0006,-0.0084,-0.0073,0
13:13:33.524,104.0,73,1404.72,1546308595,0.02,0.007,-0.073,75.6,74.53,2019-01-01 07:39:55+05:30,1.0,1917.0,2,-34.5,-9.583,15962.5,15.9625,19.24,0.076,15.25,5.28,0.0576,5634.5,5.634,1362.74,17.757,64.11,decel,0.0343,-0.0005,-0.0644,0
13:13:39.294,1.0,0,0.0,1546308601,0.07,-0.037,-0.11,6.6,75.91,2019-01-01 07:40:01+05:30,5.0,1922.0,2,-30.0,-8.333,15962.5,15.9625,,0.136,31.1,-15.84,0.0223,501.0,0.501,1363.44,17.767,64.1,idle,0.0593,-0.0316,-0.1146,1
13:13:40.294,2.0,13,262.08,1546308602,0.057,-0.053,-0.113,31.95,75.4,2019-01-01 07:40:02+05:30,1.0,1923.0,2,13.5,3.75,15966.11,15.9661,20.16,0.137,24.55,-22.72,0.0257,2409.0,2.409,1364.11,17.775,64.09,accel,0.0635,-0.0547,-0.1081,0
13:13:41.294,3.0,27,535.52,1546308603,0.05,-0.037,-0.067,46.17,75.11,2019-01-01 07:40:03+05:30,1.0,1924.0,2,15.0,4.167,15973.61,15.9736,19.83,0.091,33.16,-23.87,0.0338,3467.8,3.468,1365.07,17.788,64.07,accel,0.047,-0.0353,-0.0727,0
13:13:42.293,4.0,43,828.9,1546308604,0.027,-0.0,-0.047,61.2,74.81,2019-01-01 07:40:04+05:30,1.0,1925.0,2,16.0,4.444,15985.56,15.9856,19.28,0.054,29.88,-0.0,0.0129,4578.4,4.578,1366.34,17.805,64.05,accel,0.0268,-0.0033,-0.0464,0
13:13:43.294,5.0,59,1137.3,1546308605,0.013,-0.0,-0.043,76.77,74.49,2019-01-01 07:40:05+05:30,1.0,1926.0,2,16.5,4.583,16001.94,16.0019,19.28,0.045,16.82,-0.0,0.005,5718.6,5.719,1367.93,17.827,64.03,accel,0.0168,0.0028,-0.0348,0
13:13:44.293,6.0,76,1458.28,1546308606,0.023,-0.008,-0.053,87.82,74.27,2019-01-01 07:40:06+05:30,1.0,1927.0,2,9.5,2.639,16023.06,16.0231,19.19,0.058,23.22,-7.88,0.0821,6522.4,6.522,1369.74,17.851,64.0,accel,0.0162,-0.0098,-0.0654,0
13:13:45.294,7.0,78,1496.42,1546308607,0.013,-0.015,-0.19,80.81,74.4,2019-01-01 07:40:07+05:30,1.0,1928.0,2,0.5,0.139,16044.72,16.0447,19.18,0.191,3.9,-4.5,0.1522,6012.3,6.012,1371.41,17.873,63.97,cruise,0.0206,-0.013,-0.1804,0
13:13:46.294,8.0,77,1489.02,1546308608,0.033,0.008,-0.357,80.64,74.4,2019-01-01 07:40:08+05:30,1.0,1929.0,2,-2.5,-0.694,16066.11,16.0661,19.34,0.359,5.28,1.28,0.1766,5999.6,6.0,1373.08,17.896,63.95,decel,0.0268,0.0052,-0.3621,0
13:13:47.293,9.0,73,1408.88,1546308609,0.02,0.033,-0.543,75.6,74.5,2019-01-01 07:40:09+05:30,1.0,1930.0,2,-5.5,-1.528,16086.39,16.0864,19.3,0.544,2.11,3.48,0.1514,5632.2,5.632,1374.64,17.917,63.92,decel,0.0255,0.0361,-0.541,0
13:13:48.294,10.0,66,1280.14,1546308610,0.027,0.06,-0.657,69.16,74.62,2019-01-01 07:40:10+05:30,1.0,1931.0,2,-6.5,-1.806,16104.72,16.1047,19.4,0.66,2.34,5.21,0.0676,5160.7,5.161,1376.08,17.936,63.9,decel,0.0191,0.0583,-0.6557,0
13:13:49.294,11.0,60,1149.38,1546308611,0.02,0.057,-0.663,62.6,74.75,2019-01-01 07:40:11+05:30,1.0,1932.0,2,-6.0,-1.667,16121.39,16.1214,19.16,0.666,1.72,4.91,0.0405,4679.4,4.679,1377.38,17.953,63.88,decel,0.0311,0.0556,-0.6698,0
13:13:50.294,12.0,54,1050.2,1546308612,0.073,0.033,-0.59,60.84,74.78,2019-01-01 07:40:12+05:30,1.0,1933.0,2,-4.0,-1.111,16136.39,16.1364,19.45,0.595,7.04,3.18,0.143,4549.6,4.55,1378.64,17.97,63.86,decel,0.0618,0.0364,-0.5757,0
13:13:51.294,13.0,52,1001.18,1546308613,0.063,0.023,-0.387,58.04,74.84,2019-01-01 07:40:13+05:30,1.0,1934.0,2,-0.5,-0.139,16150.83,16.1508,19.25,0.393,9.23,3.36,0.1819,4343.7,4.344,1379.85,17.986,63.84,cruise,0.0733,0.0204,-0.4068,0
13:13:52.293,14.0,53,1019.28,1546308614,0.067,0.013,-0.227,61.49,74.76,2019-01-01 07:40:14+05:30,1.0,1935.0,2,2.0,0.556,16165.56,16.1656,19.23,0.237,16.42,3.14,0.2013,4597.0,4.597,1381.12,18.004,63.82,accel,0.0543,0.0128,-0.2071,0
13:13:53.294,15.0,56,1086.56,1546308615,0.03,-0.0,0.013,62.93,74.73,2019-01-01 07:40:15+05:30,1.0,1936.0,2,3.5,0.972,16181.11,16.1811,19.4,0.033,66.57,-0.0,0.194,4702.8,4.703,1382.43,18.021,63.8,accel,0.0449,0.0043,-0.0034,0
13:13:54.293,16.0,60,1160.44,1546308616,0.07,-0.003,0.157,69.77,74.59,2019-01-01 07:40:16+05:30,1.0,1937.0,2,3.5,0.972,16197.78,16.1978,19.34,0.172,24.03,-1.0,0.142,5204.1,5.204,1383.87,18.04,63.78,accel,0.0593,-0.0121,0.1711,0
13:13:55.294,17.0,63,1213.52,1546308617,0.05,-0.047,0.297,70.38,74.58,2019-01-01 07:40:17+05:30,1.0,1938.0,2,2.5,0.694,16215.28,16.2153,19.26,0.305,9.44,-8.87,0.0957,5248.9,5.249,1385.33,18.06,63.75,accel,0.0534,-0.0339,0.2835,0
13:13:56.294,18.0,65,1255.46,1546308618,0.01,-0.04,0.34,68.75,74.6,2019-01-01 07:40:18+05:30,1.0,1939.0,2,2.0,0.556,16233.33,16.2333,19.31,0.342,1.67,-6.71,0.0586,5128.8,5.129,1386.76,18.079,63.73,accel,0.0097,-0.054,0.3497,0
13:13:57.294,19.0,67,1291.4,1546308619,-0.023,-0.067,0.413,68.13,74.61,2019-01-01 07:40:19+05:30,1.0,1940.0,2,0.0,0.0,16251.94,16.2519,19.27,0.419,-3.15,-9.2,0.0666,5083.2,5.083,1388.17,18.098,63.71,cruise,-0.0227,-0.0566,0.4112,0
13:13:58.294,20.0,65,1260.72,1546308620,-0.007,-0.02,0.473,66.0,74.65,2019-01-01 07:40:20+05:30,1.0,1941.0,2,-2.5,-0.694,16270.0,16.27,19.4,0.473,-0.85,-2.42,0.0405,4926.9,4.927,1389.54,18.116,63.69,decel,-0.0066,-0.0247,0.4688,0
13:13:59.294,21.0,62,1193.74,1546308621,0.027,0.023,0.49,65.16,74.67,2019-01-01 07:40:21+05:30,1.0,1942.0,2,-3.0,-0.833,16287.22,16.2872,19.25,0.491,3.15,2.68,0.0108,4865.5,4.865,1390.89,18.134,63.67,decel,0.027,0.0247,0.4939,0
13:14:00.294,22.0,59,1141.74,1546308622,0.03,0.047,0.47,62.4,74.72,2019-01-01 07:40:22+05:30,1.0,1943.0,2,-2.5,-0.694,16303.61,16.3036,19.35,0.473,3.63,5.7,0.049,4662.5,4.663,1392.18,18.152,63.65,decel,0.0273,0.045,0.471,0
13:14:01.293,23.0,57,1092.78,1546308623,-0.01,0.017,0.397,58.0,74.8,2019-01-01 07:40:23+05:30,1.0,1944.0,2,-2.5,-0.694,16319.44,16.3194,19.17,0.397,-1.44,2.45,0.1104,4338.4,4.338,1393.39,18.168,63.63,decel,-0.0062,0.0196,0.3911,0
13:14:02.294,24.0,54,1052.44,1546308624,-0.027,-0.013,0.253,55.0,74.86,2019-01-01 07:40:24+05:30,1.0,1945.0,2,-0.5,-0.139,16334.44,16.3344,19.49,0.255,-6.08,-2.92,0.1336,4117.3,4.117,1394.53,18.183,63.61,cruise,-0.0299,-0.0179,0.2607,0
13:14:03.294,25.0,56,1082.28,1546308625,-0.02,-0.047,0.13,59.49,74.77,2019-01-01 07:40:25+05:30,1.0,1946.0,2,3.0,0.833,16350.0,16.35,19.33,0.14,-8.23,-19.66,0.12,4448.1,4.448,1395.77,18.2,63.59,accel,-0.0181,-0.0366,0.1217,0
13:14:04.293,26.0,60,1151.94,1546308626,0.01,-0.027,0.013,65.24,74.65,2019-01-01 07:40:26+05:30,1.0,1947.0,2,3.5,0.972,16366.67,16.3667,19.2,0.032,18.45,-58.72,0.0751,4870.2,4.87,1397.12,18.218,63.57,accel,0.0103,-0.0423,0.0224,0
13:14:05.294,27.0,63,1219.94,1546308627,0.03,-0.053,-0.01,69.28,74.56,2019-01-01 07:40:27+05:30,1.0,1948.0,2,3.0,0.833,16384.17,16.3842,19.36,0.062,29.08,-59.18,0.0201,5165.5,5.166,1398.56,18.237,63.54,accel,0.0261,-0.0382,-0.0202,0
13:14:06.294,28.0,66,1267.32,1546308628,0.027,0.007,-0.027,70.23,74.54,2019-01-01 07:40:28+05:30,1.0,1949.0,2,1.0,0.278,16402.5,16.4025,19.2,0.039,44.07,10.39,0.0185,5234.9,5.235,1400.01,18.257,63.52,accel,0.0325,-0.0036,-0.0175,0
13:14:07.294,29.0,65,1262.68,1546308629,0.053,0.047,0.01,70.24,74.54,2019-01-01 07:40:29+05:30,1.0,1950.0,2,-2.0,-0.556,16420.56,16.4206,19.43,0.072,47.8,41.07,0.0206,5235.7,5.236,1401.46,18.276,63.5,decel,0.0486,0.0546,0.0032,0
13:14:08.294,30.0,62,1195.9,1546308630,0.06,0.093,0.007,67.8,74.58,2019-01-01 07:40:30+05:30,1.0,1951.0,2,-5.0,-1.389,16437.78,16.4378,19.29,0.111,32.75,56.99,0.0017,5056.5,5.057,1402.87,18.295,63.48,decel,0.0637,0.0872,0.0113,0
13:14:09.293,31.0,55,1056.98,1546308631,0.053,0.063,0.007,60.24,74.73,2019-01-01 07:40:31+05:30,1.0,1952.0,2,-9.0,-2.5,16453.06,16.4531,19.22,0.083,39.9,49.68,0.0058,4501.7,4.502,1404.12,18.312,63.46,decel,0.049,0.0659,0.0026,0
13:14:10.294,32.0,44,860.28,1546308632,0.007,0.022,-0.003,45.56,75.02,2019-01-01 07:40:32+05:30,1.0,1953.0,2,-11.0,-3.056,16465.28,16.4653,19.55,0.023,17.5,70.91,0.0115,3417.9,3.418,1405.07,18.324,63.44,decel,0.0094,0.021,0.0025,0
13:14:11.293,33.0,33,635.54,1546308633,-0.017,-0.005,0.02,34.0,75.25,2019-01-01 07:40:33+05:30,1.0,1954.0,2,-10.5,-2.917,16474.44,16.4744,19.26,0.027,-39.51,-10.78,0.0133,2558.5,2.558,1405.78,18.334,63.43,decel,-0.0166,-0.003,0.0167,0
13:14:12.294,34.0,23,441.2,1546308634,-0.01,0.002,0.02,24.0,75.45,2019-01-01 07:40:34+05:30,1.0,1955.0,2,-9.5,-2.639,16480.83,16.4808,19.18,0.022,-26.45,5.11,0.0115,1810.8,1.811,1406.28,18.34,63.42,decel,-0.0112,-0.0008,0.0191,0
13:14:13.293,35.0,14,286.24,1546308635,0.003,0.003,0.0,15.24,75.62,2019-01-01 07:40:35+05:30,1.0,1956.0,2,-7.5,-2.083,16484.72,16.4847,20.45,0.004,45.0,45.0,0.0153,1152.4,1.152,1406.6,18.345,63.42,decel,0.0036,0.0049,0.0024,0
13:14:14.294,36.0,8,158.38,1546308636,0.007,0.003,-0.01,9.56,75.74,2019-01-01 07:40:36+05:30,1.0,1957.0,2,-5.0,-1.389,16486.94,16.4869,19.8,0.013,33.84,13.81,0.0058,724.1,0.724,1406.8,18.347,63.42,decel,0.0063,0.0023,-0.0107,0
13:14:15.294,37.0,4,84.96,1546308637,0.0,-0.003,-0.01,5.0,75.83,2019-01-01 07:40:37+05:30,1.0,1958.0,2,-3.0,-0.833,16488.06,16.4881,21.24,0.01,0.0,-16.7,0.0,379.2,0.379,1406.91,18.349,63.41,decel,0.0011,-0.0034,-0.0108,0
13:14:16.293,38.0,2,52.32,1546308638,0.0,-0.007,-0.01,3.0,75.87,2019-01-01 07:40:38+05:30,1.0,1959.0,2,-1.5,-0.417,16488.61,16.4886,26.16,0.012,0.0,-34.99,0.0,227.6,0.228,1406.97,18.349,63.41,decel,-0.0009,-0.0058,-0.0092,0
13:14:17.294,39.0,1,24.36,1546308639,0.0,-0.003,-0.01,2.0,75.89,2019-01-01 07:40:39+05:30,1.0,1960.0,2,-1.0,-0.278,16488.89,16.4889,,0.01,0.0,-16.7,0.0,151.8,0.152,1407.01,18.35,63.41,decel,0.0003,-0.0046,-0.0103,0
13:14:18.294,40.0,0,2.22,1546308640,0.0,-0.003,-0.01,1.0,75.91,2019-01-01 07:40:40+05:30,1.0,1961.0,2,-0.5,-0.139,16488.89,16.4889,,0.01,0.0,-16.7,0.0,75.9,0.076,1407.04,18.35,63.41,idle,-0.0,-0.0019,-0.0099,1
13:14:19.294,41.0,0,2.22,1546308641,0.0,-0.0,-0.01,1.0,75.91,2019-01-01 07:40:41+05:30,1.0,1962.0,2,0.0,0.0,16488.89,16.4889,,0.01,0.0,-0.0,0.0,75.9,0.076,1407.06,18.351,63.41,idle,-0.0004,-0.0,-0.0094,1
13:14:20.294,42.0,0,2.22,1546308642,0.003,-0.0,-0.01,1.0,75.91,2019-01-01 07:40:42+05:30,1.0,1963.0,2,0.0,0.0,16488.89,16.4889,,0.01,16.7,-0.0,0.004,75.9,0.076,1407.08,18.351,63.41,idle,0.0037,-0.0005,-0.012,1
13:14:21.293,43.0,0,2.22,1546308643,0.007,0.0,-0.017,1.0,75.91,2019-01-01 07:40:43+05:30,1.0,1964.0,2,0.0,0.0,16488.89,16.4889,,0.018,22.38,0.0,0.007,75.9,0.076,1407.1,18.351,63.41,idle,0.007,-0.0006,-0.0135,1
13:14:22.294,44.0,0,2.22,1546308644,0.0,-0.0,-0.003,1.0,75.91,2019-01-01 07:40:44+05:30,1.0,1965.0,2,0.0,0.0,16488.89,16.4889,,0.003,0.0,-0.0,0.0081,75.9,0.076,1407.12,18.351,63.41,idle,-0.0001,0.0036,-0.0078,1
13:14:23.294,45.0,0,2.58,1546308645,-0.003,0.013,-0.003,1.0,75.91,2019-01-01 07:40:45+05:30,1.0,1966.0,2,1.0,0.278,16488.89,16.4889,,0.014,-12.67,71.93,0.0092,75.9,0.076,1407.14,18.352,63.41,idle,-0.0065,0.0065,0.0029,1
13:14:24.293,46.0,2,39.94,1546308646,-0.003,-0.007,0.013,5.44,75.82,2019-01-01 07:40:46+05:30,1.0,1967.0,2,2.5,0.694,16489.44,16.4894,19.97,0.015,-11.49,-27.68,0.015,412.5,0.412,1407.26,18.353,63.41,accel,0.0067,0.001,0.0064,0
13:14:25.294,47.0,5,100.1,1546308647,0.033,-0.0,-0.017,12.11,75.68,2019-01-01 07:40:47+05:30,1.0,1968.0,2,3.5,0.972,16490.83,16.4908,20.02,0.037,62.74,-0.0,0.03,916.5,0.916,1407.51,18.357,63.4,accel,0.0199,-0.0085,-0.0104,0
13:14:26.294,48.0,9,178.56,1546308648,-0.017,-0.023,-0.047,14.2,75.64,2019-01-01 07:40:48+05:30,1.0,1969.0,2,4.0,1.111,16493.33,16.4933,19.84,0.055,-18.0,-24.71,0.0491,1074.1,1.074,1407.81,18.361,63.4,accel,-0.0046,-0.0144,-0.0527,0
13:14:27.294,49.0,13,268.0,1546308649,-0.037,-0.007,-0.113,18.52,75.55,2019-01-01 07:40:49+05:30,1.0,1970.0,2,4.5,1.25,16496.94,16.4969,20.62,0.119,-18.1,-3.37,0.0508,1399.2,1.399,1408.2,18.366,63.39,accel,-0.0493,-0.0145,-0.1092,0
13:14:28.294,50.0,18,359.32,1546308650,-0.067,-0.01,-0.147,22.85,75.47,2019-01-01 07:40:50+05:30,1.0,1971.0,2,4.5,1.25,16501.94,16.5019,19.96,0.162,-24.45,-3.54,0.0186,1724.5,1.724,1408.68,18.372,63.39,accel,-0.0543,-0.0058,-0.1493,0
13:14:29.294,51.0,22,422.04,1546308651,0.003,0.013,-0.143,25.93,75.4,2019-01-01 07:40:51+05:30,1.0,1972.0,2,3.0,0.833,16508.06,16.5081,19.18,0.144,1.2,5.19,0.0359,1955.1,1.955,1409.22,18.379,63.38,accel,-0.0062,0.0133,-0.1414,0
13:14:30.293,52.0,24,466.76,1546308652,0.037,0.03,-0.083,29.87,75.32,2019-01-01 07:40:52+05:30,1.0,1973.0,2,2.0,0.556,16514.72,16.5147,19.45,0.096,22.75,18.27,0.0682,2249.8,2.25,1409.84,18.388,63.37,accel,0.0408,0.0273,-0.0834,0
13:14:31.294,53.0,26,498.62,1546308653,0.043,0.017,-0.007,31.82,75.28,2019-01-01 07:40:53+05:30,1.0,1974.0,2,1.5,0.417,16521.94,16.5219,19.18,0.047,66.85,21.32,0.0634,2395.4,2.395,1410.51,18.396,63.36,accel,0.0419,0.0188,-0.0078,0
13:14:32.294,54.0,27,522.0,1546308654,0.007,-0.0,0.043,29.67,75.32,2019-01-01 07:40:54+05:30,1.0,1975.0,2,1.0,0.278,16529.44,16.5294,19.33,0.044,9.25,-0.0,0.0348,2234.7,2.235,1411.13,18.405,63.35,accel,0.0082,-0.0003,0.0447,0
13:14:33.294,55.0,28,543.08,1546308655,-0.02,-0.007,0.06,29.98,75.32,2019-01-01 07:40:55+05:30,1.0,1976.0,2,1.0,0.278,16537.22,16.5372,19.4,0.064,-18.32,-6.32,0.0108,2258.1,2.258,1411.76,18.413,63.34,accel,-0.0224,-0.0069,0.057,0
13:14:34.294,56.0,29,561.2,1546308656,-0.03,-0.003,0.04,30.79,75.3,2019-01-01 07:40:56+05:30,1.0,1977.0,2,1.0,0.278,16545.28,16.5453,19.35,0.05,-36.79,-3.43,0.014,2318.5,2.318,1412.4,18.421,63.33,accel,-0.0263,-0.0026,0.0438,0
13:14:35.294,57.0,30,574.8,1546308657,-0.01,-0.0,0.033,31.58,75.28,2019-01-01 07:40:57+05:30,1.0,1978.0,2,0.5,0.139,16553.61,16.5536,19.16,0.034,-16.86,-0.0,0.0118,2377.3,2.377,1413.06,18.43,63.32,cruise,-0.013,-0.0021,0.0295,0
13:14:36.294,58.0,30,584.42,1546308658,-0.01,-0.007,0.017,31.39,75.28,2019-01-01 07:40:58+05:30,1.0,1979.0,2,0.0,0.0,16561.94,16.5619,19.48,0.021,-28.54,-19.54,0.0106,2363.0,2.363,1413.72,18.439,63.31,cruise,-0.0087,-0.0039,0.0207,0
13:14:37.293,59.0,30,590.24,1546308659,-0.01,0.003,0.013,31.11,75.29,2019-01-01 07:40:59+05:30,1.0,1980.0,2,0.0,0.0,16570.28,16.5703,19.67,0.017,-36.85,10.37,0.0129,2342.3,2.342,1414.37,18.448,63.3,cruise,-0.0124,0.0005,0.009,0
13:14:38.294,60.0,30,588.86,1546308660,-0.003,0.003,-0.007,31.0,75.29,2019-01-01 07:41:00+05:30,1.0,1981.0,2,0.0,0.0,16578.61,16.5786,19.63,0.008,-21.5,21.5,0.0115,2334.0,2.334,1415.02,18.456,63.29,cruise,0.0025,0.0047,-0.0042,0
13:14:39.294,61.0,30,580.12,1546308661,0.04,-0.0,-0.007,34.2,75.22,2019-01-01 07:41:01+05:30,1.0,1982.0,2,-0.5,-0.139,16586.94,16.5869,19.34,0.041,80.07,-0.0,0.0023,2572.5,2.573,1415.73,18.466,63.28,cruise,0.0331,-0.0018,-0.0074,0
13:14:40.293,62.0,29,559.38,1546308662,0.033,-0.017,-0.003,32.64,75.25,2019-01-01 07:41:02+05:30,1.0,1983.0,2,-2.0,-0.556,16595.0,16.595,19.29,0.037,62.39,-27.16,0.0023,2456.2,2.456,1416.41,18.475,63.26,decel,0.04,-0.0152,-0.0035,0
13:14:41.293,63.0,26,515.5,1546308663,0.017,-0.023,-0.007,28.36,75.34,2019-01-01 07:41:03+05:30,1.0,1984.0,2,-2.5,-0.694,16602.22,16.6022,19.83,0.029,35.26,-51.36,0.0089,2136.6,2.137,1417.01,18.483,63.26,decel,0.008,-0.0236,-0.0074,0
13:14:42.294,64.0,24,468.42,1546308664,-0.04,-0.02,-0.02,25.0,75.4,2019-01-01 07:41:04+05:30,1.0,1985.0,2,-2.5,-0.694,16608.89,16.6089,19.52,0.049,-54.74,-24.09,0.0075,1885.0,1.885,1417.53,18.49,63.25,decel,-0.0291,-0.0216,-0.0186,0
13:14:43.294,65.0,21,420.72,1546308665,-0.03,-0.017,-0.02,22.0,75.46,2019-01-01 07:41:05+05:30,1.0,1986.0,2,-2.5,-0.694,16614.72,16.6147,20.03,0.04,-48.82,-25.24,0.004,1660.1,1.66,1417.99,18.496,63.24,decel,-0.0395,-0.013,-0.0217,0
13:14:44.293,66.0,19,376.22,1546308666,-0.037,-0.003,-0.013,20.0,75.5,2019-01-01 07:41:06+05:30,1.0,1987.0,2,-1.5,-0.417,16620.0,16.62,19.8,0.039,-70.17,-4.37,0.0118,1510.0,1.51,1418.41,18.501,63.23,decel,-0.0307,-0.0083,-0.011,0
13:14:45.294,67.0,18,348.2,1546308667,-0.02,-0.017,0.003,19.0,75.52,2019-01-01 07:41:07+05:30,1.0,1988.0,2,-0.5,-0.139,16625.0,16.625,19.34,0.026,-49.2,-40.05,0.0085,1434.9,1.435,1418.81,18.507,63.23,cruise,-0.0235,-0.0121,0.0012,0
13:14:46.294,68.0,18,345.98,1546308668,-0.023,-0.01,0.0,19.0,75.52,2019-01-01 07:41:08+05:30,1.0,1989.0,2,0.0,0.0,16630.0,16.63,19.22,0.025,-66.5,-23.5,0.0068,1434.9,1.435,1419.21,18.512,63.22,cruise,-0.0219,-0.0139,0.0009,0
13:14:47.293,69.0,18,345.76,1546308669,-0.02,-0.007,-0.01,19.0,75.52,2019-01-01 07:41:09+05:30,1.0,1990.0,2,0.0,0.0,16635.0,16.635,19.21,0.023,-58.6,-17.38,0.0085,1434.9,1.435,1419.61,18.517,63.22,cruise,-0.0191,-0.0034,-0.0102,0
13:14:48.294,70.0,18,345.76,1546308670,-0.01,0.013,-0.017,19.0,75.52,2019-01-01 07:41:10+05:30,1.0,1991.0,2,-0.5,-0.139,16640.0,16.64,19.21,0.024,-25.05,33.39,0.0035,1434.9,1.435,1420.01,18.522,63.21,cruise,-0.0123,0.0102,-0.0174,0
13:14:49.294,71.0,17,341.92,1546308671,-0.01,0.01,-0.013,18.0,75.53,2019-01-01 07:41:11+05:30,1.0,1992.0,2,-0.5,-0.139,16644.72,16.6447,20.11,0.019,-31.37,31.37,0.0089,1359.5,1.36,1420.38,18.527,63.2,cruise,-0.0069,0.0114,-0.0118,0
13:14:50.294,72.0,17,328.46,1546308672,-0.005,0.003,0.0,18.0,75.53,2019-01-01 07:41:12+05:30,1.0,1993.0,2,-0.5,-0.139,16649.44,16.6494,19.32,0.006,-59.04,30.96,0.0085,1359.5,1.36,1420.76,18.532,63.2,cruise,-0.0083,0.0019,-0.0012,0
13:14:51.294,73.0,16,307.3,1546308673,-0.015,-0.007,0.003,17.0,75.55,2019-01-01 07:41:13+05:30,1.0,1994.0,2,-1.5,-0.417,16653.89,16.6539,19.21,0.017,-63.08,-24.59,0.0017,1284.4,1.284,1421.12,18.537,63.19,decel,-0.0125,-0.0046,0.0029,0
13:14:52.294,74.0,14,280.48,1546308674,-0.008,-0.003,0.0,15.0,75.59,2019-01-01 07:41:14+05:30,1.0,1995.0,2,-1.5,-0.417,16657.78,16.6578,20.03,0.009,-69.44,-20.56,0.0017,1133.9,1.134,1421.43,18.541,63.19,decel,-0.0092,-0.0061,0.0011,0
13:14:53.294,75.0,13,253.86,1546308675,0.0,-0.01,-0.0,14.0,75.61,2019-01-01 07:41:15+05:30,1.0,1996.0,2,-1.5,-0.417,16661.39,16.6614,19.53,0.01,0.0,-90.0,0.0017,1058.5,1.059,1421.73,18.545,63.18,decel,0.0009,-0.0078,-0.0008,0
13:14:54.294,76.0,11,228.76,1546308676,0.007,-0.007,-0.003,12.56,75.64,2019-01-01 07:41:16+05:30,1.0,1997.0,2,-1.5,-0.417,16664.44,16.6644,20.8,0.01,42.59,-42.59,0.0035,950.0,0.95,1421.99,18.549,63.18,decel,0.0056,-0.0075,-0.0031,0
13:14:55.294,77.0,10,200.04,1546308677,0.0,-0.003,-0.007,11.0,75.67,2019-01-01 07:41:17+05:30,1.0,1998.0,2,-1.5,-0.417,16667.22,16.6672,20.0,0.008,0.0,-23.2,0.0023,832.4,0.832,1422.22,18.552,63.17,decel,0.0011,-0.0032,-0.0064,0
13:14:56.294,78.0,8,164.98,1546308678,-0.003,0.0,-0.007,9.0,75.71,2019-01-01 07:41:18+05:30,1.0,1999.0,2,-1.5,-0.417,16669.44,16.6694,20.62,0.008,-23.2,0.0,0.0,681.4,0.681,1422.41,18.554,63.17,decel,-0.0032,-0.0,-0.0075,0
13:14:57.294,79.0,7,135.04,1546308679,-0.003,0.0,-0.007,8.0,75.73,2019-01-01 07:41:19+05:30,1.0,2000.0,2,-2.0,-0.556,16671.39,16.6714,19.29,0.008,-23.2,0.0,0.0,605.8,0.606,1422.58,18.556,63.17,decel,-0.0028,0.0003,-0.0067,0
13:14:58.293,80.0,4,95.76,1546308680,0.0,0.0,-0.007,5.0,75.79,2019-01-01 07:41:20+05:30,1.0,2001.0,2,-2.0,-0.556,16672.5,16.6725,23.94,0.007,0.0,0.0,0.0017,379.0,0.379,1422.69,18.558,63.17,decel,-0.0012,0.0001,-0.0075,0
13:14:59.294,81.0,3,59.74,1546308681,0.0,-0.0,-0.01,4.0,75.81,2019-01-01 07:41:21+05:30,1.0,2002.0,2,-1.5,-0.417,16673.33,16.6733,19.91,0.01,0.0,-0.0,0.0017,303.2,0.303,1422.77,18.559,63.17,decel,0.0018,-0.0006,-0.0095,0
13:15:00.294,82.0,1,32.2,1546308682,0.01,-0.003,-0.01,2.8,75.83,2019-01-01 07:41:22+05:30,1.0,2003.0,2,-1.5,-0.417,16673.61,16.6736,,0.014,43.77,-11.98,0.0,212.3,0.212,1422.83,18.56,63.17,decel,0.0085,-0.0023,-0.0103,0
13:15:01.293,83.0,0,14.58,1546308683,0.013,-0.003,-0.01,1.0,75.87,2019-01-01 07:41:23+05:30,1.0,2004.0,2,-0.5,-0.139,16673.61,16.6736,,0.017,51.23,-10.37,0.0,75.9,0.076,1422.85,18.56,63.16,idle,0.0138,-0.0034,-0.01,1
13:15:02.294,84.0,0,0.0,1546308684,0.013,-0.003,-0.01,1.0,75.87,2019-01-01 07:41:24+05:30,1.0,2005.0,2,0.0,0.0,16673.61,16.6736,,0.017,51.23,-10.37,0.0,75.9,0.076,1422.87,18.56,63.16,idle,0.0125,-0.0029,-0.0099,1
13:15:03.294,85.0,0,0.0,1546308685,0.007,-0.003,-0.01,1.0,75.87,2019-01-01 07:41:25+05:30,1.0,2006.0,2,0.0,0.0,16673.61,16.6736,,0.013,33.84,-13.81,0.0,75.9,0.076,1422.89,18.561,63.16,idle,0.0072,-0.0026,-0.01,1
13:15:04.294,86.0,0,0.0,1546308686,0.003,-0.003,-0.01,1.0,75.87,2019-01-01 07:41:26+05:30,1.0,2007.0,2,0.0,0.0,16673.61,16.6736,,0.011,16.03,-16.03,0.0,75.9,0.076,1422.91,18.561,63.16,idle,0.0035,-0.0041,-0.01,1
13:15:05.294,87.0,0,0.0,1546308687,0.003,-0.007,-0.01,1.0,75.87,2019-01-01 07:41:27+05:30,1.0,2008.0,2,0.0,0.0,16673.61,16.6736,,0.013,13.81,-33.84,0.0,75.9,0.076,1422.93,18.561,63.16,idle,0.0018,-0.0054,-0.01,1
13:15:06.294,88.0,0,0.0,1546308688,-0.0,-0.003,-0.01,1.0,75.87,2019-01-01 07:41:28+05:30,1.0,2009.0,2,0.0,0.0,16673.61,16.6736,,0.01,-0.0,-16.7,0.0,75.9,0.076,1422.96,18.561,63.16,idle,0.0012,-0.0044,-0.01,1
13:15:07.294,89.0,0,0.0,1546308689,0.003,-0.003,-0.01,1.0,75.87,2019-01-01 07:41:29+05:30,1.0,2010.0,2,0.0,0.0,16673.61,16.6736,,0.011,16.03,-16.03,0.0,75.9,0.076,1422.98,18.562,63.16,idle,0.0022,-0.0021,-0.01,1
13:15:08.294,90.0,0,0.0,1546308690,0.003,-0.0,-0.01,1.0,75.87,2019-01-01 07:41:30+05:30,1.0,2011.0,2,0.0,0.0,16673.61,16.6736,,0.01,16.7,-0.0,0.0,75.9,0.076,1423.0,18.562,63.16,idle,0.0034,-0.0004,-0.01,1
13:15:09.294,91.0,0,0.0,1546308691,0.003,-0.0,-0.01,1.0,75.87,2019-01-01 07:41:31+05:30,1.0,2012.0,2,0.0,0.0,16673.61,16.6736,,0.01,16.7,-0.0,0.0,75.9,0.076,1423.02,18.562,63.16,idle,0.0025,0.0001,-0.01,1
13:15:10.294,92.0,0,0.0,1546308692,0.0,-0.0,-0.01,1.0,75.87,2019-01-01 07:41:32+05:30,1.0,2013.0,2,0.0,0.0,16673.61,16.6736,,0.01,0.0,-0.0,0.0,75.9,0.076,1423.04,18.562,63.16,idle,0.0005,0.0,-0.01,1
13:15:11.294,93.0,0,0.0,1546308693,0.0,-0.0,-0.01,1.0,75.87,2019-01-01 07:41:33+05:30,1.0,2014.0,2,0.0,0.0,16673.61,16.6736,,0.01,0.0,-0.0,0.0,75.9,0.076,1423.06,18.563,63.16,idle,-0.0003,-0.0,-0.01,1
13:15:12.294,94.0,0,0.0,1546308694,0.0,-0.0,-0.01,1.0,75.87,2019-01-01 07:41:34+05:30,1.0,2015.0,2,0.0,0.0,16673.61,16.6736,,0.01,0.0,-0.0,0.0,75.9,0.076,1423.08,18.563,63.16,idle,0.0,0.0,-0.01,1
13:15:13.294,95.0,0,0.0,1546308695,0.0,-0.0,-0.01,1.0,75.87,2019-01-01 07:41:35+05:30,1.0,2016.0,2,0.0,0.0,16673.61,16.6736,,0.01,0.0,-0.0,0.0,75.9,0.076,1423.1,18.563,63.16,idle,0.0001,0.0,-0.01,1
13:15:14.294,96.0,0,0.0,1546308696,0.0,-0.0,-0.01,1.0,75.87,2019-01-01 07:41:36+05:30,1.0,2017.0,2,0.0,0.0,16673.61,16.6736,,0.01,0.0,-0.0,0.0,75.9,0.076,1423.12,18.564,63.16,idle,-0.0001,-0.0,-0.01,1
13:15:15.294,97.0,0,0.0,1546308697,0.0,-0.0,-0.01,1.0,75.87,2019-01-01 07:41:37+05:30,1.0,2018.0,2,0.0,0.0,16673.61,16.6736,,0.01,0.0,-0.0,0.0,75.9,0.076,1423.15,18.564,63.16,idle,0.0,-0.0,-0.01,1
13:15:16.293,98.0,0,0.0,1546308698,0.0,-0.0,-0.01,1.0,75.87,2019-01-01 07:41:38+05:30,1.0,2019.0,2,0.0,0.0,16673.61,16.6736,,0.01,0.0,-0.0,0.0,75.9,0.076,1423.17,18.564,63.16,idle,0.0001,0.0,-0.01,1
13:15:17.294,99.0,0,0.0,1546308699,0.0,-0.0,-0.01,1.0,75.87,2019-01-01 07:41:39+05:30,1.0,2020.0,2,0.0,0.0,16673.61,16.6736,,0.01,0.0,-0.0,0.0,75.9,0.076,1423.19,18.564,63.16,idle,-0.0002,-0.0,-0.01,1
13:15:18.294,100.0,0,0.0,1546308700,0.0,-0.0,-0.01,1.0,75.87,2019-01-01 07:41:40+05:30,1.0,2021.0,2,0.0,0.0,16673.61,16.6736,,0.01,0.0,-0.0,0.0,75.9,0.076,1423.21,18.565,63.16,idle,0.0002,-0.0,-0.01,1
13:15:19.294,101.0,0,0.0,1546308701,0.002,0.0,-0.01,1.0,75.87,2019-01-01 07:41:41+05:30,1.0,2022.0,2,0.0,0.0,16673.61,16.6736,,0.01,11.31,0.0,0.0,75.9,0.076,1423.23,18.565,63.16,idle,0.0021,0.0,-0.01,1
Endurance 3,,0,0.0,1659127616,0.005,-0.0,-0.01,1.0,75.87,2022-07-30 02:16:56+05:30,5.0,2027.0,2,0.0,0.0,16673.61,16.6736,,0.011,26.57,-0.0,0.0,75.9,0.076,1423.33,18.566,63.16,idle,0.0045,0.0,-0.01,1
15:22:13.214,1003.0,0,0.0,1771946531,0.005,-0.0,-0.01,1.0,75.87,2026-02-24 20:52:11+05:30,5.0,2032.0,2,0.0,0.0,16673.61,16.6736,,0.011,26.57,-0.0,0.0,75.9,0.076,1423.44,18.568,63.16,idle,0.0057,-0.0,-0.01,1
15:22:14.214,1004.0,0,0.0,1771946532,0.007,-0.0,-0.01,1.0,75.87,2026-02-24 20:52:12+05:30,1.0,2033.0,2,0.0,0.0,16673.61,16.6736,,0.012,34.99,-0.0,0.0,75.9,0.076,1423.46,18.568,63.16,idle,0.0062,0.0,-0.01,1
15:22:15.214,1005.0,0,0.0,1771946533,0.007,-0.0,-0.01,1.0,75.87,2026-02-24 20:52:13+05:30,1.0,2034.0,2,0.0,0.0,16673.61,16.6736,,0.012,34.99,-0.0,0.0,75.9,0.076,1423.48,18.568,63.15,idle,0.0078,0.0,-0.01,1
15:22:16.214,1006.0,0,0.0,1771946534,0.01,-0.0,-0.01,1.0,75.87,2026-02-24 20:52:14+05:30,1.0,2035.0,2,0.0,0.0,16673.61,16.6736,,0.014,45.0,-0.0,0.0,75.9,0.076,1423.5,18.569,63.15,idle,0.0096,-0.0,-0.01,1
15:22:17.215,1007.0,0,0.0,1771946535,0.01,-0.0,-0.01,1.0,75.87,2026-02-24 20:52:15+05:30,1.0,2036.0,2,0.0,0.0,16673.61,16.6736,,0.014,45.0,-0.0,0.0,75.9,0.076,1423.52,18.569,63.15,idle,0.0097,0.0,-0.01,1
15:22:18.214,1008.0,0,0.0,1771946536,0.007,-0.0,-0.01,1.0,75.87,2026-02-24 20:52:16+05:30,1.0,2037.0,2,0.0,0.0,16673.61,16.6736,,0.012,34.99,-0.0,0.0,75.9,0.076,1423.55,18.569,63.15,idle,0.0079,-0.0,-0.01,1
15:22:19.214,1009.0,0,0.0,1771946537,0.007,-0.0,-0.01,1.0,75.87,2026-02-24 20:52:17+05:30,1.0,2038.0,2,0.0,0.0,16673.61,16.6736,,0.012,34.99,-0.0,0.0,75.9,0.076,1423.57,18.569,63.15,idle,0.0059,0.0,-0.01,1
15:22:20.214,1010.0,0,0.0,1771946538,0.003,-0.0,-0.01,1.0,75.87,2026-02-24 20:52:18+05:30,1.0,2039.0,2,0.0,0.0,16673.61,16.6736,,0.01,16.7,-0.0,0.0,75.9,0.076,1423.59,18.57,63.15,idle,0.0041,0.0,-0.01,1
15:22:21.214,1011.0,0,0.0,1771946539,0.003,-0.0,-0.01,1.0,75.87,2026-02-24 20:52:19+05:30,1.0,2040.0,2,0.0,0.0,16673.61,16.6736,,0.01,16.7,-0.0,0.0,75.9,0.076,1423.61,18.57,63.15,idle,0.0019,-0.0,-0.01,1
15:22:22.214,1012.0,0,0.0,1771946540,0.0,-0.0,-0.01,1.0,75.87,2026-02-24 20:52:20+05:30,1.0,2041.0,2,0.0,0.0,16673.61,16.6736,,0.01,0.0,-0.0,0.0,75.9,0.076,1423.63,18.57,63.15,idle,0.0007,0.0,-0.01,1
15:22:23.214,1013.0,0,0.0,1771946541,0.003,-0.0,-0.01,1.0,75.87,2026-02-24 20:52:21+05:30,1.0,2042.0,2,0.0,0.0,16673.61,16.6736,,0.01,16.7,-0.0,0.0,75.9,0.076,1423.65,18.571,63.15,idle,0.0028,0.0,-0.01,1
15:22:24.214,1014.0,0,0.0,1771946542,0.007,-0.0,-0.01,1.0,75.87,2026-02-24 20:52:22+05:30,1.0,2043.0,2,0.0,0.0,16673.61,16.6736,,0.012,34.99,-0.0,0.0,75.9,0.076,1423.67,18.571,63.15,idle,0.0071,-0.0,-0.01,1
15:22:25.215,1015.0,0,0.0,1771946543,0.01,-0.0,-0.01,1.0,75.87,2026-02-24 20:52:23+05:30,1.0,2044.0,2,0.0,0.0,16673.61,16.6736,,0.014,45.0,-0.0,0.0,75.9,0.076,1423.69,18.571,63.15,idle,0.0098,-0.0,-0.01,1
15:22:26.214,1016.0,0,0.0,1771946544,0.01,-0.0,-0.01,1.0,75.87,2026-02-24 20:52:24+05:30,1.0,2045.0,2,0.0,0.0,16673.61,16.6736,,0.014,45.0,-0.0,0.0,75.9,0.076,1423.71,18.571,63.15,idle,0.0102,0.0,-0.01,1
15:22:27.214,1017.0,0,0.0,1771946545,0.01,-0.0,-0.01,1.0,75.87,2026-02-24 20:52:25+05:30,1.0,2046.0,2,0.0,0.0,16673.61,16.6736,,0.014,45.0,-0.0,0.0,75.9,0.076,1423.74,18.572,63.15,idle,0.0102,-0.0,-0.01,1
15:22:28.215,1018.0,0,0.0,1771946546,0.01,-0.0,-0.01,1.0,75.87,2026-02-24 20:52:26+05:30,1.0,2047.0,2,0.0,0.0,16673.61,16.6736,,0.014,45.0,-0.0,0.0,75.9,0.076,1423.76,18.572,63.15,idle,0.0095,-0.0,-0.01,1
15:22:29.214,1019.0,0,0.0,1771946547,0.007,-0.0,-0.01,1.0,75.87,2026-02-24 20:52:27+05:30,1.0,2048.0,2,0.0,0.0,16673.61,16.6736,,0.012,34.99,-0.0,0.0,75.9,0.076,1423.78,18.572,63.15,idle,0.0076,0.0,-0.01,1
15:22:30.214,1020.0,0,0.0,1771946548,0.007,-0.0,-0.01,1.0,75.87,2026-02-24 20:52:28+05:30,1.0,2049.0,2,0.0,0.0,16673.61,16.6736,,0.012,34.99,-0.0,0.0,75.9,0.076,1423.8,18.572,63.15,idle,0.0065,0.0,-0.01,1
15:22:31.215,1021.0,0,0.0,1771946549,0.007,-0.0,-0.01,1.0,75.87,2026-02-24 20:52:29+05:30,1.0,2050.0,2,0.0,0.0,16673.61,16.6736,,0.012,34.99,-0.0,0.0,75.9,0.076,1423.82,18.573,63.15,idle,0.0076,-0.0,-0.01,1
15:22:32.214,1022.0,0,0.0,1771946550,0.01,-0.0,-0.01,1.0,75.87,2026-02-24 20:52:30+05:30,1.0,2051.0,2,0.0,0.0,16673.61,16.6736,,0.014,45.0,-0.0,0.0,75.9,0.076,1423.84,18.573,63.15,idle,0.0095,0.0,-0.01,1
15:22:33.214,1023.0,0,0.0,1771946551,0.01,-0.0,-0.01,1.0,75.87,2026-02-24 20:52:31+05:30,1.0,2052.0,2,0.0,0.0,16673.61,16.6736,,0.014,45.0,-0.0,0.0,75.9,0.076,1423.86,18.573,63.15,idle,0.0103,0.0,-0.01,1
15:22:34.214,1024.0,0,0.0,1771946552,0.01,-0.0,-0.01,1.0,75.87,2026-02-24 20:52:32+05:30,1.0,2053.0,2,0.0,0.0,16673.61,16.6736,,0.014,45.0,-0.0,0.0,75.9,0.076,1423.88,18.574,63.15,idle,0.0101,-0.0001,-0.01,1
15:22:35.214,1025.0,0,0.0,1771946553,0.01,-0.0,-0.01,1.0,75.87,2026-02-24 20:52:33+05:30,1.0,2054.0,2,0.0,0.0,16673.61,16.6736,,0.014,45.0,-0.0,0.0,75.9,0.076,1423.9,18.574,63.15,idle,0.0095,0.0,-0.01,1
15:22:36.214,1026.0,0,0.0,1771946554,0.007,-0.0,-0.01,1.0,75.87,2026-02-24 20:52:34+05:30,1.0,2055.0,2,0.0,0.0,16673.61,16.6736,,0.012,34.99,-0.0,0.0,75.9,0.076,1423.92,18.574,63.15,idle,0.0079,0.0002,-0.01,1
15:22:37.214,1027.0,0,0.0,1771946555,0.007,-0.0,-0.01,1.0,75.87,2026-02-24 20:52:35+05:30,1.0,2056.0,2,0.0,0.0,16673.61,16.6736,,0.012,34.99,-0.0,0.0,75.9,0.076,1423.95,18.574,63.15,idle,0.0057,-0.0005,-0.01,1
15:22:38.214,1028.0,0,0.0,1771946556,0.003,-0.003,-0.01,1.0,75.87,2026-02-24 20:52:36+05:30,1.0,2057.0,2,0.0,0.0,16673.61,16.6736,,0.011,16.03,-16.03,0.0,75.9,0.076,1423.97,18.575,63.15,idle,0.0048,-0.0024,-0.01,1
15:22:39.214,1029.0,0,0.0,1771946557,0.007,-0.003,-0.01,1.0,75.87,2026-02-24 20:52:37+05:30,1.0,2058.0,2,0.0,0.0,16673.61,16.6736,,0.013,33.84,-13.81,0.0,75.9,0.076,1423.99,18.575,63.15,idle,0.0052,-0.0035,-0.01,1
15:22:40.214,1030.0,0,0.0,1771946558,0.003,-0.003,-0.01,1.0,75.87,2026-02-24 20:52:38+05:30,1.0,2059.0,2,0.0,0.0,16673.61,16.6736,,0.011,16.03,-16.03,0.0,75.9,0.076,1424.01,18.575,63.15,idle,0.0044,-0.0024,-0.01,1
15:22:41.215,1031.0,0,0.0,1771946559,0.003,-0.0,-0.01,1.0,75.87,2026-02-24 20:52:39+05:30,1.0,2060.0,2,0.0,0.0,16673.61,16.6736,,0.01,16.7,-0.0,0.0,75.9,0.076,1424.03,18.576,63.15,idle,0.002,-0.0005,-0.01,1
15:22:42.214,1032.0,0,0.0,1771946560,0.0,-0.0,-0.01,1.0,75.87,2026-02-24 20:52:40+05:30,1.0,2061.0,2,0.0,0.0,16673.61,16.6736,,0.01,0.0,-0.0,0.0,75.9,0.076,1424.05,18.576,63.15,idle,0.0006,0.0002,-0.01,1
15:22:43.214,1033.0,0,0.0,1771946561,0.003,-0.0,-0.01,1.0,75.87,2026-02-24 20:52:41+05:30,1.0,2062.0,2,0.0,0.0,16673.61,16.6736,,0.01,16.7,-0.0,0.0,75.9,0.076,1424.07,18.576,63.15,idle,0.0028,0.0,-0.01,1
15:22:44.214,1034.0,0,0.0,1771946562,0.007,-0.0,-0.01,1.0,75.87,2026-02-24 20:52:42+05:30,1.0,2063.0,2,0.0,0.0,16673.61,16.6736,,0.012,34.99,-0.0,0.0,75.9,0.076,1424.09,18.576,63.15,idle,0.0071,-0.0001,-0.01,1
15:22:45.215,1035.0,0,0.0,1771946563,0.01,-0.0,-0.01,1.0,75.87,2026-02-24 20:52:43+05:30,1.0,2064.0,2,0.0,0.0,16673.61,16.6736,,0.014,45.0,-0.0,0.0,75.9,0.076,1424.11,18.577,63.15,idle,0.0097,0.0,-0.01,1
15:22:46.214,1036.0,0,0.0,1771946564,0.01,-0.0,-0.01,1.0,75.87,2026-02-24 20:52:44+05:30,1.0,2065.0,2,0.0,0.0,16673.61,16.6736,,0.014,45.0,-0.0,0.0,75.9,0.076,1424.14,18.577,63.14,idle,0.0102,0.0,-0.01,1
15:22:47.214,1037.0,0,0.0,1771946565,0.01,-0.0,-0.01,1.0,75.87,2026-02-24 20:52:45+05:30,1.0,2066.0,2,0.0,0.0,16673.61,16.6736,,0.014,45.0,-0.0,0.0,75.9,0.076,1424.16,18.577,63.14,idle,0.0102,-0.0,-0.01,1
15:22:48.215,1038.0,0,0.0,1771946566,0.01,-0.0,-0.01,1.0,75.87,2026-02-24 20:52:46+05:30,1.0,2067.0,2,0.0,0.0,16673.61,16.6736,,0.014,45.0,-0.0,0.0,75.9,0.076,1424.18,18.577,63.14,idle,0.0094,0.0,-0.01,1
15:22:49.214,1039.0,0,0.0,1771946567,0.007,-0.0,-0.01,1.0,75.87,2026-02-24 20:52:47+05:30,1.0,2068.0,2,0.0,0.0,16673.61,16.6736,,0.012,34.99,-0.0,0.0,75.9,0.076,1424.2,18.578,63.14,idle,0.0075,0.0,-0.01,1
15:22:50.214,1040.0,0,0.0,1771946568,0.007,-0.0,-0.01,1.0,75.87,2026-02-24 20:52:48+05:30,1.0,2069.0,2,0.0,0.0,16673.61,16.6736,,0.012,34.99,-0.0,0.0,75.9,0.076,1424.22,18.578,63.14,idle,0.0066,-0.0,-0.01,1
15:22:51.214,1041.0,0,0.0,1771946569,0.007,-0.0,-0.01,1.0,75.87,2026-02-24 20:52:49+05:30,1.0,2070.0,2,0.0,0.0,16673.61,16.6736,,0.012,34.99,-0.0,0.0,75.9,0.076,1424.24,18.578,63.14,idle,0.0074,-0.0,-0.01,1
15:22:52.215,1042.0,0,0.0,1771946570,0.007,-0.0,-0.01,1.0,75.87,2026-02-24 20:52:50+05:30,1.0,2071.0,2,0.0,0.0,16673.61,16.6736,,0.012,34.99,-0.0,0.0,75.9,0.076,1424.26,18.579,63.14,idle,0.0067,0.0,-0.01,1
15:22:53.214,1043.0,0,0.0,1771946571,0.003,-0.0,-0.01,1.0,75.87,2026-02-24 20:52:51+05:30,1.0,2072.0,2,0.0,0.0,16673.61,16.6736,,0.01,16.7,-0.0,0.0,75.9,0.076,1424.28,18.579,63.14,idle,0.0029,-0.0,-0.01,1
15:22:54.214,1044.0,0,0.0,1771946572,0.0,-0.0,-0.01,1.0,75.87,2026-02-24 20:52:52+05:30,1.0,2073.0,2,0.0,0.0,16673.61,16.6736,,0.01,0.0,-0.0,0.0,75.9,0.076,1424.3,18.579,63.14,idle,0.0004,-0.0,-0.01,1
15:22:55.215,1045.0,0,0.0,1771946573,0.003,-0.0,-0.01,1.0,75.87,2026-02-24 20:52:53+05:30,1.0,2074.0,2,0.0,0.0,16673.61,16.6736,,0.01,16.7,-0.0,0.0,75.9,0.076,1424.33,18.579,63.14,idle,0.0029,0.0,-0.01,1
15:22:56.215,1046.0,0,0.0,1771946574,0.007,-0.0,-0.01,1.0,75.87,2026-02-24 20:52:54+05:30,1.0,2075.0,2,0.0,0.0,16673.61,16.6736,,0.012,34.99,-0.0,0.0,75.9,0.076,1424.35,18.58,63.14,idle,0.0067,0.0,-0.01,1
15:22:57.214,1047.0,0,0.0,1771946575,0.007,-0.0,-0.01,1.0,75.87,2026-02-24 20:52:55+05:30,1.0,2076.0,2,0.0,0.0,16673.61,16.6736,,0.012,34.99,-0.0,0.0,75.9,0.076,1424.37,18.58,63.14,idle,0.0074,-0.0,-0.01,1
15:22:58.214,1048.0,0,0.0,1771946576,0.007,-0.0,-0.01,1.0,75.87,2026-02-24 20:52:56+05:30,1.0,2077.0,2,0.0,0.0,16673.61,16.6736,,0.012,34.99,-0.0,0.0,75.9,0.076,1424.39,18.58,63.14,idle,0.0065,0.0,-0.01,1
15:22:59.215,1049.0,0,0.0,1771946577,0.007,-0.0,-0.01,1.0,75.87,2026-02-24 20:52:57+05:30,1.0,2078.0,2,0.0,0.0,16673.61,16.6736,,0.012,34.99,-0.0,0.0,75.9,0.076,1424.41,18.581,63.14,idle,0.0077,0.0,-0.01,1
15:23:00.214,1050.0,0,0.0,1771946578,0.01,-0.0,-0.01,1.0,75.87,2026-02-24 20:52:58+05:30,1.0,2079.0,2,0.0,0.0,16673.61,16.6736,,0.014,45.0,-0.0,0.0,75.9,0.076,1424.43,18.581,63.14,idle,0.0092,-0.0,-0.01,1
15:23:01.214,1051.0,0,0.0,1771946579,0.007,-0.0,-0.01,1.0,75.87,2026-02-24 20:52:59+05:30,1.0,2080.0,2,0.0,0.0,16673.61,16.6736,,0.012,34.99,-0.0,0.0,75.9,0.076,1424.45,18.581,63.14,idle,0.0073,0.0,-0.01,1
15:23:02.215,1052.0,0,0.0,1771946580,0.003,-0.0,-0.01,1.0,75.87,2026-02-24 20:53:00+05:30,1.0,2081.0,2,0.0,0.0,16673.61,16.6736,,0.01,16.7,-0.0,0.0,75.9,0.076,1424.47,18.581,63.14,idle,0.003,0.0,-0.01,1
15:23:03.215,1053.0,0,0.0,1771946581,0.0,-0.0,-0.01,1.0,75.86,2026-02-24 20:53:01+05:30,1.0,2082.0,2,0.0,0.0,16673.61,16.6736,,0.01,0.0,-0.0,0.0,75.9,0.076,1424.49,18.582,63.14,idle,0.0001,-0.0,-0.01,1
15:23:04.214,1054.0,0,0.0,1771946582,0.0,-0.0,-0.01,1.0,75.86,2026-02-24 20:53:02+05:30,1.0,2083.0,2,0.0,0.0,16673.61,16.6736,,0.01,0.0,-0.0,0.0,75.9,0.076,1424.51,18.582,63.14,idle,-0.0004,-0.0,-0.01,1
15:23:05.214,1055.0,0,0.0,1771946583,0.0,-0.0,-0.01,1.0,75.86,2026-02-24 20:53:03+05:30,1.0,2084.0,2,0.0,0.0,16673.61,16.6736,,0.01,0.0,-0.0,0.0,75.9,0.076,1424.54,18.582,63.14,idle,0.0007,0.0,-0.01,1
15:23:06.214,1056.0,0,0.0,1771946584,0.003,-0.0,-0.01,1.0,75.86,2026-02-24 20:53:04+05:30,1.0,2085.0,2,0.0,0.0,16673.61,16.6736,,0.01,16.7,-0.0,0.0,75.9,0.076,1424.56,18.582,63.14,idle,0.0024,-0.0,-0.01,1
15:23:07.215,1057.0,0,0.0,1771946585,0.003,-0.0,-0.01,1.0,75.86,2026-02-24 20:53:05+05:30,1.0,2086.0,2,0.0,0.0,16673.61,16.6736,,0.01,16.7,-0.0,0.0,75.9,0.076,1424.58,18.583,63.14,idle,0.0034,-0.0,-0.01,1
15:23:08.214,1058.0,0,0.0,1771946586,0.003,-0.0,-0.01,1.0,75.86,2026-02-24 20:53:06+05:30,1.0,2087.0,2,0.0,0.0,16673.61,16.6736,,0.01,16.7,-0.0,0.0,75.9,0.076,1424.6,18.583,63.14,idle,0.003,0.0,-0.01,1
15:23:09.214,1059.0,0,0.0,1771946587,0.003,-0.0,-0.01,1.0,75.86,2026-02-24 20:53:07+05:30,1.0,2088.0,2,0.0,0.0,16673.61,16.6736,,0.01,16.7,-0.0,0.0,75.9,0.076,1424.62,18.583,63.14,idle,0.0026,0.0,-0.01,1
15:23:10.214,1060.0,0,0.0,1771946588,0.003,-0.0,-0.01,1.0,75.86,2026-02-24 20:53:08+05:30,1.0,2089.0,2,0.0,0.0,16673.61,16.6736,,0.01,16.7,-0.0,0.0,75.9,0.076,1424.64,18.584,63.14,idle,0.0038,-0.0,-0.01,1
15:23:11.215,1061.0,0,0.0,1771946589,0.007,-0.0,-0.01,1.0,75.86,2026-02-24 20:53:09+05:30,1.0,2090.0,2,0.0,0.0,16673.61,16.6736,,0.012,34.99,-0.0,0.0,75.9,0.076,1424.66,18.584,63.14,idle,0.0062,0.0,-0.01,1
15:23:12.214,1062.0,0,0.0,1771946590,0.007,-0.0,-0.01,1.0,75.86,2026-02-24 20:53:10+05:30,1.0,2091.0,2,0.0,0.0,16673.61,16.6736,,0.012,34.99,-0.0,0.0,75.9,0.076,1424.68,18.584,63.14,idle,0.0074,0.0,-0.01,1
15:23:13.214,1063.0,0,0.0,1771946591,0.007,-0.0,-0.01,1.0,75.86,2026-02-24 20:53:11+05:30,1.0,2092.0,2,0.0,0.0,16673.61,16.6736,,0.012,34.99,-0.0,0.0,75.9,0.076,1424.7,18.584,63.14,idle,0.0069,-0.0,-0.01,1
15:23:14.214,1064.0,0,0.0,1771946592,0.007,-0.0,-0.01,1.0,75.86,2026-02-24 20:53:12+05:30,1.0,2093.0,2,0.0,0.0,16673.61,16.6736,,0.012,34.99,-0.0,0.0,75.9,0.076,1424.73,18.585,63.14,idle,0.0068,-0.0,-0.01,1
15:23:15.215,1065.0,0,0.0,1771946593,0.007,-0.0,-0.01,1.0,75.86,2026-02-24 20:53:13+05:30,1.0,2094.0,2,0.0,0.0,16673.61,16.6736,,0.012,34.99,-0.0,0.0,75.9,0.076,1424.75,18.585,63.14,idle,0.0075,0.0,-0.01,1
15:23:16.214,1066.0,0,0.0,1771946594,0.007,-0.0,-0.01,1.0,75.86,2026-02-24 20:53:14+05:30,1.0,2095.0,2,0.0,0.0,16673.61,16.6736,,0.012,34.99,-0.0,0.0,75.9,0.076,1424.77,18.585,63.13,idle,0.0063,-0.0,-0.01,1
15:23:17.214,1067.0,0,0.0,1771946595,0.003,-0.0,-0.01,1.0,75.86,2026-02-24 20:53:15+05:30,1.0,2096.0,2,0.0,0.0,16673.61,16.6736,,0.01,16.7,-0.0,0.0,75.9,0.076,1424.79,18.586,63.13,idle,0.0033,-0.0,-0.01,1
15:23:18.214,1068.0,0,0.0,1771946596,0.003,-0.0,-0.01,1.0,75.86,2026-02-24 20:53:16+05:30,1.0,2097.0,2,0.0,0.0,16673.61,16.6736,,0.01,16.7,-0.0,0.0,75.9,0.076,1424.81,18.586,63.13,idle,0.0032,0.0,-0.01,1
15:23:19.215,1069.0,0,0.0,1771946597,0.007,-0.0,-0.01,1.0,75.86,2026-02-24 20:53:17+05:30,1.0,2098.0,2,0.0,0.0,16673.61,16.6736,,0.012,34.99,-0.0,0.0,75.9,0.076,1424.83,18.586,63.13,idle,0.007,0.0,-0.01,1
15:23:20.215,1070.0,0,0.0,1771946598,0.01,-0.0,-0.01,1.0,75.86,2026-02-24 20:53:18+05:30,1.0,2099.0,2,0.0,0.0,16673.61,16.6736,,0.014,45.0,-0.0,0.0,75.9,0.076,1424.85,18.586,63.13,idle,0.0094,-0.0,-0.01,1
15:23:21.214,1071.0,0,0.0,1771946599,0.007,-0.0,-0.01,1.0,75.86,2026-02-24 20:53:19+05:30,1.0,2100.0,2,0.0,0.0,16673.61,16.6736,,0.012,34.99,-0.0,0.0,75.9,0.076,1424.87,18.587,63.13,idle,0.0078,0.0,-0.01,1
15:23:22.214,1072.0,0,0.0,1771946600,0.007,-0.0,-0.01,1.0,75.86,2026-02-24 20:53:20+05:30,1.0,2101.0,2,0.0,0.0,16673.61,16.6736,,0.012,34.99,-0.0,0.0,75.9,0.076,1424.89,18.587,63.13,idle,0.0063,0.0,-0.01,1
15:23:23.214,1073.0,0,0.0,1771946601,0.007,-0.0,-0.01,1.0,75.86,2026-02-24 20:53:21+05:30,1.0,2102.0,2,0.0,0.0,16673.61,16.6736,,0.012,34.99,-0.0,0.0,75.9,0.076,1424.92,18.587,63.13,idle,0.0076,-0.0,-0.01,1
15:23:24.214,1074.0,0,0.0,1771946602,0.01,-0.0,-0.01,1.0,75.86,2026-02-24 20:53:22+05:30,1.0,2103.0,2,0.0,0.0,16673.61,16.6736,,0.014,45.0,-0.0,0.0,75.9,0.076,1424.94,18.587,63.13,idle,0.0095,-0.0,-0.01,1
15:23:25.215,1075.0,0,0.0,1771946603,0.01,-0.0,-0.01,1.0,75.86,2026-02-24 20:53:23+05:30,1.0,2104.0,2,0.0,0.0,16673.61,16.6736,,0.014,45.0,-0.0,0.0,75.9,0.076,1424.96,18.588,63.13,idle,0.0101,0.0,-0.01,1
15:23:26.215,1076.0,0,0.0,1771946604,0.01,-0.0,-0.01,1.0,75.86,2026-02-24 20:53:24+05:30,1.0,2105.0,2,0.0,0.0,16673.61,16.6736,,0.014,45.0,-0.0,0.0,75.9,0.076,1424.98,18.588,63.13,idle,0.0103,-0.0,-0.01,1
15:23:27.214,1077.0,0,0.0,1771946605,0.01,-0.0,-0.01,1.0,75.86,2026-02-24 20:53:25+05:30,1.0,2106.0,2,0.0,0.0,16673.61,16.6736,,0.014,45.0,-0.0,0.0,75.9,0.076,1425.0,18.588,63.13,idle,0.0098,-0.0,-0.01,1
15:23:28.214,1078.0,0,0.0,1771946606,0.007,-0.0,-0.01,1.0,75.86,2026-02-24 20:53:26+05:30,1.0,2107.0,2,0.0,0.0,16673.61,16.6736,,0.012,34.99,-0.0,0.0,75.9,0.076,1425.02,18.589,63.13,idle,0.0069,0.0,-0.01,1
15:23:29.215,1079.0,0,0.0,1771946607,0.003,-0.0,-0.01,1.0,75.86,2026-02-24 20:53:27+05:30,1.0,2108.0,2,0.0,0.0,16673.61,16.6736,,0.01,16.7,-0.0,0.0,75.9,0.076,1425.04,18.589,63.13,idle,0.0032,0.0,-0.01,1
15:23:30.215,1080.0,0,0.0,1771946608,0.003,-0.0,-0.01,1.0,75.86,2026-02-24 20:53:28+05:30,1.0,2109.0,2,0.0,0.0,16673.61,16.6736,,0.01,16.7,-0.0,0.0,75.9,0.076,1425.06,18.589,63.13,idle,0.0031,-0.0,-0.01,1
15:23:31.215,1081.0,0,0.0,1771946609,0.007,-0.0,-0.01,1.0,75.86,2026-02-24 20:53:29+05:30,1.0,2110.0,2,0.0,0.0,16673.61,16.6736,,0.012,34.99,-0.0,0.0,75.9,0.076,1425.08,18.589,63.13,idle,0.0068,0.0,-0.01,1
15:23:32.214,1082.0,0,0.0,1771946610,0.01,-0.0,-0.01,1.0,75.86,2026-02-24 20:53:30+05:30,1.0,2111.0,2,0.0,0.0,16673.61,16.6736,,0.014,45.0,-0.0,0.0,75.9,0.076,1425.1,18.59,63.13,idle,0.0099,0.0,-0.01,1
15:23:33.214,1083.0,0,0.0,1771946611,0.01,-0.0,-0.01,1.0,75.86,2026-02-24 20:53:31+05:30,1.0,2112.0,2,0.0,0.0,16673.61,16.6736,,0.014,45.0,-0.0,0.0,75.9,0.076,1425.13,18.59,63.13,idle,0.0103,-0.0,-0.01,1
15:23:34.214,1084.0,0,0.0,1771946612,0.01,-0.0,-0.01,1.0,75.86,2026-02-24 20:53:32+05:30,1.0,2113.0,2,0.0,0.0,16673.61,16.6736,,0.014,45.0,-0.0,0.0,75.9,0.076,1425.15,18.59,63.13,idle,0.0098,0.0,-0.01,1
15:23:35.215,1085.0,0,0.0,1771946613,0.01,-0.0,-0.01,1.0,75.86,2026-02-24 20:53:33+05:30,1.0,2114.0,2,0.0,0.0,16673.61,16.6736,,0.014,45.0,-0.0,0.0,75.9,0.076,1425.17,18.591,63.13,idle,0.01,0.0,-0.01,1
15:23:36.214,1086.0,0,0.0,1771946614,0.01,-0.0,-0.01,1.0,75.86,2026-02-24 20:53:34+05:30,1.0,2115.0,2,0.0,0.0,16673.61,16.6736,,0.014,45.0,-0.0,0.0,75.9,0.076,1425.19,18.591,63.13,idle,0.0103,-0.0,-0.01,1
15:23:37.214,1087.0,0,0.0,1771946615,0.01,-0.0,-0.01,1.0,75.86,2026-02-24 20:53:35+05:30,1.0,2116.0,2,0.0,0.0,16673.61,16.6736,,0.014,45.0,-0.0,0.0,75.9,0.076,1425.21,18.591,63.13,idle,0.0095,-0.0,-0.01,1
15:23:38.214,1088.0,0,0.0,1771946616,0.007,-0.0,-0.01,1.0,75.86,2026-02-24 20:53:36+05:30,1.0,2117.0,2,0.0,0.0,16673.61,16.6736,,0.012,34.99,-0.0,0.0,75.9,0.076,1425.23,18.591,63.13,idle,0.0075,0.0,-0.01,1
15:23:39.215,1089.0,0,0.0,1771946617,0.007,-0.0,-0.01,1.0,75.86,2026-02-24 20:53:37+05:30,1.0,2118.0,2,0.0,0.0,16673.61,16.6736,,0.012,34.99,-0.0,0.0,75.9,0.076,1425.25,18.592,63.13,idle,0.0065,-0.0,-0.01,1
15:23:40.214,1090.0,0,0.0,1771946618,0.007,-0.0,-0.01,1.0,75.86,2026-02-24 20:53:38+05:30,1.0,2119.0,2,0.0,0.0,16673.61,16.6736,,0.012,34.99,-0.0,0.0,75.9,0.076,1425.27,18.592,63.13,idle,0.0077,-0.0,-0.01,1
15:23:41.214,1091.0,0,0.0,1771946619,0.01,-0.0,-0.01,1.0,75.86,2026-02-24 20:53:39+05:30,1.0,2120.0,2,0.0,0.0,16673.61,16.6736,,0.014,45.0,-0.0,0.0,75.9,0.076,1425.29,18.592,63.13,idle,0.0089,0.0,-0.01,1
15:23:42.214,1092.0,0,0.0,1771946620,0.007,-0.0,-0.01,1.0,75.86,2026-02-24 20:53:40+05:30,1.0,2121.0,2,0.0,0.0,16673.61,16.6736,,0.012,34.99,-0.0,0.0,75.9,0.076,1425.32,18.592,63.13,idle,0.0081,0.0,-0.01,1
15:23:43.215,1093.0,0,0.0,1771946621,0.007,-0.0,-0.01,1.0,75.86,2026-02-24 20:53:41+05:30,1.0,2122.0,2,0.0,0.0,16673.61,16.6736,,0.012,34.99,-0.0,0.0,75.9,0.076,1425.34,18.593,63.13,idle,0.006,-0.0,-0.01,1
15:23:44.214,1094.0,0,0.0,1771946622,0.003,-0.0,-0.01,1.0,75.86,2026-02-24 20:53:42+05:30,1.0,2123.0,2,0.0,0.0,16673.61,16.6736,,0.01,16.7,-0.0,0.0,75.9,0.076,1425.36,18.593,63.13,idle,0.0039,0.0,-0.01,1
15:23:45.214,1095.0,0,0.0,1771946623,0.003,-0.0,-0.01,1.0,75.86,2026-02-24 20:53:43+05:30,1.0,2124.0,2,0.0,0.0,16673.61,16.6736,,0.01,16.7,-0.0,0.0,75.9,0.076,1425.38,18.593,63.13,idle,0.002,0.0,-0.01,1
15:23:46.214,1096.0,0,0.0,1771946624,0.0,-0.0,-0.01,1.0,75.86,2026-02-24 20:53:44+05:30,1.0,2125.0,2,0.0,0.0,16673.61,16.6736,,0.01,0.0,-0.0,0.0,75.9,0.076,1425.4,18.594,63.13,idle,0.0011,-0.0001,-0.01,1
15:23:47.215,1097.0,0,0.0,1771946625,0.003,-0.0,-0.01,1.0,75.86,2026-02-24 20:53:45+05:30,1.0,2126.0,2,0.0,0.0,16673.61,16.6736,,0.01,16.7,-0.0,0.0,75.9,0.076,1425.42,18.594,63.12,idle,0.002,0.0,-0.01,1
15:23:48.215,1098.0,0,0.0,1771946626,0.003,-0.0,-0.01,1.0,75.86,2026-02-24 20:53:46+05:30,1.0,2127.0,2,0.0,0.0,16673.61,16.6736,,0.01,16.7,-0.0,0.0,75.9,0.076,1425.44,18.594,63.12,idle,0.0039,0.0002,-0.01,1
15:23:49.214,1099.0,0,0.0,1771946627,0.007,-0.0,-0.01,1.0,75.86,2026-02-24 20:53:47+05:30,1.0,2128.0,2,0.0,0.0,16673.61,16.6736,,0.012,34.99,-0.0,0.0,75.9,0.076,1425.46,18.594,63.12,idle,0.006,-0.0005,-0.01,1
15:23:50.214,1100.0,0,0.0,1771946628,0.007,-0.003,-0.01,1.0,75.86,2026-02-24 20:53:48+05:30,1.0,2129.0,2,0.0,0.0,16673.61,16.6736,,0.013,33.84,-13.81,0.0,75.9,0.076,1425.48,18.595,63.12,idle,0.0081,-0.0024,-0.01,1
15:23:51.214,1101.0,0,0.0,1771946629,0.01,-0.003,-0.01,1.0,75.86,2026-02-24 20:53:49+05:30,1.0,2130.0,2,0.0,0.0,16673.61,16.6736,,0.014,43.77,-11.98,0.0,75.9,0.076,1425.51,18.595,63.12,idle,0.009,-0.0035,-0.01,1
15:23:52.215,1102.0,0,0.0,1771946630,0.007,-0.003,-0.01,1.0,75.86,2026-02-24 20:53:50+05:30,1.0,2131.0,2,0.0,0.0,16673.61,16.6736,,0.013,33.84,-13.81,0.0,75.9,0.076,1425.53,18.595,63.12,idle,0.0077,-0.0024,-0.01,1
15:23:53.215,1103.0,0,0.0,1771946631,0.007,-0.0,-0.01,1.0,75.86,2026-02-24 20:53:51+05:30,1.0,2132.0,2,0.0,0.0,16673.61,16.6736,,0.012,34.99,-0.0,0.0,75.9,0.076,1425.55,18.596,63.12,idle,0.0065,-0.0005,-0.01,1
15:23:54.215,1104.0,0,0.0,1771946632,0.007,-0.0,-0.01,1.0,75.86,2026-02-24 20:53:52+05:30,1.0,2133.0,2,0.0,0.0,16673.61,16.6736,,0.012,34.99,-0.0,0.0,75.9,0.076,1425.57,18.596,63.12,idle,0.0075,0.0002,-0.01,1
15:23:55.214,1105.0,0,0.0,1771946633,0.01,-0.0,-0.01,1.0,75.86,2026-02-24 20:53:53+05:30,1.0,2134.0,2,0.0,0.0,16673.61,16.6736,,0.014,45.0,-0.0,0.0,75.9,0.076,1425.59,18.596,63.12,idle,0.0096,0.0,-0.01,1
15:23:56.215,1106.0,0,0.0,1771946634,0.01,-0.0,-0.01,1.0,75.86,2026-02-24 20:53:54+05:30,1.0,2135.0,2,0.0,0.0,16673.61,16.6736,,0.014,45.0,-0.0,0.0,75.9,0.076,1425.61,18.596,63.12,idle,0.0098,-0.0001,-0.01,1
15:23:57.215,1107.0,0,0.0,1771946635,0.007,-0.0,-0.01,1.0,75.86,2026-02-24 20:53:55+05:30,1.0,2136.0,2,0.0,0.0,16673.61,16.6736,,0.012,34.99,-0.0,0.0,75.9,0.076,1425.63,18.597,63.12,idle,0.0079,0.0,-0.01,1
15:23:58.214,1108.0,0,0.0,1771946636,0.007,-0.0,-0.01,1.0,75.86,2026-02-24 20:53:56+05:30,1.0,2137.0,2,0.0,0.0,16673.61,16.6736,,0.012,34.99,-0.0,0.0,75.9,0.076,1425.65,18.597,63.12,idle,0.0056,0.0,-0.01,1
15:23:59.214,1109.0,0,0.0,1771946637,0.003,-0.0,-0.01,1.0,75.86,2026-02-24 20:53:57+05:30,1.0,2138.0,2,0.0,0.0,16673.61,16.6736,,0.01,16.7,-0.0,0.0,75.9,0.076,1425.67,18.597,63.12,idle,0.0046,-0.0,-0.01,1
15:24:00.215,1110.0,0,0.0,1771946638,0.007,-0.0,-0.01,1.0,75.86,2026-02-24 20:53:58+05:30,1.0,2139.0,2,0.0,0.0,16673.61,16.6736,,0.012,34.99,-0.0,0.0,75.9,0.076,1425.69,18.597,63.12,idle,0.0057,0.0,-0.01,1
15:24:01.215,1111.0,0,0.0,1771946639,0.007,-0.0,-0.01,1.0,75.86,2026-02-24 20:53:59+05:30,1.0,2140.0,2,0.0,0.0,16673.61,16.6736,,0.012,34.99,-0.0,0.0,75.9,0.076,1425.72,18.598,63.12,idle,0.0078,0.0,-0.01,1
15:24:02.215,1112.0,0,0.0,1771946640,0.01,-0.0,-0.01,1.0,75.86,2026-02-24 20:54:00+05:30,1.0,2141.0,2,0.0,0.0,16673.61,16.6736,,0.014,45.0,-0.0,0.0,75.9,0.076,1425.74,18.598,63.12,idle,0.0096,-0.0,-0.01,1
15:24:03.214,1113.0,0,0.0,1771946641,0.01,-0.0,-0.01,1.0,75.86,2026-02-24 20:54:01+05:30,1.0,2142.0,2,0.0,0.0,16673.61,16.6736,,0.014,45.0,-0.0,0.0,75.9,0.076,1425.76,18.598,63.12,idle,0.0102,-0.0,-0.01,1
15:24:04.214,1114.0,0,0.0,1771946642,0.01,-0.0,-0.01,1.0,75.86,2026-02-24 20:54:02+05:30,1.0,2143.0,2,0.0,0.0,16673.61,16.6736,,0.014,45.0,-0.0,0.0,75.9,0.076,1425.78,18.599,63.12,idle,0.0096,0.0,-0.01,1
15:24:05.215,1115.0,0,0.0,1771946643,0.007,-0.0,-0.01,1.0,75.86,2026-02-24 20:54:03+05:30,1.0,2144.0,2,0.0,0.0,16673.61,16.6736,,0.012,34.99,-0.0,0.0,75.9,0.076,1425.8,18.599,63.12,idle,0.0079,-0.0,-0.01,1
15:24:06.215,1116.0,0,0.0,1771946644,0.007,-0.0,-0.01,1.0,75.86,2026-02-24 20:54:04+05:30,1.0,2145.0,2,0.0,0.0,16673.61,16.6736,,0.012,34.99,-0.0,0.0,75.9,0.076,1425.82,18.599,63.12,idle,0.0056,-0.0,-0.01,1
15:24:07.214,1117.0,0,0.0,1771946645,0.003,-0.0,-0.01,1.0,75.86,2026-02-24 20:54:05+05:30,1.0,2146.0,2,0.0,0.0,16673.61,16.6736,,0.01,16.7,-0.0,0.0,75.9,0.076,1425.84,18.599,63.12,idle,0.0046,0.0,-0.01,1
15:24:08.214,1118.0,0,0.0,1771946646,0.007,-0.0,-0.01,1.0,75.86,2026-02-24 20:54:06+05:30,1.0,2147.0,2,0.0,0.0,16673.61,16.6736,,0.012,34.99,-0.0,0.0,75.9,0.076,1425.86,18.6,63.12,idle,0.0058,0.0,-0.01,1
15:24:09.215,1119.0,0,0.0,1771946647,0.007,-0.0,-0.01,1.0,75.86,2026-02-24 20:54:07+05:30,1.0,2148.0,2,0.0,0.0,16673.61,16.6736,,0.012,34.99,-0.0,0.0,75.9,0.076,1425.88,18.6,63.12,idle,0.0073,-0.0,-0.01,1
15:24:10.214,1120.0,0,0.0,1771946648,0.007,-0.0,-0.01,1.0,75.86,2026-02-24 20:54:08+05:30,1.0,2149.0,2,0.0,0.0,16673.61,16.6736,,0.012,34.99,-0.0,0.0,75.9,0.076,1425.91,18.6,63.12,idle,0.0075,0.0,-0.01,1
15:24:11.214,1121.0,0,0.0,1771946649,0.007,-0.0,-0.01,1.0,75.86,2026-02-24 20:54:09+05:30,1.0,2150.0,2,0.0,0.0,16673.61,16.6736,,0.012,34.99,-0.0,0.0,75.9,0.076,1425.93,18.601,63.12,idle,0.0061,0.0,-0.01,1
15:24:12.214,1122.0,0,0.0,1771946650,0.003,-0.0,-0.01,1.0,75.86,2026-02-24 20:54:10+05:30,1.0,2151.0,2,0.0,0.0,16673.61,16.6736,,0.01,16.7,-0.0,0.0,75.9,0.076,1425.95,18.601,63.12,idle,0.0039,-0.0,-0.01,1
15:24:13.215,1123.0,0,0.0,1771946651,0.003,-0.0,-0.01,1.0,75.86,2026-02-24 20:54:11+05:30,1.0,2152.0,2,0.0,0.0,16673.61,16.6736,,0.01,16.7,-0.0,0.0,75.9,0.076,1425.97,18.601,63.12,idle,0.0023,0.0,-0.01,1
15:24:14.215,1124.0,0,0.0,1771946652,0.003,-0.0,-0.01,1.0,75.86,2026-02-24 20:54:12+05:30,1.0,2153.0,2,0.0,0.0,16673.61,16.6736,,0.01,16.7,-0.0,0.0,75.9,0.076,1425.99,18.601,63.12,idle,0.0035,0.0,-0.01,1
15:24:15.214,1125.0,0,0.0,1771946653,0.007,-0.0,-0.01,1.0,75.86,2026-02-24 20:54:13+05:30,1.0,2154.0,2,0.0,0.0,16673.61,16.6736,,0.012,34.99,-0.0,0.0,75.9,0.076,1426.01,18.602,63.12,idle,0.0069,-0.0,-0.01,1
15:24:16.215,1126.0,0,0.0,1771946654,0.01,-0.0,-0.01,1.0,75.86,2026-02-24 20:54:14+05:30,1.0,2155.0,2,0.0,0.0,16673.61,16.6736,,0.014,45.0,-0.0,0.0,75.9,0.076,1426.03,18.602,63.12,idle,0.0097,-0.0,-0.01,1
15:24:17.215,1127.0,0,0.0,1771946655,0.01,-0.0,-0.01,1.0,75.86,2026-02-24 20:54:15+05:30,1.0,2156.0,2,0.0,0.0,16673.61,16.6736,,0.014,45.0,-0.0,0.0,75.9,0.076,1426.05,18.602,63.12,idle,0.0103,0.0,-0.01,1
15:24:18.214,1128.0,0,0.0,1771946656,0.01,-0.0,-0.01,1.0,75.86,2026-02-24 20:54:16+05:30,1.0,2157.0,2,0.0,0.0,16673.61,16.6736,,0.014,45.0,-0.0,0.0,75.9,0.076,1426.07,18.602,63.11,idle,0.0099,-0.0,-0.01,1
15:24:19.214,1129.0,0,0.0,1771946657,0.01,-0.0,-0.01,1.0,75.86,2026-02-24 20:54:17+05:30,1.0,2158.0,2,0.0,0.0,16673.61,16.6736,,0.014,45.0,-0.0,0.0,75.9,0.076,1426.1,18.603,63.11,idle,0.01,-0.0,-0.01,1
15:24:20.215,1130.0,0,0.0,1771946658,0.01,-0.0,-0.01,1.0,75.86,2026-02-24 20:54:18+05:30,1.0,2159.0,2,0.0,0.0,16673.61,16.6736,,0.014,45.0,-0.0,0.0,75.9,0.076,1426.12,18.603,63.11,idle,0.0101,0.0,-0.01,1
15:24:21.215,1131.0,0,0.0,1771946659,0.01,-0.0,-0.01,1.0,75.86,2026-02-24 20:54:19+05:30,1.0,2160.0,2,0.0,0.0,16673.61,16.6736,,0.014,45.0,-0.0,0.0,75.9,0.076,1426.14,18.603,63.11,idle,0.0099,0.0,-0.01,1
15:24:22.214,1132.0,0,0.0,1771946660,0.01,-0.0,-0.01,1.0,75.86,2026-02-24 20:54:20+05:30,1.0,2161.0,2,0.0,0.0,16673.61,16.6736,,0.014,45.0,-0.0,0.0,75.9,0.076,1426.16,18.604,63.11,idle,0.01,-0.0,-0.01,1
15:24:23.214,1133.0,0,0.0,1771946661,0.01,-0.0,-0.01,1.0,75.86,2026-02-24 20:54:21+05:30,1.0,2162.0,2,0.0,0.0,16673.61,16.6736,,0.014,45.0,-0.0,0.0,75.9,0.076,1426.18,18.604,63.11,idle,0.0103,0.0,-0.01,1
15:24:24.215,1134.0,0,0.0,1771946662,0.01,-0.0,-0.01,1.0,75.86,2026-02-24 20:54:22+05:30,1.0,2163.0,2,0.0,0.0,16673.61,16.6736,,0.014,45.0,-0.0,0.0,75.9,0.076,1426.2,18.604,63.11,idle,0.0094,0.0,-0.01,1
15:24:25.215,1135.0,0,0.0,1771946663,0.007,-0.0,-0.01,1.0,75.86,2026-02-24 20:54:23+05:30,1.0,2164.0,2,0.0,0.0,16673.61,16.6736,,0.012,34.99,-0.0,0.0,75.9,0.076,1426.22,18.604,63.11,idle,0.0076,-0.0,-0.01,1
15:24:26.215,1136.0,0,0.0,1771946664,0.007,-0.0,-0.01,1.0,75.86,2026-02-24 20:54:24+05:30,1.0,2165.0,2,0.0,0.0,16673.61,16.6736,,0.012,34.99,-0.0,0.0,75.9,0.076,1426.24,18.605,63.11,idle,0.0067,0.0,-0.01,1
15:24:27.214,1137.0,0,0.0,1771946665,0.007,-0.0,-0.01,1.0,75.86,2026-02-24 20:54:25+05:30,1.0,2166.0,2,0.0,0.0,16673.61,16.6736,,0.012,34.99,-0.0,0.0,75.9,0.076,1426.26,18.605,63.11,idle,0.0071,0.0,-0.01,1
15:24:28.214,1138.0,0,0.0,1771946666,0.007,-0.0,-0.01,1.0,75.86,2026-02-24 20:54:26+05:30,1.0,2167.0,2,0.0,0.0,16673.61,16.6736,,0.012,34.99,-0.0,0.0,75.9,0.076,1426.28,18.605,63.11,idle,0.0071,-0.0,-0.01,1
15:24:29.214,1139.0,0,0.0,1771946667,0.007,-0.0,-0.01,1.0,75.86,2026-02-24 20:54:27+05:30,1.0,2168.0,2,0.0,0.0,16673.61,16.6736,,0.012,34.99,-0.0,0.0,75.9,0.076,1426.31,18.606,63.11,idle,0.0067,-0.0,-0.01,1
15:24:30.214,1140.0,0,0.0,1771946668,0.007,-0.0,-0.01,1.0,75.86,2026-02-24 20:54:28+05:30,1.0,2169.0,2,0.0,0.0,16673.61,16.6736,,0.012,34.99,-0.0,0.0,75.9,0.076,1426.33,18.606,63.11,idle,0.0076,0.0,-0.01,1
15:24:31.215,1141.0,0,0.0,1771946669,0.01,-0.0,-0.01,1.0,75.86,2026-02-24 20:54:29+05:30,1.0,2170.0,2,0.0,0.0,16673.61,16.6736,,0.014,45.0,-0.0,0.0,75.9,0.076,1426.35,18.606,63.11,idle,0.0094,-0.0,-0.01,1
15:24:32.215,1142.0,0,0.0,1771946670,0.01,-0.0,-0.01,1.0,75.86,2026-02-24 20:54:30+05:30,1.0,2171.0,2,0.0,0.0,16673.61,16.6736,,0.014,45.0,-0.0,0.0,75.9,0.076,1426.37,18.606,63.11,idle,0.0103,-0.0,-0.01,1
15:24:33.214,1143.0,0,0.0,1771946671,0.01,-0.0,-0.01,1.0,75.86,2026-02-24 20:54:31+05:30,1.0,2172.0,2,0.0,0.0,16673.61,16.6736,,0.014,45.0,-0.0,0.0,75.9,0.076,1426.39,18.607,63.11,idle,0.01,0.0,-0.01,1
15:24:34.214,1144.0,0,0.0,1771946672,0.01,-0.0,-0.01,1.0,75.86,2026-02-24 20:54:32+05:30,1.0,2173.0,2,0.0,0.0,16673.61,16.6736,,0.014,45.0,-0.0,0.0,75.9,0.076,1426.41,18.607,63.11,idle,0.0099,0.0,-0.01,1
15:24:35.214,1145.0,0,0.0,1771946673,0.01,-0.0,-0.01,1.0,75.86,2026-02-24 20:54:33+05:30,1.0,2174.0,2,0.0,0.0,16673.61,16.6736,,0.014,45.0,-0.0,0.0,75.9,0.076,1426.43,18.607,63.11,idle,0.01,-0.0,-0.01,1
15:24:36.215,1146.0,0,0.0,1771946674,0.01,-0.0,-0.01,1.0,75.86,2026-02-24 20:54:34+05:30,1.0,2175.0,2,0.0,0.0,16673.61,16.6736,,0.014,45.0,-0.0,0.0,75.9,0.076,1426.45,18.607,63.11,idle,0.0101,0.0,-0.01,1
15:24:37.215,1147.0,0,0.0,1771946675,0.01,-0.0,-0.01,1.0,75.86,2026-02-24 20:54:35+05:30,1.0,2176.0,2,0.0,0.0,16673.61,16.6736,,0.014,45.0,-0.0,0.0,75.9,0.076,1426.47,18.608,63.11,idle,0.0099,0.0,-0.01,1
15:24:38.215,1148.0,0,0.0,1771946676,0.01,-0.0,-0.01,1.0,75.86,2026-02-24 20:54:36+05:30,1.0,2177.0,2,0.0,0.0,16673.61,16.6736,,0.014,45.0,-0.0,0.0,75.9,0.076,1426.5,18.608,63.11,idle,0.01,-0.0,-0.01,1
15:24:39.215,1149.0,0,0.0,1771946677,0.01,-0.0,-0.01,1.0,75.86,2026-02-24 20:54:37+05:30,1.0,2178.0,2,0.0,0.0,16673.61,16.6736,,0.014,45.0,-0.0,0.0,75.9,0.076,1426.52,18.608,63.11,idle,0.0103,-0.0,-0.01,1
15:24:40.215,1150.0,0,0.0,1771946678,0.01,-0.0,-0.01,1.0,75.86,2026-02-24 20:54:38+05:30,1.0,2179.0,2,0.0,0.0,16673.61,16.6736,,0.014,45.0,-0.0,0.0,75.9,0.076,1426.54,18.609,63.11,idle,0.0095,0.0,-0.01,1
15:24:41.214,1151.0,0,0.0,1771946679,0.007,-0.0,-0.01,1.0,75.86,2026-02-24 20:54:39+05:30,1.0,2180.0,2,0.0,0.0,16673.61,16.6736,,0.012,34.99,-0.0,0.0,75.9,0.076,1426.56,18.609,63.11,idle,0.0076,-0.0,-0.01,1
15:24:42.214,1152.0,0,0.0,1771946680,0.007,-0.0,-0.01,1.0,75.86,2026-02-24 20:54:40+05:30,1.0,2181.0,2,0.0,0.0,16673.61,16.6736,,0.012,34.99,-0.0,0.0,75.9,0.076,1426.58,18.609,63.11,idle,0.0065,-0.0,-0.01,1
15:24:43.215,1153.0,0,0.0,1771946681,0.007,-0.0,-0.01,1.0,75.86,2026-02-24 20:54:41+05:30,1.0,2182.0,2,0.0,0.0,16673.61,16.6736,,0.012,34.99,-0.0,0.0,75.9,0.076,1426.6,18.609,63.11,idle,0.0076,0.0,-0.01,1
15:24:44.215,1154.0,0,0.0,1771946682,0.01,-0.0,-0.01,1.0,75.86,2026-02-24 20:54:42+05:30,1.0,2183.0,2,0.0,0.0,16673.61,16.6736,,0.014,45.0,-0.0,0.0,75.9,0.076,1426.62,18.61,63.11,idle,0.0095,-0.0,-0.01,1
15:24:45.215,1155.0,0,0.0,1771946683,0.01,-0.0,-0.01,1.0,75.86,2026-02-24 20:54:43+05:30,1.0,2184.0,2,0.0,0.0,16673.61,16.6736,,0.014,45.0,-0.0,0.0,75.9,0.076,1426.64,18.61,63.11,idle,0.0102,-0.0,-0.01,1
15:24:46.215,1156.0,0,0.0,1771946684,0.01,-0.0,-0.01,1.0,75.86,2026-02-24 20:54:44+05:30,1.0,2185.0,2,0.0,0.0,16673.61,16.6736,,0.014,45.0,-0.0,0.0,75.9,0.076,1426.66,18.61,63.11,idle,0.01,0.0,-0.01,1
15:24:47.214,1157.0,0,0.0,1771946685,0.01,-0.0,-0.01,1.0,75.86,2026-02-24 20:54:45+05:30,1.0,2186.0,2,0.0,0.0,16673.61,16.6736,,0.014,45.0,-0.0,0.0,75.9,0.076,1426.69,18.611,63.11,idle,0.0099,0.0,-0.01,1
15:24:48.214,1158.0,0,0.0,1771946686,0.01,-0.0,-0.01,1.0,75.86,2026-02-24 20:54:46+05:30,1.0,2187.0,2,0.0,0.0,16673.61,16.6736,,0.014,45.0,-0.0,0.0,75.9,0.076,1426.71,18.611,63.1,idle,0.01,-0.0,-0.01,1
15:24:49.215,1159.0,0,0.0,1771946687,0.01,-0.0,-0.01,1.0,75.86,2026-02-24 20:54:47+05:30,1.0,2188.0,2,0.0,0.0,16673.61,16.6736,,0.014,45.0,-0.0,0.0,75.9,0.076,1426.73,18.611,63.1,idle,0.01,0.0,-0.01,1
15:24:50.215,1160.0,0,0.0,1771946688,0.01,-0.0,-0.01,1.0,75.86,2026-02-24 20:54:48+05:30,1.0,2189.0,2,0.0,0.0,16673.61,16.6736,,0.014,45.0,-0.0,0.0,75.9,0.076,1426.75,18.611,63.1,idle,0.01,0.0,-0.01,1
15:24:51.215,1161.0,0,0.0,1771946689,0.01,-0.0,-0.01,1.0,75.86,2026-02-24 20:54:49+05:30,1.0,2190.0,2,0.0,0.0,16673.61,16.6736,,0.014,45.0,-0.0,0.0,75.9,0.076,1426.77,18.612,63.1,idle,0.01,-0.0,-0.01,1
15:24:52.215,1162.0,0,0.0,1771946690,0.01,-0.0,-0.01,1.0,75.86,2026-02-24 20:54:50+05:30,1.0,2191.0,2,0.0,0.0,16673.61,16.6736,,0.014,45.0,-0.0,0.0,75.9,0.076,1426.79,18.612,63.1,idle,0.01,0.0,-0.01,1
15:24:53.215,1163.0,0,0.0,1771946691,0.01,-0.0,-0.01,1.0,75.86,2026-02-24 20:54:51+05:30,1.0,2192.0,2,0.0,0.0,16673.61,16.6736,,0.014,45.0,-0.0,0.0,75.9,0.076,1426.81,18.612,63.1,idle,0.01,0.0,-0.01,1
15:24:54.214,1164.0,0,0.0,1771946692,0.01,-0.0,-0.01,1.0,75.86,2026-02-24 20:54:52+05:30,1.0,2193.0,2,0.0,0.0,16673.61,16.6736,,0.014,45.0,-0.0,0.0,75.9,0.076,1426.83,18.612,63.1,idle,0.01,-0.0,-0.01,1
15:24:55.214,1165.0,0,0.0,1771946693,0.01,-0.0,-0.01,1.0,75.86,2026-02-24 20:54:53+05:30,1.0,2194.0,2,0.0,0.0,16673.61,16.6736,,0.014,45.0,-0.0,0.0,75.9,0.076,1426.85,18.613,63.1,idle,0.01,0.0,-0.01,1
15:24:56.214,1166.0,0,0.0,1771946694,0.01,-0.0,-0.01,1.0,75.86,2026-02-24 20:54:54+05:30,1.0,2195.0,2,0.0,0.0,16673.61,16.6736,,0.014,45.0,-0.0,0.0,75.9,0.076,1426.88,18.613,63.1,idle,0.01,0.0,-0.01,1
15:24:57.214,1167.0,0,0.0,1771946695,0.01,-0.0,-0.01,1.0,75.86,2026-02-24 20:54:55+05:30,1.0,2196.0,2,0.0,0.0,16673.61,16.6736,,0.014,45.0,-0.0,0.0,75.9,0.076,1426.9,18.613,63.1,idle,0.01,-0.0,-0.01,1
15:24:58.215,1168.0,0,0.0,1771946696,0.01,-0.0,-0.01,1.0,75.86,2026-02-24 20:54:56+05:30,1.0,2197.0,2,0.0,0.0,16673.61,16.6736,,0.014,45.0,-0.0,0.0,75.9,0.076,1426.92,18.614,63.1,idle,0.01,-0.0,-0.01,1
15:24:59.215,1169.0,0,0.0,1771946697,0.01,-0.0,-0.01,1.0,75.86,2026-02-24 20:54:57+05:30,1.0,2198.0,2,0.0,0.0,16673.61,16.6736,,0.014,45.0,-0.0,0.0,75.9,0.076,1426.94,18.614,63.1,idle,0.01,0.0,-0.01,1
15:25:00.215,1170.0,0,0.0,1771946698,0.01,-0.0,-0.01,1.0,75.86,2026-02-24 20:54:58+05:30,1.0,2199.0,2,0.0,0.0,16673.61,16.6736,,0.014,45.0,-0.0,0.0,75.9,0.076,1426.96,18.614,63.1,idle,0.01,-0.0,-0.01,1
15:25:01.214,1171.0,0,0.0,1771946699,0.01,-0.0,-0.01,1.0,75.86,2026-02-24 20:54:59+05:30,1.0,2200.0,2,0.0,0.0,16673.61,16.6736,,0.014,45.0,-0.0,0.0,75.9,0.076,1426.98,18.614,63.1,idle,0.0099,-0.0,-0.01,1
15:25:02.214,1172.0,0,0.0,1771946700,0.01,-0.0,-0.01,1.0,75.86,2026-02-24 20:55:00+05:30,1.0,2201.0,2,0.0,0.0,16673.61,16.6736,,0.014,45.0,-0.0,0.0,75.9,0.076,1427.0,18.615,63.1,idle,0.01,0.0,-0.01,1
15:25:03.214,1173.0,0,0.0,1771946701,0.01,-0.0,-0.01,1.0,75.86,2026-02-24 20:55:01+05:30,1.0,2202.0,2,0.0,0.0,16673.61,16.6736,,0.014,45.0,-0.0,0.0,75.9,0.076,1427.02,18.615,63.1,idle,0.0102,-0.0,-0.01,1
15:25:04.215,1174.0,0,0.0,1771946702,0.01,-0.0,-0.01,1.0,75.86,2026-02-24 20:55:02+05:30,1.0,2203.0,2,0.0,0.0,16673.61,16.6736,,0.014,45.0,-0.0,0.0,75.9,0.076,1427.04,18.615,63.1,idle,0.0095,-0.0,-0.01,1
15:25:05.215,1175.0,0,0.0,1771946703,0.007,-0.0,-0.01,1.0,75.86,2026-02-24 20:55:03+05:30,1.0,2204.0,2,0.0,0.0,16673.61,16.6736,,0.012,34.99,-0.0,0.0,75.9,0.076,1427.06,18.616,63.1,idle,0.0076,0.0,-0.01,1
15:25:06.215,1176.0,0,0.0,1771946704,0.007,-0.0,-0.01,1.0,75.86,2026-02-24 20:55:04+05:30,1.0,2205.0,2,0.0,0.0,16673.61,16.6736,,0.012,34.99,-0.0,0.0,75.9,0.076,1427.09,18.616,63.1,idle,0.0065,0.0,-0.01,1
15:25:07.215,1177.0,0,0.0,1771946705,0.007,-0.0,-0.01,1.0,75.86,2026-02-24 20:55:05+05:30,1.0,2206.0,2,0.0,0.0,16673.61,16.6736,,0.012,34.99,-0.0,0.0,75.9,0.076,1427.11,18.616,63.1,idle,0.0075,-0.0,-0.01,1
15:25:08.215,1178.0,0,0.0,1771946706,0.01,-0.0,-0.01,1.0,75.86,2026-02-24 20:55:06+05:30,1.0,2207.0,2,0.0,0.0,16673.61,16.6736,,0.014,45.0,-0.0,0.0,75.9,0.076,1427.13,18.616,63.1,idle,0.0095,0.0,-0.01,1
15:25:09.215,1179.0,0,0.0,1771946707,0.01,-0.0,-0.01,1.0,75.86,2026-02-24 20:55:07+05:30,1.0,2208.0,2,0.0,0.0,16673.61,16.6736,,0.014,45.0,-0.0,0.0,75.9,0.076,1427.15,18.617,63.1,idle,0.0105,0.0,-0.01,1
15:25:10.215,1180.0,0,0.0,1771946708,0.01,-0.0,-0.01,1.0,75.86,2026-02-24 20:55:08+05:30,1.0,2209.0,2,0.0,0.0,16673.61,16.6736,,0.014,45.0,-0.0,0.0,75.9,0.076,1427.17,18.617,63.1,idle,0.0095,-0.0,-0.01,1
15:25:11.214,1181.0,0,0.0,1771946709,0.007,-0.0,-0.01,1.0,75.86,2026-02-24 20:55:09+05:30,1.0,2210.0,2,0.0,0.0,16673.61,16.6736,,0.012,34.99,-0.0,0.0,75.9,0.076,1427.19,18.617,63.1,idle,0.0075,-0.0,-0.01,1
15:25:12.214,1182.0,0,0.0,1771946710,0.007,-0.0,-0.01,1.0,75.86,2026-02-24 20:55:10+05:30,1.0,2211.0,2,0.0,0.0,16673.61,16.6736,,0.012,34.99,-0.0,0.0,75.9,0.076,1427.21,18.617,63.1,idle,0.0065,0.0,-0.01,1
15:25:13.214,1183.0,0,0.0,1771946711,0.007,-0.0,-0.01,1.0,75.86,2026-02-24 20:55:11+05:30,1.0,2212.0,2,0.0,0.0,16673.61,16.6736,,0.012,34.99,-0.0,0.0,75.9,0.076,1427.23,18.618,63.1,idle,0.0076,-0.0,-0.01,1
15:25:14.215,1184.0,0,0.0,1771946712,0.01,-0.0,-0.01,1.0,75.86,2026-02-24 20:55:12+05:30,1.0,2213.0,2,0.0,0.0,16673.61,16.6736,,0.014,45.0,-0.0,0.0,75.9,0.076,1427.25,18.618,63.1,idle,0.0095,-0.0,-0.01,1
15:25:15.215,1185.0,0,0.0,1771946713,0.01,-0.0,-0.01,1.0,75.86,2026-02-24 20:55:13+05:30,1.0,2214.0,2,0.0,0.0,16673.61,16.6736,,0.014,45.0,-0.0,0.0,75.9,0.076,1427.28,18.618,63.1,idle,0.0102,0.0,-0.01,1
15:25:16.215,1186.0,0,0.0,1771946714,0.01,-0.0,-0.01,1.0,75.86,2026-02-24 20:55:14+05:30,1.0,2215.0,2,0.0,0.0,16673.61,16.6736,,0.014,45.0,-0.0,0.0,75.9,0.076,1427.3,18.619,63.1,idle,0.0101,-0.0,-0.01,1
15:25:17.215,1187.0,0,0.0,1771946715,0.01,-0.0,-0.01,1.0,75.86,2026-02-24 20:55:15+05:30,1.0,2216.0,2,0.0,0.0,16673.61,16.6736,,0.014,45.0,-0.0,0.0,75.9,0.076,1427.32,18.619,63.1,idle,0.0099,-0.0,-0.01,1
15:25:18.215,1188.0,0,0.0,1771946716,0.01,-0.0,-0.01,1.0,75.86,2026-02-24 20:55:16+05:30,1.0,2217.0,2,0.0,0.0,16673.61,16.6736,,0.014,45.0,-0.0,0.0,75.9,0.076,1427.34,18.619,63.1,idle,0.0099,0.0,-0.01,1
15:25:19.215,1189.0,0,0.0,1771946717,0.01,-0.0,-0.01,1.0,75.86,2026-02-24 20:55:17+05:30,1.0,2218.0,2,0.0,0.0,16673.61,16.6736,,0.014,45.0,-0.0,0.0,75.9,0.076,1427.36,18.619,63.09,idle,0.0103,0.0,-0.01,1
15:25:20.215,1190.0,0,0.0,1771946718,0.01,-0.0,-0.01,1.0,75.86,2026-02-24 20:55:18+05:30,1.0,2219.0,2,0.0,0.0,16673.61,16.6736,,0.014,45.0,-0.0,0.0,75.9,0.076,1427.38,18.62,63.09,idle,0.0099,-0.0,-0.01,1
15:25:21.215,1191.0,0,0.0,1771946719,0.007,-0.0,-0.01,1.0,75.86,2026-02-24 20:55:19+05:30,1.0,2220.0,2,0.0,0.0,16673.61,16.6736,,0.012,34.99,-0.0,0.0,75.9,0.076,1427.4,18.62,63.09,idle,0.0069,0.0,-0.01,1
15:25:22.216,1192.0,0,0.0,1771946720,0.003,-0.0,-0.01,1.0,75.86,2026-02-24 20:55:20+05:30,1.0,2221.0,2,0.0,0.0,16673.61,16.6736,,0.01,16.7,-0.0,0.0,75.9,0.076,1427.42,18.62,63.09,idle,0.0031,0.0,-0.01,1
15:25:23.216,1193.0,0,0.0,1771946721,0.003,-0.0,-0.01,1.0,75.86,2026-02-24 20:55:21+05:30,1.0,2222.0,2,0.0,0.0,16673.61,16.6736,,0.01,16.7,-0.0,0.0,75.9,0.076,1427.44,18.621,63.09,idle,0.0032,-0.0,-0.01,1
15:25:24.216,1194.0,0,0.0,1771946722,0.007,-0.0,-0.01,1.0,75.86,2026-02-24 20:55:22+05:30,1.0,2223.0,2,0.0,0.0,16673.61,16.6736,,0.012,34.99,-0.0,0.0,75.9,0.076,1427.47,18.621,63.09,idle,0.007,-0.0,-0.01,1
15:25:25.216,1195.0,0,0.0,1771946723,0.01,-0.0,-0.01,1.0,75.86,2026-02-24 20:55:23+05:30,1.0,2224.0,2,0.0,0.0,16673.61,16.6736,,0.014,45.0,-0.0,0.0,75.9,0.076,1427.49,18.621,63.09,idle,0.0094,0.0,-0.01,1
15:25:26.216,1196.0,0,0.0,1771946724,0.007,-0.0,-0.01,1.0,75.86,2026-02-24 20:55:24+05:30,1.0,2225.0,2,0.0,0.0,16673.61,16.6736,,0.012,34.99,-0.0,0.0,75.9,0.076,1427.51,18.621,63.09,idle,0.0082,-0.0,-0.01,1
15:25:27.216,1197.0,0,0.0,1771946725,0.007,-0.0,-0.01,1.0,75.86,2026-02-24 20:55:25+05:30,1.0,2226.0,2,0.0,0.0,16673.61,16.6736,,0.012,34.99,-0.0,0.0,75.9,0.076,1427.53,18.622,63.09,idle,0.0056,-0.0,-0.01,1
15:25:28.216,1198.0,0,0.0,1771946726,0.003,-0.0,-0.01,1.0,75.86,2026-02-24 20:55:26+05:30,1.0,2227.0,2,0.0,0.0,16673.61,16.6736,,0.01,16.7,-0.0,0.0,75.9,0.076,1427.55,18.622,63.09,idle,0.0044,0.0,-0.01,1
15:25:29.216,1199.0,0,0.0,1771946727,0.007,-0.0,-0.01,1.0,75.86,2026-02-24 20:55:27+05:30,1.0,2228.0,2,0.0,0.0,16673.61,16.6736,,0.012,34.99,-0.0,0.0,75.9,0.076,1427.57,18.622,63.09,idle,0.0057,-0.0,-0.01,1
15:25:30.217,1200.0,0,0.0,1771946728,0.007,-0.0,-0.01,1.0,75.86,2026-02-24 20:55:28+05:30,1.0,2229.0,2,0.0,0.0,16673.61,16.6736,,0.012,34.99,-0.0,0.0,75.9,0.076,1427.59,18.622,63.09,idle,0.0081,-0.0,-0.01,1
15:25:31.217,1201.0,0,0.0,1771946729,0.01,-0.0,-0.01,1.0,75.86,2026-02-24 20:55:29+05:30,1.0,2230.0,2,0.0,0.0,16673.61,16.6736,,0.014,45.0,-0.0,0.0,75.9,0.076,1427.61,18.623,63.09,idle,0.0091,0.0,-0.01,1
15:25:32.217,1202.0,0,0.0,1771946730,0.007,-0.0,-0.01,1.0,75.86,2026-02-24 20:55:30+05:30,1.0,2231.0,2,0.0,0.0,16673.61,16.6736,,0.012,34.99,-0.0,0.0,75.9,0.076,1427.63,18.623,63.09,idle,0.0076,0.0,-0.01,1
15:25:33.217,1203.0,0,0.0,1771946731,0.007,-0.0,-0.01,1.0,75.86,2026-02-24 20:55:31+05:30,1.0,2232.0,2,0.0,0.0,16673.61,16.6736,,0.012,34.99,-0.0,0.0,75.9,0.076,1427.65,18.623,63.09,idle,0.0065,-0.0,-0.01,1
15:25:34.217,1204.0,0,0.0,1771946732,0.007,-0.0,-0.01,1.0,75.86,2026-02-24 20:55:32+05:30,1.0,2233.0,2,0.0,0.0,16673.61,16.6736,,0.012,34.99,-0.0,0.0,75.9,0.076,1427.68,18.624,63.09,idle,0.0078,0.0,-0.01,1
15:25:35.217,1205.0,0,0.0,1771946733,0.01,-0.0,-0.01,1.0,75.86,2026-02-24 20:55:33+05:30,1.0,2234.0,2,0.0,0.0,16673.61,16.6736,,0.014,45.0,-0.0,0.0,75.9,0.076,1427.7,18.624,63.09,idle,0.009,0.0,-0.01,1
15:25:36.217,1206.0,0,0.0,1771946734,0.007,-0.0,-0.01,1.0,75.86,2026-02-24 20:55:34+05:30,1.0,2235.0,2,0.0,0.0,16673.61,16.6736,,0.012,34.99,-0.0,0.0,75.9,0.076,1427.72,18.624,63.09,idle,0.0078,-0.0,-0.01,1
15:25:37.217,1207.0,0,0.0,1771946735,0.007,-0.0,-0.01,1.0,75.86,2026-02-24 20:55:35+05:30,1.0,2236.0,2,0.0,0.0,16673.61,16.6736,,0.012,34.99,-0.0,0.0,75.9,0.076,1427.74,18.624,63.09,idle,0.0064,-0.0,-0.01,1
15:25:38.217,1208.0,0,0.0,1771946736,0.007,-0.0,-0.01,1.0,75.86,2026-02-24 20:55:36+05:30,1.0,2237.0,2,0.0,0.0,16673.61,16.6736,,0.012,34.99,-0.0,0.0,75.9,0.076,1427.76,18.625,63.09,idle,0.0075,0.0,-0.01,1
15:25:39.217,1209.0,0,0.0,1771946737,0.01,-0.0,-0.01,1.0,75.86,2026-02-24 20:55:37+05:30,1.0,2238.0,2,0.0,0.0,16673.61,16.6736,,0.014,45.0,-0.0,0.0,75.9,0.076,1427.78,18.625,63.09,idle,0.0096,-0.0,-0.01,1
15:25:40.217,1210.0,0,0.0,1771946738,0.01,-0.0,-0.01,1.0,75.86,2026-02-24 20:55:38+05:30,1.0,2239.0,2,0.0,0.0,16673.61,16.6736,,0.014,45.0,-0.0,0.0,75.9,0.076,1427.8,18.625,63.09,idle,0.0102,-0.0,-0.01,1
15:25:41.217,1211.0,0,0.0,1771946739,0.01,-0.0,-0.01,1.0,75.86,2026-02-24 20:55:39+05:30,1.0,2240.0,2,0.0,0.0,16673.61,16.6736,,0.014,45.0,-0.0,0.0,75.9,0.076,1427.82,18.626,63.09,idle,0.01,0.0,-0.01,1
15:25:42.217,1212.0,0,0.0,1771946740,0.01,-0.0,-0.01,1.0,75.86,2026-02-24 20:55:40+05:30,1.0,2241.0,2,0.0,0.0,16673.61,16.6736,,0.014,45.0,-0.0,0.0,75.9,0.076,1427.84,18.626,63.09,idle,0.0102,0.0,-0.01,1
15:25:43.217,1213.0,0,0.0,1771946741,0.01,-0.0,-0.01,1.0,75.86,2026-02-24 20:55:41+05:30,1.0,2242.0,2,0.0,0.0,16673.61,16.6736,,0.014,45.0,-0.0,0.0,75.9,0.076,1427.87,18.626,63.09,idle,0.0095,-0.0,-0.01,1
15:25:44.217,1214.0,0,0.0,1771946742,0.007,-0.0,-0.01,1.0,75.86,2026-02-24 20:55:42+05:30,1.0,2243.0,2,0.0,0.0,16673.61,16.6736,,0.012,34.99,-0.0,0.0,75.9,0.076,1427.89,18.626,63.09,idle,0.0076,0.0,-0.01,1
15:25:45.218,1215.0,0,0.0,1771946743,0.007,-0.0,-0.01,1.0,75.86,2026-02-24 20:55:43+05:30,1.0,2244.0,2,0.0,0.0,16673.61,16.6736,,0.012,34.99,-0.0,0.0,75.9,0.076,1427.91,18.627,63.09,idle,0.0065,0.0,-0.01,1
15:25:46.218,1216.0,0,0.0,1771946744,0.007,-0.0,-0.01,1.0,75.86,2026-02-24 20:55:44+05:30,1.0,2245.0,2,0.0,0.0,16673.61,16.6736,,0.012,34.99,-0.0,0.0,75.9,0.076,1427.93,18.627,63.09,idle,0.0076,-0.0001,-0.01,1
15:25:47.217,1217.0,0,0.0,1771946745,0.01,-0.0,-0.01,1.0,75.86,2026-02-24 20:55:45+05:30,1.0,2246.0,2,0.0,0.0,16673.61,16.6736,,0.014,45.0,-0.0,0.0,75.9,0.076,1427.95,18.627,63.09,idle,0.0094,0.0,-0.01,1
15:25:48.217,1218.0,0,0.0,1771946746,0.01,-0.0,-0.01,1.0,75.86,2026-02-24 20:55:46+05:30,1.0,2247.0,2,0.0,0.0,16673.61,16.6736,,0.014,45.0,-0.0,0.0,75.9,0.076,1427.97,18.627,63.09,idle,0.0103,0.0002,-0.01,1
15:25:49.217,1219.0,0,0.0,1771946747,0.01,-0.0,-0.01,1.0,75.86,2026-02-24 20:55:47+05:30,1.0,2248.0,2,0.0,0.0,16673.61,16.6736,,0.014,45.0,-0.0,0.0,75.9,0.076,1427.99,18.628,63.08,idle,0.0103,-0.0006,-0.01,1
15:25:50.217,1220.0,0,0.0,1771946748,0.01,-0.003,-0.01,1.0,75.86,2026-02-24 20:55:48+05:30,1.0,2249.0,2,0.0,0.0,16673.61,16.6736,,0.014,43.77,-11.98,0.0,75.9,0.076,1428.01,18.628,63.08,idle,0.0093,-0.0024,-0.01,1
15:25:51.218,1221.0,0,0.0,1771946749,0.007,-0.003,-0.01,1.0,75.86,2026-02-24 20:55:49+05:30,1.0,2250.0,2,0.0,0.0,16673.61,16.6736,,0.013,33.84,-13.81,0.0,75.9,0.076,1428.03,18.628,63.08,idle,0.0076,-0.0034,-0.01,1
15:25:52.218,1222.0,0,0.0,1771946750,0.007,-0.003,-0.01,1.0,75.86,2026-02-24 20:55:50+05:30,1.0,2251.0,2,0.0,0.0,16673.61,16.6736,,0.013,33.84,-13.81,0.0,75.9,0.076,1428.06,18.629,63.08,idle,0.0067,-0.0029,-0.01,1
15:25:53.217,1223.0,0,0.0,1771946751,0.007,-0.003,-0.01,1.0,75.86,2026-02-24 20:55:51+05:30,1.0,2252.0,2,0.0,0.0,16673.61,16.6736,,0.013,33.84,-13.81,0.0,75.9,0.076,1428.08,18.629,63.08,idle,0.007,-0.0026,-0.01,1
15:25:54.217,1224.0,0,0.0,1771946752,0.007,-0.003,-0.01,1.0,75.86,2026-02-24 20:55:52+05:30,1.0,2253.0,2,0.0,0.0,16673.61,16.6736,,0.013,33.84,-13.81,0.0,75.9,0.076,1428.1,18.629,63.08,idle,0.0071,-0.0041,-0.01,1
15:25:55.218,1225.0,0,0.0,1771946753,0.007,-0.007,-0.01,1.0,75.86,2026-02-24 20:55:53+05:30,1.0,2254.0,2,0.0,0.0,16673.61,16.6736,,0.014,29.83,-29.83,0.0,75.9,0.076,1428.12,18.629,63.08,idle,0.0067,-0.0054,-0.01,1
15:25:56.218,1226.0,0,0.0,1771946754,0.007,-0.003,-0.01,1.0,75.86,2026-02-24 20:55:54+05:30,1.0,2255.0,2,0.0,0.0,16673.61,16.6736,,0.013,33.84,-13.81,0.0,75.9,0.076,1428.14,18.63,63.08,idle,0.0076,-0.0044,-0.01,1
15:25:57.218,1227.0,0,0.0,1771946755,0.01,-0.003,-0.01,1.0,75.86,2026-02-24 20:55:55+05:30,1.0,2256.0,2,0.0,0.0,16673.61,16.6736,,0.014,43.77,-11.98,0.0,75.9,0.076,1428.16,18.63,63.08,idle,0.0094,-0.0021,-0.01,1
15:25:58.217,1228.0,0,0.0,1771946756,0.01,-0.0,-0.01,1.0,75.86,2026-02-24 20:55:56+05:30,1.0,2257.0,2,0.0,0.0,16673.61,16.6736,,0.014,45.0,-0.0,0.0,75.9,0.076,1428.18,18.63,63.08,idle,0.0103,-0.0004,-0.01,1
15:25:59.218,1229.0,0,0.0,1771946757,0.01,-0.0,-0.01,1.0,75.86,2026-02-24 20:55:57+05:30,1.0,2258.0,2,0.0,0.0,16673.61,16.6736,,0.014,45.0,-0.0,0.0,75.9,0.076,1428.2,18.631,63.08,idle,0.01,0.0001,-0.01,1
15:26:00.218,1230.0,0,0.0,1771946758,0.01,-0.0,-0.01,1.0,75.86,2026-02-24 20:55:58+05:30,1.0,2259.0,2,0.0,0.0,16673.61,16.6736,,0.014,45.0,-0.0,0.0,75.9,0.076,1428.22,18.631,63.08,idle,0.0099,0.0,-0.01,1
15:26:01.218,1231.0,0,0.0,1771946759,0.01,-0.0,-0.01,1.0,75.86,2026-02-24 20:55:59+05:30,1.0,2260.0,2,0.0,0.0,16673.61,16.6736,,0.014,45.0,-0.0,0.0,75.9,0.076,1428.24,18.631,63.08,idle,0.01,-0.0,-0.01,1
15:26:02.217,1232.0,0,0.0,1771946760,0.01,-0.0,-0.01,1.0,75.86,2026-02-24 20:56:00+05:30,1.0,2261.0,2,0.0,0.0,16673.61,16.6736,,0.014,45.0,-0.0,0.0,75.9,0.076,1428.27,18.631,63.08,idle,0.01,0.0,-0.01,1
15:26:03.217,1233.0,0,0.0,1771946761,0.01,-0.0,-0.01,1.0,75.86,2026-02-24 20:56:01+05:30,1.0,2262.0,2,0.0,0.0,16673.61,16.6736,,0.014,45.0,-0.0,0.0,75.9,0.076,1428.29,18.632,63.08,idle,0.01,0.0,-0.01,1
15:26:04.217,1234.0,0,0.0,1771946762,0.01,-0.0,-0.01,1.0,75.86,2026-02-24 20:56:02+05:30,1.0,2263.0,2,0.0,0.0,16673.61,16.6736,,0.014,45.0,-0.0,0.0,75.9,0.076,1428.31,18.632,63.08,idle,0.01,-0.0,-0.01,1
15:26:05.218,1235.0,0,0.0,1771946763,0.01,-0.0,-0.01,1.0,75.86,2026-02-24 20:56:03+05:30,1.0,2264.0,2,0.0,0.0,16673.61,16.6736,,0.014,45.0,-0.0,0.0,75.9,0.076,1428.33,18.632,63.08,idle,0.0099,-0.0,-0.01,1
15:26:06.218,1236.0,0,0.0,1771946764,0.01,-0.0,-0.01,1.0,75.86,2026-02-24 20:56:04+05:30,1.0,2265.0,2,0.0,0.0,16673.61,16.6736,,0.014,45.0,-0.0,0.0,75.9,0.076,1428.35,18.632,63.08,idle,0.01,0.0,-0.01,1
15:26:07.218,1237.0,0,0.0,1771946765,0.01,-0.0,-0.01,1.0,75.86,2026-02-24 20:56:05+05:30,1.0,2266.0,2,0.0,0.0,16673.61,16.6736,,0.014,45.0,-0.0,0.0,75.9,0.076,1428.37,18.633,63.08,idle,0.0102,-0.0,-0.01,1
15:26:08.218,1238.0,0,0.0,1771946766,0.01,-0.0,-0.01,1.0,75.86,2026-02-24 20:56:06+05:30,1.0,2267.0,2,0.0,0.0,16673.61,16.6736,,0.014,45.0,-0.0,0.0,75.9,0.076,1428.39,18.633,63.08,idle,0.0095,-0.0,-0.01,1
15:26:09.218,1239.0,0,0.0,1771946767,0.007,-0.0,-0.01,1.0,75.86,2026-02-24 20:56:07+05:30,1.0,2268.0,2,0.0,0.0,16673.61,16.6736,,0.012,34.99,-0.0,0.0,75.9,0.076,1428.41,18.633,63.08,idle,0.0076,0.0,-0.01,1
15:26:10.218,1240.0,0,0.0,1771946768,0.007,-0.0,-0.01,1.0,75.86,2026-02-24 20:56:08+05:30,1.0,2269.0,2,0.0,0.0,16673.61,16.6736,,0.012,34.99,-0.0,0.0,75.9,0.076,1428.43,18.634,63.08,idle,0.0064,0.0,-0.01,1
15:26:11.218,1241.0,0,0.0,1771946769,0.007,-0.0,-0.01,1.0,75.86,2026-02-24 20:56:09+05:30,1.0,2270.0,2,0.0,0.0,16673.61,16.6736,,0.012,34.99,-0.0,0.0,75.9,0.076,1428.46,18.634,63.08,idle,0.0076,-0.0,-0.01,1
15:26:12.218,1242.0,0,0.0,1771946770,0.01,-0.0,-0.01,1.0,75.86,2026-02-24 20:56:10+05:30,1.0,2271.0,2,0.0,0.0,16673.61,16.6736,,0.014,45.0,-0.0,0.0,75.9,0.076,1428.48,18.634,63.08,idle,0.0095,-0.0,-0.01,1
15:26:13.218,1243.0,0,0.0,1771946771,0.01,-0.0,-0.01,1.0,75.86,2026-02-24 20:56:11+05:30,1.0,2272.0,2,0.0,0.0,16673.61,16.6736,,0.014,45.0,-0.0,0.0,75.9,0.076,1428.5,18.634,63.08,idle,0.0102,0.0,-0.01,1
15:26:14.218,1244.0,0,0.0,1771946772,0.01,-0.0,-0.01,1.0,75.85,2026-02-24 20:56:12+05:30,1.0,2273.0,2,0.0,0.0,16673.61,16.6736,,0.014,45.0,-0.0,0.0,75.8,0.076,1428.52,18.635,63.08,idle,0.01,0.0,-0.01,1
15:26:15.218,1245.0,0,0.0,1771946773,0.01,-0.0,-0.01,1.0,75.85,2026-02-24 20:56:13+05:30,1.0,2274.0,2,0.0,0.0,16673.61,16.6736,,0.014,45.0,-0.0,0.0,75.8,0.076,1428.54,18.635,63.08,idle,0.0102,-0.0,-0.01,1
15:26:16.217,1246.0,0,0.0,1771946774,0.01,-0.0,-0.01,1.0,75.85,2026-02-24 20:56:14+05:30,1.0,2275.0,2,0.0,0.0,16673.61,16.6736,,0.014,45.0,-0.0,0.0,75.8,0.076,1428.56,18.635,63.08,idle,0.0095,-0.0,-0.01,1
15:26:17.218,1247.0,0,0.0,1771946775,0.007,-0.0,-0.01,1.0,75.85,2026-02-24 20:56:15+05:30,1.0,2276.0,2,0.0,0.0,16673.61,16.6736,,0.012,34.99,-0.0,0.0,75.8,0.076,1428.58,18.636,63.08,idle,0.0076,0.0,-0.01,1
15:26:18.218,1248.0,0,0.0,1771946776,0.007,-0.0,-0.01,1.0,75.85,2026-02-24 20:56:16+05:30,1.0,2277.0,2,0.0,0.0,16673.61,16.6736,,0.012,34.99,-0.0,0.0,75.8,0.076,1428.6,18.636,63.08,idle,0.0065,-0.0,-0.01,1
15:26:19.218,1249.0,0,0.0,1771946777,0.007,-0.0,-0.01,1.0,75.85,2026-02-24 20:56:17+05:30,1.0,2278.0,2,0.0,0.0,16673.61,16.6736,,0.012,34.99,-0.0,0.0,75.8,0.076,1428.62,18.636,63.08,idle,0.0075,-0.0,-0.01,1
15:26:20.218,1250.0,0,0.0,1771946778,0.01,-0.0,-0.01,1.0,75.85,2026-02-24 20:56:18+05:30,1.0,2279.0,2,0.0,0.0,16673.61,16.6736,,0.014,45.0,-0.0,0.0,75.8,0.076,1428.65,18.636,63.07,idle,0.0095,0.0,-0.01,1
15:26:21.218,1251.0,0,0.0,1771946779,0.01,-0.0,-0.01,1.0,75.85,2026-02-24 20:56:19+05:30,1.0,2280.0,2,0.0,0.0,16673.61,16.6736,,0.014,45.0,-0.0,0.0,75.8,0.076,1428.67,18.637,63.07,idle,0.0105,0.0,-0.01,1
15:26:22.218,1252.0,0,0.0,1771946780,0.01,-0.0,-0.01,1.0,75.85,2026-02-24 20:56:20+05:30,1.0,2281.0,2,0.0,0.0,16673.61,16.6736,,0.014,45.0,-0.0,0.0,75.8,0.076,1428.69,18.637,63.07,idle,0.0095,-0.0,-0.01,1
15:26:23.218,1253.0,0,0.0,1771946781,0.007,-0.0,-0.01,1.0,75.85,2026-02-24 20:56:21+05:30,1.0,2282.0,2,0.0,0.0,16673.61,16.6736,,0.012,34.99,-0.0,0.0,75.8,0.076,1428.71,18.637,63.07,idle,0.0075,0.0,-0.01,1
15:26:24.218,1254.0,0,0.0,1771946782,0.007,-0.0,-0.01,1.0,75.85,2026-02-24 20:56:22+05:30,1.0,2283.0,2,0.0,0.0,16673.61,16.6736,,0.012,34.99,-0.0,0.0,75.8,0.076,1428.73,18.637,63.07,idle,0.0065,0.0,-0.01,1
15:26:25.218,1255.0,0,0.0,1771946783,0.007,-0.0,-0.01,1.0,75.85,2026-02-24 20:56:23+05:30,1.0,2284.0,2,0.0,0.0,16673.61,16.6736,,0.012,34.99,-0.0,0.0,75.8,0.076,1428.75,18.638,63.07,idle,0.0076,-0.0001,-0.01,1
15:26:26.217,1256.0,0,0.0,1771946784,0.01,-0.0,-0.01,1.0,75.85,2026-02-24 20:56:24+05:30,1.0,2285.0,2,0.0,0.0,16673.61,16.6736,,0.014,45.0,-0.0,0.0,75.8,0.076,1428.77,18.638,63.07,idle,0.0095,0.0,-0.01,1
15:26:27.218,1257.0,0,0.0,1771946785,0.01,-0.0,-0.01,1.0,75.85,2026-02-24 20:56:25+05:30,1.0,2286.0,2,0.0,0.0,16673.61,16.6736,,0.014,45.0,-0.0,0.0,75.8,0.076,1428.79,18.638,63.07,idle,0.0102,0.0002,-0.01,1
15:26:28.218,1258.0,0,0.0,1771946786,0.01,-0.0,-0.01,1.0,75.85,2026-02-24 20:56:26+05:30,1.0,2287.0,2,0.0,0.0,16673.61,16.6736,,0.014,45.0,-0.0,0.0,75.8,0.076,1428.81,18.639,63.07,idle,0.01,-0.0005,-0.01,1
15:26:29.218,1259.0,0,0.0,1771946787,0.01,-0.003,-0.01,1.0,75.85,2026-02-24 20:56:27+05:30,1.0,2288.0,2,0.0,0.0,16673.61,16.6736,,0.014,43.77,-11.98,0.0,75.8,0.076,1428.83,18.639,63.07,idle,0.0099,-0.0024,-0.01,1
15:26:30.218,1260.0,0,0.0,1771946788,0.01,-0.003,-0.01,1.0,75.85,2026-02-24 20:56:28+05:30,1.0,2289.0,2,0.0,0.0,16673.61,16.6736,,0.014,43.77,-11.98,0.0,75.8,0.076,1428.86,18.639,63.07,idle,0.01,-0.0035,-0.01,1
15:26:31.218,1261.0,0,0.0,1771946789,0.01,-0.003,-0.01,1.0,75.85,2026-02-24 20:56:29+05:30,1.0,2290.0,2,0.0,0.0,16673.61,16.6736,,0.014,43.77,-11.98,0.0,75.8,0.076,1428.88,18.639,63.07,idle,0.01,-0.0024,-0.01,1
15:26:32.218,1262.0,0,0.0,1771946790,0.01,-0.0,-0.01,1.0,75.85,2026-02-24 20:56:30+05:30,1.0,2291.0,2,0.0,0.0,16673.61,16.6736,,0.014,45.0,-0.0,0.0,75.8,0.076,1428.9,18.64,63.07,idle,0.01,-0.0005,-0.01,1
15:26:33.218,1263.0,0,0.0,1771946791,0.01,-0.0,-0.01,1.0,75.85,2026-02-24 20:56:31+05:30,1.0,2292.0,2,0.0,0.0,16673.61,16.6736,,0.014,45.0,-0.0,0.0,75.8,0.076,1428.92,18.64,63.07,idle,0.01,0.0002,-0.01,1
15:26:34.218,1264.0,0,0.0,1771946792,0.01,-0.0,-0.01,1.0,75.85,2026-02-24 20:56:32+05:30,1.0,2293.0,2,0.0,0.0,16673.61,16.6736,,0.014,45.0,-0.0,0.0,75.8,0.076,1428.94,18.64,63.07,idle,0.01,0.0,-0.01,1
15:26:35.218,1265.0,0,0.0,1771946793,0.01,-0.0,-0.01,1.0,75.85,2026-02-24 20:56:33+05:30,1.0,2294.0,2,0.0,0.0,16673.61,16.6736,,0.014,45.0,-0.0,0.0,75.8,0.076,1428.96,18.641,63.07,idle,0.01,-0.0001,-0.01,1
15:26:36.218,1266.0,0,0.0,1771946794,0.01,-0.0,-0.01,1.0,75.85,2026-02-24 20:56:34+05:30,1.0,2295.0,2,0.0,0.0,16673.61,16.6736,,0.014,45.0,-0.0,0.0,75.8,0.076,1428.98,18.641,63.07,idle,0.01,0.0,-0.01,1
15:26:37.218,1267.0,0,0.0,1771946795,0.01,-0.0,-0.01,1.0,75.85,2026-02-24 20:56:35+05:30,1.0,2296.0,2,0.0,0.0,16673.61,16.6736,,0.014,45.0,-0.0,0.0,75.8,0.076,1429.0,18.641,63.07,idle,0.01,0.0,-0.01,1
15:26:38.218,1268.0,0,0.0,1771946796,0.01,-0.0,-0.01,1.0,75.85,2026-02-24 20:56:36+05:30,1.0,2297.0,2,0.0,0.0,16673.61,16.6736,,0.014,45.0,-0.0,0.0,75.8,0.076,1429.02,18.641,63.07,idle,0.0101,-0.0,-0.01,1
15:26:39.218,1269.0,0,0.0,1771946797,0.01,-0.0,-0.01,1.0,75.85,2026-02-24 20:56:37+05:30,1.0,2298.0,2,0.0,0.0,16673.61,16.6736,,0.014,45.0,-0.0,0.0,75.8,0.076,1429.05,18.642,63.07,idle,0.0096,-0.0,-0.01,1
15:26:40.218,1270.0,0,0.0,1771946798,0.007,-0.0,-0.01,1.0,75.85,2026-02-24 20:56:38+05:30,1.0,2299.0,2,0.0,0.0,16673.61,16.6736,,0.012,34.99,-0.0,0.0,75.8,0.076,1429.07,18.642,63.07,idle,0.0079,0.0,-0.01,1
15:26:41.218,1271.0,0,0.0,1771946799,0.007,-0.0,-0.01,1.0,75.85,2026-02-24 20:56:39+05:30,1.0,2300.0,2,0.0,0.0,16673.61,16.6736,,0.012,34.99,-0.0,0.0,75.8,0.076,1429.09,18.642,63.07,idle,0.0057,0.0001,-0.01,1
15:26:42.218,1272.0,0,0.0,1771946800,0.003,-0.0,-0.01,1.0,75.85,2026-02-24 20:56:40+05:30,1.0,2301.0,2,0.0,0.0,16673.61,16.6736,,0.01,16.7,-0.0,0.0,75.8,0.076,1429.11,18.642,63.07,idle,0.0045,-0.0004,-0.01,1
15:26:43.218,1273.0,0,0.0,1771946801,0.007,-0.003,-0.01,1.0,75.85,2026-02-24 20:56:41+05:30,1.0,2302.0,2,0.0,0.0,16673.61,16.6736,,0.013,33.84,-13.81,0.0,75.8,0.076,1429.13,18.643,63.07,idle,0.0057,-0.0021,-0.01,1
15:26:44.218,1274.0,0,0.0,1771946802,0.007,-0.003,-0.01,1.0,75.85,2026-02-24 20:56:42+05:30,1.0,2303.0,2,0.0,0.0,16673.61,16.6736,,0.013,33.84,-13.81,0.0,75.8,0.076,1429.15,18.643,63.07,idle,0.0079,-0.0043,-0.01,1
15:26:45.218,1275.0,0,0.0,1771946803,0.01,-0.007,-0.01,1.0,75.85,2026-02-24 20:56:43+05:30,1.0,2304.0,2,0.0,0.0,16673.61,16.6736,,0.016,39.33,-26.33,0.0,75.8,0.076,1429.17,18.643,63.07,idle,0.0096,-0.0055,-0.01,1
15:26:46.218,1276.0,0,0.0,1771946804,0.01,-0.003,-0.01,1.0,75.85,2026-02-24 20:56:44+05:30,1.0,2305.0,2,0.0,0.0,16673.61,16.6736,,0.014,43.77,-11.98,0.0,75.8,0.076,1429.19,18.644,63.07,idle,0.0101,-0.0043,-0.01,1
15:26:47.218,1277.0,0,0.0,1771946805,0.01,-0.003,-0.01,1.0,75.85,2026-02-24 20:56:45+05:30,1.0,2306.0,2,0.0,0.0,16673.61,16.6736,,0.014,43.77,-11.98,0.0,75.8,0.076,1429.21,18.644,63.07,idle,0.01,-0.0021,-0.01,1
15:26:48.218,1278.0,0,0.0,1771946806,0.01,-0.0,-0.01,1.0,75.85,2026-02-24 20:56:46+05:30,1.0,2307.0,2,0.0,0.0,16673.61,16.6736,,0.014,45.0,-0.0,0.0,75.8,0.076,1429.24,18.644,63.07,idle,0.01,-0.0004,-0.01,1
15:26:49.218,1279.0,0,0.0,1771946807,0.01,-0.0,-0.01,1.0,75.85,2026-02-24 20:56:47+05:30,1.0,2308.0,2,0.0,0.0,16673.61,16.6736,,0.014,45.0,-0.0,0.0,75.8,0.076,1429.26,18.644,63.07,idle,0.01,0.0001,-0.01,1
15:26:50.218,1280.0,0,0.0,1771946808,0.01,-0.0,-0.01,1.0,75.85,2026-02-24 20:56:48+05:30,1.0,2309.0,2,0.0,0.0,16673.61,16.6736,,0.014,45.0,-0.0,0.0,75.8,0.076,1429.28,18.645,63.07,idle,0.01,0.0,-0.01,1
15:26:51.218,1281.0,0,0.0,1771946809,0.01,-0.0,-0.01,1.0,75.85,2026-02-24 20:56:49+05:30,1.0,2310.0,2,0.0,0.0,16673.61,16.6736,,0.014,45.0,-0.0,0.0,75.8,0.076,1429.3,18.645,63.06,idle,0.01,-0.0,-0.01,1
15:26:52.218,1282.0,0,0.0,1771946810,0.01,-0.0,-0.01,1.0,75.85,2026-02-24 20:56:50+05:30,1.0,2311.0,2,0.0,0.0,16673.61,16.6736,,0.014,45.0,-0.0,0.0,75.8,0.076,1429.32,18.645,63.06,idle,0.01,0.0,-0.01,1
15:26:53.218,1283.0,0,0.0,1771946811,0.01,-0.0,-0.01,1.0,75.85,2026-02-24 20:56:51+05:30,1.0,2312.0,2,0.0,0.0,16673.61,16.6736,,0.014,45.0,-0.0,0.0,75.8,0.076,1429.34,18.646,63.06,idle,0.01,0.0,-0.01,1
15:26:54.218,1284.0,0,0.0,1771946812,0.01,-0.0,-0.01,1.0,75.85,2026-02-24 20:56:52+05:30,1.0,2313.0,2,0.0,0.0,16673.61,16.6736,,0.014,45.0,-0.0,0.0,75.8,0.076,1429.36,18.646,63.06,idle,0.01,-0.0,-0.01,1
15:26:55.218,1285.0,0,0.0,1771946813,0.01,-0.0,-0.01,1.0,75.85,2026-02-24 20:56:53+05:30,1.0,2314.0,2,0.0,0.0,16673.61,16.6736,,0.014,45.0,-0.0,0.0,75.8,0.076,1429.38,18.646,63.06,idle,0.01,-0.0,-0.01,1
15:26:56.218,1286.0,0,0.0,1771946814,0.01,-0.0,-0.01,1.0,75.85,2026-02-24 20:56:54+05:30,1.0,2315.0,2,0.0,0.0,16673.61,16.6736,,0.014,45.0,-0.0,0.0,75.8,0.076,1429.4,18.646,63.06,idle,0.01,0.0,-0.01,1
15:26:57.218,1287.0,0,0.0,1771946815,0.01,-0.0,-0.01,1.0,75.85,2026-02-24 20:56:55+05:30,1.0,2316.0,2,0.0,0.0,16673.61,16.6736,,0.014,45.0,-0.0,0.0,75.8,0.076,1429.42,18.647,63.06,idle,0.0099,-0.0,-0.01,1
15:26:58.218,1288.0,0,0.0,1771946816,0.01,-0.0,-0.01,1.0,75.85,2026-02-24 20:56:56+05:30,1.0,2317.0,2,0.0,0.0,16673.61,16.6736,,0.014,45.0,-0.0,0.0,75.8,0.076,1429.45,18.647,63.06,idle,0.01,-0.0,-0.01,1
15:26:59.218,1289.0,0,0.0,1771946817,0.01,-0.0,-0.01,1.0,75.85,2026-02-24 20:56:57+05:30,1.0,2318.0,2,0.0,0.0,16673.61,16.6736,,0.014,45.0,-0.0,0.0,75.8,0.076,1429.47,18.647,63.06,idle,0.0102,0.0,-0.01,1
15:27:00.218,1290.0,0,0.0,1771946818,0.01,-0.0,-0.01,1.0,75.85,2026-02-24 20:56:58+05:30,1.0,2319.0,2,0.0,0.0,16673.61,16.6736,,0.014,45.0,-0.0,0.0,75.8,0.076,1429.49,18.647,63.06,idle,0.0095,0.0,-0.01,1
15:27:01.218,1291.0,0,0.0,1771946819,0.007,-0.0,-0.01,1.0,75.85,2026-02-24 20:56:59+05:30,1.0,2320.0,2,0.0,0.0,16673.61,16.6736,,0.012,34.99,-0.0,0.0,75.8,0.076,1429.51,18.648,63.06,idle,0.0076,-0.0,-0.01,1
15:27:02.218,1292.0,0,0.0,1771946820,0.007,-0.0,-0.01,1.0,75.85,2026-02-24 20:57:00+05:30,1.0,2321.0,2,0.0,0.0,16673.61,16.6736,,0.012,34.99,-0.0,0.0,75.8,0.076,1429.53,18.648,63.06,idle,0.0065,0.0,-0.01,1
15:27:03.218,1293.0,0,0.0,1771946821,0.007,-0.0,-0.01,1.0,75.85,2026-02-24 20:57:01+05:30,1.0,2322.0,2,0.0,0.0,16673.61,16.6736,,0.012,34.99,-0.0,0.0,75.8,0.076,1429.55,18.648,63.06,idle,0.0076,0.0,-0.01,1
15:27:04.218,1294.0,0,0.0,1771946822,0.01,-0.0,-0.01,1.0,75.85,2026-02-24 20:57:02+05:30,1.0,2323.0,2,0.0,0.0,16673.61,16.6736,,0.014,45.0,-0.0,0.0,75.8,0.076,1429.57,18.649,63.06,idle,0.0095,-0.0001,-0.01,1
15:27:05.218,1295.0,0,0.0,1771946823,0.01,-0.0,-0.01,1.0,75.85,2026-02-24 20:57:03+05:30,1.0,2324.0,2,0.0,0.0,16673.61,16.6736,,0.014,45.0,-0.0,0.0,75.8,0.076,1429.59,18.649,63.06,idle,0.0102,0.0,-0.01,1
15:27:06.218,1296.0,0,0.0,1771946824,0.01,-0.0,-0.01,1.0,75.85,2026-02-24 20:57:04+05:30,1.0,2325.0,2,0.0,0.0,16673.61,16.6736,,0.014,45.0,-0.0,0.0,75.8,0.076,1429.61,18.649,63.06,idle,0.01,0.0002,-0.01,1
15:27:07.218,1297.0,0,0.0,1771946825,0.01,-0.0,-0.01,1.0,75.85,2026-02-24 20:57:05+05:30,1.0,2326.0,2,0.0,0.0,16673.61,16.6736,,0.014,45.0,-0.0,0.0,75.8,0.076,1429.64,18.649,63.06,idle,0.0099,-0.0005,-0.01,1
15:27:08.218,1298.0,0,0.0,1771946826,0.01,-0.003,-0.01,1.0,75.85,2026-02-24 20:57:06+05:30,1.0,2327.0,2,0.0,0.0,16673.61,16.6736,,0.014,43.77,-11.98,0.0,75.8,0.076,1429.66,18.65,63.06,idle,0.01,-0.0024,-0.01,1
15:27:09.218,1299.0,0,0.0,1771946827,0.01,-0.003,-0.01,1.0,75.85,2026-02-24 20:57:07+05:30,1.0,2328.0,2,0.0,0.0,16673.61,16.6736,,0.014,43.77,-11.98,0.0,75.8,0.076,1429.68,18.65,63.06,idle,0.01,-0.0035,-0.01,1
15:27:10.218,1300.0,0,0.0,1771946828,0.01,-0.003,-0.01,1.0,75.85,2026-02-24 20:57:08+05:30,1.0,2329.0,2,0.0,0.0,16673.61,16.6736,,0.014,43.77,-11.98,0.0,75.8,0.076,1429.7,18.65,63.06,idle,0.01,-0.0024,-0.01,1
15:27:11.218,1301.0,0,0.0,1771946829,0.01,-0.0,-0.01,1.0,75.85,2026-02-24 20:57:09+05:30,1.0,2330.0,2,0.0,0.0,16673.61,16.6736,,0.014,45.0,-0.0,0.0,75.8,0.076,1429.72,18.651,63.06,idle,0.01,-0.0005,-0.01,1
15:27:12.218,1302.0,0,0.0,1771946830,0.01,-0.0,-0.01,1.0,75.85,2026-02-24 20:57:10+05:30,1.0,2331.0,2,0.0,0.0,16673.61,16.6736,,0.014,45.0,-0.0,0.0,75.8,0.076,1429.74,18.651,63.06,idle,0.01,0.0003,-0.01,1
15:27:13.218,1303.0,0,0.0,1771946831,0.01,-0.0,-0.01,1.0,75.85,2026-02-24 20:57:11+05:30,1.0,2332.0,2,0.0,0.0,16673.61,16.6736,,0.014,45.0,-0.0,0.0,75.8,0.076,1429.76,18.651,63.06,idle,0.01,0.0,-0.01,1
15:27:14.218,1304.0,0,0.0,1771946832,0.01,-0.0,-0.01,1.0,75.85,2026-02-24 20:57:12+05:30,1.0,2333.0,2,0.0,0.0,16673.61,16.6736,,0.014,45.0,-0.0,0.0,75.8,0.076,1429.78,18.651,63.06,idle,0.01,-0.0002,-0.01,1
15:27:15.218,1305.0,0,0.0,1771946833,0.01,-0.0,-0.01,1.0,75.85,2026-02-24 20:57:13+05:30,1.0,2334.0,2,0.0,0.0,16673.61,16.6736,,0.014,45.0,-0.0,0.0,75.8,0.076,1429.8,18.652,63.06,idle,0.01,0.0001,-0.01,1
15:27:16.218,1306.0,0,0.0,1771946834,0.01,-0.0,-0.01,1.0,75.85,2026-02-24 20:57:14+05:30,1.0,2335.0,2,0.0,0.0,16673.61,16.6736,,0.014,45.0,-0.0,0.0,75.8,0.076,1429.82,18.652,63.06,idle,0.01,0.0003,-0.01,1
15:27:17.218,1307.0,0,0.0,1771946835,0.01,-0.0,-0.01,1.0,75.85,2026-02-24 20:57:15+05:30,1.0,2336.0,2,0.0,0.0,16673.61,16.6736,,0.014,45.0,-0.0,0.0,75.8,0.076,1429.85,18.652,63.06,idle,0.0099,-0.0006,-0.01,1
15:27:18.218,1308.0,0,0.0,1771946836,0.01,-0.003,-0.01,1.0,75.85,2026-02-24 20:57:16+05:30,1.0,2337.0,2,0.0,0.0,16673.61,16.6736,,0.014,43.77,-11.98,0.0,75.8,0.076,1429.87,18.652,63.06,idle,0.01,-0.0024,-0.01,1
15:27:19.218,1309.0,0,0.0,1771946837,0.01,-0.003,-0.01,1.0,75.85,2026-02-24 20:57:17+05:30,1.0,2338.0,2,0.0,0.0,16673.61,16.6736,,0.014,43.77,-11.98,0.0,75.8,0.076,1429.89,18.653,63.06,idle,0.0102,-0.0034,-0.01,1
15:27:20.218,1310.0,0,0.0,1771946838,0.01,-0.003,-0.01,1.0,75.85,2026-02-24 20:57:18+05:30,1.0,2339.0,2,0.0,0.0,16673.61,16.6736,,0.014,43.77,-11.98,0.0,75.8,0.076,1429.91,18.653,63.06,idle,0.0095,-0.0029,-0.01,1
15:27:21.218,1311.0,0,0.0,1771946839,0.007,-0.003,-0.01,1.0,75.85,2026-02-24 20:57:19+05:30,1.0,2340.0,2,0.0,0.0,16673.61,16.6736,,0.013,33.84,-13.81,0.0,75.8,0.076,1429.93,18.653,63.05,idle,0.0078,-0.0026,-0.01,1
15:27:22.218,1312.0,0,0.0,1771946840,0.007,-0.003,-0.01,1.0,75.85,2026-02-24 20:57:20+05:30,1.0,2341.0,2,0.0,0.0,16673.61,16.6736,,0.013,33.84,-13.81,0.0,75.8,0.076,1429.95,18.654,63.05,idle,0.006,-0.0042,-0.01,1
15:27:23.218,1313.0,0,0.0,1771946841,0.003,-0.007,-0.01,1.0,75.85,2026-02-24 20:57:21+05:30,1.0,2342.0,2,0.0,0.0,16673.61,16.6736,,0.013,13.81,-33.84,0.0,75.8,0.076,1429.97,18.654,63.05,idle,0.0041,-0.0054,-0.01,1
15:27:24.219,1314.0,0,0.0,1771946842,0.003,-0.003,-0.01,1.0,75.85,2026-02-24 20:57:22+05:30,1.0,2343.0,2,0.0,0.0,16673.61,16.6736,,0.011,16.03,-16.03,0.0,75.8,0.076,1429.99,18.654,63.05,idle,0.0019,-0.0042,-0.01,1
15:27:25.218,1315.0,0,0.0,1771946843,0.0,-0.003,-0.01,1.0,75.85,2026-02-24 20:57:23+05:30,1.0,2344.0,2,0.0,0.0,16673.61,16.6736,,0.01,0.0,-16.7,0.0,75.8,0.076,1430.01,18.654,63.05,idle,0.0007,-0.0026,-0.01,1
15:27:26.218,1316.0,0,0.0,1771946844,0.003,-0.003,-0.01,1.0,75.85,2026-02-24 20:57:24+05:30,1.0,2345.0,2,0.0,0.0,16673.61,16.6736,,0.011,16.03,-16.03,0.0,75.8,0.076,1430.04,18.655,63.05,idle,0.0028,-0.0028,-0.01,1
15:27:27.218,1317.0,0,0.0,1771946845,0.007,-0.003,-0.01,1.0,75.85,2026-02-24 20:57:25+05:30,1.0,2346.0,2,0.0,0.0,16673.61,16.6736,,0.013,33.84,-13.81,0.0,75.8,0.076,1430.06,18.655,63.05,idle,0.007,-0.0033,-0.01,1
15:27:28.218,1318.0,0,0.0,1771946846,0.01,-0.003,-0.01,1.0,75.85,2026-02-24 20:57:26+05:30,1.0,2347.0,2,0.0,0.0,16673.61,16.6736,,0.014,43.77,-11.98,0.0,75.8,0.076,1430.08,18.655,63.05,idle,0.0099,-0.0028,-0.01,1
15:27:29.219,1319.0,0,0.0,1771946847,0.01,-0.003,-0.01,1.0,75.85,2026-02-24 20:57:27+05:30,1.0,2348.0,2,0.0,0.0,16673.61,16.6736,,0.014,43.77,-11.98,0.0,75.8,0.076,1430.1,18.656,63.05,idle,0.0102,-0.0027,-0.01,1
15:27:30.218,1320.0,0,0.0,1771946848,0.01,-0.003,-0.01,1.0,75.85,2026-02-24 20:57:28+05:30,1.0,2349.0,2,0.0,0.0,16673.61,16.6736,,0.014,43.77,-11.98,0.0,75.8,0.076,1430.12,18.656,63.05,idle,0.0099,-0.0041,-0.01,1
15:27:31.218,1321.0,0,0.0,1771946849,0.01,-0.007,-0.01,1.0,75.85,2026-02-24 20:57:29+05:30,1.0,2350.0,2,0.0,0.0,16673.61,16.6736,,0.016,39.33,-26.33,0.0,75.8,0.076,1430.14,18.656,63.05,idle,0.01,-0.0054,-0.01,1
15:27:32.218,1322.0,0,0.0,1771946850,0.01,-0.003,-0.01,1.0,75.85,2026-02-24 20:57:30+05:30,1.0,2351.0,2,0.0,0.0,16673.61,16.6736,,0.014,43.77,-11.98,0.0,75.8,0.076,1430.16,18.656,63.05,idle,0.01,-0.0044,-0.01,1
15:27:33.218,1323.0,0,0.0,1771946851,0.01,-0.003,-0.01,1.0,75.85,2026-02-24 20:57:31+05:30,1.0,2352.0,2,0.0,0.0,16673.61,16.6736,,0.014,43.77,-11.98,0.0,75.8,0.076,1430.18,18.657,63.05,idle,0.01,-0.0021,-0.01,1
15:27:34.218,1324.0,0,0.0,1771946852,0.01,-0.0,-0.01,1.0,75.85,2026-02-24 20:57:32+05:30,1.0,2353.0,2,0.0,0.0,16673.61,16.6736,,0.014,45.0,-0.0,0.0,75.8,0.076,1430.2,18.657,63.05,idle,0.01,-0.0003,-0.01,1
15:27:35.218,1325.0,0,0.0,1771946853,0.01,-0.0,-0.01,1.0,75.85,2026-02-24 20:57:33+05:30,1.0,2354.0,2,0.0,0.0,16673.61,16.6736,,0.014,45.0,-0.0,0.0,75.8,0.076,1430.23,18.657,63.05,idle,0.01,0.0001,-0.01,1
15:27:36.218,1326.0,0,0.0,1771946854,0.01,-0.0,-0.01,1.0,75.85,2026-02-24 20:57:34+05:30,1.0,2355.0,2,0.0,0.0,16673.61,16.6736,,0.014,45.0,-0.0,0.0,75.8,0.076,1430.25,18.657,63.05,idle,0.0099,-0.0002,-0.0099,1
15:27:37.218,1327.0,0,0.0,1771946855,0.01,-0.0,-0.01,1.0,75.85,2026-02-24 20:57:35+05:30,1.0,2356.0,2,0.0,0.0,16673.61,16.6736,,0.014,45.0,-0.0,0.0,75.8,0.076,1430.27,18.658,63.05,idle,0.0102,0.0001,-0.0102,1
15:27:38.219,1328.0,0,0.0,1771946856,0.01,-0.0,-0.01,1.0,75.85,2026-02-24 20:57:36+05:30,1.0,2357.0,2,0.0,0.0,16673.61,16.6736,,0.014,45.0,-0.0,0.0,75.8,0.076,1430.29,18.658,63.05,idle,0.0101,0.0008,-0.01,1
15:27:39.218,1329.0,0,0.0,1771946857,0.007,0.003,-0.01,1.0,75.85,2026-02-24 20:57:37+05:30,1.0,2358.0,2,0.0,0.0,16673.61,16.6736,,0.013,33.84,13.81,0.0,75.8,0.076,1430.31,18.658,63.05,idle,0.0066,0.0005,-0.0094,1
15:27:40.218,1330.0,0,0.0,1771946858,0.0,-0.003,-0.01,1.0,75.85,2026-02-24 20:57:38+05:30,1.0,2359.0,2,0.0,0.0,16673.61,16.6736,,0.01,0.0,-16.7,0.004,75.8,0.076,1430.33,18.659,63.05,idle,0.0003,0.0012,-0.0112,1
15:27:41.218,1331.0,0,0.0,1771946859,-0.003,0.01,-0.017,1.0,75.85,2026-02-24 20:57:39+05:30,1.0,2360.0,2,0.0,0.0,16673.61,16.6736,,0.02,-8.65,30.08,0.004,75.8,0.076,1430.35,18.659,63.05,idle,-0.0031,0.005,-0.0157,1
15:27:42.219,1332.0,0,0.0,1771946860,0.0,0.003,-0.017,1.0,75.85,2026-02-24 20:57:40+05:30,1.0,2361.0,2,0.0,0.0,16673.61,16.6736,,0.017,0.0,10.01,0.0,75.8,0.076,1430.37,18.659,63.05,idle,0.0003,0.008,-0.0183,1
15:27:43.218,1333.0,0,0.0,1771946861,0.007,0.01,-0.017,1.0,75.85,2026-02-24 20:57:41+05:30,1.0,2362.0,2,0.0,0.0,16673.61,16.6736,,0.021,19.54,28.54,0.004,75.8,0.076,1430.39,18.659,63.05,idle,0.0066,0.0057,-0.0157,1
15:27:44.218,1334.0,0,0.0,1771946862,0.01,-0.003,-0.01,1.0,75.85,2026-02-24 20:57:42+05:30,1.0,2363.0,2,0.0,0.0,16673.61,16.6736,,0.014,43.77,-11.98,0.004,75.8,0.076,1430.41,18.66,63.05,idle,0.0101,-0.0002,-0.0112,1
15:27:45.218,1335.0,0,0.0,1771946863,0.01,-0.003,-0.01,1.0,75.85,2026-02-24 20:57:43+05:30,1.0,2364.0,2,0.0,0.0,16673.61,16.6736,,0.014,43.77,-11.98,0.0,75.8,0.076,1430.44,18.66,63.05,idle,0.0102,-0.0038,-0.0094,1
15:27:46.218,1336.0,0,0.0,1771946864,0.01,-0.003,-0.01,1.0,75.85,2026-02-24 20:57:44+05:30,1.0,2365.0,2,0.0,0.0,16673.61,16.6736,,0.014,43.77,-11.98,0.0,75.8,0.076,1430.46,18.66,63.05,idle,0.0098,-0.0036,-0.0099,1
15:27:47.218,1337.0,0,0.0,1771946865,0.01,-0.003,-0.01,1.0,75.85,2026-02-24 20:57:45+05:30,1.0,2366.0,2,0.0,0.0,16673.61,16.6736,,0.014,43.77,-11.98,0.0,75.8,0.076,1430.48,18.661,63.05,idle,0.01,-0.0021,-0.0103,1
15:27:48.218,1338.0,0,0.0,1771946866,0.01,-0.0,-0.01,1.0,75.85,2026-02-24 20:57:46+05:30,1.0,2367.0,2,0.0,0.0,16673.61,16.6736,,0.014,45.0,-0.0,0.0,75.8,0.076,1430.5,18.661,63.05,idle,0.0101,-0.0004,-0.0099,1
15:27:49.219,1339.0,0,0.0,1771946867,0.01,-0.0,-0.01,1.0,75.85,2026-02-24 20:57:47+05:30,1.0,2368.0,2,0.0,0.0,16673.61,16.6736,,0.014,45.0,-0.0,0.0,75.8,0.076,1430.52,18.661,63.05,idle,0.0099,-0.0002,-0.0097,1
15:27:50.218,1340.0,0,0.0,1771946868,0.01,-0.003,-0.01,1.0,75.85,2026-02-24 20:57:48+05:30,1.0,2369.0,2,0.0,0.0,16673.61,16.6736,,0.014,43.77,-11.98,0.0,75.8,0.076,1430.54,18.661,63.05,idle,0.0101,-0.0028,-0.0103,1
15:27:51.218,1341.0,0,0.0,1771946869,0.01,-0.007,-0.01,1.0,75.85,2026-02-24 20:57:49+05:30,1.0,2370.0,2,0.0,0.0,16673.61,16.6736,,0.016,39.33,-26.33,0.0,75.8,0.076,1430.56,18.662,63.05,idle,0.0102,-0.0069,-0.0103,1
15:27:52.218,1342.0,0,0.0,1771946870,0.01,-0.01,-0.01,1.0,75.85,2026-02-24 20:57:50+05:30,1.0,2371.0,2,0.0,0.0,16673.61,16.6736,,0.017,35.26,-35.26,0.0,75.8,0.076,1430.58,18.662,63.04,idle,0.0097,-0.0105,-0.0087,1
15:27:53.218,1343.0,0,0.0,1771946871,0.01,-0.013,-0.01,1.0,75.85,2026-02-24 20:57:51+05:30,1.0,2372.0,2,0.0,0.0,16673.61,16.6736,,0.019,31.37,-42.59,0.0115,75.8,0.076,1430.6,18.662,63.04,idle,0.0099,-0.0124,-0.0115,1
15:27:54.219,1344.0,0,0.0,1771946872,0.01,-0.013,-0.03,1.0,75.85,2026-02-24 20:57:52+05:30,1.0,2373.0,2,0.0,0.0,16673.61,16.6736,,0.034,17.01,-22.35,0.0252,75.8,0.076,1430.63,18.662,63.04,idle,0.0115,-0.0132,-0.029,1
15:27:55.218,1345.0,0,0.02,1771946873,0.017,-0.013,-0.06,1.0,75.85,2026-02-24 20:57:53+05:30,1.0,2374.0,2,0.0,0.0,16673.61,16.6736,,0.064,15.48,-11.78,0.0285,75.8,0.076,1430.65,18.663,63.04,idle,0.0134,-0.0134,-0.0605,1
15:27:56.218,1346.0,0,18.5,1771946874,0.013,-0.01,-0.087,1.0,75.85,2026-02-24 20:57:54+05:30,1.0,2375.0,2,1.0,0.278,16673.61,16.6736,,0.089,8.44,-6.49,0.0156,75.8,0.076,1430.67,18.663,63.04,idle,0.0178,-0.0096,-0.0872,1
15:27:57.219,1347.0,2,55.04,1771946875,0.03,-0.0,-0.087,7.55,75.72,2026-02-24 20:57:55+05:30,1.0,2376.0,3,2.5,0.694,16674.17,16.6742,27.52,0.092,19.03,-0.0,0.0196,571.7,0.572,1430.83,18.665,63.04,accel,0.0257,0.0005,-0.0861,0
15:27:58.218,1348.0,5,104.54,1771946876,0.027,0.01,-0.053,10.83,75.65,2026-02-24 20:57:56+05:30,1.0,2377.0,3,3.0,0.833,16675.56,16.6756,20.91,0.06,26.59,9.54,0.0386,819.3,0.819,1431.05,18.668,63.04,accel,0.03,0.009,-0.0536,0
15:27:59.218,1349.0,8,161.9,1771946877,0.027,0.007,-0.01,14.16,75.58,2026-02-24 20:57:57+05:30,1.0,2378.0,3,3.0,0.833,16677.78,16.6778,20.24,0.03,65.67,13.66,0.0381,1070.2,1.07,1431.35,18.672,63.03,accel,0.025,0.0075,-0.0099,0
15:28:00.218,1350.0,11,224.62,1771946878,0.013,-0.0,0.023,15.76,75.55,2026-02-24 20:57:58+05:30,1.0,2379.0,3,3.0,0.833,16680.83,16.6808,20.42,0.026,29.48,-0.0,0.0241,1190.7,1.191,1431.68,18.676,63.03,accel,0.0142,0.0003,0.0225,0
15:28:01.219,1351.0,14,270.78,1771946879,0.003,-0.003,0.037,17.04,75.53,2026-02-24 20:57:59+05:30,1.0,2380.0,3,2.0,0.556,16684.72,16.6847,19.34,0.037,4.62,-4.62,0.0103,1287.0,1.287,1432.04,18.681,63.02,accel,0.003,-0.0032,0.038,0
15:28:02.218,1352.0,15,296.82,1771946880,-0.003,-0.0,0.043,16.9,75.53,2026-02-24 20:58:00+05:30,1.0,2381.0,3,1.0,0.278,16688.89,16.6889,19.79,0.043,-3.99,-0.0,0.005,1276.5,1.276,1432.39,18.686,63.02,accel,-0.0043,-0.0003,0.0417,0
15:28:03.218,1353.0,16,306.64,1771946881,-0.003,0.007,0.033,17.19,75.52,2026-02-24 20:58:01+05:30,1.0,2382.0,3,0.0,0.0,16693.33,16.6933,19.16,0.034,-5.08,11.93,0.01,1298.2,1.298,1432.75,18.691,63.01,cruise,-0.0015,0.0073,0.0351,0
15:28:04.218,1354.0,15,304.52,1771946882,0.01,0.013,0.023,16.8,75.53,2026-02-24 20:58:02+05:30,1.0,2383.0,3,-0.5,-0.139,16697.5,16.6975,20.3,0.028,20.73,27.4,0.0186,1268.9,1.269,1433.11,18.695,63.01,cruise,0.0103,0.0135,0.0193,0
15:28:05.219,1355.0,15,293.64,1771946883,0.02,0.01,-0.003,17.6,75.51,2026-02-24 20:58:03+05:30,1.0,2384.0,3,-0.5,-0.139,16701.67,16.7017,19.58,0.023,62.43,26.31,0.0163,1329.0,1.329,1433.48,18.7,63.0,cruise,0.0172,0.0087,0.0018,0
15:28:06.218,1356.0,14,277.62,1771946884,0.007,-0.007,-0.007,15.56,75.55,2026-02-24 20:58:04+05:30,1.0,2385.0,3,-1.0,-0.278,16705.56,16.7056,19.83,0.012,35.26,-35.26,0.0089,1175.6,1.176,1433.8,18.705,62.99,decel,0.0111,-0.0063,-0.0111,0
15:28:07.218,1357.0,13,267.5,1771946885,0.007,-0.017,-0.02,14.56,75.57,2026-02-24 20:58:05+05:30,1.0,2386.0,3,-0.5,-0.139,16709.17,16.7092,20.58,0.027,14.93,-38.74,0.0068,1100.3,1.1,1434.11,18.709,62.99,cruise,0.0022,-0.0164,-0.0184,0
15:28:08.219,1358.0,13,263.66,1771946886,-0.007,-0.013,-0.017,14.0,75.58,2026-02-24 20:58:06+05:30,1.0,2387.0,3,0.0,0.0,16712.78,16.7128,20.28,0.023,-18.11,-35.26,0.0108,1058.1,1.058,1434.4,18.712,62.99,cruise,-0.0007,-0.0137,-0.016,0
15:28:09.219,1359.0,13,265.1,1771946887,0.007,-0.007,0.0,14.66,75.57,2026-02-24 20:58:07+05:30,1.0,2388.0,3,0.0,0.0,16716.39,16.7164,20.39,0.01,45.0,-45.0,0.0137,1107.9,1.108,1434.71,18.717,62.98,cruise,-0.0013,-0.0072,-0.0022,0
15:28:10.218,1360.0,13,267.74,1771946888,-0.013,-0.007,0.01,14.13,75.58,2026-02-24 20:58:08+05:30,1.0,2389.0,3,0.5,0.139,16720.0,16.72,20.6,0.018,-46.8,-23.11,0.0085,1067.9,1.068,1435.01,18.72,62.98,cruise,-0.0037,-0.006,0.0123,0
15:28:11.218,1361.0,14,270.12,1771946889,0.003,-0.007,0.017,15.24,75.55,2026-02-24 20:58:09+05:30,1.0,2390.0,3,0.0,0.0,16723.89,16.7239,19.29,0.019,9.27,-22.07,0.007,1151.4,1.151,1435.33,18.725,62.97,cruise,-0.0057,-0.0081,0.015,0
15:28:12.218,1362.0,13,265.14,1771946890,-0.01,-0.007,0.003,14.0,75.58,2026-02-24 20:58:10+05:30,1.0,2391.0,3,-0.5,-0.139,16727.5,16.7275,20.4,0.013,-52.71,-33.84,0.0135,1058.1,1.058,1435.62,18.729,62.97,cruise,-0.0032,-0.0065,0.0043,0
15:28:13.218,1363.0,13,253.92,1771946891,0.01,-0.0,-0.01,14.8,75.56,2026-02-24 20:58:11+05:30,1.0,2392.0,3,-0.5,-0.139,16731.11,16.7311,19.53,0.014,45.0,-0.0,0.0101,1118.3,1.118,1435.93,18.733,62.96,cruise,0.0058,0.0008,-0.0105,0
15:28:14.219,1364.0,12,246.72,1771946892,0.013,0.007,-0.017,14.04,75.57,2026-02-24 20:58:12+05:30,1.0,2393.0,3,0.0,0.0,16734.44,16.7344,20.56,0.023,35.26,18.11,0.0035,1061.0,1.061,1436.23,18.737,62.96,cruise,0.0156,0.0056,-0.0172,0
15:28:15.219,1365.0,13,250.26,1771946893,0.02,-0.0,-0.013,16.07,75.53,2026-02-24 20:58:13+05:30,1.0,2394.0,3,0.5,0.139,16738.06,16.7381,19.25,0.024,56.98,-0.0,0.005,1213.8,1.214,1436.56,18.741,62.95,cruise,0.0179,0.0007,-0.0123,0
15:28:16.218,1366.0,13,265.6,1771946894,0.013,-0.007,-0.007,15.97,75.53,2026-02-24 20:58:14+05:30,1.0,2395.0,3,1.0,0.278,16741.67,16.7417,20.43,0.016,52.71,-25.37,0.0035,1206.2,1.206,1436.9,18.745,62.95,accel,0.0144,-0.007,-0.0068,0
15:28:17.218,1367.0,15,287.44,1771946895,0.01,-0.01,-0.007,18.1,75.49,2026-02-24 20:58:15+05:30,1.0,2396.0,3,1.5,0.417,16745.83,16.7458,19.16,0.016,39.33,-39.33,0.0035,1366.4,1.366,1437.28,18.751,62.94,accel,0.0106,-0.0094,-0.0096,0
15:28:18.219,1368.0,16,317.74,1771946896,0.007,-0.01,-0.013,18.9,75.47,2026-02-24 20:58:16+05:30,1.0,2397.0,3,1.0,0.278,16750.28,16.7503,19.86,0.018,23.11,-34.11,0.0065,1426.4,1.426,1437.67,18.756,62.93,accel,0.0043,-0.0113,-0.0096,0
15:28:19.218,1369.0,17,340.98,1771946897,-0.007,-0.017,0.0,18.88,75.47,2026-02-24 20:58:17+05:30,1.0,2398.0,3,1.0,0.278,16755.0,16.755,20.06,0.018,-22.38,-67.62,0.0075,1424.9,1.425,1438.07,18.761,62.93,accel,-0.0037,-0.0165,-0.0005,0
15:28:20.218,1370.0,18,353.1,1771946898,0.0,-0.017,0.0,19.46,75.46,2026-02-24 20:58:18+05:30,1.0,2399.0,3,0.5,0.139,16760.0,16.76,19.62,0.017,0.0,-90.0,0.0191,1468.5,1.468,1438.48,18.766,62.92,cruise,-0.0031,-0.0166,-0.0031,0
15:28:21.218,1371.0,18,359.56,1771946899,0.003,-0.01,-0.033,19.81,75.45,2026-02-24 20:58:19+05:30,1.0,2400.0,3,0.5,0.139,16765.0,16.765,19.98,0.035,4.97,-16.79,0.0241,1494.7,1.495,1438.89,18.772,62.92,cruise,0.0068,-0.0098,-0.029,0
15:28:22.219,1372.0,19,375.72,1771946900,0.017,-0.007,-0.047,22.1,75.41,2026-02-24 20:58:20+05:30,1.0,2401.0,3,1.0,0.278,16770.28,16.7703,19.77,0.05,19.68,-7.97,0.0103,1666.6,1.667,1439.36,18.778,62.91,accel,0.0124,-0.0086,-0.0512,0
15:28:23.218,1373.0,20,389.12,1771946901,0.007,-0.017,-0.053,22.2,75.4,2026-02-24 20:58:21+05:30,1.0,2402.0,3,0.5,0.139,16775.83,16.7758,19.46,0.056,7.17,-17.64,0.0159,1673.9,1.674,1439.82,18.784,62.9,cruise,0.0105,-0.0152,-0.0465,0
15:28:24.218,1374.0,20,401.38,1771946902,0.013,-0.013,-0.023,22.65,75.39,2026-02-24 20:58:22+05:30,1.0,2403.0,3,0.5,0.139,16781.39,16.7814,20.07,0.029,26.2,-26.2,0.0153,1707.6,1.708,1440.3,18.791,62.89,cruise,0.0121,-0.0144,-0.0313,0
15:28:25.218,1375.0,21,413.7,1771946903,0.02,-0.003,-0.033,24.09,75.36,2026-02-24 20:58:23+05:30,1.0,2404.0,3,0.5,0.139,16787.22,16.7872,19.7,0.039,31.11,-4.45,0.0081,1815.4,1.815,1440.8,18.797,62.89,cruise,0.0189,-0.001,-0.026,0
15:28:26.218,1376.0,21,420.88,1771946904,0.02,0.01,-0.017,23.6,75.37,2026-02-24 20:58:24+05:30,1.0,2405.0,3,0.0,0.0,16793.06,16.7931,20.04,0.028,45.4,20.86,0.0106,1778.7,1.779,1441.29,18.804,62.88,cruise,0.0212,0.0074,-0.0216,0
15:28:27.218,1377.0,21,412.38,1771946905,0.017,-0.003,-0.013,23.36,75.37,2026-02-24 20:58:25+05:30,1.0,2406.0,3,-0.5,-0.139,16798.89,16.7989,19.64,0.022,51.88,-7.98,0.0129,1760.6,1.761,1441.78,18.81,62.87,cruise,0.0163,-0.0011,-0.0086,0
15:28:28.219,1378.0,20,399.84,1771946906,0.01,-0.01,0.007,21.8,75.4,2026-02-24 20:58:26+05:30,1.0,2407.0,3,-0.5,-0.139,16804.44,16.8044,19.99,0.016,39.33,-39.33,0.0103,1643.7,1.644,1442.24,18.816,62.86,cruise,0.0103,-0.0114,0.0011,0
15:28:29.219,1379.0,20,390.3,1771946907,0.01,-0.007,-0.007,21.8,75.4,2026-02-24 20:58:27+05:30,1.0,2408.0,3,0.0,0.0,16810.0,16.81,19.52,0.014,45.29,-29.83,0.007,1643.7,1.644,1442.7,18.822,62.86,cruise,0.0096,-0.0052,-0.0006,0
15:28:30.218,1380.0,20,385.36,1771946908,0.017,0.01,0.0,22.36,75.39,2026-02-24 20:58:28+05:30,1.0,2409.0,3,-0.5,-0.139,16815.56,16.8156,19.27,0.02,59.53,30.47,0.0051,1685.7,1.686,1443.16,18.829,62.85,cruise,0.0178,0.009,-0.0054,0
15:28:31.218,1381.0,19,380.36,1771946909,0.03,0.013,-0.01,22.4,75.39,2026-02-24 20:58:29+05:30,1.0,2410.0,3,-0.5,-0.139,16820.83,16.8208,20.02,0.034,61.33,22.35,0.0068,1688.7,1.689,1443.63,18.835,62.84,cruise,0.0289,0.0116,-0.0059,0
15:28:32.218,1382.0,19,375.58,1771946910,0.027,0.003,0.003,22.16,75.39,2026-02-24 20:58:30+05:30,1.0,2411.0,3,0.0,0.0,16826.11,16.8261,19.77,0.027,81.07,6.3,0.0089,1670.6,1.671,1444.1,18.841,62.83,cruise,0.0289,0.0059,-0.0004,0
15:28:33.218,1383.0,19,369.9,1771946911,0.017,0.01,0.007,21.36,75.41,2026-02-24 20:58:31+05:30,1.0,2412.0,3,0.0,0.0,16831.39,16.8314,19.47,0.021,54.32,28.54,0.0089,1610.8,1.611,1444.54,18.847,62.83,cruise,0.0134,0.0078,0.0101,0
15:28:34.219,1384.0,19,363.94,1771946912,-0.007,0.013,0.02,20.0,75.43,2026-02-24 20:58:32+05:30,1.0,2413.0,3,-0.5,-0.139,16836.67,16.8367,19.15,0.025,-16.35,31.53,0.0065,1508.6,1.509,1444.96,18.852,62.82,cruise,-0.0024,0.014,0.0177,0
15:28:35.218,1385.0,18,352.84,1771946913,-0.003,0.01,0.013,19.0,75.45,2026-02-24 20:58:33+05:30,1.0,2414.0,3,-1.0,-0.278,16841.67,16.8417,19.6,0.017,-10.37,36.85,0.0118,1433.6,1.434,1445.36,18.858,62.81,decel,-0.0059,0.0098,0.0135,0
15:28:36.218,1386.0,17,341.42,1771946914,-0.003,-0.003,-0.003,18.0,75.47,2026-02-24 20:58:34+05:30,1.0,2415.0,3,-0.5,-0.139,16846.39,16.8464,20.08,0.005,-35.26,-35.26,0.0131,1358.5,1.358,1445.74,18.863,62.81,cruise,-0.0028,-0.004,-0.0014,0
15:28:37.219,1387.0,17,329.7,1771946915,0.003,-0.013,-0.013,18.24,75.47,2026-02-24 20:58:35+05:30,1.0,2416.0,3,0.0,0.0,16851.11,16.8511,19.39,0.019,9.27,-44.26,0.01,1376.6,1.377,1446.12,18.868,62.8,cruise,0.0034,-0.0108,-0.0161,0
15:28:38.219,1388.0,17,333.28,1771946916,0.013,-0.003,-0.023,19.4,75.44,2026-02-24 20:58:36+05:30,1.0,2417.0,3,0.0,0.0,16855.83,16.8558,19.6,0.027,29.27,-6.48,0.0051,1463.5,1.464,1446.53,18.873,62.8,cruise,0.015,-0.0049,-0.0202,0
15:28:39.218,1389.0,17,344.16,1771946917,0.027,-0.0,-0.02,20.96,75.41,2026-02-24 20:58:37+05:30,1.0,2418.0,3,1.0,0.278,16860.56,16.8606,20.24,0.034,53.47,-0.0,0.0017,1580.6,1.581,1446.97,18.879,62.79,accel,0.0219,0.0008,-0.0194,0
15:28:40.218,1390.0,19,365.36,1771946918,0.007,-0.003,-0.023,21.95,75.39,2026-02-24 20:58:38+05:30,1.0,2419.0,3,1.5,0.417,16865.83,16.8658,19.23,0.024,16.79,-7.11,0.0017,1654.8,1.655,1447.43,18.885,62.78,accel,0.0138,-0.0036,-0.027,0
15:28:41.218,1391.0,20,399.74,1771946919,0.01,-0.013,-0.023,23.79,75.35,2026-02-24 20:58:39+05:30,1.0,2420.0,3,2.0,0.556,16871.39,16.8714,19.99,0.028,20.73,-27.4,0.0248,1792.6,1.793,1447.92,18.892,62.77,accel,0.0019,-0.0122,-0.0219,0
15:28:42.219,1392.0,23,444.78,1771946920,-0.007,-0.017,0.02,25.88,75.31,2026-02-24 20:58:40+05:30,1.0,2421.0,3,2.0,0.556,16877.78,16.8778,19.34,0.027,-14.93,-38.74,0.057,1949.0,1.949,1448.47,18.899,62.77,accel,0.0027,-0.0172,0.0272,0
15:28:43.219,1393.0,24,474.78,1771946921,0.023,-0.017,0.09,28.05,75.26,2026-02-24 20:58:41+05:30,1.0,2422.0,3,1.0,0.278,16884.44,16.8844,19.78,0.094,14.1,-10.37,0.0351,2111.0,2.111,1449.05,18.907,62.76,accel,0.0137,-0.0182,0.0788,0
15:28:44.218,1394.0,25,493.04,1771946922,0.02,-0.02,0.05,28.2,75.26,2026-02-24 20:58:42+05:30,1.0,2423.0,3,1.0,0.278,16891.39,16.8914,19.72,0.057,20.37,-20.37,0.0415,2122.3,2.122,1449.64,18.915,62.75,accel,0.026,-0.0172,0.0594,0
15:28:45.218,1395.0,26,498.62,1771946923,0.043,-0.013,0.007,30.54,75.21,2026-02-24 20:58:43+05:30,1.0,2424.0,3,0.0,0.0,16898.61,16.8986,19.18,0.045,71.05,-16.61,0.0415,2296.9,2.297,1450.28,18.923,62.74,cruise,0.0411,-0.0167,-0.0041,0
15:28:46.218,1396.0,25,497.02,1771946924,0.053,-0.023,-0.033,30.24,75.21,2026-02-24 20:58:44+05:30,1.0,2425.0,3,-0.5,-0.139,16905.56,16.9056,19.88,0.067,52.8,-20.22,0.0332,2274.4,2.274,1450.91,18.931,62.73,cruise,0.0537,-0.0189,-0.0168,0
15:28:47.219,1397.0,25,487.38,1771946925,0.053,-0.017,0.033,30.24,75.21,2026-02-24 20:58:45+05:30,1.0,2426.0,3,-0.5,-0.139,16912.5,16.9125,19.5,0.065,54.99,-15.23,0.035,2274.4,2.274,1451.54,18.94,62.72,cruise,0.0502,-0.0212,0.0202,0
15:28:48.219,1398.0,24,477.06,1771946926,0.03,-0.023,0.02,27.4,75.27,2026-02-24 20:58:46+05:30,1.0,2427.0,3,-0.5,-0.139,16919.17,16.9192,19.88,0.043,44.55,-32.53,0.0293,2062.4,2.062,1452.12,18.947,62.71,cruise,0.0349,-0.0188,0.0213,0
15:28:49.218,1399.0,24,468.96,1771946927,0.027,-0.01,-0.023,27.16,75.27,2026-02-24 20:58:47+05:30,1.0,2428.0,3,0.0,0.0,16925.83,16.9258,19.54,0.037,47.11,-15.75,0.0261,2044.3,2.044,1452.68,18.955,62.7,cruise,0.0222,-0.0136,-0.0187,0
15:28:50.218,1400.0,24,463.48,1771946928,0.007,-0.017,-0.027,25.56,75.3,2026-02-24 20:58:48+05:30,1.0,2429.0,3,-0.5,-0.139,16932.5,16.9325,19.31,0.033,12.37,-31.36,0.0129,1924.7,1.925,1453.22,18.962,62.69,cruise,0.0109,-0.014,-0.028,0
15:28:51.218,1401.0,23,452.64,1771946929,0.0,-0.017,-0.003,24.0,75.33,2026-02-24 20:58:49+05:30,1.0,2430.0,3,-1.0,-0.278,16938.89,16.9389,19.68,0.017,0.0,-79.99,0.0139,1807.9,1.808,1453.72,18.969,62.68,decel,-0.0038,-0.0202,-0.0043,0
15:28:52.219,1402.0,22,439.94,1771946930,-0.017,-0.023,-0.003,23.0,75.35,2026-02-24 20:58:50+05:30,1.0,2431.0,3,-0.5,-0.139,16945.0,16.945,20.0,0.029,-36.24,-53.11,0.0115,1733.0,1.733,1454.2,18.975,62.68,cruise,-0.0134,-0.0196,-0.0041,0
15:28:53.219,1403.0,22,428.22,1771946931,-0.01,-0.003,-0.023,23.0,75.35,2026-02-24 20:58:51+05:30,1.0,2432.0,3,-0.5,-0.139,16951.11,16.9511,19.46,0.025,-23.32,-6.82,0.0115,1733.0,1.733,1454.68,18.982,62.67,cruise,-0.0122,-0.0057,-0.0217,0
15:28:54.218,1404.0,21,417.16,1771946932,-0.007,0.007,-0.003,22.0,75.37,2026-02-24 20:58:52+05:30,1.0,2433.0,3,-0.5,-0.139,16956.94,16.9569,19.86,0.01,-42.59,42.59,0.045,1658.1,1.658,1455.14,18.988,62.66,cruise,-0.0067,0.0087,-0.0009,0
15:28:55.218,1405.0,21,407.28,1771946933,0.0,0.01,0.063,22.0,75.37,2026-02-24 20:58:53+05:30,1.0,2434.0,3,-0.5,-0.139,16962.78,16.9628,19.39,0.064,0.0,9.02,0.0568,1658.1,1.658,1455.61,18.994,62.65,cruise,0.0,0.0091,0.0601,0
15:28:56.219,1406.0,20,397.74,1771946934,0.01,0.003,0.11,21.8,75.37,2026-02-24 20:58:54+05:30,1.0,2435.0,3,-0.5,-0.139,16968.33,16.9683,19.89,0.11,5.19,1.56,0.0332,1643.1,1.643,1456.06,19.0,62.65,cruise,0.0112,0.0017,0.1098,0
15:28:57.219,1407.0,20,386.6,1771946935,0.02,-0.003,0.127,22.6,75.35,2026-02-24 20:58:55+05:30,1.0,2436.0,3,-0.5,-0.139,16973.89,16.9739,19.33,0.129,8.95,-1.34,0.0201,1702.9,1.703,1456.53,19.006,62.64,cruise,0.0188,0.0018,0.1294,0
15:28:58.218,1408.0,19,380.08,1771946936,0.017,0.013,0.15,21.36,75.38,2026-02-24 20:58:56+05:30,1.0,2437.0,3,-0.5,-0.139,16979.17,16.9792,20.0,0.152,6.44,4.92,0.0161,1610.1,1.61,1456.98,19.012,62.63,cruise,0.0155,0.0064,0.1463,0
15:28:59.218,1409.0,19,373.0,1771946937,0.01,-0.003,0.158,20.8,75.39,2026-02-24 20:58:57+05:30,1.0,2438.0,3,0.0,0.0,16984.44,16.9844,19.63,0.158,3.62,-1.09,0.0066,1568.1,1.568,1457.42,19.018,62.63,cruise,0.0144,0.0028,0.1644,0
15:29:00.219,1410.0,19,372.64,1771946938,0.033,-0.0,0.145,22.79,75.35,2026-02-24 20:58:58+05:30,1.0,2439.0,3,0.0,0.0,16989.72,16.9897,19.61,0.149,12.82,-0.0,0.0693,1717.2,1.717,1457.89,19.024,62.62,cruise,0.0275,-0.0047,0.1374,0
15:29:01.219,1411.0,19,378.88,1771946939,0.037,-0.01,0.032,23.25,75.34,2026-02-24 20:58:59+05:30,1.0,2440.0,3,0.5,0.139,16995.0,16.995,19.94,0.05,47.82,-11.55,0.1175,1751.7,1.752,1458.38,19.031,62.61,cruise,0.0425,-0.0051,0.0365,0
15:29:02.219,1412.0,20,384.36,1771946940,0.05,0.003,-0.09,25.29,75.29,2026-02-24 20:59:00+05:30,1.0,2441.0,3,0.5,0.139,17000.56,17.0006,19.22,0.103,29.04,1.67,0.1017,1904.1,1.904,1458.91,19.038,62.6,cruise,0.0439,-0.0024,-0.0911,0
15:29:03.218,1413.0,20,390.62,1771946941,0.03,-0.007,-0.17,23.85,75.32,2026-02-24 20:59:01+05:30,1.0,2442.0,3,0.5,0.139,17006.11,17.0061,19.53,0.173,10.0,-2.32,0.0504,1796.4,1.796,1459.41,19.044,62.6,cruise,0.0362,-0.0025,-0.1702,0
15:29:04.218,1414.0,21,402.24,1771946942,0.037,0.003,-0.183,25.32,75.29,2026-02-24 20:59:02+05:30,1.0,2443.0,3,0.5,0.139,17011.94,17.0119,19.15,0.187,11.43,0.92,0.015,1906.3,1.906,1459.94,19.051,62.59,cruise,0.032,-0.0,-0.1806,0
15:29:05.218,1415.0,21,404.9,1771946943,0.03,0.007,-0.153,24.49,75.31,2026-02-24 20:59:03+05:30,1.0,2444.0,3,0.0,0.0,17017.78,17.0178,19.28,0.156,11.08,2.57,0.0193,1844.3,1.844,1460.45,19.058,62.58,cruise,0.0334,0.0093,-0.1586,0
15:29:06.219,1416.0,21,405.92,1771946944,0.037,0.023,-0.147,25.17,75.29,2026-02-24 20:59:04+05:30,1.0,2445.0,3,0.0,0.0,17023.61,17.0236,19.33,0.153,13.96,8.63,0.0119,1895.0,1.895,1460.98,19.065,62.57,cruise,0.0346,0.0205,-0.1401,0
15:29:07.219,1417.0,21,413.22,1771946945,0.03,0.023,-0.13,24.64,75.3,2026-02-24 20:59:05+05:30,1.0,2446.0,3,0.0,0.0,17029.44,17.0294,19.68,0.135,12.8,9.78,0.0089,1855.4,1.855,1461.49,19.072,62.56,cruise,0.0321,0.0256,-0.1356,0
15:29:08.218,1418.0,21,415.32,1771946946,0.03,0.017,-0.143,24.56,75.3,2026-02-24 20:59:06+05:30,1.0,2447.0,3,0.0,0.0,17035.28,17.0353,19.78,0.147,11.77,6.64,0.0065,1849.4,1.849,1462.01,19.079,62.55,cruise,0.0271,0.0159,-0.1401,0
15:29:09.218,1419.0,21,419.76,1771946947,0.017,-0.007,-0.137,23.7,75.32,2026-02-24 20:59:07+05:30,1.0,2448.0,3,0.5,0.139,17041.11,17.0411,19.99,0.138,7.06,-2.9,0.0119,1785.1,1.785,1462.5,19.085,62.55,cruise,0.0221,-0.0087,-0.138,0
15:29:10.218,1420.0,22,428.88,1771946948,0.027,-0.03,-0.12,25.5,75.28,2026-02-24 20:59:08+05:30,1.0,2449.0,3,0.5,0.139,17047.22,17.0472,19.49,0.127,12.31,-13.71,0.0238,1919.6,1.92,1463.04,19.092,62.54,cruise,0.0191,-0.0268,-0.1187,0
15:29:11.218,1421.0,22,433.48,1771946949,0.01,-0.017,-0.09,23.9,75.31,2026-02-24 20:59:09+05:30,1.0,2450.0,3,0.0,0.0,17053.33,17.0533,19.7,0.092,6.23,-10.63,0.0238,1799.9,1.8,1463.54,19.099,62.53,cruise,0.0199,-0.019,-0.0923,0
15:29:12.219,1422.0,22,433.06,1771946950,0.03,-0.0,-0.073,25.4,75.28,2026-02-24 20:59:10+05:30,1.0,2451.0,3,0.0,0.0,17059.44,17.0594,19.68,0.079,22.34,-0.0,0.0201,1912.1,1.912,1464.07,19.106,62.52,cruise,0.0207,0.0008,-0.071,0
15:29:13.219,1423.0,22,433.36,1771946951,0.007,0.007,-0.05,23.58,75.31,2026-02-24 20:59:11+05:30,1.0,2452.0,3,0.0,0.0,17065.56,17.0656,19.7,0.051,7.89,7.89,0.0201,1775.8,1.776,1464.56,19.113,62.51,cruise,0.0136,0.0056,-0.0513,0
15:29:14.218,1424.0,22,433.66,1771946952,0.007,-0.007,-0.033,23.56,75.31,2026-02-24 20:59:12+05:30,1.0,2453.0,3,0.0,0.0,17071.67,17.0717,19.71,0.034,11.72,-11.72,0.0165,1774.3,1.774,1465.05,19.119,62.51,cruise,0.0031,-0.0051,-0.031,0
15:29:15.218,1425.0,22,427.86,1771946953,0.0,-0.01,-0.017,23.0,75.32,2026-02-24 20:59:13+05:30,1.0,2454.0,3,0.0,0.0,17077.78,17.0778,19.45,0.02,0.0,-30.47,0.0081,1732.4,1.732,1465.53,19.126,62.5,cruise,0.0022,-0.0117,-0.0201,0
15:29:16.219,1426.0,22,421.72,1771946954,0.01,-0.007,-0.023,23.8,75.31,2026-02-24 20:59:14+05:30,1.0,2455.0,3,-0.5,-0.139,17083.89,17.0839,19.17,0.026,22.58,-15.59,0.0035,1792.4,1.792,1466.03,19.132,62.49,cruise,0.0091,-0.0049,-0.0204,0
15:29:17.219,1427.0,21,415.74,1771946955,0.007,0.01,-0.017,22.56,75.33,2026-02-24 20:59:15+05:30,1.0,2456.0,3,-0.5,-0.139,17089.72,17.0897,19.8,0.021,19.54,28.54,0.005,1699.4,1.699,1466.5,19.138,62.48,cruise,0.0077,0.0069,-0.0183,0
15:29:18.218,1428.0,21,404.84,1771946956,-0.003,0.007,-0.013,22.0,75.34,2026-02-24 20:59:16+05:30,1.0,2457.0,3,-0.5,-0.139,17095.56,17.0956,19.28,0.015,-11.49,27.68,0.0023,1657.5,1.657,1466.96,19.145,62.48,cruise,-0.006,0.0113,-0.0117,0
15:29:19.218,1429.0,20,392.08,1771946957,-0.023,0.01,-0.017,21.0,75.36,2026-02-24 20:59:17+05:30,1.0,2458.0,3,-1.0,-0.278,17101.11,17.1011,19.6,0.03,-49.39,19.27,0.0203,1582.6,1.583,1467.4,19.15,62.47,decel,-0.0168,0.0048,-0.0188,0
15:29:20.219,1430.0,19,379.92,1771946958,-0.01,-0.007,-0.05,20.0,75.38,2026-02-24 20:59:18+05:30,1.0,2459.0,3,-0.5,-0.139,17106.39,17.1064,20.0,0.051,-11.2,-7.82,0.033,1507.6,1.508,1467.82,19.156,62.46,cruise,-0.0173,-0.0026,-0.0486,0
15:29:21.219,1431.0,19,371.46,1771946959,-0.02,-0.0,-0.083,20.0,75.38,2026-02-24 20:59:19+05:30,1.0,2460.0,3,0.0,0.0,17111.67,17.1117,19.55,0.085,-13.55,-0.0,0.0286,1507.6,1.508,1468.24,19.161,62.46,cruise,-0.0143,-0.0014,-0.084,0
15:29:22.218,1432.0,19,368.02,1771946960,-0.003,0.003,-0.107,20.0,75.37,2026-02-24 20:59:20+05:30,1.0,2461.0,3,0.0,0.0,17116.94,17.1169,19.37,0.107,-1.61,1.61,0.0159,1507.4,1.507,1468.66,19.167,62.45,cruise,-0.0066,0.0016,-0.1056,0
15:29:23.219,1433.0,19,366.72,1771946961,0.01,-0.003,-0.113,20.84,75.36,2026-02-24 20:59:21+05:30,1.0,2462.0,3,0.0,0.0,17122.22,17.1222,19.3,0.113,5.06,-1.51,0.0065,1570.5,1.571,1469.1,19.173,62.44,cruise,0.0121,-0.001,-0.1145,0
15:29:24.219,1434.0,19,369.44,1771946962,0.03,-0.0,-0.12,22.55,75.32,2026-02-24 20:59:22+05:30,1.0,2463.0,3,0.0,0.0,17127.5,17.1275,19.44,0.124,14.04,-0.0,0.004,1698.5,1.698,1469.57,19.179,62.44,cruise,0.0299,-0.0018,-0.1197,0
15:29:25.218,1435.0,19,372.64,1771946963,0.027,-0.0,-0.12,22.3,75.33,2026-02-24 20:59:23+05:30,1.0,2464.0,3,0.0,0.0,17132.78,17.1328,19.61,0.123,12.68,-0.0,0.0058,1679.9,1.68,1470.03,19.185,62.43,cruise,0.0251,0.0029,-0.1193,0
15:29:26.219,1436.0,19,375.0,1771946964,-0.003,0.01,-0.11,20.04,75.37,2026-02-24 20:59:24+05:30,1.0,2465.0,3,0.0,0.0,17138.06,17.1381,19.74,0.11,-1.56,5.19,0.01,1510.4,1.51,1470.45,19.191,62.42,cruise,-0.0009,0.005,-0.1103,0
15:29:27.219,1437.0,19,374.32,1771946965,-0.017,-0.0,-0.1,20.04,75.37,2026-02-24 20:59:25+05:30,1.0,2466.0,3,0.0,0.0,17143.33,17.1433,19.7,0.101,-9.65,-0.0,0.0068,1510.4,1.51,1470.87,19.196,62.42,cruise,-0.0186,0.0059,-0.1007,0
15:29:28.218,1438.0,19,376.42,1771946966,-0.01,0.023,-0.097,20.1,75.37,2026-02-24 20:59:26+05:30,1.0,2467.0,3,0.0,0.0,17148.61,17.1486,19.81,0.1,-5.73,13.27,0.0051,1514.9,1.515,1471.29,19.202,62.41,cruise,-0.0079,0.0174,-0.096,0
15:29:29.218,1439.0,19,378.26,1771946967,0.02,0.027,-0.09,21.73,75.33,2026-02-24 20:59:27+05:30,1.0,2468.0,3,0.0,0.0,17153.89,17.1539,19.91,0.096,12.02,16.32,0.0085,1636.9,1.637,1471.75,19.208,62.4,cruise,0.0171,0.0335,-0.0905,0
15:29:30.219,1440.0,19,381.5,1771946968,0.027,0.04,-0.08,22.32,75.32,2026-02-24 20:59:28+05:30,1.0,2469.0,3,0.5,0.139,17159.17,17.1592,20.08,0.093,16.8,25.35,0.0085,1681.1,1.681,1472.22,19.214,62.4,cruise,0.0297,0.0317,-0.0798,0
15:29:31.219,1441.0,20,384.64,1771946969,0.023,-0.0,-0.073,23.0,75.3,2026-02-24 20:59:29+05:30,1.0,2470.0,3,0.5,0.139,17164.72,17.1647,19.23,0.077,17.49,-0.0,0.007,1731.9,1.732,1472.7,19.221,62.39,cruise,0.0208,0.0084,-0.0728,0
15:29:32.218,1442.0,20,387.76,1771946970,0.003,-0.01,-0.087,21.28,75.34,2026-02-24 20:59:30+05:30,1.0,2471.0,3,0.0,0.0,17170.28,17.1703,19.39,0.088,1.96,-6.55,0.028,1603.2,1.603,1473.14,19.227,62.38,cruise,0.0043,-0.0165,-0.0868,0
15:29:33.219,1443.0,20,386.06,1771946971,0.0,-0.03,-0.127,21.0,75.34,2026-02-24 20:59:31+05:30,1.0,2472.0,3,-0.5,-0.139,17175.83,17.1758,19.3,0.13,0.0,-13.29,0.0482,1582.1,1.582,1473.58,19.232,62.37,cruise,-0.0003,-0.026,-0.1286,0
15:29:34.219,1444.0,19,379.34,1771946972,0.01,-0.017,-0.183,20.8,75.35,2026-02-24 20:59:32+05:30,1.0,2473.0,3,-0.5,-0.139,17181.11,17.1811,19.97,0.184,3.11,-5.3,0.0437,1567.3,1.567,1474.02,19.238,62.37,cruise,0.0104,-0.0192,-0.1805,0
15:29:35.218,1445.0,19,370.58,1771946973,0.023,-0.01,-0.213,21.84,75.32,2026-02-24 20:59:33+05:30,1.0,2474.0,3,-0.5,-0.139,17186.39,17.1864,19.5,0.214,6.16,-2.67,0.0225,1645.0,1.645,1474.47,19.244,62.36,cruise,0.0216,-0.0079,-0.2154,0
15:29:36.218,1446.0,18,360.6,1771946974,0.02,-0.003,-0.227,72.6,74.3,2026-02-24 20:59:34+05:30,1.0,2475.0,3,-1.0,-0.278,17191.39,17.1914,20.03,0.228,5.03,-0.75,0.0072,5394.2,5.394,1475.97,19.264,62.34,decel,0.022,-0.0065,-0.2245,0
15:29:37.219,1447.0,17,2450.4,1771946975,0.02,-0.02,-0.217,71.5,74.32,2026-02-24 20:59:35+05:30,1.0,2476.0,3,-0.5,-0.139,17196.11,17.1961,144.14,0.219,5.24,-5.24,0.0072,5313.9,5.314,1477.45,19.284,62.31,cruise,0.0178,-0.0154,-0.2196,0
15:29:38.219,1448.0,17,2436.46,1771946976,0.02,-0.017,-0.213,19.6,75.36,2026-02-24 20:59:36+05:30,1.0,2477.0,3,-0.5,-0.139,17200.83,17.2008,143.32,0.215,5.35,-4.54,0.0089,1477.1,1.477,1477.86,19.29,62.31,cruise,0.0219,-0.0218,-0.2112,0
15:29:39.218,1449.0,16,2420.62,1771946977,0.037,-0.023,-0.2,19.96,75.35,2026-02-24 20:59:37+05:30,1.0,2478.0,3,-1.0,-0.278,17205.28,17.2053,151.29,0.205,10.41,-6.45,0.0115,1504.0,1.504,1478.28,19.295,62.3,decel,0.0363,-0.0185,-0.2003,0
15:29:40.219,1450.0,15,2407.06,1771946978,0.047,-0.007,-0.19,19.76,75.35,2026-02-24 20:59:38+05:30,1.0,2479.0,3,-0.5,-0.139,17209.44,17.2094,160.47,0.196,13.89,-2.05,0.0068,1488.9,1.489,1478.69,19.301,62.29,cruise,0.0466,-0.0107,-0.1902,0
15:29:41.219,1451.0,15,2392.1,1771946979,0.04,-0.01,-0.187,19.2,75.36,2026-02-24 20:59:39+05:30,1.0,2480.0,3,-0.5,-0.139,17213.61,17.2136,159.47,0.191,12.06,-2.99,0.003,1446.9,1.447,1479.09,19.306,62.29,cruise,0.0407,-0.0079,-0.1875,0
15:29:42.219,1452.0,14,274.82,1771946980,0.027,-0.013,-0.193,17.16,75.4,2026-02-24 20:59:40+05:30,1.0,2481.0,3,-1.0,-0.278,17217.5,17.2175,19.63,0.195,7.95,-3.82,0.0035,1293.9,1.294,1479.45,19.311,62.28,decel,0.0257,-0.0134,-0.1914,0
15:29:43.218,1453.0,13,261.56,1771946981,0.013,-0.02,-0.193,15.04,75.45,2026-02-24 20:59:41+05:30,1.0,2482.0,3,-0.5,-0.139,17221.11,17.2211,20.12,0.194,3.83,-5.9,0.0017,1134.8,1.135,1479.77,19.315,62.28,cruise,0.0156,-0.0212,-0.195,0
15:29:44.219,1454.0,13,255.38,1771946982,0.013,-0.023,-0.19,15.04,75.45,2026-02-24 20:59:42+05:30,1.0,2483.0,3,0.0,0.0,17224.72,17.2247,19.64,0.192,3.89,-6.89,0.024,1134.8,1.135,1480.08,19.319,62.27,cruise,0.0099,-0.0212,-0.188,0
15:29:45.219,1455.0,13,253.18,1771946983,0.0,-0.01,-0.15,14.05,75.46,2026-02-24 20:59:43+05:30,1.0,2484.0,3,0.0,0.0,17228.33,17.2283,19.48,0.15,0.0,-3.81,0.0557,1060.2,1.06,1480.38,19.323,62.27,cruise,0.0019,-0.011,-0.1526,0
15:29:46.219,1456.0,13,257.44,1771946984,-0.003,-0.0,-0.08,14.54,75.45,2026-02-24 20:59:44+05:30,1.0,2485.0,3,0.5,0.139,17231.94,17.2319,19.8,0.08,-2.15,-0.0,0.0854,1097.0,1.097,1480.68,19.327,62.26,cruise,-0.0036,-0.0005,-0.0765,0
15:29:47.218,1457.0,14,274.8,1771946985,-0.003,-0.0,0.02,16.06,75.42,2026-02-24 20:59:45+05:30,1.0,2486.0,3,1.0,0.278,17235.83,17.2358,19.63,0.02,-8.53,-0.0,0.0808,1211.2,1.211,1481.02,19.332,62.26,accel,-0.0025,0.0013,0.0177,0
15:29:48.219,1458.0,15,299.88,1771946986,-0.003,-0.003,0.08,17.22,75.4,2026-02-24 20:59:46+05:30,1.0,2487.0,3,1.0,0.278,17240.0,17.24,19.99,0.08,-2.15,-2.15,0.0379,1298.4,1.298,1481.38,19.336,62.25,accel,-0.0035,-0.0043,0.0804,0
15:29:49.219,1459.0,16,323.76,1771946987,-0.01,-0.01,0.09,17.98,75.38,2026-02-24 20:59:47+05:30,1.0,2488.0,3,1.0,0.278,17244.44,17.2444,20.24,0.091,-6.3,-6.3,0.0085,1355.3,1.355,1481.76,19.341,62.25,accel,-0.0108,-0.0097,0.0895,0
15:29:50.219,1460.0,17,339.04,1771946988,-0.017,-0.01,0.073,18.6,75.37,2026-02-24 20:59:48+05:30,1.0,2489.0,3,1.0,0.278,17249.17,17.2492,19.94,0.076,-12.99,-7.6,0.0108,1401.9,1.402,1482.14,19.347,62.24,accel,-0.0143,-0.0088,0.0742,0
15:29:51.218,1461.0,18,347.78,1771946989,-0.007,-0.0,0.07,19.24,75.36,2026-02-24 20:59:49+05:30,1.0,2490.0,3,0.5,0.139,17254.17,17.2542,19.32,0.07,-5.71,-0.0,0.0051,1449.9,1.45,1482.55,19.352,62.23,cruise,-0.0097,-0.0025,0.0699,0
15:29:52.218,1462.0,18,348.48,1771946990,-0.003,-0.0,0.08,19.0,75.36,2026-02-24 20:59:50+05:30,1.0,2491.0,3,0.0,0.0,17259.17,17.2592,19.36,0.08,-2.15,-0.0,0.0085,1431.8,1.432,1482.95,19.357,62.23,cruise,-0.0023,0.0034,0.079,0
15:29:53.219,1463.0,18,347.26,1771946991,0.007,0.01,0.087,19.56,75.35,2026-02-24 20:59:51+05:30,1.0,2492.0,3,0.0,0.0,17264.17,17.2642,19.29,0.088,4.57,6.54,0.0051,1473.8,1.474,1483.35,19.363,62.22,cruise,0.008,0.0061,0.0875,0
15:29:54.219,1464.0,18,344.94,1771946992,0.02,0.003,0.09,20.64,75.32,2026-02-24 20:59:52+05:30,1.0,2493.0,3,0.0,0.0,17269.17,17.2692,19.16,0.092,12.52,1.86,0.0017,1554.6,1.555,1483.79,19.368,62.21,cruise,0.0193,0.007,0.0909,0
15:29:55.218,1465.0,18,348.7,1771946993,0.017,0.01,0.09,20.63,75.32,2026-02-24 20:59:53+05:30,1.0,2494.0,3,0.0,0.0,17274.17,17.2742,19.37,0.092,10.63,6.23,0.0075,1553.9,1.554,1484.22,19.374,62.21,cruise,0.0166,0.0066,0.0885,0
15:29:56.218,1466.0,18,355.66,1771946994,-0.003,-0.0,0.077,19.25,75.35,2026-02-24 20:59:54+05:30,1.0,2495.0,3,0.0,0.0,17279.17,17.2792,19.76,0.077,-2.23,-0.0,0.014,1450.5,1.45,1484.62,19.379,62.2,cruise,-0.0029,0.0026,0.078,0
15:29:57.219,1467.0,18,358.74,1771946995,-0.017,-0.003,0.062,19.0,75.35,2026-02-24 20:59:55+05:30,1.0,2496.0,3,0.0,0.0,17284.17,17.2842,19.93,0.064,-15.32,-2.67,0.016,1431.6,1.432,1485.02,19.385,62.19,cruise,-0.0168,-0.005,0.062,0
15:29:58.219,1468.0,18,347.7,1771946996,-0.013,-0.013,0.045,19.0,75.35,2026-02-24 20:59:56+05:30,1.0,2497.0,3,-0.5,-0.139,17289.17,17.2892,19.32,0.049,-15.51,-15.51,0.0185,1431.6,1.432,1485.42,19.39,62.19,cruise,-0.0116,-0.0113,0.0445,0
15:29:59.219,1469.0,17,330.26,1771946997,-0.003,-0.01,0.025,18.0,75.37,2026-02-24 20:59:57+05:30,1.0,2498.0,3,-0.5,-0.139,17293.89,17.2939,19.43,0.027,-6.36,-21.66,0.0176,1356.7,1.357,1485.79,19.395,62.18,cruise,-0.0054,-0.0115,0.0258,0
15:30:00.218,1470.0,17,326.66,1771946998,-0.01,-0.007,0.01,18.0,75.37,2026-02-24 20:59:58+05:30,1.0,2499.0,3,0.0,0.0,17298.61,17.2986,19.22,0.016,-39.33,-26.33,0.014,1356.7,1.357,1486.17,19.4,62.18,cruise,-0.0103,-0.0057,0.0087,0
15:30:01.219,1471.0,17,326.96,1771946999,-0.013,0.003,-0.003,18.17,75.37,2026-02-24 20:59:59+05:30,1.0,2500.0,3,0.0,0.0,17303.33,17.3033,19.23,0.014,-71.93,12.67,0.0072,1369.5,1.369,1486.55,19.405,62.17,cruise,-0.0087,0.002,-0.0011,0
15:30:02.219,1472.0,17,333.38,1771947000,0.013,0.007,-0.002,19.53,75.34,2026-02-24 21:00:00+05:30,1.0,2501.0,3,0.5,0.139,17308.06,17.3081,19.61,0.015,60.75,28.02,0.0015,1471.4,1.471,1486.96,19.41,62.16,cruise,0.0073,0.0076,-0.0036,0
15:30:03.219,1473.0,18,346.6,1771947001,0.01,0.01,-0.005,20.56,75.32,2026-02-24 21:00:01+05:30,1.0,2502.0,3,1.0,0.278,17313.06,17.3131,19.26,0.015,41.81,41.81,0.0017,1548.6,1.549,1487.39,19.416,62.16,accel,0.0151,0.0096,-0.0044,0
15:30:04.218,1474.0,19,363.9,1771947002,0.007,0.008,-0.005,20.56,75.32,2026-02-24 21:00:02+05:30,1.0,2503.0,3,-9.0,-2.5,17318.33,17.3183,19.15,0.012,36.58,42.92,0.0012,1548.6,1.549,1487.82,19.422,62.15,decel,0.0018,0.0083,-0.0049,0
15:30:06.057,1080933501.0,0,0.0,1771947004,-0.018,0.005,-0.003,1.0,75.71,2026-02-24 21:00:04+05:30,2.0,2505.0,3,-9.5,-2.639,17318.33,17.3183,,0.019,-72.05,15.32,0.0025,75.7,0.076,1487.86,19.422,62.15,idle,-0.0129,0.0048,-0.0031,1
15:30:07.056,3879058500.0,0,0.0,1771947006,-0.006,0.003,-0.0,1.0,75.71,2026-02-24 21:00:06+05:30,2.0,2507.0,3,0.0,0.0,17318.33,17.3183,,0.007,-63.43,26.57,0.0017,75.7,0.076,1487.9,19.423,62.15,idle,-0.0092,0.0026,-0.0003,1
15:30:08.056,3019717771.0,0,0.0,1771947008,0.006,0.003,-0.0,1.0,75.71,2026-02-24 21:00:08+05:30,2.0,2509.0,3,0.0,0.0,17318.33,17.3183,,0.007,63.43,26.57,0.0,75.7,0.076,1487.95,19.424,62.15,idle,0.0069,0.0043,0.0007,1
15:30:09.057,394017803.0,0,0.0,1771947010,0.018,0.007,0.0,1.0,75.71,2026-02-24 21:00:10+05:30,2.0,2511.0,3,8.5,2.361,17318.33,17.3183,,0.019,68.75,21.25,0.004,75.7,0.076,1487.99,19.424,62.15,idle,0.0183,0.0056,-0.001,1
15:30:14.219,1484.0,17,331.1,1771947012,0.019,0.002,-0.007,27.8,75.17,2026-02-24 21:00:12+05:30,2.0,2513.0,3,8.5,2.361,17327.78,17.3278,19.48,0.02,69.03,5.64,0.0051,2089.7,2.09,1489.15,19.44,62.13,accel,0.0189,0.0023,-0.0054,0
15:30:15.219,1485.0,17,331.3,1771947013,0.017,-0.003,-0.01,19.36,75.34,2026-02-24 21:00:13+05:30,1.0,2514.0,3,0.0,0.0,17332.5,17.3325,19.49,0.02,58.44,-8.65,0.0085,1458.6,1.459,1489.55,19.445,62.12,cruise,0.0154,-0.0018,-0.0124,0
15:30:16.218,1486.0,17,329.22,1771947014,0.013,-0.0,-0.023,19.04,75.34,2026-02-24 21:00:14+05:30,1.0,2515.0,3,-0.5,-0.139,17337.22,17.3372,19.37,0.026,29.48,-0.0,0.0075,1434.5,1.434,1489.95,19.45,62.12,cruise,0.0172,-0.0019,-0.0199,0
15:30:17.219,1487.0,16,324.88,1771947015,0.03,-0.003,-0.023,68.19,74.36,2026-02-24 21:00:15+05:30,1.0,2516.0,3,-0.5,-0.139,17341.67,17.3417,20.3,0.038,52.29,-4.54,0.0098,5070.6,5.071,1491.36,19.469,62.1,cruise,0.0237,-0.0012,-0.0264,0
15:30:18.218,1488.0,16,2280.64,1771947016,0.02,-0.003,-0.04,67.32,74.37,2026-02-24 21:00:16+05:30,1.0,2517.0,3,0.0,0.0,17346.11,17.3461,142.54,0.045,26.5,-3.84,0.017,5006.6,5.007,1492.75,19.488,62.07,cruise,0.0273,-0.0043,-0.0369,0
15:30:19.219,1489.0,16,2273.54,1771947017,0.033,-0.013,-0.057,19.64,75.32,2026-02-24 21:00:17+05:30,1.0,2518.0,3,0.0,0.0,17350.56,17.3506,142.1,0.067,29.44,-11.17,0.0165,1479.3,1.479,1493.16,19.493,62.07,cruise,0.0252,-0.0122,-0.0581,0
15:30:20.219,1490.0,16,2274.76,1771947018,0.01,-0.02,-0.073,17.95,75.36,2026-02-24 21:00:18+05:30,1.0,2519.0,3,0.0,0.0,17355.0,17.355,142.17,0.076,7.53,-15.19,0.0085,1352.7,1.353,1493.54,19.498,62.06,cruise,0.018,-0.0204,-0.0767,0
15:30:21.219,1491.0,16,2279.68,1771947019,0.01,-0.02,-0.07,18.1,75.35,2026-02-24 21:00:19+05:30,1.0,2520.0,3,0.0,0.0,17359.44,17.3594,142.48,0.073,7.82,-15.79,0.024,1363.8,1.364,1493.92,19.503,62.05,cruise,0.0033,-0.0201,-0.0629,0
15:30:22.219,1492.0,16,2286.74,1771947020,-0.017,-0.007,-0.03,17.0,75.37,2026-02-24 21:00:20+05:30,1.0,2521.0,3,0.0,0.0,17363.89,17.3639,142.92,0.035,-28.89,-11.48,0.0201,1281.3,1.281,1494.27,19.508,62.05,cruise,-0.014,-0.0062,-0.0336,0
15:30:23.219,1493.0,16,325.48,1771947021,-0.017,0.013,-0.047,17.0,75.37,2026-02-24 21:00:21+05:30,1.0,2522.0,3,0.5,0.139,17368.33,17.3683,20.34,0.052,-19.22,14.58,0.015,1281.3,1.281,1494.63,19.513,62.04,cruise,-0.0159,0.0121,-0.0473,0
15:30:24.219,1494.0,17,326.48,1771947022,0.003,0.017,-0.06,18.24,75.35,2026-02-24 21:00:22+05:30,1.0,2523.0,3,0.0,0.0,17373.06,17.3731,19.2,0.062,2.75,15.8,0.0299,1374.4,1.374,1495.01,19.518,62.04,cruise,0.0005,0.0179,-0.0687,0
15:30:25.219,1495.0,16,322.96,1771947023,0.013,0.01,-0.003,18.04,75.35,2026-02-24 21:00:23+05:30,1.0,2524.0,3,-0.5,-0.139,17377.5,17.3775,20.18,0.017,51.23,36.85,0.144,1359.3,1.359,1495.39,19.523,62.03,cruise,0.0148,0.0076,0.021,0
15:30:26.218,1496.0,16,322.0,1771947024,0.017,-0.01,0.213,18.36,75.34,2026-02-24 21:00:24+05:30,1.0,2525.0,3,0.0,0.0,17381.94,17.3819,20.12,0.214,4.56,-2.68,0.1204,1383.2,1.383,1495.77,19.528,62.03,cruise,0.0152,-0.0054,0.1873,0
15:30:27.219,1497.0,16,322.06,1771947025,0.007,-0.007,0.197,17.77,75.35,2026-02-24 21:00:25+05:30,1.0,2526.0,3,0.5,0.139,17386.39,17.3864,20.13,0.197,2.03,-2.03,0.0824,1339.0,1.339,1496.14,19.533,62.02,cruise,0.0099,-0.0124,0.2165,0
15:30:28.219,1498.0,17,330.48,1771947026,0.007,-0.02,0.063,18.94,75.33,2026-02-24 21:00:26+05:30,1.0,2527.0,3,0.5,0.139,17391.11,17.3911,19.44,0.066,6.05,-17.51,0.1713,1426.8,1.427,1496.54,19.538,62.01,cruise,0.0038,-0.0153,0.0406,0
15:30:29.218,1499.0,17,337.3,1771947027,-0.007,-0.007,-0.143,18.49,75.34,2026-02-24 21:00:27+05:30,1.0,2528.0,3,0.5,0.139,17395.83,17.3958,19.84,0.143,-2.8,-2.8,0.1033,1393.0,1.393,1496.93,19.543,62.01,cruise,-0.0046,-0.0109,-0.1197,0
15:30:30.219,1500.0,18,350.06,1771947028,-0.003,0.003,-0.053,19.66,75.31,2026-02-24 21:00:28+05:30,1.0,2529.0,3,0.5,0.139,17400.83,17.4008,19.45,0.053,-3.23,3.23,0.1446,1480.6,1.481,1497.34,19.549,62.0,cruise,-0.0049,0.0065,-0.0613,0
15:30:31.219,1501.0,18,363.54,1771947029,0.013,0.03,0.14,20.82,75.29,2026-02-24 21:00:29+05:30,1.0,2530.0,3,0.5,0.139,17405.83,17.4058,20.2,0.144,5.19,12.04,0.1476,1567.5,1.568,1497.77,19.554,61.99,cruise,0.0149,0.0275,0.1324,0
15:30:32.218,1502.0,19,381.4,1771947030,0.04,0.033,0.237,23.98,75.22,2026-02-24 21:00:30+05:30,1.0,2531.0,3,1.0,0.278,17411.11,17.4111,20.07,0.243,9.49,7.82,0.0534,1803.8,1.804,1498.28,19.561,61.99,accel,0.04,0.0339,0.2493,0
15:30:33.219,1503.0,20,394.7,1771947031,0.043,0.023,0.227,24.96,75.2,2026-02-24 21:00:31+05:30,1.0,2532.0,3,1.0,0.278,17416.67,17.4167,19.74,0.232,10.67,5.69,0.0764,1877.0,1.877,1498.8,19.568,61.98,accel,0.04,0.0229,0.2153,0
15:30:34.219,1504.0,21,402.22,1771947032,0.013,0.01,0.1,23.21,75.24,2026-02-24 21:00:32+05:30,1.0,2533.0,3,0.0,0.0,17422.5,17.4225,19.15,0.101,7.37,5.66,0.0955,1746.3,1.746,1499.28,19.575,61.97,cruise,0.0164,0.0101,0.1094,0
15:30:35.219,1505.0,20,401.54,1771947033,0.007,0.007,0.04,21.56,75.27,2026-02-24 21:00:33+05:30,1.0,2534.0,3,-0.5,-0.139,17428.06,17.4281,20.08,0.041,9.78,9.78,0.0429,1622.8,1.623,1499.73,19.581,61.96,cruise,0.0051,0.007,0.0341,0
15:30:36.219,1506.0,20,389.1,1771947034,0.02,0.01,0.017,22.6,75.25,2026-02-24 21:00:34+05:30,1.0,2535.0,3,-0.5,-0.139,17433.61,17.4336,19.46,0.028,45.4,20.86,0.0115,1700.6,1.701,1500.21,19.587,61.96,cruise,0.0212,0.0097,0.0214,0
15:30:37.219,1507.0,19,369.1,1771947035,0.037,0.007,0.03,22.96,75.24,2026-02-24 21:00:35+05:30,1.0,2536.0,3,-1.0,-0.278,17438.89,17.4389,19.43,0.048,50.22,8.36,0.0135,1727.5,1.728,1500.69,19.593,61.95,decel,0.0367,0.0076,0.0268,0
15:30:38.219,1508.0,18,356.42,1771947036,0.03,-0.0,0.003,21.4,75.27,2026-02-24 21:00:36+05:30,1.0,2537.0,3,-0.5,-0.139,17443.89,17.4439,19.8,0.03,84.29,-0.0,0.0353,1610.8,1.611,1501.13,19.599,61.94,cruise,0.0277,-0.0015,0.003,0
15:30:39.219,1509.0,18,355.16,1771947037,0.007,-0.01,-0.04,19.56,75.3,2026-02-24 21:00:37+05:30,1.0,2538.0,3,0.0,0.0,17448.89,17.4489,19.73,0.042,9.64,-13.83,0.0293,1472.9,1.473,1501.54,19.605,61.94,cruise,0.0108,-0.0079,-0.038,0
15:30:40.219,1510.0,18,354.8,1771947038,0.013,-0.003,-0.053,20.04,75.29,2026-02-24 21:00:38+05:30,1.0,2539.0,3,0.0,0.0,17453.89,17.4539,19.71,0.055,13.76,-3.15,0.0065,1508.8,1.509,1501.96,19.61,61.93,cruise,0.011,-0.0049,-0.055,0
15:30:41.219,1511.0,18,354.52,1771947039,0.02,-0.003,-0.047,20.6,75.28,2026-02-24 21:00:39+05:30,1.0,2540.0,3,0.0,0.0,17458.89,17.4589,19.7,0.051,23.01,-3.36,0.0136,1550.8,1.551,1502.39,19.616,61.92,cruise,0.0198,-0.0011,-0.0435,0
15:30:42.219,1512.0,18,346.18,1771947040,0.017,-0.003,-0.027,20.36,75.28,2026-02-24 21:00:40+05:30,1.0,2541.0,3,-0.5,-0.139,17463.89,17.4639,19.23,0.032,32.04,-5.37,0.01,1532.7,1.533,1502.82,19.621,61.92,cruise,0.0172,-0.0058,-0.0331,0
15:30:43.219,1513.0,17,328.16,1771947041,0.007,-0.017,-0.037,18.56,75.32,2026-02-24 21:00:41+05:30,1.0,2542.0,3,-1.5,-0.417,17468.61,17.4686,19.3,0.041,9.75,-24.3,0.0085,1397.9,1.398,1503.21,19.627,61.91,decel,0.0073,-0.0137,-0.0313,0
15:30:44.219,1514.0,15,298.68,1771947042,0.003,-0.013,-0.02,16.24,75.36,2026-02-24 21:00:42+05:30,1.0,2543.0,3,-2.0,-0.556,17472.78,17.4728,19.91,0.024,7.17,-32.73,0.0137,1223.8,1.224,1503.55,19.631,61.9,decel,0.0035,-0.0155,-0.0221,0
15:30:45.218,1515.0,13,263.36,1771947043,0.01,-0.017,-0.01,14.8,75.39,2026-02-24 21:00:43+05:30,1.0,2544.0,3,-1.5,-0.417,17476.39,17.4764,20.26,0.022,26.89,-50.24,0.0051,1115.8,1.116,1503.86,19.635,61.9,decel,0.0078,-0.0155,-0.0105,0
15:30:46.219,1516.0,12,238.12,1771947044,0.01,-0.02,-0.013,13.8,75.41,2026-02-24 21:00:44+05:30,1.0,2545.0,3,-1.0,-0.278,17479.72,17.4797,19.84,0.026,22.74,-50.65,0.0068,1040.7,1.041,1504.14,19.639,61.9,decel,0.0135,-0.0213,-0.0133,0
15:30:47.219,1517.0,11,223.36,1771947045,0.013,-0.027,-0.023,13.04,75.43,2026-02-24 21:00:45+05:30,1.0,2546.0,3,-0.5,-0.139,17482.78,17.4828,20.31,0.038,20.13,-45.62,0.005,983.6,0.984,1504.42,19.643,61.89,cruise,0.01,-0.0262,-0.0215,0
15:30:48.219,1518.0,11,228.18,1771947046,-0.01,-0.017,-0.017,13.06,75.43,2026-02-24 21:00:46+05:30,1.0,2547.0,3,1.0,0.278,17485.83,17.4858,20.74,0.026,-22.58,-40.76,0.005,985.1,0.985,1504.69,19.646,61.89,accel,-0.0092,-0.017,-0.0181,0
15:30:49.219,1519.0,13,265.72,1771947047,-0.03,0.003,-0.013,16.12,75.36,2026-02-24 21:00:47+05:30,1.0,2548.0,3,2.5,0.694,17489.44,17.4894,20.44,0.033,-66.02,5.24,0.0023,1214.8,1.215,1505.03,19.651,61.88,accel,-0.0296,0.0029,-0.0122,0
15:30:50.219,1520.0,16,312.9,1771947048,-0.03,0.013,-0.017,19.08,75.3,2026-02-24 21:00:48+05:30,1.0,2549.0,3,2.5,0.694,17493.89,17.4939,19.56,0.037,-54.5,20.66,0.0089,1436.7,1.437,1505.43,19.656,61.88,accel,-0.03,0.0131,-0.0188,0
15:30:51.219,1521.0,18,349.04,1771947049,-0.017,0.003,-0.03,20.78,75.27,2026-02-24 21:00:49+05:30,1.0,2550.0,3,2.0,0.556,17498.89,17.4989,19.39,0.035,-29.42,4.97,0.0068,1564.1,1.564,1505.86,19.662,61.87,accel,-0.0165,0.0021,-0.0283,0
15:30:52.219,1522.0,20,384.16,1771947050,-0.007,-0.017,-0.027,22.32,75.24,2026-02-24 21:00:50+05:30,1.0,2551.0,3,1.0,0.278,17504.44,17.5044,19.21,0.033,-12.37,-31.36,0.0091,1679.4,1.679,1506.33,19.668,61.86,accel,-0.0098,-0.0156,-0.0257,0
15:30:53.219,1523.0,20,401.8,1771947051,-0.013,-0.02,-0.013,21.07,75.26,2026-02-24 21:00:51+05:30,1.0,2552.0,3,0.0,0.0,17510.0,17.51,20.09,0.027,-28.59,-47.41,0.0081,1585.7,1.586,1506.77,19.674,61.85,cruise,-0.0091,-0.0205,-0.0181,0
15:30:54.219,1524.0,20,386.86,1771947052,0.0,-0.013,-0.027,69.52,74.29,2026-02-24 21:00:52+05:30,1.0,2553.0,3,-0.5,-0.139,17515.56,17.5156,19.34,0.03,0.0,-25.71,0.0081,5164.6,5.165,1508.2,19.693,61.83,cruise,-0.0025,-0.0133,-0.019,0
15:30:55.219,1525.0,19,2342.6,1771947053,0.003,-0.007,-0.013,68.58,74.3,2026-02-24 21:00:53+05:30,1.0,2554.0,3,-1.0,-0.278,17520.83,17.5208,123.29,0.015,11.49,-27.68,0.0072,5095.5,5.095,1509.62,19.712,61.81,decel,0.0037,-0.007,-0.0227,0
15:30:56.219,1526.0,18,2320.4,1771947054,0.0,-0.007,-0.023,19.0,75.29,2026-02-24 21:00:54+05:30,1.0,2555.0,3,-1.0,-0.278,17525.83,17.5258,128.91,0.024,0.0,-16.93,0.0115,1430.5,1.431,1510.02,19.718,61.8,decel,-0.0004,-0.0064,-0.0141,0
15:30:57.219,1527.0,17,2297.96,1771947055,-0.007,-0.007,0.0,18.0,75.31,2026-02-24 21:00:55+05:30,1.0,2556.0,3,-1.0,-0.278,17530.56,17.5306,135.17,0.01,-45.0,-45.0,0.0115,1355.6,1.356,1510.39,19.723,61.8,decel,-0.0067,-0.0079,-0.0034,0
15:30:58.219,1528.0,16,2278.34,1771947056,-0.007,-0.01,-0.01,17.0,75.33,2026-02-24 21:00:56+05:30,1.0,2557.0,3,-1.0,-0.278,17535.0,17.535,142.4,0.016,-26.33,-39.33,0.0051,1280.6,1.281,1510.75,19.727,61.79,decel,-0.0058,-0.0089,-0.0119,0
15:30:59.219,1529.0,15,2260.58,1771947057,-0.003,-0.007,-0.003,16.0,75.35,2026-02-24 21:00:57+05:30,1.0,2558.0,3,-1.0,-0.278,17539.17,17.5392,150.71,0.008,-21.5,-58.78,0.0065,1205.6,1.206,1511.08,19.732,61.79,decel,-0.0055,-0.0083,-0.0081,0
15:31:00.219,1530.0,14,272.1,1771947058,-0.013,-0.007,0.003,15.0,75.37,2026-02-24 21:00:58+05:30,1.0,2559.0,3,-0.5,-0.139,17543.06,17.5431,19.44,0.015,-59.64,-27.68,0.029,1130.6,1.131,1511.4,19.736,61.78,cruise,-0.011,-0.0059,0.0288,0
15:31:01.219,1531.0,14,275.72,1771947059,-0.01,-0.007,0.05,15.35,75.36,2026-02-24 21:00:59+05:30,1.0,2560.0,3,0.0,0.0,17546.94,17.5469,19.69,0.051,-11.2,-7.82,0.0767,1156.8,1.157,1511.72,19.74,61.78,cruise,-0.011,-0.0067,0.0121,0
15:31:02.219,1532.0,14,286.14,1771947060,-0.003,-0.013,-0.1,15.56,75.36,2026-02-24 21:01:00+05:30,1.0,2561.0,3,0.5,0.139,17550.83,17.5508,20.44,0.101,-1.7,-7.4,0.0839,1172.6,1.173,1512.05,19.745,61.77,cruise,-0.0011,-0.0154,-0.0789,0
15:31:03.219,1533.0,15,298.0,1771947061,0.01,-0.027,-0.09,17.59,75.32,2026-02-24 21:01:01+05:30,1.0,2562.0,3,1.0,0.278,17555.0,17.555,19.87,0.094,6.07,-16.6,0.0896,1324.9,1.325,1512.41,19.749,61.77,accel,0.006,-0.0238,-0.0831,0
15:31:04.219,1534.0,16,317.7,1771947062,0.003,-0.017,0.06,18.29,75.3,2026-02-24 21:01:02+05:30,1.0,2563.0,3,1.0,0.278,17559.44,17.5594,19.86,0.062,2.75,-15.8,0.0919,1377.2,1.377,1512.8,19.754,61.76,accel,0.0075,-0.0191,0.0432,0
15:31:05.219,1535.0,17,340.14,1771947063,0.017,-0.007,0.077,20.27,75.26,2026-02-24 21:01:03+05:30,1.0,2564.0,3,1.0,0.278,17564.17,17.5642,20.01,0.079,12.4,-5.07,0.0309,1525.5,1.526,1513.22,19.76,61.75,accel,0.014,-0.0063,0.0945,0
15:31:06.219,1536.0,18,354.04,1771947064,0.02,-0.0,0.017,20.63,75.25,2026-02-24 21:01:04+05:30,1.0,2565.0,3,0.0,0.0,17569.17,17.5692,19.67,0.026,49.64,-0.0,0.1104,1552.4,1.552,1513.65,19.766,61.75,cruise,0.0218,-0.0001,-0.0158,0
15:31:07.219,1537.0,17,341.16,1771947065,0.017,-0.003,-0.137,19.36,75.28,2026-02-24 21:01:05+05:30,1.0,2566.0,3,-0.5,-0.139,17573.89,17.5739,20.07,0.138,7.07,-1.24,0.0889,1457.4,1.457,1514.06,19.771,61.74,cruise,0.0158,-0.0034,-0.0896,0
15:31:08.219,1538.0,17,338.74,1771947066,0.0,-0.007,0.017,18.0,75.3,2026-02-24 21:01:06+05:30,1.0,2567.0,3,0.0,0.0,17578.61,17.5786,19.93,0.018,0.0,-22.38,0.0987,1355.4,1.355,1514.43,19.776,61.73,cruise,-0.0009,-0.0063,-0.016,0
15:31:09.219,1539.0,17,334.28,1771947067,-0.013,-0.003,0.047,18.0,75.3,2026-02-24 21:01:07+05:30,1.0,2568.0,3,-0.5,-0.139,17583.33,17.5833,19.66,0.049,-15.43,-3.52,0.0225,1355.4,1.355,1514.81,19.781,61.73,cruise,-0.0089,-0.0032,0.0493,0
15:31:10.219,1540.0,16,318.78,1771947068,0.003,-0.0,0.003,17.24,75.32,2026-02-24 21:01:08+05:30,1.0,2569.0,3,-0.5,-0.139,17587.78,17.5878,19.92,0.004,45.0,-0.0,0.0327,1298.5,1.299,1515.17,19.786,61.72,cruise,-0.003,-0.0007,0.0142,0
15:31:11.219,1541.0,16,307.82,1771947069,0.0,-0.007,-0.017,17.0,75.32,2026-02-24 21:01:09+05:30,1.0,2570.0,3,0.0,0.0,17592.22,17.5922,19.24,0.018,0.0,-22.38,0.0103,1280.4,1.28,1515.52,19.791,61.72,cruise,0.0056,-0.0057,-0.0204,0
15:31:12.219,1542.0,16,316.62,1771947070,0.013,-0.013,-0.003,18.21,75.29,2026-02-24 21:01:10+05:30,1.0,2571.0,3,0.0,0.0,17596.67,17.5967,19.79,0.019,44.26,-44.26,0.0072,1371.0,1.371,1515.91,19.796,61.71,cruise,0.0091,-0.0148,-0.0082,0
15:31:13.219,1543.0,16,314.62,1771947071,0.003,-0.02,-0.007,17.24,75.31,2026-02-24 21:01:11+05:30,1.0,2572.0,3,0.0,0.0,17601.11,17.6011,19.66,0.021,8.06,-69.15,0.005,1298.3,1.298,1516.27,19.801,61.71,cruise,0.0054,-0.0179,-0.0027,0
15:31:14.219,1544.0,16,310.36,1771947072,0.0,-0.01,-0.013,17.0,75.32,2026-02-24 21:01:12+05:30,1.0,2573.0,3,0.0,0.0,17605.56,17.6056,19.4,0.016,0.0,-37.57,0.0035,1280.4,1.28,1516.62,19.805,61.7,cruise,-0.0019,-0.0114,-0.0132,0
15:31:15.219,1545.0,16,312.74,1771947073,-0.003,-0.003,-0.013,17.08,75.31,2026-02-24 21:01:13+05:30,1.0,2574.0,3,0.0,0.0,17610.0,17.61,19.55,0.014,-12.67,-12.67,0.0035,1286.3,1.286,1516.98,19.81,61.69,cruise,-0.0018,-0.0026,-0.0136,0
15:31:16.219,1546.0,16,313.42,1771947074,0.01,-0.0,-0.007,17.8,75.3,2026-02-24 21:01:14+05:30,1.0,2575.0,3,0.0,0.0,17614.44,17.6144,19.59,0.012,55.01,-0.0,0.003,1340.3,1.34,1517.35,19.815,61.69,cruise,0.0103,0.0002,-0.008,0
15:31:17.219,1547.0,16,312.78,1771947075,0.023,-0.003,-0.01,18.84,75.28,2026-02-24 21:01:15+05:30,1.0,2576.0,3,0.0,0.0,17618.89,17.6189,19.55,0.025,65.59,-6.82,0.0017,1418.3,1.418,1517.75,19.82,61.68,cruise,0.0214,-0.0033,-0.0079,0
15:31:18.219,1548.0,16,312.32,1771947076,0.017,-0.01,-0.007,18.36,75.29,2026-02-24 21:01:16+05:30,1.0,2577.0,3,0.0,0.0,17623.33,17.6233,19.52,0.021,54.32,-28.54,0.003,1382.3,1.382,1518.13,19.825,61.68,cruise,0.0186,-0.0095,-0.0092,0
15:31:19.219,1549.0,16,311.86,1771947077,0.01,-0.013,-0.013,17.8,75.3,2026-02-24 21:01:17+05:30,1.0,2578.0,3,0.0,0.0,17627.78,17.6278,19.49,0.021,28.54,-38.4,0.003,1340.3,1.34,1518.5,19.83,61.67,cruise,0.0084,-0.014,-0.01,0
15:31:20.219,1550.0,16,311.9,1771947078,0.0,-0.013,-0.01,17.08,75.31,2026-02-24 21:01:18+05:30,1.0,2579.0,3,0.0,0.0,17632.22,17.6322,19.49,0.016,0.0,-52.43,0.0068,1286.3,1.286,1518.86,19.835,61.66,cruise,0.0027,-0.0118,-0.0145,0
15:31:21.219,1551.0,16,315.04,1771947079,0.007,-0.003,-0.023,17.81,75.29,2026-02-24 21:01:19+05:30,1.0,2580.0,3,0.0,0.0,17636.67,17.6367,19.69,0.024,16.79,-7.11,0.0068,1340.9,1.341,1519.23,19.84,61.66,cruise,0.0031,-0.0036,-0.0182,0
15:31:22.219,1552.0,16,322.02,1771947080,0.003,0.003,-0.013,17.5,75.3,2026-02-24 21:01:20+05:30,1.0,2581.0,3,0.0,0.0,17641.11,17.6411,20.13,0.014,12.67,12.67,0.0051,1317.8,1.318,1519.6,19.845,61.65,cruise,0.0066,0.0024,-0.0163,0
15:31:23.220,1553.0,16,325.36,1771947081,0.013,-0.0,-0.02,18.04,75.29,2026-02-24 21:01:21+05:30,1.0,2582.0,3,0.0,0.0,17645.56,17.6456,20.34,0.024,33.02,-0.0,0.0035,1358.2,1.358,1519.98,19.85,61.65,cruise,0.0113,0.0014,-0.0175,0
15:31:24.219,1554.0,16,319.74,1771947082,0.01,-0.0,-0.017,17.8,75.29,2026-02-24 21:01:22+05:30,1.0,2583.0,3,0.0,0.0,17650.0,17.65,19.98,0.02,30.47,-0.0,0.0017,1340.2,1.34,1520.35,19.855,61.64,cruise,0.0097,-0.0019,-0.0219,0
15:31:25.219,1555.0,16,309.54,1771947083,0.0,-0.003,-0.02,17.0,75.31,2026-02-24 21:01:23+05:30,1.0,2584.0,3,-0.5,-0.139,17654.44,17.6544,19.35,0.02,0.0,-8.53,0.0206,1280.3,1.28,1520.7,19.86,61.64,cruise,0.0005,-0.0007,-0.0118,0
15:31:26.220,1556.0,15,289.46,1771947084,-0.003,0.007,0.017,16.0,75.33,2026-02-24 21:01:24+05:30,1.0,2585.0,3,-1.0,-0.278,17658.61,17.6586,19.3,0.019,-9.27,22.07,0.0191,1205.3,1.205,1521.04,19.864,61.63,decel,-0.003,0.0048,0.0092,0
15:31:27.219,1557.0,14,276.74,1771947085,0.007,0.007,0.007,15.56,75.33,2026-02-24 21:01:25+05:30,1.0,2586.0,3,-0.5,-0.139,17662.5,17.6625,19.77,0.012,35.26,35.26,0.0072,1172.1,1.172,1521.36,19.868,61.63,cruise,0.0071,0.0087,0.012,0
15:31:28.219,1558.0,14,275.3,1771947086,0.02,0.01,0.003,16.95,75.3,2026-02-24 21:01:26+05:30,1.0,2587.0,3,0.5,0.139,17666.39,17.6664,19.66,0.023,62.43,26.31,0.0163,1276.3,1.276,1521.72,19.873,61.62,cruise,0.0201,0.0084,-0.0028,0
15:31:29.220,1559.0,15,290.84,1771947087,0.027,0.003,-0.023,19.0,75.26,2026-02-24 21:01:27+05:30,1.0,2588.0,3,1.0,0.278,17670.56,17.6706,19.39,0.036,49.34,4.83,0.0142,1429.9,1.43,1522.12,19.878,61.61,accel,0.0252,0.0049,-0.0111,0
15:31:30.219,1560.0,16,309.0,1771947088,0.02,-0.0,0.0,19.57,75.25,2026-02-24 21:01:28+05:30,1.0,2589.0,3,1.0,0.278,17675.0,17.675,19.31,0.02,90.0,-0.0,0.0215,1472.6,1.473,1522.52,19.884,61.61,accel,0.024,-0.0022,-0.0169,0
15:31:31.219,1561.0,17,329.74,1771947089,0.023,-0.013,-0.043,20.79,75.22,2026-02-24 21:01:29+05:30,1.0,2590.0,3,1.0,0.278,17679.72,17.6797,19.4,0.05,27.11,-14.93,0.0225,1563.8,1.564,1522.96,19.889,61.6,accel,0.0181,-0.0111,-0.0276,0
15:31:32.219,1562.0,18,347.12,1771947090,0.003,-0.013,-0.01,19.96,75.24,2026-02-24 21:01:30+05:30,1.0,2591.0,3,0.5,0.139,17684.72,17.6847,19.28,0.017,10.37,-51.23,0.0237,1501.8,1.502,1523.38,19.895,61.59,cruise,0.0068,-0.0145,-0.0197,0
15:31:33.219,1563.0,18,358.7,1771947091,0.0,-0.01,0.003,19.4,75.25,2026-02-24 21:01:31+05:30,1.0,2592.0,3,0.0,0.0,17689.72,17.6897,19.93,0.01,0.0,-73.3,0.0075,1459.8,1.46,1523.78,19.9,61.59,cruise,-0.0024,-0.0084,0.0071,0
15:31:34.219,1564.0,18,363.0,1771947092,-0.003,0.003,-0.01,19.35,75.25,2026-02-24 21:01:32+05:30,1.0,2593.0,3,0.5,0.139,17694.72,17.6947,20.17,0.011,-16.03,16.03,0.0475,1456.1,1.456,1524.19,19.906,61.58,cruise,-0.0014,0.0014,-0.0072,0
15:31:35.219,1565.0,19,372.6,1771947093,0.006,0.006,-0.085,20.48,75.23,2026-02-24 21:01:33+05:30,1.0,2594.0,3,-9.0,-2.5,17700.0,17.7,19.61,0.085,4.03,4.03,0.0629,1540.7,1.541,1524.61,19.911,61.57,decel,0.005,0.007,-0.093,0
15:31:37.057,1154792648.0,0,0.0,1771947094,0.007,0.008,-0.135,1.0,75.62,2026-02-24 21:01:34+05:30,1.0,2595.0,3,-9.5,-2.639,17700.0,17.7,,0.135,2.96,3.39,0.0275,75.6,0.076,1524.63,19.912,61.57,idle,0.0072,0.0078,-0.139,1
15:31:38.057,688241608.0,0,0.0,1771947096,0.004,0.007,-0.09,1.0,75.62,2026-02-24 21:01:36+05:30,2.0,2597.0,3,0.0,0.0,17700.0,17.7,,0.09,2.54,4.44,0.045,75.6,0.076,1524.68,19.912,61.57,idle,0.0043,0.0068,-0.064,1
15:31:39.057,4197825428.0,0,0.0,1771947097,0.001,0.005,-0.045,1.0,75.62,2026-02-24 21:01:37+05:30,1.0,2598.0,3,0.0,0.0,17700.0,17.7,,0.045,1.27,6.34,0.0377,75.6,0.076,1524.7,19.913,61.57,idle,0.0009,0.0051,-0.048,1
15:31:40.056,1915567168.0,0,0.0,1771947099,-0.001,0.003,-0.015,1.0,75.62,2026-02-24 21:01:39+05:30,2.0,2600.0,3,0.0,0.0,17700.0,17.7,,0.015,-3.74,11.29,0.0229,75.6,0.076,1524.74,19.913,61.57,idle,-0.0011,0.0031,-0.1132,1
15:31:41.057,443300897.0,0,0.0,1771947100,-0.003,0.002,-0.0,1.0,75.62,2026-02-24 21:01:40+05:30,1.0,2601.0,3,0.0,0.0,17700.0,17.7,,0.004,-56.31,33.69,0.7186,75.6,0.076,1524.76,19.913,61.57,idle,-0.0029,0.0018,0.2057,1
15:31:42.057,3486301217.0,0,0.0,1771947100,-0.004,0.001,1.237,1.0,75.62,2026-02-24 21:01:40+05:30,0.0,2601.0,3,0.0,0.0,17700.0,17.7,,1.237,-0.19,0.05,0.7142,75.6,0.076,1524.76,19.913,61.57,idle,-0.004,0.001,1.0026,1
15:31:43.057,3634085010.0,0,0.0,1771947100,-0.004,0.0,1.237,1.0,75.62,2026-02-24 21:01:40+05:30,0.0,2601.0,3,0.0,0.0,17700.0,17.7,,1.237,-0.19,0.0,0.0,75.6,0.076,1524.76,19.913,61.57,idle,-0.004,0.0003,1.462,1
15:31:44.056,663567424.0,0,0.0,1771947100,-0.004,0.0,1.237,1.0,75.62,2026-02-24 21:01:40+05:30,0.0,2601.0,3,0.0,0.0,17700.0,17.7,,1.237,-0.19,0.0,0.7142,75.6,0.076,1524.76,19.913,61.57,idle,-0.0039,-0.0005,1.0007,1
15:31:45.056,712817697.0,0,0.0,1771947100,-0.004,0.0,0.0,1.0,75.62,2026-02-24 21:01:40+05:30,0.0,2601.0,3,0.0,0.0,17700.0,17.7,,0.004,-90.0,0.0,0.7116,75.6,0.076,1524.76,19.913,61.57,idle,-0.0041,0.0001,0.2081,1
15:31:46.057,4271684789.0,0,0.0,1771947100,-0.004,0.0,0.009,1.0,75.62,2026-02-24 21:01:40+05:30,0.0,2601.0,3,0.0,0.0,17700.0,17.7,,0.01,-23.96,0.0,0.0137,75.6,0.076,1524.76,19.913,61.57,idle,-0.0039,0.0011,-0.0902,1
15:31:47.057,3019750541.0,0,0.0,1771947100,-0.004,0.0,0.027,1.0,75.62,2026-02-24 21:01:40+05:30,0.0,2601.0,3,0.0,0.0,17700.0,17.7,,0.027,-8.43,0.0,0.0221,75.6,0.076,1524.76,19.913,61.57,idle,-0.0037,-0.0021,0.0224,1
15:31:49.050,1014838843.0,0,0.0,1771947100,-0.004,-0.01,0.053,1.0,75.62,2026-02-24 21:01:40+05:30,0.0,2601.0,3,8.0,2.222,17700.0,17.7,,0.054,-4.24,-10.66,0.0306,75.6,0.076,1524.76,19.913,61.57,idle,-0.0054,-0.0085,0.0819,1
15:31:53.219,1583.0,16,321.52,1771947111,-0.013,-0.013,0.088,25.14,75.13,2026-02-24 21:01:51+05:30,5.0,2606.0,3,8.5,2.361,17722.22,17.7222,20.1,0.09,-8.31,-8.31,0.0639,1888.8,1.889,1527.38,19.948,61.53,accel,-0.0104,-0.0119,0.0839,0
15:31:54.220,1584.0,17,325.76,1771947112,-0.018,-0.007,0.177,18.16,75.27,2026-02-24 21:01:52+05:30,1.0,2607.0,3,0.5,0.139,17726.94,17.7269,19.16,0.178,-5.8,-2.25,0.0704,1366.9,1.367,1527.76,19.953,61.53,cruise,-0.021,-0.0114,0.1639,0
15:31:55.219,1585.0,17,327.88,1771947113,-0.037,-0.017,0.227,18.08,75.27,2026-02-24 21:01:53+05:30,1.0,2608.0,3,0.0,0.0,17731.67,17.7317,19.29,0.231,-9.23,-4.23,0.0386,1360.9,1.361,1528.14,19.958,61.52,cruise,-0.0347,-0.0097,0.2381,0
15:31:56.219,1586.0,17,329.1,1771947114,-0.037,0.003,0.253,18.1,75.27,2026-02-24 21:01:54+05:30,1.0,2609.0,3,0.0,0.0,17736.39,17.7364,19.36,0.256,-8.32,0.67,0.0131,1362.4,1.362,1528.52,19.963,61.51,cruise,-0.0386,-0.0061,0.2463,0
15:31:57.219,1587.0,17,331.98,1771947115,-0.023,-0.01,0.237,18.19,75.27,2026-02-24 21:01:55+05:30,1.0,2610.0,3,0.0,0.0,17741.11,17.7411,19.53,0.238,-5.54,-2.4,0.0081,1369.2,1.369,1528.9,19.968,61.51,cruise,-0.0216,-0.0002,0.2437,0
15:31:58.219,1588.0,17,336.58,1771947116,0.007,0.013,0.247,18.75,75.25,2026-02-24 21:01:56+05:30,1.0,2611.0,3,0.0,0.0,17745.83,17.7458,19.8,0.247,1.62,3.01,0.0361,1410.9,1.411,1529.29,19.974,61.5,cruise,0.0069,0.004,0.2414,0
15:31:59.219,1589.0,17,339.46,1771947117,0.03,-0.003,0.18,20.56,75.22,2026-02-24 21:01:57+05:30,1.0,2612.0,3,0.0,0.0,17750.56,17.7506,19.97,0.183,9.46,-0.94,0.0904,1546.5,1.547,1529.72,19.979,61.49,cruise,0.0276,0.0036,0.184,0
15:32:00.219,1590.0,17,343.16,1771947118,0.03,0.007,0.068,20.52,75.22,2026-02-24 21:01:58+05:30,1.0,2613.0,3,0.0,0.0,17755.28,17.7553,20.19,0.075,23.69,5.38,0.1226,1543.5,1.544,1530.15,19.985,61.49,cruise,0.0345,0.0028,0.0614,0
15:32:01.219,1591.0,17,344.26,1771947119,0.037,-0.0,-0.065,20.96,75.21,2026-02-24 21:01:59+05:30,1.0,2614.0,3,0.0,0.0,17760.0,17.76,20.25,0.075,29.65,-0.0,0.0879,1576.4,1.576,1530.59,19.991,61.48,cruise,0.0324,0.0035,-0.0551,0
15:32:02.219,1592.0,17,343.14,1771947120,0.023,0.003,-0.098,19.84,75.23,2026-02-24 21:02:00+05:30,1.0,2615.0,3,0.0,0.0,17764.72,17.7647,20.18,0.101,13.2,1.71,0.0246,1492.6,1.493,1531.0,19.996,61.47,cruise,0.0262,-0.0008,-0.1063,0
15:32:03.219,1593.0,17,334.74,1771947121,0.027,-0.013,-0.113,20.16,75.22,2026-02-24 21:02:01+05:30,1.0,2616.0,3,0.0,0.0,17769.44,17.7694,19.69,0.117,13.35,-6.38,0.0076,1516.4,1.516,1531.42,20.002,61.47,cruise,0.0249,-0.0096,-0.1088,0
15:32:04.219,1594.0,17,327.28,1771947122,0.033,-0.01,-0.103,20.64,75.21,2026-02-24 21:02:02+05:30,1.0,2617.0,3,-0.5,-0.139,17774.17,17.7742,19.25,0.109,17.69,-5.28,0.0058,1552.3,1.552,1531.86,20.008,61.46,cruise,0.035,-0.0123,-0.1049,0
15:32:05.220,1595.0,16,317.3,1771947123,0.047,-0.01,-0.113,20.76,75.21,2026-02-24 21:02:03+05:30,1.0,2618.0,3,-0.5,-0.139,17778.61,17.7786,19.83,0.123,22.5,-4.67,0.0121,1561.4,1.561,1532.29,20.014,61.45,cruise,0.0456,-0.0082,-0.1116,0
15:32:06.219,1596.0,16,307.98,1771947124,0.043,-0.007,-0.127,20.44,75.21,2026-02-24 21:02:04+05:30,1.0,2619.0,3,-0.5,-0.139,17783.06,17.7831,19.25,0.134,18.68,-2.99,0.0171,1537.3,1.537,1532.72,20.019,61.45,cruise,0.0424,-0.0088,-0.128,0
15:32:07.219,1597.0,15,297.5,1771947125,0.027,-0.017,-0.147,18.16,75.26,2026-02-24 21:02:05+05:30,1.0,2620.0,3,-0.5,-0.139,17787.22,17.7872,19.83,0.15,10.34,-6.49,0.0166,1366.7,1.367,1533.1,20.024,61.44,cruise,0.0292,-0.016,-0.1472,0
15:32:08.219,1598.0,15,294.16,1771947126,0.02,-0.017,-0.16,17.6,75.27,2026-02-24 21:02:06+05:30,1.0,2621.0,3,0.0,0.0,17791.39,17.7914,19.61,0.162,7.09,-6.02,0.0075,1324.8,1.325,1533.46,20.029,61.44,cruise,0.018,-0.017,-0.1587,0
15:32:09.219,1599.0,15,294.18,1771947127,0.01,-0.007,-0.16,16.88,75.28,2026-02-24 21:02:07+05:30,1.0,2622.0,3,0.0,0.0,17795.56,17.7956,19.61,0.16,3.57,-2.5,0.0,1270.7,1.271,1533.82,20.034,61.43,cruise,0.0111,-0.0066,-0.1609,0
15:32:10.219,1600.0,15,297.52,1771947128,0.007,0.007,-0.16,16.79,75.28,2026-02-24 21:02:08+05:30,1.0,2623.0,3,0.0,0.0,17799.72,17.7997,19.83,0.16,2.5,2.5,0.0,1264.0,1.264,1534.17,20.038,61.43,cruise,0.0063,0.0051,-0.1609,0
15:32:11.219,1601.0,15,303.28,1771947129,0.003,0.007,-0.16,16.55,75.29,2026-02-24 21:02:09+05:30,1.0,2624.0,3,0.5,0.139,17803.89,17.8039,20.22,0.16,1.07,2.5,0.0098,1246.0,1.246,1534.51,20.043,61.42,cruise,0.0042,0.0096,-0.1578,0
15:32:12.220,1602.0,16,309.9,1771947130,0.007,0.007,-0.143,17.91,75.26,2026-02-24 21:02:10+05:30,1.0,2625.0,3,0.5,0.139,17808.33,17.8083,19.37,0.143,2.8,2.8,0.0137,1347.9,1.348,1534.89,20.048,61.41,cruise,0.0042,0.0051,-0.1453,0
15:32:13.219,1603.0,16,317.12,1771947131,-0.003,-0.01,-0.133,17.36,75.27,2026-02-24 21:02:11+05:30,1.0,2626.0,3,0.0,0.0,17812.78,17.8128,19.82,0.133,-1.29,-4.3,0.01,1306.7,1.307,1535.25,20.053,61.41,cruise,0.0022,-0.0091,-0.1303,0
15:32:14.219,1604.0,16,324.34,1771947132,0.003,-0.023,-0.123,17.51,75.26,2026-02-24 21:02:12+05:30,1.0,2627.0,3,0.5,0.139,17817.22,17.8172,20.27,0.125,1.37,-10.59,0.0072,1317.8,1.318,1535.62,20.058,61.4,cruise,-0.0049,-0.0243,-0.1267,0
15:32:15.220,1605.0,17,327.78,1771947133,-0.02,-0.027,-0.137,18.12,75.25,2026-02-24 21:02:13+05:30,1.0,2628.0,3,0.5,0.139,17821.94,17.8219,19.28,0.141,-8.15,-11.03,0.0072,1363.5,1.364,1536.0,20.063,61.4,cruise,-0.0103,-0.0245,-0.1331,0
15:32:16.219,1606.0,17,329.12,1771947134,0.01,-0.007,-0.133,18.86,75.23,2026-02-24 21:02:14+05:30,1.0,2629.0,3,0.0,0.0,17826.67,17.8267,19.36,0.134,4.29,-3.0,0.005,1418.8,1.419,1536.39,20.068,61.39,cruise,-0.0005,-0.0099,-0.1356,0
15:32:17.219,1607.0,17,330.36,1771947135,0.013,-0.003,-0.127,19.11,75.23,2026-02-24 21:02:15+05:30,1.0,2630.0,3,0.0,0.0,17831.39,17.8314,19.43,0.128,5.84,-1.35,0.0119,1437.6,1.438,1536.79,20.073,61.38,cruise,0.0241,-0.0003,-0.1265,0
15:32:18.220,1608.0,17,331.8,1771947136,0.053,-0.003,-0.11,22.24,75.16,2026-02-24 21:02:16+05:30,1.0,2631.0,3,0.0,0.0,17836.11,17.8361,19.52,0.122,25.72,-1.41,0.0238,1671.6,1.672,1537.25,20.08,61.38,cruise,0.0429,-0.0062,-0.1082,0
15:32:19.220,1609.0,17,328.06,1771947137,0.033,-0.02,-0.08,20.64,75.2,2026-02-24 21:02:17+05:30,1.0,2632.0,3,-0.5,-0.139,17840.83,17.8408,19.3,0.089,21.81,-13.01,0.0315,1552.1,1.552,1537.69,20.085,61.37,cruise,0.0394,-0.0164,-0.0833,0
15:32:20.219,1610.0,16,318.2,1771947138,0.023,-0.017,-0.047,18.84,75.23,2026-02-24 21:02:18+05:30,1.0,2633.0,3,-0.5,-0.139,17845.28,17.8453,19.89,0.055,24.71,-18.0,0.0386,1417.3,1.417,1538.08,20.09,61.36,cruise,0.0212,-0.0197,-0.0453,0
15:32:21.219,1611.0,16,310.78,1771947139,0.003,-0.023,-0.003,17.24,75.26,2026-02-24 21:02:19+05:30,1.0,2634.0,3,-0.5,-0.139,17849.72,17.8497,19.42,0.023,7.37,-79.55,0.0327,1297.5,1.297,1538.44,20.095,61.36,cruise,0.0023,-0.0213,-0.0,0
15:32:22.219,1612.0,15,304.22,1771947140,-0.01,-0.023,0.017,16.0,75.29,2026-02-24 21:02:20+05:30,1.0,2635.0,3,-0.5,-0.139,17853.89,17.8539,20.28,0.03,-19.27,-49.39,0.0236,1204.6,1.205,1538.77,20.1,61.35,cruise,-0.0096,-0.0251,0.0122,0
15:32:23.219,1613.0,15,296.36,1771947141,-0.01,-0.023,-0.03,16.0,75.29,2026-02-24 21:02:21+05:30,1.0,2636.0,3,0.0,0.0,17858.06,17.8581,19.76,0.039,-14.82,-36.03,0.0435,1204.6,1.205,1539.11,20.104,61.35,cruise,-0.0086,-0.0204,-0.0293,0
15:32:24.220,1614.0,15,292.64,1771947142,0.007,-0.003,-0.07,16.68,75.27,2026-02-24 21:02:22+05:30,1.0,2637.0,3,0.0,0.0,17862.22,17.8622,19.51,0.07,5.71,-2.44,0.0201,1255.5,1.256,1539.46,20.109,61.34,cruise,0.004,-0.0042,-0.0677,0
15:32:25.219,1615.0,15,301.24,1771947143,0.01,0.007,-0.047,17.29,75.26,2026-02-24 21:02:23+05:30,1.0,2638.0,3,0.5,0.139,17866.39,17.8664,20.08,0.049,11.88,8.29,0.0357,1301.2,1.301,1539.82,20.114,61.34,cruise,0.0144,0.0064,-0.0463,0
15:32:26.219,1616.0,16,312.1,1771947144,0.02,0.003,-0.0,19.11,75.22,2026-02-24 21:02:24+05:30,1.0,2639.0,3,0.5,0.139,17870.83,17.8708,19.51,0.02,81.47,8.53,0.0254,1437.5,1.437,1540.22,20.119,61.33,cruise,0.0139,0.0032,-0.0034,0
15:32:27.219,1617.0,16,321.8,1771947145,0.0,-0.0,-0.007,17.47,75.25,2026-02-24 21:02:25+05:30,1.0,2640.0,3,0.5,0.139,17875.28,17.8753,20.11,0.007,0.0,-0.0,0.0214,1314.6,1.315,1540.58,20.124,61.33,cruise,0.0075,0.0012,-0.0056,0
15:32:28.220,1618.0,17,330.8,1771947146,0.01,0.01,-0.04,19.15,75.22,2026-02-24 21:02:26+05:30,1.0,2641.0,3,0.5,0.139,17880.0,17.88,19.46,0.042,13.63,13.63,0.0281,1440.5,1.44,1540.98,20.129,61.32,cruise,0.0026,0.0087,-0.0411,0
15:32:29.219,1619.0,17,335.64,1771947147,-0.007,0.013,-0.063,18.04,75.24,2026-02-24 21:02:27+05:30,1.0,2642.0,3,0.0,0.0,17884.72,17.8847,19.74,0.065,-6.21,11.59,0.0142,1357.3,1.357,1541.36,20.134,61.31,cruise,-0.001,0.0135,-0.0573,0
15:32:30.219,1620.0,17,332.4,1771947148,-0.003,0.01,-0.037,18.0,75.24,2026-02-24 21:02:28+05:30,1.0,2643.0,3,-0.5,-0.139,17889.44,17.8894,19.55,0.038,-4.48,15.08,0.015,1354.3,1.354,1541.74,20.139,61.31,cruise,-0.0067,0.0092,-0.0467,0
15:32:31.220,1621.0,16,325.0,1771947149,-0.013,0.003,-0.037,17.0,75.26,2026-02-24 21:02:29+05:30,1.0,2644.0,3,-0.5,-0.139,17893.89,17.8939,20.31,0.039,-19.3,4.37,0.0173,1279.4,1.279,1542.09,20.144,61.3,cruise,-0.0123,0.0048,-0.029,0
15:32:32.219,1622.0,16,318.04,1771947150,-0.013,0.007,-0.007,17.0,75.26,2026-02-24 21:02:30+05:30,1.0,2645.0,3,0.0,0.0,17898.33,17.8983,19.88,0.016,-52.71,25.37,0.0225,1279.4,1.279,1542.45,20.149,61.3,cruise,-0.0111,0.0051,-0.009,0
15:32:33.219,1623.0,16,311.08,1771947151,0.0,0.003,0.007,17.0,75.26,2026-02-24 21:02:31+05:30,1.0,2646.0,3,-0.5,-0.139,17902.78,17.9028,19.44,0.008,0.0,23.2,0.0081,1279.4,1.279,1542.8,20.153,61.29,cruise,-0.003,0.0037,0.0038,0
15:32:34.219,1624.0,15,306.24,1771947152,0.0,-0.003,-0.007,16.0,75.27,2026-02-24 21:02:32+05:30,1.0,2647.0,3,-0.5,-0.139,17906.94,17.9069,20.42,0.008,0.0,-23.2,0.0103,1204.3,1.204,1543.14,20.158,61.29,cruise,0.003,-0.0026,-0.0026,0
15:32:35.219,1625.0,15,301.82,1771947153,0.007,-0.01,-0.013,16.56,75.26,2026-02-24 21:02:33+05:30,1.0,2648.0,3,0.0,0.0,17911.11,17.9111,20.12,0.018,23.11,-34.11,0.0081,1246.3,1.246,1543.48,20.162,61.28,cruise,0.0039,-0.0108,-0.0164,0
15:32:36.220,1626.0,15,297.68,1771947154,0.003,-0.017,-0.023,16.24,75.27,2026-02-24 21:02:34+05:30,1.0,2649.0,3,0.0,0.0,17915.28,17.9153,19.85,0.029,5.99,-36.24,0.0058,1222.4,1.222,1543.82,20.167,61.27,cruise,0.0059,-0.0167,-0.0203,0
15:32:37.219,1627.0,15,290.76,1771947155,0.01,-0.017,-0.013,16.8,75.26,2026-02-24 21:02:35+05:30,1.0,2650.0,3,-0.5,-0.139,17919.44,17.9194,19.38,0.024,25.05,-46.03,0.0068,1264.4,1.264,1544.17,20.171,61.27,cruise,0.0089,-0.0164,-0.0151,0
15:32:38.220,1628.0,14,280.92,1771947156,0.007,-0.01,-0.01,15.56,75.28,2026-02-24 21:02:36+05:30,1.0,2651.0,3,-0.5,-0.139,17923.33,17.9233,20.07,0.016,26.33,-39.33,0.0051,1171.4,1.171,1544.5,20.176,61.26,cruise,0.0053,-0.0109,-0.009,0
15:32:39.219,1629.0,14,274.54,1771947157,-0.007,-0.007,-0.003,15.0,75.29,2026-02-24 21:02:37+05:30,1.0,2652.0,3,0.0,0.0,17927.22,17.9272,19.61,0.01,-42.59,-42.59,0.0065,1129.4,1.129,1544.81,20.18,61.26,cruise,-0.0036,-0.0065,-0.0029,0
15:32:40.220,1630.0,14,271.46,1771947158,-0.007,-0.007,0.003,15.0,75.29,2026-02-24 21:02:38+05:30,1.0,2653.0,3,-0.5,-0.139,17931.11,17.9311,19.39,0.01,-42.59,-42.59,0.003,1129.4,1.129,1545.13,20.184,61.25,cruise,-0.01,-0.0071,0.0026,0
15:32:41.219,1631.0,13,262.98,1771947159,-0.013,-0.01,0.0,14.0,75.31,2026-02-24 21:02:39+05:30,1.0,2654.0,3,-0.5,-0.139,17934.72,17.9347,20.23,0.016,-52.43,-37.57,0.0051,1054.3,1.054,1545.42,20.188,61.25,cruise,-0.0116,-0.01,0.0009,0
15:32:42.219,1632.0,13,259.66,1771947160,-0.007,-0.01,-0.007,14.0,75.31,2026-02-24 21:02:40+05:30,1.0,2655.0,3,0.0,0.0,17938.33,17.9383,19.97,0.014,-29.83,-45.29,0.0101,1054.3,1.054,1545.71,20.192,61.24,cruise,-0.0072,-0.0106,-0.0093,0
15:32:43.220,1633.0,13,253.68,1771947161,0.003,-0.01,-0.02,14.24,75.3,2026-02-24 21:02:41+05:30,1.0,2656.0,3,0.0,0.0,17941.94,17.9419,19.51,0.023,7.64,-26.31,0.0075,1072.3,1.072,1546.01,20.196,61.24,cruise,0.0031,-0.0082,-0.0165,0
15:32:44.219,1634.0,13,250.98,1771947162,0.01,-0.007,-0.007,15.18,75.28,2026-02-24 21:02:42+05:30,1.0,2657.0,3,0.5,0.139,17945.56,17.9456,19.31,0.014,45.29,-29.83,0.0101,1142.8,1.143,1546.33,20.2,61.24,cruise,0.0097,-0.0093,-0.0104,0
15:32:45.219,1635.0,14,268.68,1771947163,0.003,-0.017,0.0,16.45,75.26,2026-02-24 21:02:43+05:30,1.0,2658.0,3,1.0,0.278,17949.44,17.9494,19.19,0.017,10.01,-79.99,0.007,1238.0,1.238,1546.67,20.205,61.23,accel,0.0031,-0.0157,0.0025,0
15:32:46.220,1636.0,15,299.24,1771947164,-0.01,-0.017,0.007,17.48,75.24,2026-02-24 21:02:44+05:30,1.0,2659.0,3,1.5,0.417,17953.61,17.9536,19.95,0.021,-28.54,-54.32,0.0051,1315.2,1.315,1547.04,20.209,61.22,accel,-0.0102,-0.0169,0.0063,0
15:32:47.220,1637.0,17,328.02,1771947165,-0.013,-0.007,-0.003,19.68,75.19,2026-02-24 21:02:45+05:30,1.0,2660.0,3,2.0,0.556,17958.33,17.9583,19.3,0.015,-59.64,-27.68,0.0175,1479.7,1.48,1547.45,20.215,61.22,accel,-0.0125,-0.0076,-0.0051,0
15:32:48.220,1638.0,19,366.32,1771947166,0.003,-0.0,-0.027,22.12,75.14,2026-02-24 21:02:46+05:30,1.0,2661.0,3,2.0,0.556,17963.61,17.9636,19.28,0.027,6.34,-0.0,0.0159,1662.1,1.662,1547.91,20.221,61.21,accel,0.0029,0.0008,-0.0226,0
15:32:49.219,1639.0,21,403.12,1771947167,0.023,-0.0,-0.033,25.02,75.08,2026-02-24 21:02:47+05:30,1.0,2662.0,3,1.0,0.278,17969.44,17.9694,19.2,0.04,34.88,-0.0,0.0159,1878.5,1.879,1548.43,20.228,61.2,accel,0.0224,-0.0017,-0.0376,0
15:32:50.219,1640.0,21,413.44,1771947168,0.027,-0.01,-0.057,24.38,75.09,2026-02-24 21:02:48+05:30,1.0,2663.0,3,0.0,0.0,17975.28,17.9753,19.69,0.064,25.01,-9.01,0.0175,1830.7,1.831,1548.94,20.235,61.19,cruise,0.0281,-0.008,-0.0535,0
15:32:51.219,1641.0,21,412.0,1771947169,0.02,-0.007,-0.067,23.6,75.11,2026-02-24 21:02:49+05:30,1.0,2664.0,3,0.0,0.0,17981.11,17.9811,19.62,0.07,16.54,-5.72,0.0081,1772.6,1.773,1549.43,20.241,61.19,cruise,0.0179,-0.0078,-0.0695,0
15:32:52.219,1642.0,21,406.54,1771947170,0.003,-0.003,-0.073,22.24,75.13,2026-02-24 21:02:50+05:30,1.0,2665.0,3,-0.5,-0.139,17986.94,17.9869,19.36,0.073,2.35,-2.35,0.0119,1670.9,1.671,1549.9,20.248,61.18,cruise,0.0058,-0.0038,-0.0714,0
15:32:53.220,1643.0,20,392.16,1771947171,0.004,-0.003,-0.05,21.32,75.15,2026-02-24 21:02:51+05:30,1.0,2666.0,3,-10.5,-2.917,17992.5,17.9925,19.61,0.05,4.57,-3.42,0.0266,1602.2,1.602,1550.34,20.253,61.17,decel,0.0019,-0.0017,-0.0504,0
15:32:55.057,1645952216.0,0,0.0,1771947172,0.002,-0.0,-0.02,1.0,75.56,2026-02-24 21:02:52+05:30,1.0,2667.0,3,-10.0,-2.778,17992.5,17.9925,,0.02,5.71,-0.0,0.0252,75.6,0.076,1550.36,20.254,61.17,idle,0.0026,-0.0008,-0.0198,1
15:32:56.057,3068968228.0,0,0.0,1771947174,0.003,0.0,0.0,1.0,75.56,2026-02-24 21:02:54+05:30,2.0,2669.0,3,0.0,0.0,17992.5,17.9925,,0.003,90.0,0.0,0.0115,75.6,0.076,1550.41,20.254,61.17,idle,0.0033,0.0001,-0.0011,1
15:32:57.057,786709466.0,0,0.0,1771947175,0.005,-0.0,0.0,1.0,75.56,2026-02-24 21:02:55+05:30,1.0,2670.0,3,0.0,0.0,17992.5,17.9925,,0.005,90.0,-0.0,0.0,75.6,0.076,1550.43,20.255,61.17,idle,0.0047,0.0002,0.0014,1
15:32:58.057,3529423715.0,0,0.0,1771947177,0.007,0.0,0.0,1.0,75.56,2026-02-24 21:02:57+05:30,2.0,2672.0,3,0.0,0.0,17992.5,17.9925,,0.007,90.0,0.0,0.0,75.6,0.076,1550.47,20.255,61.17,idle,0.007,-0.0001,-0.0006,1
15:32:59.057,3424763000.0,0,0.0,1771947178,0.008,-0.0,0.0,1.0,75.56,2026-02-24 21:02:58+05:30,1.0,2673.0,3,0.0,0.0,17992.5,17.9925,,0.008,90.0,-0.0,0.0,75.6,0.076,1550.49,20.255,61.17,idle,0.0081,0.0001,-0.0002,1
15:33:00.057,2627026184.0,0,0.0,1771947178,0.008,0.0,0.0,1.0,75.56,2026-02-24 21:02:58+05:30,0.0,2673.0,3,0.0,0.0,17992.5,17.9925,,0.008,90.0,0.0,0.0,75.6,0.076,1550.49,20.255,61.17,idle,0.0079,0.0,0.0005,1
15:33:01.057,2369731704.0,0,0.0,1771947178,0.008,0.0,0.0,1.0,75.56,2026-02-24 21:02:58+05:30,0.0,2673.0,3,0.0,0.0,17992.5,17.9925,,0.008,90.0,0.0,0.0,75.6,0.076,1550.49,20.255,61.17,idle,0.0079,-0.0002,-0.0003,1
15:33:02.057,3498589252.0,0,0.0,1771947178,0.008,0.0,0.0,1.0,75.56,2026-02-24 21:02:58+05:30,0.0,2673.0,3,0.0,0.0,17992.5,17.9925,,0.008,90.0,0.0,0.0,75.6,0.076,1550.49,20.255,61.17,idle,0.0083,0.0002,-0.0004,1
15:33:03.057,3228974256.0,0,0.0,1771947178,0.008,0.0,0.0,1.0,75.56,2026-02-24 21:02:58+05:30,0.0,2673.0,3,0.0,0.0,17992.5,17.9925,,0.008,90.0,0.0,0.0,75.6,0.076,1550.49,20.255,61.17,idle,0.0079,0.0003,0.0014,1
15:33:04.057,1964817415.0,0,0.0,1771947178,0.008,0.0,0.0,1.0,75.56,2026-02-24 21:02:58+05:30,0.0,2673.0,3,0.0,0.0,17992.5,17.9925,,0.008,90.0,0.0,0.0098,75.6,0.076,1550.49,20.255,61.17,idle,0.0075,-0.0011,-0.0015,1
15:33:05.057,2639346531.0,0,0.0,1771947178,0.012,0.0,-0.017,1.0,75.56,2026-02-24 21:02:58+05:30,0.0,2673.0,3,9.5,2.639,17992.5,17.9925,,0.021,35.22,0.0,0.0185,75.6,0.076,1550.49,20.255,61.17,idle,0.0127,0.001,-0.0166,1
15:33:10.220,1660.0,19,377.52,1771947188,0.023,0.01,-0.037,30.85,74.96,2026-02-24 21:03:08+05:30,5.0,2678.0,3,9.0,2.5,18018.89,18.0189,19.87,0.045,30.97,12.93,0.0153,2312.5,2.313,1553.7,20.298,61.12,accel,0.0232,0.0103,-0.0367,0
15:33:11.219,1661.0,18,360.58,1771947189,0.027,0.017,-0.047,21.16,75.15,2026-02-24 21:03:09+05:30,1.0,2679.0,3,-0.5,-0.139,18023.89,18.0239,20.03,0.057,28.38,17.41,0.0068,1590.2,1.59,1554.14,20.304,61.11,cruise,0.0259,0.0162,-0.0474,0
15:33:12.219,1662.0,18,349.24,1771947190,0.013,0.007,-0.05,20.04,75.17,2026-02-24 21:03:10+05:30,1.0,2680.0,3,-0.5,-0.139,18028.89,18.0289,19.4,0.052,14.44,7.72,0.0017,1506.4,1.506,1554.56,20.31,61.11,cruise,0.0139,0.0069,-0.0489,0
15:33:13.219,1663.0,17,343.86,1771947191,0.003,-0.01,-0.05,18.24,75.21,2026-02-24 21:03:11+05:30,1.0,2681.0,3,-0.5,-0.139,18033.61,18.0336,20.23,0.051,3.37,-11.29,0.0075,1371.8,1.372,1554.94,20.315,61.1,cruise,0.0019,-0.0089,-0.0526,0
15:33:14.219,1664.0,17,342.56,1771947192,0.0,-0.013,-0.063,18.05,75.21,2026-02-24 21:03:12+05:30,1.0,2682.0,3,0.5,0.139,18038.33,18.0383,20.15,0.064,0.0,-11.66,0.0068,1357.5,1.358,1555.32,20.32,61.09,cruise,0.0029,-0.0141,-0.0598,0
15:33:15.220,1665.0,18,345.92,1771947193,0.013,-0.01,-0.06,20.38,75.16,2026-02-24 21:03:13+05:30,1.0,2683.0,3,0.5,0.139,18043.33,18.0433,19.22,0.062,12.06,-9.25,0.0017,1531.8,1.532,1555.74,20.325,61.09,cruise,0.0089,-0.0086,-0.0624,0
15:33:16.220,1666.0,18,356.32,1771947194,0.01,-0.003,-0.06,20.28,75.16,2026-02-24 21:03:14+05:30,1.0,2684.0,3,0.5,0.139,18048.33,18.0483,19.8,0.061,9.45,-2.82,0.004,1524.2,1.524,1556.17,20.331,61.08,cruise,0.0121,-0.0051,-0.0588,0
15:33:17.219,1667.0,19,365.12,1771947195,0.017,-0.007,-0.053,21.79,75.13,2026-02-24 21:03:15+05:30,1.0,2685.0,3,0.5,0.139,18053.61,18.0536,19.22,0.056,17.64,-7.17,0.004,1637.1,1.637,1556.62,20.337,61.07,cruise,0.0187,-0.0056,-0.0538,0
15:33:18.220,1668.0,19,373.54,1771947196,0.027,-0.007,-0.053,22.59,75.11,2026-02-24 21:03:16+05:30,1.0,2686.0,3,0.0,0.0,18058.89,18.0589,19.66,0.06,26.8,-6.71,0.0,1696.7,1.697,1557.09,20.343,61.07,cruise,0.0232,-0.0059,-0.0516,0
15:33:19.219,1669.0,19,382.2,1771947197,0.007,-0.01,-0.053,20.95,75.15,2026-02-24 21:03:17+05:30,1.0,2687.0,3,0.5,0.139,18064.17,18.0642,20.12,0.054,7.39,-10.6,0.004,1574.4,1.574,1557.53,20.349,61.06,cruise,0.0106,-0.013,-0.0551,0
15:33:20.220,1670.0,20,389.32,1771947198,-0.003,-0.033,-0.06,21.18,75.14,2026-02-24 21:03:18+05:30,1.0,2688.0,3,0.5,0.139,18069.72,18.0697,19.47,0.069,-2.51,-28.78,0.0065,1591.5,1.591,1557.97,20.355,61.05,cruise,-0.0072,-0.0306,-0.0582,0
15:33:21.219,1671.0,20,389.54,1771947199,-0.01,-0.04,-0.047,21.02,75.14,2026-02-24 21:03:19+05:30,1.0,2689.0,3,0.0,0.0,18075.28,18.0753,19.48,0.063,-9.2,-39.78,0.0188,1579.4,1.579,1558.41,20.361,61.05,cruise,-0.0041,-0.0407,-0.0477,0
15:33:22.220,1672.0,20,390.19,1771947200,0.017,-0.027,-0.023,22.39,75.11,2026-02-24 21:03:20+05:30,1.0,2690.0,3,0.0,0.0,18080.83,18.0808,19.51,0.039,25.61,-43.35,0.0235,1681.7,1.682,1558.88,20.367,61.04,cruise,0.012,-0.0275,-0.0229,0
15:33:23.219,1673.0,20,390.84,1771947201,0.013,-0.007,0.0,22.11,75.12,2026-02-24 21:03:21+05:30,1.0,2691.0,3,0.0,0.0,18086.39,18.0864,19.54,0.015,61.7,-28.3,0.0157,1660.9,1.661,1559.34,20.373,61.03,cruise,0.0136,-0.0046,0.0001,0
15:33:24.219,1674.0,20,392.84,1771947202,0.003,0.007,0.007,21.4,75.13,2026-02-24 21:03:22+05:30,1.0,2692.0,3,0.0,0.0,18091.94,18.0919,19.64,0.01,16.86,42.59,0.0051,1607.8,1.608,1559.79,20.379,61.02,cruise,0.0052,0.002,0.0064,0
15:33:25.220,1675.0,20,397.08,1771947203,0.01,-0.017,-0.003,22.05,75.12,2026-02-24 21:03:23+05:30,1.0,2693.0,3,0.5,0.139,18097.5,18.0975,19.85,0.02,30.08,-58.44,0.01,1656.4,1.656,1560.25,20.385,61.02,cruise,0.0091,-0.0111,-0.0024,0
15:33:26.219,1676.0,21,402.66,1771947204,0.023,-0.02,-0.013,24.07,75.08,2026-02-24 21:03:24+05:30,1.0,2694.0,3,0.5,0.139,18103.33,18.1033,19.17,0.033,43.96,-37.13,0.0085,1807.2,1.807,1560.75,20.392,61.01,cruise,0.0213,-0.0248,-0.0134,0
15:33:27.220,1677.0,21,406.42,1771947205,0.023,-0.027,-0.02,23.84,75.08,2026-02-24 21:03:25+05:30,1.0,2695.0,3,0.0,0.0,18109.17,18.1092,19.35,0.041,34.39,-41.54,0.007,1789.9,1.79,1561.25,20.399,61.0,cruise,0.0262,-0.0241,-0.0196,0
15:33:28.220,1678.0,21,402.42,1771947206,0.03,-0.007,-0.027,24.4,75.07,2026-02-24 21:03:26+05:30,1.0,2696.0,3,-0.5,-0.139,18115.0,18.115,19.16,0.041,47.08,-9.84,0.0085,1831.7,1.832,1561.76,20.405,60.99,cruise,0.026,-0.0087,-0.0269,0
15:33:29.219,1679.0,20,394.34,1771947207,0.023,0.007,-0.037,22.84,75.1,2026-02-24 21:03:27+05:30,1.0,2697.0,3,-1.0,-0.278,18120.56,18.1206,19.72,0.044,31.42,9.13,0.0058,1715.3,1.715,1562.23,20.412,60.99,decel,0.0284,0.0092,-0.0381,0
15:33:30.220,1680.0,19,381.1,1771947208,0.037,0.017,-0.037,22.96,75.09,2026-02-24 21:03:28+05:30,1.0,2698.0,3,-0.5,-0.139,18125.83,18.1258,20.06,0.055,42.26,18.0,0.0058,1724.1,1.724,1562.71,20.418,60.98,cruise,0.0306,0.0135,-0.0375,0
15:33:31.220,1681.0,19,367.52,1771947209,0.023,-0.0,-0.027,21.84,75.11,2026-02-24 21:03:29+05:30,1.0,2699.0,3,-0.5,-0.139,18131.11,18.1311,19.34,0.035,40.43,-0.0,0.0153,1640.4,1.64,1563.17,20.424,60.97,cruise,0.0288,0.0038,-0.0207,0
15:33:32.219,1682.0,18,354.7,1771947210,0.03,-0.0,-0.007,21.4,75.12,2026-02-24 21:03:30+05:30,1.0,2700.0,3,-1.0,-0.278,18136.11,18.1361,19.71,0.031,76.87,-0.0,0.0268,1607.6,1.608,1563.61,20.43,60.96,decel,0.0264,-0.0034,-0.0189,0
15:33:33.220,1683.0,17,342.94,1771947211,0.027,-0.003,-0.06,20.16,75.15,2026-02-24 21:03:31+05:30,1.0,2701.0,3,-0.5,-0.139,18140.83,18.1408,20.17,0.066,24.2,-2.61,0.0298,1515.0,1.515,1564.03,20.436,60.96,cruise,0.0276,0.0005,-0.0476,0
15:33:34.220,1684.0,17,331.56,1771947212,0.027,0.01,-0.057,20.16,75.14,2026-02-24 21:03:32+05:30,1.0,2702.0,3,-0.5,-0.139,18145.56,18.1456,19.5,0.064,25.01,9.01,0.0017,1514.8,1.515,1564.45,20.441,60.95,cruise,0.029,0.0064,-0.0677,0
15:33:36.003,0.0,16,323.88,1771947213,0.02,0.003,-0.057,18.6,75.17,2026-02-24 21:03:33+05:30,1.0,2703.0,3,-0.5,-0.139,18150.0,18.15,20.24,0.06,19.31,2.84,0.0329,1398.2,1.398,1564.84,20.447,60.95,cruise,0.0189,0.0057,-0.0464,0
15:33:37.004,0.0,16,0.0,1743885277,0.01,0.003,0.0,17.8,75.19,2025-04-06 02:04:37+05:30,0.0,2703.0,3,0.5,0.139,18150.0,18.15,0.0,0.01,73.3,16.7,0.0329,1338.4,1.338,1564.84,20.447,60.95,cruise,0.0052,0.0018,-0.0094,0
15:33:38.003,0.0,17,0.0,1715823341,0.003,0.0,0.0,18.24,75.18,2024-05-16 07:05:41+05:30,0.0,2703.0,3,0.5,0.139,18150.0,18.15,0.0,0.003,90.0,0.0,0.0,1371.3,1.371,1564.84,20.447,60.95,cruise,0.0115,0.0002,0.0046,0
15:33:39.003,0.0,17,0.0,1687761405,0.0,0.0,0.0,18.0,75.18,2023-06-26 12:06:45+05:30,0.0,2703.0,3,0.5,0.139,18150.0,18.15,0.0,0.0,0.0,0.0,0.0,1353.2,1.353,1564.84,20.447,60.95,cruise,0.0049,0.0001,0.0001,0
15:33:40.004,0.0,18,0.0,1659699468,0.0,0.0,0.0,19.0,75.16,2022-08-05 17:07:48+05:30,0.0,2703.0,3,0.5,0.139,18150.0,18.15,0.0,0.0,0.0,0.0,0.0,1428.0,1.428,1564.84,20.447,60.95,cruise,-0.0339,-0.0,-0.0015,0
15:33:41.003,0.0,18,0.0,1631637532,-0.0,0.0,0.0,19.0,75.16,2021-09-14 22:08:52+05:30,0.0,2703.0,3,0.0,0.0,18150.0,18.15,0.0,0.0,-0.0,0.0,0.0,1428.0,1.428,1564.84,20.447,60.95,cruise,0.0519,-0.0,0.0006,0
15:33:42.003,0.0,18,0.0,1631637532,0.463,0.0,0.0,56.04,74.42,2021-09-14 22:08:52+05:30,0.0,2703.0,3,0.0,0.0,18150.0,18.15,0.0,0.463,90.0,0.0,0.0,4170.5,4.17,1564.84,20.447,60.95,cruise,0.4144,0.0,0.0003,0
15:33:43.004,0.0,18,0.0,1631637532,0.811,0.0,0.0,83.88,73.86,2021-09-14 22:08:52+05:30,0.0,2703.0,3,0.0,0.0,18150.0,18.15,0.0,0.811,90.0,0.0,0.0,6195.4,6.195,1564.84,20.447,60.95,cruise,0.8581,0.0,-0.0004,0
15:33:44.003,0.0,18,0.0,1547451724,1.042,0.0,0.0,102.36,73.48,2019-01-14 13:12:04+05:30,0.0,2703.0,3,0.0,0.0,18150.0,18.15,0.0,1.042,90.0,0.0,0.0,7521.4,7.521,1564.84,20.447,60.95,cruise,0.9925,-0.0001,0.0001,0
15:33:45.003,0.0,18,0.0,1575513663,0.695,0.0,0.0,74.6,74.03,2019-12-05 08:11:03+05:30,5.0,2708.0,3,0.0,0.0,18175.0,18.175,0.0,0.695,90.0,0.0,0.0,5522.6,5.523,1572.51,20.55,60.82,cruise,0.727,0.0,0.0001,0
15:33:46.003,0.0,18,0.0,1603575602,0.348,0.0,0.0,46.84,74.59,2020-10-25 03:10:02+05:30,5.0,2713.0,3,0.0,0.0,18200.0,18.2,0.0,0.348,90.0,0.0,0.0,3493.8,3.494,1577.37,20.615,60.75,cruise,0.3458,0.0002,-0.0003,0
15:33:47.003,0.0,18,0.0,1631637540,0.116,0.0,0.0,28.28,74.96,2021-09-14 22:09:00+05:30,5.0,2718.0,3,0.0,0.0,18225.0,18.225,0.0,0.116,90.0,0.0,0.0,2119.9,2.12,1580.31,20.655,60.7,cruise,0.1026,-0.0003,0.0002,0
15:33:48.004,0.0,18,0.0,1659699479,-0.0,0.0,0.0,19.0,75.14,2022-08-05 17:07:59+05:30,5.0,2723.0,3,0.0,0.0,18250.0,18.25,0.0,0.0,-0.0,0.0,0.0,1427.7,1.428,1582.29,20.681,60.67,cruise,0.0121,-0.0002,0.0004,0
15:33:49.003,0.0,18,0.0,1687761418,0.0,0.0,0.0,19.0,75.14,2023-06-26 12:06:58+05:30,5.0,2728.0,3,0.0,0.0,18275.0,18.275,0.0,0.0,0.0,0.0,0.0,1427.7,1.428,1584.28,20.707,60.64,cruise,-0.0037,0.0012,-0.001,0
15:33:50.004,0.0,18,0.0,1687761418,-0.0,0.0,0.0,19.0,75.14,2023-06-26 12:06:58+05:30,0.0,2728.0,3,0.0,0.0,18275.0,18.275,0.0,0.0,-0.0,0.0,0.004,1427.7,1.428,1584.28,20.707,60.64,cruise,-0.0038,-0.0015,0.0003,0
15:33:51.003,0.0,18,0.0,1687761418,-0.02,-0.013,0.007,30.44,74.91,2023-06-26 12:06:58+05:30,0.0,2728.0,3,2.5,0.694,18275.0,18.275,0.0,0.025,-53.56,-31.53,0.0101,2280.3,2.28,1584.28,20.707,60.64,accel,-0.0137,-0.0124,0.0088,0
15:33:56.220,1706.0,23,457.48,1771947234,-0.017,-0.023,0.02,35.45,74.81,2026-02-24 21:03:54+05:30,5.0,2733.0,3,2.5,0.694,18306.94,18.3069,19.89,0.035,-29.15,-41.23,0.0068,2652.0,2.652,1587.96,20.757,60.58,accel,-0.0221,-0.0227,0.0164,0
15:33:57.219,1707.0,23,457.96,1771947235,-0.023,-0.02,0.01,24.0,75.03,2026-02-24 21:03:55+05:30,1.0,2734.0,3,0.0,0.0,18313.33,18.3133,19.91,0.032,-45.81,-38.57,0.0051,1800.7,1.801,1588.46,20.763,60.57,cruise,-0.0188,-0.0204,0.014,0
15:33:58.220,1708.0,23,453.7,1771947236,-0.013,-0.01,0.013,24.0,75.03,2026-02-24 21:03:56+05:30,1.0,2735.0,3,0.0,0.0,18319.72,18.3197,19.73,0.021,-38.4,-28.54,0.0021,1800.7,1.801,1588.96,20.77,60.56,cruise,-0.0169,-0.0092,0.0089,0
15:33:59.220,1709.0,23,443.7,1771947237,-0.027,-0.0,0.009,24.0,75.03,2026-02-24 21:03:57+05:30,1.0,2736.0,3,-11.5,-3.194,18326.11,18.3261,19.29,0.028,-71.57,-0.0,0.0095,1800.7,1.801,1589.46,20.777,60.56,decel,-0.0246,-0.0017,0.0134,0
15:34:02.051,3173448997.0,0,0.0,1771947239,-0.032,-0.003,0.027,1.0,75.49,2026-02-24 21:03:59+05:30,2.0,2738.0,3,-11.5,-3.194,18326.11,18.3261,,0.042,-49.67,-4.1,0.0099,75.5,0.075,1589.5,20.777,60.56,idle,-0.0322,-0.0011,0.0234,1
15:34:03.051,1005878011.0,0,0.0,1771947241,-0.033,0.0,0.025,1.0,75.49,2026-02-24 21:04:01+05:30,2.0,2740.0,3,0.0,0.0,18326.11,18.3261,,0.041,-52.85,0.0,0.0025,75.5,0.075,1589.54,20.778,60.56,idle,-0.0339,-0.001,0.0265,1
15:34:04.051,3171446213.0,0,0.0,1771947243,-0.035,0.0,0.022,1.0,75.49,2026-02-24 21:04:03+05:30,2.0,2742.0,3,0.0,0.0,18326.11,18.3261,,0.041,-57.85,0.0,0.003,75.5,0.075,1589.59,20.778,60.56,idle,-0.0343,0.0001,0.0222,1
15:34:05.051,3161178043.0,0,0.0,1771947245,-0.036,0.0,0.019,1.0,75.49,2026-02-24 21:04:05+05:30,2.0,2744.0,3,0.0,0.0,18326.11,18.3261,,0.041,-62.18,0.0,0.0025,75.5,0.075,1589.63,20.779,60.55,idle,-0.036,0.0002,0.0185,1
15:34:06.051,1026466044.0,0,0.0,1771947247,-0.037,0.0,0.017,1.0,75.49,2026-02-24 21:04:07+05:30,2.0,2746.0,3,0.0,0.0,18326.11,18.3261,,0.041,-65.32,0.0,0.0015,75.5,0.075,1589.67,20.779,60.55,idle,-0.0374,-0.0001,0.0171,1
15:34:07.051,3180192461.0,0,0.0,1771947247,-0.038,0.0,0.016,1.0,75.49,2026-02-24 21:04:07+05:30,0.0,2746.0,3,0.0,0.0,18326.11,18.3261,,0.041,-67.17,0.0,0.0006,75.5,0.075,1589.67,20.779,60.55,idle,-0.0377,0.0001,0.0162,1
15:34:08.051,1036428268.0,0,0.0,1771947247,-0.038,0.0,0.016,1.0,75.49,2026-02-24 21:04:07+05:30,0.0,2746.0,3,0.0,0.0,18326.11,18.3261,,0.041,-67.17,0.0,0.0,75.5,0.075,1589.67,20.779,60.55,idle,-0.0379,-0.0003,0.0159,1
15:34:09.051,1028611883.0,0,0.0,1771947247,-0.038,0.0,0.016,1.0,75.49,2026-02-24 21:04:07+05:30,0.0,2746.0,3,0.0,0.0,18326.11,18.3261,,0.041,-67.17,0.0,0.0,75.5,0.075,1589.67,20.779,60.55,idle,-0.0386,-0.0001,0.016,1
15:34:10.051,1029398691.0,0,0.0,1771947247,-0.038,0.0,0.016,1.0,75.49,2026-02-24 21:04:07+05:30,0.0,2746.0,3,0.0,0.0,18326.11,18.3261,,0.041,-67.17,0.0,0.0029,75.5,0.075,1589.67,20.779,60.55,idle,-0.0379,0.001,0.0157,1
15:34:15.057,2750168084.0,0,0.0,1771947247,-0.038,0.0,0.011,1.0,75.49,2026-02-24 21:04:07+05:30,0.0,2746.0,3,0.0,0.0,18326.11,18.3261,,0.04,-73.86,0.0,0.0055,75.5,0.075,1589.67,20.779,60.55,idle,-0.0366,-0.001,0.0124,1
15:34:16.057,1485945699.0,0,0.0,1771947247,-0.038,0.0,0.005,1.0,75.49,2026-02-24 21:04:07+05:30,0.0,2746.0,3,0.0,0.0,18326.11,18.3261,,0.038,-82.5,0.0,0.0147,75.5,0.075,1589.67,20.779,60.55,idle,-0.0403,-0.0018,0.0021,1
15:34:17.057,2676228096.0,0,0.0,1771947247,-0.042,0.0,-0.017,1.0,75.49,2026-02-24 21:04:07+05:30,0.0,2746.0,3,34.5,9.583,18326.11,18.3261,,0.045,-67.96,0.0,0.0127,75.5,0.075,1589.67,20.779,60.55,idle,-0.0424,0.006,-0.0128,1
15:34:24.219,1734.0,69,1335.26,1771947262,-0.033,0.013,-0.017,105.72,73.39,2026-02-24 21:04:22+05:30,5.0,2751.0,3,37.0,10.278,18421.94,18.4219,19.35,0.039,-57.04,19.3,0.0058,7758.8,7.759,1600.45,20.926,60.38,accel,-0.0271,0.0059,-0.0223,0
15:34:25.219,1735.0,74,1428.98,1771947263,0.01,-0.027,-0.027,80.13,73.9,2026-02-24 21:04:23+05:30,1.0,2752.0,3,4.5,1.25,18442.5,18.4425,19.31,0.039,14.68,-43.16,0.01,5921.6,5.922,1602.09,20.948,60.35,accel,-0.0008,-0.0232,-0.0206,0
15:34:26.220,1736.0,78,1508.44,1771947264,-0.003,-0.06,-0.007,82.73,73.84,2026-02-24 21:04:24+05:30,1.0,2753.0,3,2.0,0.556,18464.17,18.4642,19.34,0.06,-2.84,-82.77,0.0108,6108.8,6.109,1603.79,20.971,60.33,accel,0.0102,-0.0605,-0.0133,0
15:34:27.220,1737.0,78,1578.2,1771947265,0.007,-0.067,-0.01,82.88,73.83,2026-02-24 21:04:25+05:30,1.0,2754.0,3,0.0,0.0,18485.83,18.4858,20.23,0.068,5.9,-79.67,0.0091,6119.0,6.119,1605.49,20.994,60.3,cruise,-0.007,-0.0675,-0.0059,0
15:34:28.219,1738.0,78,1641.18,1771947266,-0.053,-0.047,0.007,81.98,73.85,2026-02-24 21:04:26+05:30,1.0,2755.0,3,0.0,0.0,18507.5,18.5075,21.04,0.071,-48.12,-41.32,0.0137,6054.2,6.054,1607.17,21.017,60.27,cruise,-0.0393,-0.0452,0.0056,0
15:34:29.220,1739.0,78,1697.32,1771947267,-0.043,-0.02,0.017,81.6,73.85,2026-02-24 21:04:27+05:30,1.0,2756.0,3,-0.5,-0.139,18529.17,18.5292,21.76,0.05,-58.6,-23.39,0.0068,6026.2,6.026,1608.84,21.04,60.25,cruise,-0.0561,-0.0238,0.018,0
15:34:30.220,1740.0,77,1745.38,1771947268,-0.043,-0.017,0.02,80.18,73.88,2026-02-24 21:04:28+05:30,1.0,2757.0,3,-0.5,-0.139,18550.56,18.5506,22.67,0.05,-58.6,-19.72,0.0108,5923.7,5.924,1610.49,21.062,60.22,cruise,-0.0319,-0.013,0.0175,0
15:34:31.220,1741.0,77,1784.44,1771947269,0.02,0.003,0.0,81.28,73.85,2026-02-24 21:04:29+05:30,1.0,2758.0,3,0.0,0.0,18571.94,18.5719,23.17,0.02,81.47,8.53,0.0166,6002.5,6.003,1612.16,21.085,60.19,cruise,0.0145,0.0006,0.0032,0
15:34:32.220,1742.0,77,1812.72,1771947270,0.027,0.017,-0.013,81.33,73.84,2026-02-24 21:04:30+05:30,1.0,2759.0,3,0.0,0.0,18593.33,18.5933,23.54,0.034,51.6,29.57,0.0135,6005.4,6.005,1613.82,21.107,60.17,cruise,0.0285,0.0187,-0.0143,0
15:34:33.220,1743.0,77,1831.24,1771947271,0.017,0.027,-0.027,80.03,73.87,2026-02-24 21:04:31+05:30,1.0,2760.0,3,0.0,0.0,18614.72,18.6147,23.78,0.042,24.0,40.24,0.0135,5911.8,5.912,1615.47,21.13,60.14,cruise,0.0104,0.0242,-0.0291,0
15:34:34.220,1744.0,77,1839.64,1771947272,0.01,0.003,-0.04,78.96,73.88,2026-02-24 21:04:32+05:30,1.0,2761.0,3,0.0,0.0,18636.11,18.6361,23.89,0.041,14.0,4.16,0.0135,5833.6,5.834,1617.09,21.151,60.12,cruise,0.0256,0.0086,-0.0346,0
15:34:35.219,1745.0,77,1837.84,1771947273,0.087,-0.0,-0.013,84.96,73.76,2026-02-24 21:04:33+05:30,1.0,2762.0,3,0.0,0.0,18657.5,18.6575,23.87,0.088,81.5,-0.0,0.0156,6266.6,6.267,1618.83,21.175,60.09,cruise,0.0719,-0.0107,-0.0216,0
15:34:36.220,1746.0,77,1818.32,1771947274,0.06,-0.023,-0.013,82.8,73.8,2026-02-24 21:04:34+05:30,1.0,2763.0,3,0.0,0.0,18678.89,18.6789,23.61,0.066,66.23,-20.54,0.0191,6110.6,6.111,1620.52,21.198,60.06,cruise,0.0663,-0.0068,-0.0001,0
15:34:37.220,1747.0,77,1786.1,1771947275,0.007,0.033,0.02,78.56,73.88,2026-02-24 21:04:35+05:30,1.0,2764.0,3,0.0,0.0,18700.28,18.7003,23.2,0.039,10.28,57.3,0.0191,5804.0,5.804,1622.14,21.22,60.04,cruise,0.0045,0.0155,0.0041,0
15:34:38.220,1748.0,77,1734.02,1771947276,-0.03,0.01,-0.013,78.0,73.89,2026-02-24 21:04:36+05:30,1.0,2765.0,3,0.0,0.0,18721.67,18.7217,22.52,0.034,-61.33,17.01,0.0455,5763.4,5.763,1623.74,21.242,60.01,cruise,-0.0245,0.0249,0.0021,0
15:34:39.220,1749.0,77,1660.84,1771947277,0.013,0.033,0.077,79.04,73.86,2026-02-24 21:04:37+05:30,1.0,2766.0,3,0.0,0.0,18743.06,18.7431,21.57,0.085,8.82,22.91,0.1002,5837.9,5.838,1625.36,21.264,59.98,cruise,0.0068,0.0199,0.0615,0
15:34:40.220,1750.0,77,1568.28,1771947278,0.033,0.017,0.187,80.64,73.82,2026-02-24 21:04:38+05:30,1.0,2767.0,3,-0.5,-0.139,18764.44,18.7644,20.37,0.191,9.97,5.12,0.1269,5952.8,5.953,1627.01,21.286,59.96,cruise,0.0373,0.0295,0.2066,0
15:34:41.219,1751.0,76,1467.64,1771947279,0.043,0.063,0.33,80.44,73.82,2026-02-24 21:04:39+05:30,1.0,2768.0,3,-3.5,-0.972,18785.56,18.7856,19.31,0.339,7.29,10.72,0.0826,5938.1,5.938,1628.66,21.308,59.93,decel,0.0363,0.0536,0.3113,0
15:34:42.220,1752.0,70,1355.02,1771947280,0.023,0.055,0.187,72.84,73.97,2026-02-24 21:04:40+05:30,1.0,2769.0,3,-6.0,-1.667,18805.0,18.805,19.36,0.196,6.73,16.27,0.2043,5388.0,5.388,1630.16,21.328,59.91,decel,0.0355,0.0592,0.2019,0
15:34:43.220,1753.0,64,1240.74,1771947281,0.063,0.035,-0.073,70.04,74.02,2026-02-24 21:04:41+05:30,1.0,2770.0,3,-5.5,-1.528,18822.78,18.8228,19.39,0.103,37.89,19.95,0.2685,5184.4,5.184,1631.6,21.348,59.88,decel,0.0482,0.0338,-0.0938,0
15:34:44.220,1754.0,59,1130.44,1771947282,0.043,-0.005,-0.35,63.44,74.15,2026-02-24 21:04:42+05:30,1.0,2771.0,3,-5.0,-1.389,18839.17,18.8392,19.16,0.353,7.0,-0.81,0.1491,4704.1,4.704,1632.91,21.366,59.86,decel,0.0546,-0.0038,-0.3234,0
15:34:45.219,1755.0,54,1052.46,1771947283,0.063,-0.037,-0.307,60.04,74.22,2026-02-24 21:04:43+05:30,1.0,2772.0,3,-3.0,-0.833,18854.17,18.8542,19.49,0.316,11.52,-6.73,0.0717,4456.2,4.456,1634.14,21.382,59.84,decel,0.0562,-0.0388,-0.3237,0
15:34:46.220,1756.0,53,1016.34,1771947284,0.07,-0.067,-0.21,59.6,74.22,2026-02-24 21:04:44+05:30,1.0,2773.0,3,-0.5,-0.139,18868.89,18.8689,19.18,0.231,17.62,-16.84,0.102,4423.5,4.424,1635.37,21.399,59.82,cruise,0.0723,-0.066,-0.2047,0
15:34:47.220,1757.0,53,1031.82,1771947285,0.087,-0.083,-0.103,62.86,74.16,2026-02-24 21:04:45+05:30,1.0,2774.0,3,2.0,0.556,18883.61,18.8836,19.47,0.158,33.33,-31.62,0.076,4661.7,4.662,1636.67,21.416,59.8,accel,0.0901,-0.0816,-0.1133,0
15:34:48.220,1758.0,57,1092.38,1771947286,0.077,-0.083,-0.063,67.51,74.06,2026-02-24 21:04:46+05:30,1.0,2775.0,3,3.5,0.972,18899.44,18.8994,19.16,0.13,36.46,-39.84,0.0627,4999.8,5.0,1638.06,21.435,59.78,accel,0.0696,-0.0868,-0.0423,0
15:34:49.220,1759.0,60,1165.92,1771947287,0.0,-0.087,0.02,64.0,74.13,2026-02-24 21:04:47+05:30,1.0,2776.0,3,3.0,0.833,18916.11,18.9161,19.43,0.089,0.0,-77.05,0.0524,4744.3,4.744,1639.37,21.453,59.76,accel,0.0069,-0.0819,0.003,0
15:34:50.220,1760.0,63,1212.58,1771947288,-0.04,-0.053,-0.077,65.32,74.1,2026-02-24 21:04:48+05:30,1.0,2777.0,3,1.5,0.417,18933.61,18.9336,19.25,0.102,-23.17,-31.42,0.1384,4840.2,4.84,1640.72,21.471,59.74,accel,-0.0442,-0.059,-0.0733,0
15:34:51.220,1761.0,63,1218.56,1771947289,-0.043,-0.027,-0.253,64.0,74.12,2026-02-24 21:04:49+05:30,1.0,2778.0,3,-0.5,-0.139,18951.11,18.9511,19.34,0.258,-9.59,-6.01,0.1617,4743.7,4.744,1642.04,21.489,59.72,cruise,-0.0399,-0.02,-0.2545,0
15:34:52.220,1762.0,62,1197.94,1771947290,0.0,0.017,-0.4,63.0,74.14,2026-02-24 21:04:50+05:30,1.0,2779.0,3,-1.5,-0.417,18968.33,18.9683,19.32,0.4,0.0,2.43,0.0857,4670.8,4.671,1643.33,21.506,59.7,decel,-0.0009,0.0114,-0.3886,0
15:34:53.220,1763.0,60,1161.1,1771947291,0.033,0.02,-0.403,63.64,74.12,2026-02-24 21:04:51+05:30,1.0,2780.0,3,-2.0,-0.556,18985.0,18.985,19.35,0.405,4.68,2.83,0.0321,4717.0,4.717,1644.64,21.524,59.68,decel,0.0288,0.0197,-0.4206,0
15:34:54.220,1764.0,58,1125.72,1771947292,0.03,0.01,-0.457,61.4,74.16,2026-02-24 21:04:52+05:30,1.0,2781.0,3,-2.0,-0.556,19001.11,19.0011,19.41,0.458,3.75,1.25,0.0395,4553.4,4.553,1645.91,21.541,59.66,decel,0.0394,0.0176,-0.4396,0
15:34:55.220,1765.0,56,1079.28,1771947293,0.057,0.023,-0.48,61.56,74.16,2026-02-24 21:04:53+05:30,1.0,2782.0,3,-2.5,-0.694,19016.67,19.0167,19.27,0.484,6.76,2.72,0.039,4565.3,4.565,1647.18,21.558,59.64,decel,0.0445,0.0125,-0.4971,0
15:34:56.220,1766.0,53,1020.02,1771947294,0.03,-0.007,-0.533,56.4,74.26,2026-02-24 21:04:54+05:30,1.0,2783.0,3,-3.0,-0.833,19031.39,19.0314,19.25,0.534,3.22,-0.75,0.0739,4188.3,4.188,1648.34,21.574,59.62,decel,0.0446,0.0008,-0.5184,0
15:34:57.219,1767.0,50,970.4,1771947295,0.047,0.003,-0.387,54.76,74.29,2026-02-24 21:04:55+05:30,1.0,2784.0,3,-2.5,-0.694,19045.28,19.0453,19.41,0.39,6.92,0.44,0.197,4068.1,4.068,1649.47,21.589,59.6,decel,0.0313,-0.0012,-0.3968,0
15:34:58.220,1768.0,48,935.14,1771947296,-0.003,0.013,-0.143,49.0,74.4,2026-02-24 21:04:56+05:30,1.0,2785.0,3,-1.0,-0.278,19058.61,19.0586,19.48,0.144,-1.2,5.19,0.252,3645.6,3.646,1650.48,21.603,59.59,decel,0.0108,0.0174,-0.1362,0
15:34:59.220,1769.0,48,927.88,1771947297,0.007,0.043,0.117,50.28,74.37,2026-02-24 21:04:57+05:30,1.0,2786.0,3,1.0,0.278,19071.94,19.0719,19.33,0.125,3.21,20.15,0.1871,3739.3,3.739,1651.52,21.616,59.57,accel,-0.0014,0.0364,0.1163,0
15:35:00.220,1770.0,50,964.06,1771947298,-0.003,0.033,0.22,54.1,74.29,2026-02-24 21:04:58+05:30,1.0,2787.0,3,3.0,0.833,19085.83,19.0858,19.28,0.222,-0.77,8.53,0.0541,4019.1,4.019,1652.64,21.632,59.55,accel,-0.0007,0.0389,0.2104,0
15:35:01.220,1771.0,54,1051.92,1771947299,0.013,0.023,0.14,60.54,74.16,2026-02-24 21:04:59+05:30,1.0,2788.0,3,4.5,1.25,19100.83,19.1008,19.48,0.142,5.24,9.29,0.0785,4489.6,4.49,1653.89,21.648,59.53,accel,0.0145,0.022,0.1525,0
15:35:02.220,1772.0,59,1144.08,1771947300,0.047,-0.02,0.063,68.16,74.0,2026-02-24 21:05:00+05:30,1.0,2789.0,3,5.0,1.389,19117.22,19.1172,19.39,0.081,35.42,-14.28,0.0716,5043.8,5.044,1655.29,21.667,59.51,accel,0.0445,-0.0239,0.0586,0
15:35:03.220,1773.0,64,1227.96,1771947301,0.068,-0.087,-0.003,74.32,73.88,2026-02-24 21:05:01+05:30,1.0,2790.0,3,4.0,1.111,19135.0,19.135,19.19,0.11,37.99,-51.96,0.07,5490.8,5.491,1656.81,21.688,59.48,accel,0.071,-0.0833,-0.0088,0
15:35:04.220,1774.0,67,1299.36,1771947302,0.075,-0.103,-0.077,77.41,73.81,2026-02-24 21:05:02+05:30,1.0,2791.0,3,3.5,0.972,19153.61,19.1536,19.39,0.149,30.25,-43.78,0.0469,5713.6,5.714,1658.4,21.709,59.46,accel,0.0716,-0.1043,-0.0633,0
15:35:05.220,1775.0,71,1364.34,1771947303,0.058,-0.077,-0.09,79.41,73.77,2026-02-24 21:05:03+05:30,1.0,2792.0,3,3.0,0.833,19173.33,19.1733,19.22,0.132,26.09,-35.72,0.0293,5858.1,5.858,1660.03,21.731,59.43,accel,0.0583,-0.0739,-0.1095,0
15:35:06.219,1776.0,73,1410.06,1771947304,0.05,-0.033,-0.133,79.19,73.77,2026-02-24 21:05:04+05:30,1.0,2793.0,3,1.0,0.278,19193.61,19.1936,19.32,0.146,20.05,-13.08,0.0586,5841.8,5.842,1661.65,21.753,59.41,accel,0.056,-0.0394,-0.1114,0
15:35:07.220,1777.0,73,1411.78,1771947305,0.06,-0.023,-0.017,78.8,73.77,2026-02-24 21:05:05+05:30,1.0,2794.0,3,-0.5,-0.139,19213.89,19.2139,19.34,0.066,64.51,-20.24,0.0958,5813.1,5.813,1663.26,21.775,59.38,cruise,0.0513,-0.0197,-0.0374,0
15:35:08.220,1778.0,72,1384.3,1771947306,0.02,0.01,0.057,74.6,73.85,2026-02-24 21:05:06+05:30,1.0,2795.0,3,-1.5,-0.417,19233.89,19.2339,19.23,0.061,19.07,9.4,0.0873,5509.2,5.509,1664.79,21.796,59.36,decel,0.0235,0.0149,0.0768,0
15:35:09.220,1779.0,70,1357.38,1771947307,-0.007,0.067,0.157,71.0,73.92,2026-02-24 21:05:07+05:30,1.0,2796.0,3,-1.5,-0.417,19253.33,19.2533,19.39,0.171,-2.35,23.09,0.0503,5248.3,5.248,1666.25,21.816,59.33,decel,-0.0017,0.0579,0.1395,0
15:35:10.220,1780.0,69,1336.96,1771947308,0.02,0.06,0.097,71.6,73.9,2026-02-24 21:05:08+05:30,1.0,2797.0,3,-0.5,-0.139,19272.5,19.2725,19.38,0.116,9.95,31.21,0.0651,5291.2,5.291,1667.72,21.836,59.31,cruise,0.0079,0.0664,0.106,0
15:35:11.220,1781.0,69,1331.86,1771947309,0.02,0.04,0.027,72.32,73.88,2026-02-24 21:05:09+05:30,1.0,2798.0,3,1.0,0.278,19291.67,19.2917,19.3,0.052,22.51,49.97,0.0603,5343.0,5.343,1669.21,21.856,59.29,accel,0.0361,0.0377,0.0279,0
15:35:12.219,1782.0,71,1365.7,1771947310,0.053,0.001,-0.023,78.54,73.76,2026-02-24 21:05:10+05:30,1.0,2799.0,3,2.5,0.694,19311.39,19.3114,19.24,0.058,66.52,0.99,0.0369,5793.1,5.793,1670.81,21.878,59.26,accel,0.0371,0.0018,-0.0278,0
15:35:13.220,1783.0,74,1423.8,1771947311,-0.01,-0.027,-0.045,77.75,73.77,2026-02-24 21:05:11+05:30,1.0,2800.0,3,3.0,0.833,19331.94,19.3319,19.24,0.053,-10.79,-30.36,0.0122,5735.6,5.736,1672.41,21.899,59.24,accel,-0.0001,-0.0288,-0.0423,0
15:35:14.220,1784.0,77,1475.88,1771947312,-0.02,-0.063,-0.025,80.42,73.71,2026-02-24 21:05:12+05:30,1.0,2801.0,3,2.5,0.694,19353.33,19.3533,19.17,0.071,-16.44,-63.06,0.0252,5927.8,5.928,1674.05,21.922,59.21,accel,-0.0237,-0.0587,-0.0241,0
15:35:15.220,1785.0,79,1520.76,1771947313,0.007,-0.078,0.005,82.67,73.66,2026-02-24 21:05:13+05:30,1.0,2802.0,3,1.0,0.278,19375.28,19.3753,19.25,0.078,5.12,-83.71,0.0216,6089.5,6.089,1675.75,21.945,59.18,accel,0.008,-0.0853,0.0038,0
15:35:16.220,1786.0,79,1560.3,1771947314,0.043,-0.097,0.017,85.3,73.6,2026-02-24 21:05:14+05:30,1.0,2803.0,3,-0.5,-0.139,19397.22,19.3972,19.75,0.107,23.59,-64.51,0.0151,6278.1,6.278,1677.49,21.968,59.16,cruise,0.0467,-0.0889,0.0137,0
15:35:17.220,1787.0,78,1595.16,1771947315,0.033,-0.053,-0.013,83.26,73.64,2026-02-24 21:05:15+05:30,1.0,2804.0,3,-0.5,-0.139,19418.89,19.4189,20.45,0.064,31.16,-56.21,0.0225,6131.3,6.131,1679.19,21.991,59.13,cruise,0.022,-0.058,-0.0031,0
15:35:18.220,1788.0,78,1625.04,1771947316,-0.047,-0.013,-0.027,80.51,73.69,2026-02-24 21:05:16+05:30,1.0,2805.0,3,0.0,0.0,19440.56,19.4406,20.83,0.056,-57.48,-13.49,0.0484,5932.8,5.933,1680.84,22.014,59.1,cruise,-0.0359,-0.0121,-0.0414,0
15:35:19.220,1789.0,78,1655.4,1771947317,-0.04,0.023,-0.103,80.37,73.69,2026-02-24 21:05:17+05:30,1.0,2806.0,3,-0.5,-0.139,19462.22,19.4622,21.22,0.113,-20.76,11.76,0.0439,5922.5,5.922,1682.49,22.036,59.08,cruise,-0.0429,0.0242,-0.0881,0
15:35:20.220,1790.0,77,1679.68,1771947318,-0.007,0.05,-0.103,78.73,73.72,2026-02-24 21:05:18+05:30,1.0,2807.0,3,-0.5,-0.139,19483.61,19.4836,21.81,0.115,-3.5,25.84,0.0115,5804.0,5.804,1684.1,22.058,59.05,cruise,-0.0081,0.0478,-0.1162,0
15:35:21.220,1791.0,77,1684.68,1771947319,0.003,0.05,-0.123,78.24,73.72,2026-02-24 21:05:19+05:30,1.0,2808.0,3,0.0,0.0,19505.0,19.505,21.88,0.133,1.29,22.12,0.0268,5767.9,5.768,1685.7,22.08,59.02,cruise,-0.0005,0.0548,-0.1107,0
15:35:22.220,1792.0,77,1667.54,1771947320,-0.023,0.043,-0.07,78.0,73.72,2026-02-24 21:05:20+05:30,1.0,2809.0,3,0.0,0.0,19526.39,19.5264,21.66,0.085,-15.64,30.27,0.042,5750.2,5.75,1687.3,22.101,59.0,cruise,-0.0168,0.0351,-0.0819,0
15:35:24.220,1794.0,77,1559.9,1771947322,-0.017,-0.0,-0.04,78.0,73.72,2026-02-24 21:05:22+05:30,2.0,2811.0,3,-0.5,-0.139,19569.17,19.5692,20.26,0.043,-23.03,-0.0,0.0924,5750.2,5.75,1690.49,22.145,58.95,cruise,-0.0167,0.0077,-0.0282,0
15:35:25.220,1795.0,76,1472.8,1771947323,0.0,0.017,0.103,77.0,73.74,2026-02-24 21:05:23+05:30,1.0,2812.0,3,-2.5,-0.694,19590.28,19.5903,19.38,0.104,0.0,9.37,0.1366,5678.0,5.678,1692.07,22.166,58.92,decel,-0.0093,0.0118,0.0865,0
15:35:26.220,1796.0,72,1379.92,1771947324,-0.01,0.037,0.233,73.0,73.81,2026-02-24 21:05:24+05:30,1.0,2813.0,3,-4.5,-1.25,19610.28,19.6103,19.17,0.236,-2.43,9.01,0.1504,5388.1,5.388,1693.57,22.186,58.9,decel,-0.0006,0.0425,0.2598,0
15:35:27.220,1797.0,67,1285.66,1771947325,0.023,0.06,0.403,69.84,73.87,2026-02-24 21:05:25+05:30,1.0,2814.0,3,-5.0,-1.389,19628.89,19.6289,19.19,0.408,3.23,8.45,0.0907,5159.1,5.159,1695.0,22.206,58.88,decel,0.0231,0.0516,0.3717,0
15:35:28.220,1798.0,62,1189.12,1771947326,0.03,0.013,0.263,65.4,73.96,2026-02-24 21:05:26+05:30,1.0,2815.0,3,-5.5,-1.528,19646.11,19.6461,19.18,0.265,6.5,2.81,0.174,4837.0,4.837,1696.34,22.224,58.85,decel,0.0226,0.0219,0.2884,0
15:35:29.220,1799.0,56,1089.88,1771947327,-0.043,-0.008,0.057,57.0,74.12,2026-02-24 21:05:27+05:30,1.0,2816.0,3,-5.0,-1.389,19661.67,19.6617,19.46,0.072,-36.76,-6.39,0.2529,4224.8,4.225,1697.52,22.24,58.84,decel,-0.0369,-0.0148,0.0376,0
15:35:30.220,1800.0,52,1014.5,1771947328,-0.08,-0.035,-0.24,53.0,74.2,2026-02-24 21:05:28+05:30,1.0,2817.0,3,-3.0,-0.833,19676.11,19.6761,19.51,0.255,-18.25,-7.88,0.2189,3932.6,3.933,1698.61,22.254,58.82,decel,-0.0855,-0.0305,-0.2235,0
15:35:31.220,1801.0,50,963.26,1771947329,-0.063,-0.028,-0.37,51.0,74.24,2026-02-24 21:05:29+05:30,1.0,2818.0,3,-1.5,-0.417,19690.0,19.69,19.27,0.376,-9.64,-4.27,0.0917,3786.2,3.786,1699.66,22.269,58.8,decel,-0.0507,-0.0309,-0.3804,0
15:35:32.220,1802.0,49,944.14,1771947330,0.027,-0.04,-0.417,52.16,74.21,2026-02-24 21:05:30+05:30,1.0,2819.0,3,0.0,0.0,19703.61,19.7036,19.27,0.42,3.69,-5.47,0.0357,3870.8,3.871,1700.74,22.283,58.78,cruise,0.0111,-0.0375,-0.415,0
15:35:33.220,1803.0,50,959.7,1771947331,0.007,-0.053,-0.347,53.26,74.19,2026-02-24 21:05:31+05:30,1.0,2820.0,3,1.5,0.417,19717.5,19.7175,19.19,0.351,1.14,-8.68,0.1015,3951.4,3.951,1701.83,22.298,58.77,accel,0.0156,-0.0575,-0.3447,0
15:35:34.220,1804.0,52,1012.02,1771947332,-0.01,-0.08,-0.217,55.92,74.13,2026-02-24 21:05:32+05:30,1.0,2821.0,3,3.0,0.833,19731.94,19.7319,19.46,0.231,-2.48,-20.22,0.1201,4145.3,4.145,1702.99,22.313,58.75,accel,-0.01,-0.0721,-0.2162,0
15:35:35.220,1805.0,56,1076.42,1771947333,-0.003,-0.043,-0.107,60.46,74.04,2026-02-24 21:05:33+05:30,1.0,2822.0,3,4.0,1.111,19747.5,19.7475,19.22,0.115,-1.49,-21.89,0.0793,4476.5,4.476,1704.23,22.33,58.73,accel,-0.0039,-0.0556,-0.1117,0
15:35:36.220,1806.0,60,1150.58,1771947334,0.023,-0.03,-0.063,66.56,73.91,2026-02-24 21:05:34+05:30,1.0,2823.0,3,3.5,0.972,19764.17,19.7642,19.18,0.073,18.24,-24.1,0.0327,4919.4,4.919,1705.6,22.349,58.71,accel,0.0213,-0.0116,-0.0637,0
15:35:37.220,1807.0,63,1225.1,1771947335,0.028,0.04,-0.043,69.97,73.84,2026-02-24 21:05:35+05:30,1.0,2824.0,3,3.5,0.972,19781.67,19.7817,19.45,0.065,25.49,37.94,0.0433,5166.6,5.167,1707.03,22.368,58.68,accel,0.0295,0.0182,-0.0302,0
15:35:38.220,1808.0,67,1299.74,1771947336,0.025,-0.017,0.02,73.63,73.76,2026-02-24 21:05:36+05:30,1.0,2825.0,3,4.0,1.111,19800.28,19.8003,19.4,0.036,43.6,-27.97,0.0327,5430.9,5.431,1708.54,22.389,58.66,accel,0.026,0.0027,-0.0001,0
15:35:39.220,1809.0,71,1370.42,1771947337,0.032,-0.02,-0.027,77.95,73.67,2026-02-24 21:05:37+05:30,1.0,2826.0,3,3.5,0.972,19820.0,19.82,19.3,0.046,43.6,-25.53,0.029,5742.6,5.743,1710.13,22.41,58.64,accel,0.0289,-0.0346,-0.008,0
15:35:40.220,1810.0,74,1435.24,1771947338,0.033,-0.053,-0.033,80.6,73.61,2026-02-24 21:05:38+05:30,1.0,2827.0,3,3.0,0.833,19840.56,19.8406,19.4,0.071,27.86,-48.63,0.0423,5933.0,5.933,1711.78,22.433,58.61,accel,0.0369,-0.0448,-0.0487,0
15:35:41.220,1811.0,77,1488.76,1771947339,0.04,-0.013,-0.103,83.07,73.56,2026-02-24 21:05:39+05:30,1.0,2828.0,3,2.0,0.556,19861.94,19.8619,19.33,0.111,21.07,-6.71,0.053,6110.6,6.111,1713.48,22.456,58.58,accel,0.0372,-0.0134,-0.0899,0
15:35:42.220,1812.0,78,1509.96,1771947340,0.028,0.033,-0.137,81.46,73.59,2026-02-24 21:05:40+05:30,1.0,2829.0,3,0.5,0.139,19883.61,19.8836,19.36,0.144,11.24,13.28,0.0697,5994.6,5.995,1715.14,22.478,58.55,cruise,0.0271,0.0269,-0.1443,0
15:35:43.220,1813.0,78,1497.54,1771947341,0.015,0.03,-0.237,80.2,73.61,2026-02-24 21:05:41+05:30,1.0,2830.0,3,-1.0,-0.278,19905.28,19.9053,19.2,0.239,3.59,7.2,0.0965,5903.5,5.904,1716.78,22.501,58.53,decel,0.0209,0.0385,-0.2381,0
15:35:44.220,1814.0,76,1463.56,1771947342,0.042,0.027,-0.33,80.36,73.6,2026-02-24 21:05:42+05:30,1.0,2831.0,3,-2.0,-0.556,19926.39,19.9264,19.26,0.334,7.23,4.64,0.0568,5914.5,5.914,1718.43,22.523,58.5,decel,0.0313,0.0187,-0.3266,0
15:35:45.220,1815.0,74,1423.96,1771947343,0.033,-0.017,-0.34,77.64,73.65,2026-02-24 21:05:43+05:30,1.0,2832.0,3,-2.5,-0.694,19946.94,19.9469,19.24,0.342,5.54,-2.85,0.0339,5718.2,5.718,1720.02,22.544,58.48,decel,0.0484,-0.0097,-0.3376,0
15:35:46.220,1816.0,71,1378.36,1771947344,0.07,-0.017,-0.277,77.6,73.65,2026-02-24 21:05:44+05:30,1.0,2833.0,3,-1.5,-0.417,19966.67,19.9667,19.41,0.286,14.16,-3.41,0.0552,5715.2,5.715,1721.6,22.566,58.45,decel,0.0508,-0.0241,-0.2836,0
15:35:47.221,1817.0,71,1364.54,1771947345,0.013,-0.027,-0.23,73.24,73.73,2026-02-24 21:05:45+05:30,1.0,2834.0,3,0.5,0.139,19986.39,19.9864,19.22,0.232,3.21,-6.68,0.0658,5400.0,5.4,1723.1,22.586,58.43,cruise,0.0326,-0.0187,-0.2241,0
15:35:48.220,1818.0,72,1386.28,1771947346,0.02,0.003,-0.147,75.72,73.68,2026-02-24 21:05:46+05:30,1.0,2835.0,3,1.0,0.278,20006.39,20.0064,19.25,0.148,7.75,1.16,0.0615,5579.0,5.579,1724.65,22.607,58.4,accel,0.0045,-0.0063,-0.1571,0
15:35:49.220,1819.0,73,1409.44,1771947347,-0.027,-0.0,-0.11,74.93,73.69,2026-02-24 21:05:47+05:30,1.0,2836.0,3,1.0,0.278,20026.67,20.0267,19.31,0.113,-13.79,-0.0,0.0248,5521.6,5.522,1726.19,22.628,58.38,accel,-0.0184,0.0071,-0.0868,0
15:35:50.220,1820.0,74,1423.38,1771947348,-0.013,0.03,-0.1,75.65,73.68,2026-02-24 21:05:48+05:30,1.0,2837.0,3,0.5,0.139,20047.22,20.0472,19.23,0.105,-7.1,16.57,0.1571,5573.9,5.574,1727.74,22.649,58.35,cruise,-0.0156,0.0273,-0.1298,0
15:35:51.220,1821.0,74,1435.5,1771947349,0.02,0.043,-0.377,76.6,73.65,2026-02-24 21:05:49+05:30,1.0,2838.0,3,-0.5,-0.139,20067.78,20.0678,19.4,0.38,3.02,6.5,0.2447,5641.6,5.642,1729.3,22.671,58.33,cruise,0.0197,0.0429,-0.3566,0
15:35:52.220,1822.0,73,1401.48,1771947350,0.055,0.033,-0.588,78.4,73.61,2026-02-24 21:05:50+05:30,1.0,2839.0,3,-2.0,-0.556,20088.06,20.0881,19.2,0.591,5.34,3.2,0.1491,5771.0,5.771,1730.91,22.692,58.3,decel,0.0573,0.0329,-0.6008,0
15:35:53.220,1823.0,70,1349.14,1771947351,0.065,0.007,-0.665,76.2,73.66,2026-02-24 21:05:51+05:30,1.0,2840.0,3,-3.5,-0.972,20107.5,20.1075,19.27,0.668,5.58,0.6,0.0716,5612.9,5.613,1732.46,22.713,58.28,decel,0.061,0.0077,-0.6481,0
15:35:54.220,1824.0,66,1271.98,1771947352,0.038,-0.0,-0.522,70.04,73.78,2026-02-24 21:05:52+05:30,1.0,2841.0,3,-5.0,-1.389,20125.83,20.1258,19.27,0.523,4.16,-0.0,0.097,5167.6,5.168,1733.9,22.733,58.26,decel,0.0404,-0.0016,-0.5382,0
15:35:55.220,1825.0,60,1164.42,1771947353,0.035,-0.0,-0.48,63.8,73.9,2026-02-24 21:05:53+05:30,1.0,2842.0,3,-5.0,-1.389,20142.5,20.1425,19.41,0.481,4.17,-0.0,0.0225,4714.8,4.715,1735.21,22.751,58.23,decel,0.0364,0.0056,-0.4725,0
15:35:56.220,1826.0,56,1076.46,1771947354,0.055,0.013,-0.487,61.4,73.94,2026-02-24 21:05:54+05:30,1.0,2843.0,3,-3.5,-0.972,20158.06,20.1581,19.22,0.49,6.44,1.52,0.004,4539.9,4.54,1736.47,22.768,58.21,decel,0.0521,0.0022,-0.4948,0
15:35:57.220,1827.0,53,1028.58,1771947355,0.042,-0.02,-0.48,57.36,74.02,2026-02-24 21:05:55+05:30,1.0,2844.0,3,-2.5,-0.694,20172.78,20.1728,19.41,0.482,5.0,-2.38,0.1193,4245.8,4.246,1737.65,22.784,58.2,decel,0.0453,-0.0085,-0.4633,0
15:35:58.220,1828.0,51,992.02,1771947356,0.01,0.013,-0.277,52.8,74.11,2026-02-24 21:05:56+05:30,1.0,2845.0,3,-0.5,-0.139,20186.94,20.1869,19.45,0.277,2.07,2.69,0.1901,3913.0,3.913,1738.74,22.798,58.18,cruise,0.004,0.0056,-0.2982,0
15:35:59.220,1829.0,52,997.92,1771947357,-0.03,0.037,-0.1,54.65,74.07,2026-02-24 21:05:57+05:30,1.0,2846.0,3,2.0,0.556,20201.39,20.2014,19.19,0.111,-15.71,19.51,0.1953,4047.9,4.048,1739.86,22.813,58.16,accel,-0.0221,0.0406,-0.0789,0
15:36:00.220,1830.0,55,1057.84,1771947358,0.007,0.057,0.113,59.56,73.97,2026-02-24 21:05:58+05:30,1.0,2847.0,3,3.0,0.833,20216.67,20.2167,19.23,0.127,3.17,26.72,0.1474,4405.7,4.406,1741.09,22.83,58.14,accel,0.0018,0.0553,0.0923,0
15:36:01.220,1831.0,58,1118.0,1771947359,0.03,0.033,0.183,64.53,73.87,2026-02-24 21:05:59+05:30,1.0,2848.0,3,3.0,0.833,20232.78,20.2328,19.28,0.188,9.16,10.09,0.0839,4766.8,4.767,1742.41,22.848,58.12,accel,0.0324,0.0325,0.1993,0
15:36:02.220,1832.0,61,1182.88,1771947360,0.013,-0.007,0.28,65.94,73.84,2026-02-24 21:06:00+05:30,1.0,2849.0,3,3.0,0.833,20249.72,20.2497,19.39,0.28,2.66,-1.43,0.0792,4869.0,4.869,1743.76,22.866,58.1,accel,0.0108,-0.0042,0.2742,0
15:36:03.220,1833.0,64,1233.94,1771947361,-0.047,-0.023,0.34,67.14,73.81,2026-02-24 21:06:01+05:30,1.0,2850.0,3,2.5,0.694,20267.5,20.2675,19.28,0.344,-7.85,-3.83,0.0536,4955.6,4.956,1745.14,22.885,58.08,accel,-0.0469,-0.0268,0.3344,0
15:36:04.220,1834.0,66,1268.64,1771947362,-0.08,-0.033,0.387,67.42,73.8,2026-02-24 21:06:02+05:30,1.0,2851.0,3,0.5,0.139,20285.83,20.2858,19.22,0.397,-11.64,-4.77,0.0696,4975.6,4.976,1746.52,22.904,58.05,cruise,-0.0762,-0.029,0.3972,0
15:36:05.220,1835.0,65,1250.76,1771947363,-0.057,-0.013,0.477,66.0,73.83,2026-02-24 21:06:03+05:30,1.0,2852.0,3,-2.0,-0.556,20303.89,20.3039,19.24,0.481,-6.81,-1.55,0.0571,4872.8,4.873,1747.87,22.922,58.03,decel,-0.0603,-0.0174,0.47,0
15:36:06.220,1836.0,62,1206.16,1771947364,-0.033,-0.005,0.493,63.0,73.89,2026-02-24 21:06:04+05:30,1.0,2853.0,3,-2.5,-0.694,20321.11,20.3211,19.45,0.494,-3.83,-0.58,0.0367,4655.1,4.655,1749.17,22.939,58.01,decel,-0.0351,-0.0004,0.4972,0
15:36:07.219,1837.0,60,1161.8,1771947365,-0.02,0.015,0.423,61.0,73.93,2026-02-24 21:06:05+05:30,1.0,2854.0,3,-1.5,-0.417,20337.78,20.3378,19.36,0.424,-2.71,2.03,0.1157,4509.7,4.51,1750.42,22.956,57.99,decel,-0.0138,0.0124,0.4175,0
15:36:08.221,1838.0,59,1142.54,1771947366,0.023,0.025,0.267,61.84,73.91,2026-02-24 21:06:06+05:30,1.0,2855.0,3,0.0,0.0,20354.17,20.3542,19.37,0.269,4.9,5.33,0.1384,4570.6,4.571,1751.69,22.974,57.97,cruise,0.0161,0.022,0.2708,0
15:36:09.220,1839.0,60,1150.98,1771947367,0.033,0.03,0.147,65.35,73.83,2026-02-24 21:06:07+05:30,1.0,2856.0,3,2.0,0.556,20370.83,20.3708,19.18,0.154,12.41,11.26,0.0917,4824.8,4.825,1753.03,22.992,57.95,accel,0.0405,0.0398,0.1502,0
15:36:10.220,1840.0,63,1210.76,1771947368,0.043,0.07,0.087,71.02,73.72,2026-02-24 21:06:08+05:30,1.0,2857.0,3,3.5,0.972,20388.33,20.3883,19.22,0.12,21.06,35.8,0.062,5235.6,5.236,1754.48,23.011,57.93,accel,0.0339,0.0567,0.0799,0
15:36:11.220,1841.0,67,1294.12,1771947369,0.0,0.033,0.023,72.26,73.69,2026-02-24 21:06:09+05:30,1.0,2858.0,3,4.5,1.25,20406.94,20.4069,19.32,0.04,0.0,55.12,0.0506,5324.8,5.325,1755.96,23.032,57.9,accel,0.0081,0.0461,0.0274,0
15:36:12.220,1842.0,72,1381.28,1771947370,-0.003,0.027,-0.013,77.19,73.59,2026-02-24 21:06:10+05:30,1.0,2859.0,3,4.5,1.25,20426.94,20.4269,19.18,0.03,-5.72,63.7,0.0258,5680.4,5.68,1757.54,23.053,57.88,accel,-0.0058,0.0136,-0.0129,0
15:36:13.220,1843.0,76,1461.54,1771947371,-0.003,-0.023,-0.027,80.82,73.51,2026-02-24 21:06:11+05:30,1.0,2860.0,3,4.0,1.111,20448.06,20.4481,19.23,0.036,-4.83,-40.25,0.0121,5941.1,5.941,1759.19,23.075,57.85,accel,-0.0057,-0.008,-0.0291,0
15:36:14.220,1844.0,80,1534.26,1771947372,-0.013,0.007,-0.037,84.41,73.44,2026-02-24 21:06:12+05:30,1.0,2861.0,3,2.0,0.556,20470.28,20.4703,19.18,0.04,-19.05,10.12,0.005,6199.1,6.199,1760.91,23.099,57.82,accel,-0.0075,-0.0075,-0.0337,0
15:36:15.220,1845.0,80,1597.92,1771947373,-0.01,-0.007,-0.033,84.01,73.44,2026-02-24 21:06:13+05:30,1.0,2862.0,3,0.0,0.0,20492.5,20.4925,19.97,0.035,-16.51,-11.48,0.0072,6169.7,6.17,1762.63,23.122,57.8,cruise,-0.0159,0.0037,-0.0391,0
15:36:16.220,1846.0,80,1654.5,1771947374,-0.037,0.027,-0.047,83.66,73.45,2026-02-24 21:06:14+05:30,1.0,2863.0,3,0.0,0.0,20514.72,20.5147,20.68,0.066,-34.32,24.29,0.015,6144.8,6.145,1764.33,23.145,57.77,cruise,-0.0305,0.02,-0.0374,0
15:36:17.220,1847.0,80,1704.2,1771947375,-0.037,0.02,-0.017,83.39,73.45,2026-02-24 21:06:15+05:30,1.0,2864.0,3,0.0,0.0,20536.94,20.5369,21.3,0.045,-54.65,26.16,0.015,6125.0,6.125,1766.04,23.169,57.74,cruise,-0.0451,0.028,-0.0273,0
15:36:18.221,1848.0,80,1750.14,1771947376,-0.05,0.023,-0.03,83.06,73.45,2026-02-24 21:06:16+05:30,1.0,2865.0,3,0.0,0.0,20559.17,20.5592,21.88,0.063,-52.91,21.53,0.0075,6100.8,6.101,1767.73,23.192,57.72,cruise,-0.0414,0.0102,-0.0219,0
15:36:19.220,1849.0,80,1786.44,1771947377,-0.01,-0.027,-0.017,82.63,73.46,2026-02-24 21:06:17+05:30,1.0,2866.0,3,0.0,0.0,20581.39,20.5814,22.33,0.033,-17.4,-53.85,0.0065,6070.0,6.07,1769.42,23.215,57.69,cruise,-0.0148,-0.0119,-0.0224,0
15:36:20.220,1850.0,80,1815.2,1771947378,0.017,0.01,-0.023,83.63,73.43,2026-02-24 21:06:18+05:30,1.0,2867.0,3,0.0,0.0,20603.61,20.6036,22.69,0.03,34.13,19.27,0.0065,6141.0,6.141,1771.12,23.238,57.66,cruise,0.0156,-0.0026,-0.0193,0
15:36:21.220,1851.0,80,1837.08,1771947379,0.037,0.013,-0.01,84.81,73.41,2026-02-24 21:06:19+05:30,1.0,2868.0,3,0.0,0.0,20625.83,20.6258,22.96,0.04,66.09,18.74,0.0075,6225.9,6.226,1772.85,23.261,57.63,cruise,0.042,0.023,-0.0124,0
15:36:22.220,1852.0,80,1849.18,1771947380,0.07,0.033,-0.01,86.98,73.36,2026-02-24 21:06:20+05:30,1.0,2869.0,3,0.0,0.0,20648.06,20.6481,23.11,0.078,63.78,25.02,0.0,6380.9,6.381,1774.62,23.286,57.61,cruise,0.0658,0.0233,-0.0089,0
15:36:23.220,1853.0,80,1852.38,1771947381,0.067,-0.013,-0.01,86.4,73.37,2026-02-24 21:06:21+05:30,1.0,2870.0,3,0.0,0.0,20670.28,20.6703,23.15,0.069,76.24,-10.86,0.0,6339.2,6.339,1776.38,23.31,57.58,cruise,0.0699,-0.0047,-0.0101,0
15:36:24.220,1854.0,80,1850.82,1771947382,0.053,-0.027,-0.01,85.24,73.39,2026-02-24 21:06:22+05:30,1.0,2871.0,3,0.0,0.0,20692.5,20.6925,23.14,0.06,61.49,-26.59,0.004,6255.8,6.256,1778.12,23.333,57.55,cruise,0.048,-0.0311,-0.0102,0
15:36:25.220,1855.0,80,1837.12,1771947383,0.02,-0.033,-0.003,82.6,73.44,2026-02-24 21:06:23+05:30,1.0,2872.0,3,0.0,0.0,20714.72,20.7147,22.96,0.039,31.11,-58.5,0.0051,6066.1,6.066,1779.81,23.356,57.52,cruise,0.028,-0.0344,-0.0036,0
15:36:26.221,1856.0,80,1806.6,1771947384,0.033,-0.017,0.0,83.64,73.41,2026-02-24 21:06:24+05:30,1.0,2873.0,3,0.0,0.0,20736.94,20.7369,22.58,0.037,62.74,-27.26,0.0017,6140.0,6.14,1781.51,23.379,57.49,cruise,0.0257,-0.012,0.0028,0
15:36:27.220,1857.0,80,1756.8,1771947385,0.02,0.017,-0.003,82.6,73.43,2026-02-24 21:06:25+05:30,1.0,2874.0,3,0.0,0.0,20759.17,20.7592,21.96,0.026,49.2,40.05,0.0091,6065.3,6.065,1783.2,23.402,57.47,cruise,0.0239,0.0127,-0.0072,0
15:36:28.220,1858.0,80,1693.68,1771947386,0.023,-0.0,-0.017,82.84,73.42,2026-02-24 21:06:26+05:30,1.0,2875.0,3,0.0,0.0,20781.39,20.7814,21.17,0.029,53.53,-0.0,0.0507,6082.1,6.082,1784.89,23.425,57.44,cruise,0.0198,0.0018,-0.0128,0
15:36:29.220,1859.0,80,1612.38,1771947387,0.023,-0.033,0.077,82.84,73.42,2026-02-24 21:06:27+05:30,1.0,2876.0,3,-0.5,-0.139,20803.61,20.8036,20.15,0.087,15.35,-22.33,0.1141,6082.1,6.082,1786.58,23.448,57.41,cruise,0.029,-0.0362,0.0659,0
15:36:30.220,1860.0,79,1531.78,1771947388,0.05,-0.05,0.21,84.0,73.39,2026-02-24 21:06:28+05:30,1.0,2877.0,3,-2.5,-0.694,20825.56,20.8256,19.39,0.222,13.04,-13.04,0.1416,6164.8,6.165,1788.29,23.472,57.39,decel,0.0418,-0.0443,0.2383,0
15:36:31.221,1861.0,75,1453.22,1771947389,0.027,-0.013,0.36,78.16,73.51,2026-02-24 21:06:29+05:30,1.0,2878.0,3,-4.0,-1.111,20846.39,20.8464,19.38,0.361,4.29,-2.06,0.1258,5745.5,5.746,1789.89,23.493,57.36,decel,0.0344,-0.0144,0.3222,0
15:36:32.220,1862.0,71,1376.3,1771947390,0.017,0.003,0.11,73.36,73.6,2026-02-24 21:06:30+05:30,1.0,2879.0,3,-4.0,-1.111,20866.11,20.8661,19.38,0.111,8.78,1.54,0.2565,5399.3,5.399,1791.38,23.514,57.34,decel,0.0109,-0.0039,0.1417,0
15:36:33.220,1863.0,67,1295.2,1771947391,-0.017,-0.037,-0.153,68.0,73.7,2026-02-24 21:06:31+05:30,1.0,2880.0,3,-3.5,-0.972,20884.72,20.8847,19.33,0.158,-6.16,-13.51,0.2467,5011.6,5.012,1792.78,23.533,57.31,decel,-0.0107,-0.0279,-0.1817,0
15:36:34.220,1864.0,64,1235.64,1771947392,-0.02,-0.037,-0.383,65.0,73.76,2026-02-24 21:06:32+05:30,1.0,2881.0,3,-3.0,-0.833,20902.5,20.9025,19.31,0.385,-2.98,-5.51,0.115,4794.4,4.794,1794.11,23.551,57.29,decel,-0.0262,-0.0412,-0.3521,0
15:36:35.220,1865.0,61,1168.56,1771947393,-0.037,-0.033,-0.267,62.0,73.82,2026-02-24 21:06:33+05:30,1.0,2882.0,3,-3.5,-0.972,20919.44,20.9194,19.16,0.272,-7.83,-6.98,0.1115,4576.8,4.577,1795.38,23.568,57.27,decel,-0.0333,-0.0331,-0.2861,0
15:36:36.220,1866.0,57,1108.8,1771947394,-0.023,-0.033,-0.16,58.0,73.9,2026-02-24 21:06:34+05:30,1.0,2883.0,3,-3.0,-0.833,20935.28,20.9353,19.45,0.165,-8.01,-11.54,0.0789,4286.2,4.286,1796.57,23.584,57.25,decel,-0.0221,-0.032,-0.1617,0
15:36:37.220,1867.0,55,1062.28,1771947395,0.01,-0.03,-0.113,56.8,73.92,2026-02-24 21:06:35+05:30,1.0,2884.0,3,-2.0,-0.556,20950.56,20.9506,19.31,0.117,4.89,-14.81,0.05,4198.7,4.199,1797.74,23.6,57.24,decel,0.005,-0.0329,-0.1028,0
15:36:38.220,1868.0,53,1030.12,1771947396,0.023,-0.017,-0.06,55.84,73.94,2026-02-24 21:06:36+05:30,1.0,2885.0,3,-2.0,-0.556,20965.28,20.9653,19.44,0.066,20.24,-14.82,0.0407,4128.8,4.129,1798.88,23.615,57.22,decel,0.0306,-0.0099,-0.0661,0
15:36:39.220,1869.0,51,990.06,1771947397,0.05,0.03,-0.033,56.0,73.93,2026-02-24 21:06:37+05:30,1.0,2886.0,3,-1.5,-0.417,20979.44,20.9794,19.41,0.067,48.27,26.6,0.0148,4140.1,4.14,1800.03,23.631,57.2,decel,0.0414,0.0215,-0.0303,0
15:36:40.221,1870.0,50,962.24,1771947398,0.03,0.02,-0.057,53.4,73.98,2026-02-24 21:06:38+05:30,1.0,2887.0,3,-1.5,-0.417,20993.33,20.9933,19.24,0.067,26.41,17.25,0.0675,3950.5,3.951,1801.13,23.646,57.18,decel,0.0378,0.0253,-0.0586,0
15:36:41.221,1871.0,48,936.4,1771947399,0.033,0.01,-0.16,51.64,74.01,2026-02-24 21:06:39+05:30,1.0,2888.0,3,-1.5,-0.417,21006.67,21.0067,19.51,0.164,11.63,3.5,0.1101,3821.9,3.822,1802.19,23.66,57.16,decel,0.0277,0.0078,-0.1639,0
15:36:42.221,1872.0,47,903.48,1771947400,0.017,-0.0,-0.277,49.36,74.06,2026-02-24 21:06:40+05:30,1.0,2889.0,3,-1.5,-0.417,21019.72,21.0197,19.22,0.278,3.51,-0.0,0.0684,3655.6,3.656,1803.21,23.674,57.15,decel,0.0193,0.0016,-0.2654,0
15:36:43.220,1873.0,45,862.32,1771947401,0.023,0.01,-0.28,47.84,74.09,2026-02-24 21:06:41+05:30,1.0,2890.0,3,-2.5,-0.694,21032.22,21.0322,19.16,0.281,4.69,2.04,0.0017,3544.5,3.544,1804.19,23.687,57.13,decel,0.0224,0.0087,-0.295,0
15:36:44.220,1874.0,42,818.82,1771947402,0.043,0.003,-0.277,46.44,74.11,2026-02-24 21:06:42+05:30,1.0,2891.0,3,-2.5,-0.694,21043.89,21.0439,19.5,0.28,8.82,0.61,0.0413,3441.7,3.442,1805.15,23.7,57.12,decel,0.0438,0.0038,-0.2628,0
15:36:45.220,1875.0,40,768.3,1771947403,0.077,-0.017,-0.207,47.16,74.1,2026-02-24 21:06:43+05:30,1.0,2892.0,3,-3.0,-0.833,21055.0,21.055,19.21,0.222,20.34,-4.4,0.045,3494.6,3.495,1806.12,23.713,57.1,decel,0.0752,-0.0185,-0.2175,0
15:36:46.220,1876.0,36,696.0,1771947404,0.093,-0.033,-0.193,44.44,74.15,2026-02-24 21:06:44+05:30,1.0,2893.0,3,-4.0,-1.111,21065.0,21.065,19.33,0.217,25.41,-8.76,0.0225,3295.2,3.295,1807.04,23.725,57.09,decel,0.0961,-0.0312,-0.1883,0
15:36:47.220,1877.0,32,613.58,1771947405,0.097,-0.017,-0.163,40.76,74.22,2026-02-24 21:06:45+05:30,1.0,2894.0,3,-5.0,-1.389,21073.89,21.0739,19.17,0.19,30.62,-5.12,0.0383,3025.2,3.025,1807.88,23.737,57.07,decel,0.0924,-0.0165,-0.1631,0
15:36:48.220,1878.0,26,517.0,1771947406,0.06,0.007,-0.117,31.8,74.4,2026-02-24 21:06:46+05:30,1.0,2895.0,3,-6.5,-1.806,21081.11,21.0811,19.88,0.132,27.11,3.05,0.0501,2365.9,2.366,1808.53,23.746,57.06,decel,0.0656,0.0047,-0.1184,0
15:36:49.220,1879.0,19,373.52,1771947407,0.037,0.007,-0.063,22.96,74.57,2026-02-24 21:06:47+05:30,1.0,2896.0,3,-7.0,-1.944,21086.39,21.0864,19.66,0.073,30.27,5.47,0.0535,1712.1,1.712,1809.01,23.752,57.06,decel,0.0312,0.0081,-0.0605,0
15:36:50.220,1880.0,12,241.94,1771947408,0.003,-0.0,-0.01,13.24,74.77,2026-02-24 21:06:48+05:30,1.0,2897.0,3,-6.0,-1.667,21089.72,21.0897,20.16,0.01,16.7,-0.0,0.0306,990.0,0.99,1809.28,23.756,57.05,decel,0.0076,0.0011,-0.0154,0
15:36:51.220,1881.0,7,137.4,1771947409,0.003,-0.0,-0.01,8.24,74.87,2026-02-24 21:06:49+05:30,1.0,2898.0,3,-5.0,-1.389,21091.67,21.0917,19.63,0.01,16.7,-0.0,0.0,616.9,0.617,1809.45,23.758,57.05,decel,0.001,-0.0014,-0.0006,0
15:36:52.220,1882.0,2,55.3,1771947410,0.0,-0.0,-0.01,3.0,74.97,2026-02-24 21:06:50+05:30,1.0,2899.0,3,-3.5,-0.972,21092.22,21.0922,27.65,0.01,0.0,-0.0,0.0421,224.9,0.225,1809.52,23.759,57.05,decel,-0.0003,-0.0002,-0.0222,0
15:36:53.220,1883.0,0,2.36,1771947411,-0.007,-0.003,-0.083,1.0,75.01,2026-02-24 21:06:51+05:30,1.0,2900.0,3,1.0,0.278,21092.22,21.0922,,0.083,-4.82,-2.06,0.0666,75.0,0.075,1809.54,23.759,57.05,idle,-0.0064,-0.0006,-0.0723,1
15:36:54.220,1884.0,4,84.46,1771947412,-0.01,-0.003,-0.143,10.56,74.82,2026-02-24 21:06:52+05:30,1.0,2901.0,3,5.5,1.528,21093.33,21.0933,21.12,0.143,-4.0,-1.2,0.0955,790.1,0.79,1809.76,23.762,57.04,accel,-0.0097,-0.0068,-0.1479,0
15:36:55.220,1885.0,11,224.56,1771947413,0.003,-0.03,-0.27,19.82,74.63,2026-02-24 21:06:53+05:30,1.0,2902.0,3,8.0,2.222,21096.39,21.0964,20.41,0.272,0.63,-6.34,0.1285,1479.2,1.479,1810.17,23.768,57.04,accel,0.0019,-0.0253,-0.2686,0
15:36:56.220,1886.0,20,387.74,1771947414,0.022,-0.05,-0.4,30.65,74.42,2026-02-24 21:06:54+05:30,1.0,2903.0,3,8.5,2.361,21101.94,21.1019,19.39,0.404,3.12,-7.11,0.0804,2281.0,2.281,1810.8,23.776,57.03,accel,0.0238,-0.055,-0.4041,0
15:36:57.220,1887.0,28,540.3,1771947415,0.035,-0.08,-0.417,39.94,74.23,2026-02-24 21:06:55+05:30,1.0,2904.0,3,8.5,2.361,21109.72,21.1097,19.3,0.426,4.71,-10.82,0.1092,2964.7,2.965,1811.63,23.787,57.02,accel,0.0336,-0.0761,-0.415,0
15:36:58.220,1888.0,37,713.48,1771947416,0.012,-0.06,-0.22,46.33,74.1,2026-02-24 21:06:56+05:30,1.0,2905.0,3,7.5,2.083,21120.0,21.12,19.28,0.228,3.01,-15.23,0.2556,3433.1,3.433,1812.58,23.8,57.0,accel,0.0119,-0.0618,-0.2098,0
15:36:59.220,1889.0,43,835.0,1771947417,-0.033,-0.013,0.09,49.12,74.04,2026-02-24 21:06:57+05:30,1.0,2906.0,3,5.0,1.389,21131.94,21.1319,19.42,0.097,-19.95,-7.72,0.2206,3636.8,3.637,1813.59,23.814,56.98,accel,-0.032,-0.0131,0.0739,0
15:37:00.220,1890.0,47,918.14,1771947418,-0.063,0.023,0.207,51.96,73.98,2026-02-24 21:06:58+05:30,1.0,2907.0,3,4.0,1.111,21145.0,21.145,19.53,0.218,-16.83,6.07,0.0626,3844.0,3.844,1814.66,23.828,56.97,accel,-0.0649,0.0265,0.2157,0
15:37:01.221,1891.0,51,993.38,1771947419,-0.07,0.023,0.187,56.41,73.89,2026-02-24 21:06:59+05:30,1.0,2908.0,3,5.0,1.389,21159.17,21.1592,19.48,0.201,-20.38,6.57,0.0626,4168.1,4.168,1815.81,23.844,56.95,accel,-0.0657,0.0148,0.1832,0
15:37:02.221,1892.0,57,1094.58,1771947420,-0.037,-0.037,0.09,62.84,73.76,2026-02-24 21:07:00+05:30,1.0,2909.0,3,5.0,1.389,21175.0,21.175,19.2,0.104,-20.82,-20.82,0.0779,4635.1,4.635,1817.1,23.861,56.93,accel,-0.0446,-0.0277,0.0974,0
15:37:03.221,1893.0,61,1187.08,1771947421,-0.033,-0.033,0.033,66.18,73.69,2026-02-24 21:07:01+05:30,1.0,2910.0,3,4.0,1.111,21191.94,21.1919,19.46,0.057,-35.26,-35.26,0.0757,4876.8,4.877,1818.46,23.88,56.91,accel,-0.0213,-0.04,0.023,0
15:37:04.220,1894.0,65,1261.84,1771947422,0.023,-0.017,-0.06,71.39,73.58,2026-02-24 21:07:02+05:30,1.0,2911.0,3,4.0,1.111,21210.0,21.21,19.41,0.066,20.24,-14.82,0.0712,5252.9,5.253,1819.92,23.899,56.88,accel,0.0049,-0.011,-0.0522,0
15:37:05.220,1895.0,69,1329.0,1771947423,0.02,0.007,-0.107,74.75,73.51,2026-02-24 21:07:03+05:30,1.0,2912.0,3,3.5,0.972,21229.17,21.2292,19.26,0.109,10.57,3.68,0.029,5494.9,5.495,1821.44,23.92,56.86,accel,0.0453,0.0026,-0.1127,0
15:37:06.220,1896.0,72,1387.74,1771947424,0.11,-0.03,-0.113,84.51,73.32,2026-02-24 21:07:04+05:30,1.0,2913.0,3,3.0,0.833,21249.17,21.2492,19.27,0.161,43.25,-10.77,0.0538,6196.3,6.196,1823.16,23.944,56.83,accel,0.0817,-0.0319,-0.1076,0
15:37:07.220,1897.0,75,1437.3,1771947425,0.053,-0.08,-0.017,82.55,73.35,2026-02-24 21:07:05+05:30,1.0,2914.0,3,2.5,0.694,21270.0,21.27,19.16,0.097,32.94,-55.17,0.093,6055.0,6.055,1824.85,23.967,56.8,accel,0.0787,-0.0715,-0.0228,0
15:37:08.220,1898.0,77,1480.06,1771947426,0.057,-0.06,0.073,84.53,73.31,2026-02-24 21:07:06+05:30,1.0,2915.0,3,2.0,0.556,21291.39,21.2914,19.22,0.11,31.1,-32.94,0.0709,6196.9,6.197,1826.57,23.99,56.78,accel,0.0359,-0.0697,0.0814,0
15:37:09.220,1899.0,79,1516.04,1771947427,-0.023,-0.05,0.123,81.64,73.36,2026-02-24 21:07:07+05:30,1.0,2916.0,3,1.5,0.417,21313.33,21.3133,19.19,0.135,-9.83,-21.78,0.0432,5989.1,5.989,1828.23,24.013,56.75,accel,-0.0063,-0.0424,0.1123,0
15:37:10.221,1900.0,80,1545.46,1771947428,0.01,-0.023,0.037,83.23,73.33,2026-02-24 21:07:08+05:30,1.0,2917.0,3,0.5,0.139,21335.56,21.3356,19.32,0.045,12.93,-30.97,0.0815,6103.3,6.103,1829.93,24.036,56.72,cruise,-0.005,-0.0278,0.0448,0
15:37:11.221,1901.0,80,1573.08,1771947429,0.02,-0.03,-0.04,83.99,73.31,2026-02-24 21:07:09+05:30,1.0,2918.0,3,-0.5,-0.139,21357.78,21.3578,19.66,0.054,21.8,-33.85,0.0595,6157.3,6.157,1831.64,24.059,56.7,cruise,0.0373,-0.0298,-0.0441,0
15:37:12.220,1902.0,79,1600.9,1771947430,0.08,-0.03,-0.08,87.7,73.23,2026-02-24 21:07:10+05:30,1.0,2919.0,3,-0.5,-0.139,21379.72,21.3797,20.26,0.117,43.12,-14.85,0.0204,6422.3,6.422,1833.42,24.084,56.67,cruise,0.062,-0.0243,-0.0754,0
15:37:13.220,1903.0,79,1625.04,1771947431,0.027,0.01,-0.053,83.39,73.32,2026-02-24 21:07:11+05:30,1.0,2920.0,3,0.0,0.0,21401.67,21.4017,20.57,0.06,26.59,9.54,0.0191,6114.2,6.114,1835.12,24.107,56.64,cruise,0.0389,-0.0004,-0.058,0
15:37:14.220,1904.0,79,1650.24,1771947432,0.033,0.01,-0.043,83.85,73.3,2026-02-24 21:07:12+05:30,1.0,2921.0,3,-0.5,-0.139,21423.61,21.4236,20.89,0.055,36.78,10.45,0.0068,6146.2,6.146,1836.83,24.13,56.61,cruise,0.0276,0.0232,-0.0412,0
15:37:15.220,1905.0,78,1673.46,1771947433,0.07,0.033,-0.04,85.73,73.26,2026-02-24 21:07:13+05:30,1.0,2922.0,3,-0.5,-0.139,21445.28,21.4453,21.45,0.087,53.47,22.26,0.0017,6280.6,6.281,1838.57,24.154,56.58,cruise,0.0745,0.0206,-0.0383,0
15:37:16.221,1906.0,78,1695.48,1771947434,0.113,-0.007,-0.04,89.08,73.19,2026-02-24 21:07:14+05:30,1.0,2923.0,3,0.0,0.0,21466.94,21.4669,21.74,0.12,70.23,-3.34,0.0098,6519.8,6.52,1840.38,24.179,56.55,cruise,0.1122,-0.0009,-0.042,0
15:37:17.221,1907.0,78,1715.18,1771947435,0.077,-0.0,-0.057,86.12,73.25,2026-02-24 21:07:15+05:30,1.0,2924.0,3,0.0,0.0,21488.61,21.4886,21.99,0.096,53.49,-0.0,0.0201,6308.3,6.308,1842.13,24.203,56.53,cruise,0.0669,0.002,-0.0567,0
15:37:18.220,1908.0,78,1733.96,1771947436,-0.017,0.053,-0.08,79.83,73.37,2026-02-24 21:07:16+05:30,1.0,2925.0,3,0.0,0.0,21510.28,21.5103,22.23,0.097,-10.05,32.94,0.0157,5857.1,5.857,1843.76,24.225,56.5,cruise,-0.0013,0.0464,-0.0794,0
15:37:19.220,1909.0,78,1748.4,1771947437,0.01,0.08,-0.087,79.99,73.36,2026-02-24 21:07:17+05:30,1.0,2926.0,3,0.0,0.0,21531.94,21.5319,22.42,0.119,4.84,42.41,0.007,5868.1,5.868,1845.39,24.247,56.47,cruise,0.0012,0.089,-0.088,0
15:37:20.220,1910.0,78,1741.62,1771947438,0.043,0.097,-0.073,82.44,73.31,2026-02-24 21:07:18+05:30,1.0,2927.0,3,0.0,0.0,21553.61,21.5536,22.33,0.129,19.5,48.86,0.0258,6043.7,6.044,1847.07,24.27,56.45,cruise,0.0437,0.0856,-0.0707,0
15:37:21.220,1911.0,78,1718.66,1771947439,0.047,0.037,-0.037,82.76,73.3,2026-02-24 21:07:19+05:30,1.0,2928.0,3,0.0,0.0,21575.28,21.5753,22.03,0.07,41.93,31.74,0.0271,6066.3,6.066,1848.75,24.293,56.42,cruise,0.0466,0.0481,-0.0408,0
15:37:23.004,0.0,78,1679.46,1771947440,0.013,0.023,-0.02,80.04,73.35,2026-02-24 21:07:20+05:30,1.0,2929.0,3,0.0,0.0,21596.94,21.5969,21.53,0.033,23.1,43.96,0.0185,5870.9,5.871,1850.39,24.315,56.39,cruise,0.0157,0.0158,-0.0161,0
15:37:24.004,0.0,78,0.0,1771947442,0.0,0.0,0.0,79.0,73.37,2026-02-24 21:07:22+05:30,2.0,2931.0,3,0.0,0.0,21640.28,21.6403,0.0,0.0,0.0,0.0,0.0115,5796.2,5.796,1853.61,24.359,56.34,cruise,-0.0017,0.0028,-0.0027,0
15:37:25.010,0.0,78,0.0,1771947443,0.0,0.0,0.0,103.98,72.87,2026-02-24 21:07:23+05:30,1.0,2932.0,3,0.0,0.0,21661.94,21.6619,0.0,0.0,0.0,0.0,0.0,7577.0,7.577,1855.71,24.388,56.31,cruise,-0.0005,-0.0003,0.001,0
15:37:26.010,0.0,78,999.0,1771947445,0.0,0.0,0.0,103.98,72.86,2026-02-24 21:07:25+05:30,2.0,2934.0,3,0.0,0.0,21705.28,21.7053,12.81,0.0,0.0,0.0,0.0,7576.0,7.576,1859.92,24.446,56.24,cruise,0.001,-0.0004,0.0001,0
15:37:27.010,0.0,78,999.0,1771947446,0.0,0.0,0.0,79.0,73.36,2026-02-24 21:07:26+05:30,1.0,2935.0,3,0.0,0.0,21726.94,21.7269,12.81,0.0,0.0,0.0,0.0,5795.4,5.795,1861.53,24.468,56.21,cruise,-0.0002,0.0002,-0.0004,0
15:37:28.010,0.0,78,999.0,1771947448,0.0,0.0,0.0,79.0,73.36,2026-02-24 21:07:28+05:30,2.0,2937.0,3,0.0,0.0,21770.28,21.7703,12.81,0.0,0.0,0.0,0.0,5795.4,5.795,1864.75,24.511,56.16,cruise,-0.0003,0.0001,0.0001,0
15:37:29.010,0.0,78,999.0,1771947448,0.0,0.0,0.0,79.0,73.35,2026-02-24 21:07:28+05:30,0.0,2937.0,3,0.0,0.0,21770.28,21.7703,12.81,0.0,0.0,0.0,0.0,5794.6,5.795,1864.75,24.511,56.16,cruise,0.0002,-0.0001,0.0002,0
15:37:30.010,0.0,78,999.0,1771947448,0.0,0.0,0.0,79.0,73.35,2026-02-24 21:07:28+05:30,0.0,2937.0,3,0.0,0.0,21770.28,21.7703,12.81,0.0,0.0,0.0,0.0,5794.6,5.795,1864.75,24.511,56.16,cruise,0.0002,-0.0002,-0.0002,0
15:37:31.010,0.0,78,999.0,1771947448,0.0,0.0,0.0,79.0,73.35,2026-02-24 21:07:28+05:30,0.0,2937.0,3,0.0,0.0,21770.28,21.7703,12.81,0.0,0.0,0.0,0.0,5794.6,5.795,1864.75,24.511,56.16,cruise,-0.0004,0.0003,-0.0001,0
15:37:32.011,0.0,78,999.0,1771947448,0.0,0.0,0.0,79.0,73.34,2026-02-24 21:07:28+05:30,0.0,2937.0,3,0.0,0.0,21770.28,21.7703,12.81,0.0,0.0,0.0,0.0,5793.9,5.794,1864.75,24.511,56.16,cruise,-0.0001,0.0002,0.0004,0
15:37:33.011,0.0,78,999.0,1771947448,0.0,0.0,0.0,80.85,73.3,2026-02-24 21:07:28+05:30,0.0,2937.0,3,0.0,0.0,21770.28,21.7703,12.81,0.0,0.0,0.0,0.0,5926.3,5.926,1864.75,24.511,56.16,cruise,0.0011,-0.001,-0.0001,0
15:37:38.008,0.0,78,1073.12,1771947448,0.0,0.0,0.0,82.71,73.26,2026-02-24 21:07:28+05:30,0.0,2937.0,3,0.0,0.0,21770.28,21.7703,13.76,0.0,0.0,0.0,0.0,6059.3,6.059,1864.75,24.511,56.16,cruise,-0.0009,0.0006,-0.0011,0
15:37:39.008,0.0,78,1147.24,1771947448,0.0,0.0,0.0,82.71,73.26,2026-02-24 21:07:28+05:30,0.0,2937.0,3,0.0,0.0,21770.28,21.7703,14.71,0.0,0.0,0.0,0.0,6059.3,6.059,1864.75,24.511,56.16,cruise,-0.0022,0.0025,0.0019,0
15:37:40.009,0.0,78,1221.36,1771947448,0.0,0.0,0.0,82.71,73.26,2026-02-24 21:07:28+05:30,0.0,2937.0,3,0.0,0.0,21770.28,21.7703,15.66,0.0,0.0,0.0,0.0306,6059.3,6.059,1864.75,24.511,56.16,cruise,0.0063,-0.0067,-0.002,0
15:37:41.008,0.0,78,1295.48,1771947448,0.017,-0.03,-0.053,84.07,73.23,2026-02-24 21:07:28+05:30,0.0,2937.0,3,-3.5,-0.972,21770.28,21.7703,16.61,0.063,15.6,-28.32,0.0691,6156.4,6.156,1864.75,24.511,56.16,decel,0.0107,-0.0214,-0.0487,0
15:37:46.220,1936.0,71,1369.6,1771947464,-0.007,-0.01,-0.137,74.06,73.42,2026-02-24 21:07:44+05:30,5.0,2942.0,3,-3.5,-0.972,21868.89,21.8689,19.29,0.138,-2.92,-4.17,0.0937,5437.5,5.437,1872.3,24.614,56.04,decel,-0.0059,-0.0188,-0.1471,0
15:37:47.220,1937.0,71,1377.68,1771947465,-0.017,-0.01,-0.24,73.25,73.44,2026-02-24 21:07:45+05:30,1.0,2943.0,3,1.5,0.417,21888.61,21.8886,19.4,0.241,-4.05,-2.38,0.0522,5379.5,5.379,1873.8,24.635,56.02,accel,-0.0139,0.0003,-0.2274,0
15:37:48.221,1938.0,74,1419.62,1771947466,0.023,0.023,-0.203,78.79,73.32,2026-02-24 21:07:46+05:30,1.0,2944.0,3,2.5,0.694,21909.17,21.9092,19.18,0.206,6.42,6.42,0.0506,5776.9,5.777,1875.4,24.656,55.99,accel,0.0196,0.0102,-0.2121,0
15:37:49.220,1939.0,76,1455.8,1771947467,0.053,-0.007,-0.14,82.59,73.24,2026-02-24 21:07:47+05:30,1.0,2945.0,3,1.0,0.278,21930.28,21.9303,19.16,0.15,20.71,-2.68,0.0506,6048.9,6.049,1877.08,24.679,55.97,accel,0.0582,0.0054,-0.1336,0
15:37:50.220,1940.0,76,1473.46,1771947468,0.06,0.01,-0.103,82.1,73.25,2026-02-24 21:07:48+05:30,1.0,2946.0,3,0.0,0.0,21951.39,21.9514,19.39,0.12,30.11,4.8,0.0437,6013.8,6.014,1878.75,24.702,55.94,cruise,0.0496,0.0017,-0.1079,0
15:37:51.220,1941.0,76,1467.92,1771947469,0.01,-0.003,-0.19,77.8,73.33,2026-02-24 21:07:49+05:30,1.0,2947.0,3,-0.5,-0.139,21972.5,21.9725,19.31,0.19,3.01,-0.9,0.1092,5705.1,5.705,1880.34,24.724,55.91,cruise,0.02,0.0015,-0.1903,0
15:37:52.220,1942.0,75,1442.68,1771947470,0.02,0.007,-0.32,77.6,73.33,2026-02-24 21:07:50+05:30,1.0,2948.0,3,-3.0,-0.833,21993.33,21.9933,19.24,0.321,3.58,1.25,0.1015,5690.4,5.69,1881.92,24.745,55.89,decel,0.0206,0.0022,-0.3152,0
15:37:53.221,1943.0,70,1352.56,1771947471,0.047,0.003,-0.39,74.76,73.39,2026-02-24 21:07:51+05:30,1.0,2949.0,3,-4.5,-1.25,22012.78,22.0128,19.32,0.393,6.87,0.44,0.0548,5486.6,5.487,1883.44,24.766,55.86,decel,0.0341,0.0112,-0.3949,0
15:37:54.221,1944.0,66,1265.78,1771947472,0.01,0.033,-0.428,67.8,73.52,2026-02-24 21:07:52+05:30,1.0,2950.0,3,-4.5,-1.25,22031.11,22.0311,19.18,0.429,1.33,4.41,0.0211,4984.7,4.985,1884.82,24.785,55.84,decel,0.0274,0.0222,-0.4224,0
15:37:55.220,1945.0,61,1176.56,1771947473,0.033,0.007,-0.425,64.64,73.59,2026-02-24 21:07:53+05:30,1.0,2951.0,3,-5.0,-1.389,22048.06,22.0481,19.29,0.426,4.44,0.94,0.0051,4756.9,4.757,1886.15,24.803,55.82,decel,0.0176,0.0182,-0.4345,0
15:37:56.220,1946.0,56,1085.86,1771947474,0.01,0.013,-0.435,57.8,73.72,2026-02-24 21:07:54+05:30,1.0,2952.0,3,-4.0,-1.111,22063.61,22.0636,19.39,0.435,1.32,1.71,0.0539,4261.0,4.261,1887.33,24.819,55.8,decel,0.022,0.0017,-0.4232,0
15:37:57.221,1947.0,53,1020.38,1771947475,0.033,-0.023,-0.337,56.64,73.74,2026-02-24 21:07:55+05:30,1.0,2953.0,3,-1.5,-0.417,22078.33,22.0783,19.25,0.339,5.58,-3.89,0.1113,4176.6,4.177,1888.49,24.835,55.78,decel,0.0246,-0.0111,-0.3478,0
15:37:58.220,1948.0,53,1021.02,1771947476,0.01,-0.007,-0.213,55.53,73.76,2026-02-24 21:07:56+05:30,1.0,2954.0,3,0.5,0.139,22093.06,22.0931,19.26,0.213,2.69,-1.88,0.1597,4095.9,4.096,1889.63,24.85,55.76,cruise,0.0135,-0.0182,-0.2032,0
15:37:59.220,1949.0,54,1049.72,1771947477,0.0,-0.033,-0.02,57.09,73.73,2026-02-24 21:07:57+05:30,1.0,2955.0,3,2.0,0.556,22108.06,22.1081,19.44,0.039,0.0,-58.78,0.1625,4209.2,4.209,1890.8,24.866,55.75,accel,0.001,-0.0254,-0.03,0
15:38:00.221,1950.0,57,1104.46,1771947478,0.003,-0.03,0.11,61.68,73.63,2026-02-24 21:07:58+05:30,1.0,2956.0,3,3.5,0.972,22123.89,22.1239,19.38,0.114,1.51,-15.25,0.1187,4541.5,4.541,1892.06,24.883,55.73,accel,0.0004,-0.0318,0.1201,0
15:38:01.221,1951.0,61,1187.14,1771947479,0.007,-0.033,0.217,65.95,73.55,2026-02-24 21:07:59+05:30,1.0,2957.0,3,3.5,0.972,22140.83,22.1408,19.46,0.22,1.83,-8.64,0.0732,4850.6,4.851,1893.41,24.901,55.7,accel,0.0076,-0.0371,0.2095,0
15:38:02.220,1952.0,64,1240.02,1771947480,0.003,-0.053,0.25,67.1,73.52,2026-02-24 21:08:00+05:30,1.0,2958.0,3,2.0,0.556,22158.61,22.1586,19.38,0.256,0.67,-11.97,0.0526,4933.2,4.933,1894.78,24.92,55.68,accel,0.0076,-0.0437,0.2513,0
15:38:03.220,1953.0,65,1261.46,1771947481,0.0,-0.033,0.32,66.36,73.53,2026-02-24 21:08:01+05:30,1.0,2959.0,3,0.5,0.139,22176.67,22.1767,19.41,0.322,0.0,-5.89,0.0961,4879.5,4.879,1896.13,24.939,55.66,cruise,-0.0105,-0.0468,0.3207,0
15:38:04.221,1954.0,65,1254.3,1771947482,-0.047,-0.053,0.44,66.0,73.54,2026-02-24 21:08:02+05:30,1.0,2960.0,3,-0.5,-0.139,22194.72,22.1947,19.3,0.446,-6.05,-6.83,0.1136,4853.6,4.854,1897.48,24.957,55.64,cruise,-0.0339,-0.0359,0.4473,0
15:38:05.221,1955.0,64,1226.62,1771947483,-0.027,0.007,0.547,65.0,73.55,2026-02-24 21:08:03+05:30,1.0,2961.0,3,-1.5,-0.417,22212.5,22.2125,19.17,0.548,-2.83,0.73,0.0569,4780.8,4.781,1898.81,24.975,55.62,decel,-0.038,-0.0109,0.5316,0
15:38:06.220,1956.0,62,1190.04,1771947484,-0.027,-0.003,0.46,63.0,73.59,2026-02-24 21:08:04+05:30,1.0,2962.0,3,-1.5,-0.417,22229.72,22.2297,19.19,0.461,-3.36,-0.37,0.1039,4636.2,4.636,1900.1,24.992,55.6,decel,-0.0199,0.0136,0.4749,0
15:38:07.220,1957.0,61,1177.54,1771947485,0.01,0.037,0.34,62.98,73.59,2026-02-24 21:08:05+05:30,1.0,2963.0,3,0.0,0.0,22246.67,22.2467,19.3,0.342,1.67,6.21,0.1353,4634.7,4.635,1901.38,25.01,55.58,cruise,0.0062,0.0235,0.3266,0
15:38:08.220,1958.0,62,1197.22,1771947486,0.03,0.013,0.19,67.09,73.5,2026-02-24 21:08:06+05:30,1.0,2964.0,3,2.0,0.556,22263.89,22.2639,19.31,0.193,8.95,3.87,0.0954,4931.1,4.931,1902.75,25.029,55.55,accel,0.0313,0.0212,0.2056,0
15:38:09.221,1959.0,65,1244.94,1771947487,0.053,0.019,0.163,73.09,73.38,2026-02-24 21:08:07+05:30,1.0,2965.0,3,3.0,0.833,22281.94,22.2819,19.15,0.172,17.9,6.33,0.0478,5363.3,5.363,1904.24,25.049,55.53,accel,0.0532,0.0168,0.1475,0
15:38:10.221,1960.0,68,1311.4,1771947488,0.07,0.007,0.097,78.08,73.28,2026-02-24 21:08:08+05:30,1.0,2966.0,3,3.5,0.972,22300.83,22.3008,19.29,0.12,35.75,3.35,0.0535,5721.7,5.722,1905.83,25.071,55.51,accel,0.0688,0.006,0.1078,0
15:38:11.220,1961.0,72,1384.28,1771947489,0.067,-0.017,0.057,82.05,73.2,2026-02-24 21:08:09+05:30,1.0,2967.0,3,4.0,1.111,22320.83,22.3208,19.23,0.09,48.4,-10.94,0.0525,6006.1,6.006,1907.5,25.093,55.48,accel,0.0697,-0.0172,0.0524,0
15:38:12.220,1962.0,76,1459.04,1771947490,0.057,-0.039,-0.007,85.14,73.13,2026-02-24 21:08:10+05:30,1.0,2968.0,3,3.5,0.972,22341.94,22.3419,19.2,0.069,55.2,-34.18,0.0506,6226.3,6.226,1909.23,25.117,55.45,accel,0.053,-0.0372,-0.0082,0
15:38:13.221,1963.0,79,1527.62,1771947491,0.04,-0.047,-0.043,86.45,73.1,2026-02-24 21:08:11+05:30,1.0,2969.0,3,1.5,0.417,22363.89,22.3639,19.34,0.075,32.13,-38.67,0.0186,6319.5,6.319,1910.99,25.141,55.42,accel,0.0423,-0.0466,-0.0388,0
15:38:14.221,1964.0,79,1588.86,1771947492,0.063,-0.06,-0.017,87.94,73.07,2026-02-24 21:08:12+05:30,1.0,2970.0,3,0.0,0.0,22385.83,22.3858,20.11,0.089,45.29,-42.6,0.0265,6425.8,6.426,1912.77,25.165,55.39,cruise,0.0645,-0.0648,-0.0209,0
15:38:15.220,1965.0,79,1643.54,1771947493,0.097,-0.097,0.01,90.35,73.02,2026-02-24 21:08:13+05:30,1.0,2971.0,3,0.0,0.0,22407.78,22.4078,20.8,0.138,44.85,-44.85,0.0204,6597.4,6.597,1914.6,25.191,55.36,cruise,0.0956,-0.0902,0.0141,0
15:38:16.220,1966.0,79,1692.56,1771947494,0.09,-0.077,0.023,89.53,73.03,2026-02-24 21:08:14+05:30,1.0,2972.0,3,0.0,0.0,22429.72,22.4297,21.42,0.121,48.24,-39.66,0.0204,6538.4,6.538,1916.42,25.215,55.33,cruise,0.087,-0.0843,0.0171,0
15:38:17.221,1967.0,79,1736.74,1771947495,0.043,-0.047,-0.017,85.5,73.11,2026-02-24 21:08:15+05:30,1.0,2973.0,3,-0.5,-0.139,22451.67,22.4517,21.98,0.066,40.71,-45.47,0.0276,6250.9,6.251,1918.16,25.239,55.31,cruise,0.0475,-0.0381,-0.0116,0
15:38:18.220,1968.0,78,1775.08,1771947496,0.027,0.003,-0.03,82.9,73.16,2026-02-24 21:08:16+05:30,1.0,2974.0,3,-0.5,-0.139,22473.33,22.4733,22.76,0.04,41.85,4.25,0.0075,6065.0,6.065,1919.84,25.262,55.28,cruise,0.026,-0.0042,-0.0323,0
15:38:19.220,1969.0,78,1806.32,1771947497,0.033,-0.02,-0.03,82.96,73.15,2026-02-24 21:08:17+05:30,1.0,2975.0,3,0.0,0.0,22495.0,22.495,23.16,0.049,42.47,-24.15,0.0058,6068.5,6.069,1921.53,25.285,55.25,cruise,0.0311,-0.0207,-0.0294,0
15:38:20.221,1970.0,78,1827.74,1771947498,0.037,-0.053,-0.02,82.86,73.15,2026-02-24 21:08:18+05:30,1.0,2976.0,3,0.0,0.0,22516.67,22.5167,23.43,0.068,33.15,-51.57,0.0058,6061.2,6.061,1923.21,25.308,55.23,cruise,0.0375,-0.0453,-0.0211,0
15:38:21.220,1971.0,78,1842.46,1771947499,0.033,-0.023,-0.02,82.17,73.16,2026-02-24 21:08:19+05:30,1.0,2977.0,3,0.0,0.0,22538.33,22.5383,23.62,0.045,47.27,-30.8,0.0058,6011.6,6.012,1924.88,25.331,55.2,cruise,0.0353,-0.0305,-0.0182,0
15:38:22.220,1972.0,78,1849.04,1771947500,0.02,-0.007,-0.01,80.79,73.18,2026-02-24 21:08:20+05:30,1.0,2978.0,3,0.0,0.0,22560.0,22.56,23.71,0.023,58.6,-17.38,0.0068,5912.2,5.912,1926.52,25.354,55.17,cruise,0.0177,-0.0018,-0.0127,0
15:38:23.221,1973.0,78,1849.94,1771947501,-0.023,0.01,-0.007,79.0,73.22,2026-02-24 21:08:21+05:30,1.0,2979.0,3,0.0,0.0,22581.67,22.5817,23.72,0.026,-62.04,22.58,0.0108,5784.4,5.784,1928.13,25.375,55.15,cruise,-0.0232,0.0029,-0.0022,0
15:38:24.221,1974.0,78,1846.06,1771947502,-0.062,-0.013,0.01,79.0,73.21,2026-02-24 21:08:22+05:30,1.0,2980.0,3,0.0,0.0,22603.33,22.6033,23.67,0.064,-75.18,-11.7,0.0098,5783.6,5.784,1929.73,25.397,55.12,cruise,-0.0611,-0.0018,0.0031,0
15:38:25.220,1975.0,78,1838.34,1771947503,-0.055,0.023,-0.007,79.0,73.21,2026-02-24 21:08:23+05:30,1.0,2981.0,3,0.0,0.0,22625.0,22.625,23.57,0.06,-66.39,22.53,0.0085,5783.6,5.784,1931.34,25.419,55.09,cruise,-0.0543,0.0102,-0.0002,0
15:38:26.221,1976.0,78,1813.66,1771947504,-0.012,0.027,-0.0,79.0,73.21,2026-02-24 21:08:24+05:30,1.0,2982.0,3,0.0,0.0,22646.67,22.6467,23.25,0.03,-23.96,66.04,0.0101,5783.6,5.784,1932.95,25.441,55.07,cruise,-0.0126,0.0366,-0.0036,0
15:38:27.221,1977.0,78,1768.44,1771947505,0.003,0.053,0.013,79.24,73.2,2026-02-24 21:08:25+05:30,1.0,2983.0,3,0.0,0.0,22668.33,22.6683,22.67,0.055,3.15,75.87,0.0561,5800.4,5.8,1934.56,25.463,55.04,cruise,0.0027,0.0511,0.0139,0
15:38:28.221,1978.0,78,1712.6,1771947506,-0.04,0.033,0.103,79.0,73.2,2026-02-24 21:08:26+05:30,1.0,2984.0,3,0.0,0.0,22690.0,22.69,21.96,0.115,-20.3,16.63,0.0935,5782.8,5.783,1936.17,25.485,55.02,cruise,-0.0408,0.0261,0.0954,0
15:38:29.220,1979.0,78,1646.06,1771947507,-0.1,-0.03,0.2,79.0,73.2,2026-02-24 21:08:27+05:30,1.0,2985.0,3,0.0,0.0,22711.67,22.7117,21.1,0.226,-26.31,-7.64,0.0935,5782.8,5.783,1937.77,25.507,54.99,cruise,-0.0982,-0.019,0.2259,0
15:38:30.220,1980.0,78,1569.56,1771947508,-0.09,-0.01,0.29,79.0,73.2,2026-02-24 21:08:28+05:30,1.0,2986.0,3,-0.5,-0.139,22733.33,22.7333,20.12,0.304,-17.23,-1.89,0.1539,5782.8,5.783,1939.38,25.529,54.97,cruise,-0.0929,-0.0232,0.2496,0
15:38:31.221,1981.0,77,1486.48,1771947509,-0.02,-0.0,-0.01,78.0,73.21,2026-02-24 21:08:29+05:30,1.0,2987.0,3,-2.5,-0.694,22754.72,22.7547,19.3,0.022,-63.43,-0.0,0.2754,5710.4,5.71,1940.96,25.551,54.94,decel,-0.014,0.0203,0.0324,0
15:38:32.220,1982.0,73,1398.42,1771947510,0.057,0.077,-0.26,78.56,73.2,2026-02-24 21:08:30+05:30,1.0,2988.0,3,-5.0,-1.389,22775.0,22.775,19.16,0.277,11.87,16.13,0.2565,5750.6,5.751,1942.56,25.573,54.91,decel,0.0516,0.0483,-0.3043,0
15:38:33.220,1983.0,67,1287.16,1771947511,0.023,0.017,-0.523,69.84,73.37,2026-02-24 21:08:31+05:30,1.0,2989.0,3,-6.0,-1.667,22793.61,22.7936,19.21,0.524,2.52,1.86,0.1352,5124.2,5.124,1943.99,25.592,54.89,decel,0.021,0.0451,-0.4774,0
15:38:34.221,1984.0,61,1186.14,1771947512,-0.077,0.083,-0.337,62.0,73.52,2026-02-24 21:08:32+05:30,1.0,2990.0,3,-4.5,-1.25,22810.56,22.8106,19.44,0.356,-12.51,13.5,0.183,4558.2,4.558,1945.25,25.609,54.87,decel,-0.069,0.0629,-0.3703,0
15:38:35.221,1985.0,58,1113.82,1771947513,-0.103,0.083,-0.157,59.0,73.58,2026-02-24 21:08:33+05:30,1.0,2991.0,3,-2.5,-0.694,22826.67,22.8267,19.2,0.205,-30.11,23.85,0.1604,4341.2,4.341,1946.46,25.626,54.85,decel,-0.1121,0.099,-0.1427,0
15:38:36.220,1986.0,56,1088.9,1771947514,-0.077,0.107,-0.017,57.0,73.62,2026-02-24 21:08:34+05:30,1.0,2992.0,3,0.0,0.0,22842.22,22.8422,19.44,0.133,-35.4,53.61,0.0717,4196.3,4.196,1947.62,25.641,54.83,cruise,-0.0681,0.0898,-0.0171,0
15:38:37.221,1987.0,58,1113.32,1771947515,0.013,0.017,-0.06,62.23,73.51,2026-02-24 21:08:35+05:30,1.0,2993.0,3,2.5,0.694,22858.33,22.8583,19.2,0.064,11.78,15.48,0.1126,4574.5,4.575,1948.89,25.659,54.81,accel,0.0067,0.032,-0.0693,0
15:38:38.220,1988.0,61,1176.68,1771947516,0.047,-0.007,-0.23,68.63,73.38,2026-02-24 21:08:36+05:30,1.0,2994.0,3,3.0,0.833,22875.28,22.8753,19.29,0.235,11.54,-1.71,0.1379,5036.1,5.036,1950.29,25.678,54.79,accel,0.0469,-0.014,-0.2183,0
15:38:39.220,1989.0,64,1227.98,1771947517,0.047,-0.023,-0.333,70.56,73.34,2026-02-24 21:08:37+05:30,1.0,2995.0,3,2.0,0.556,22893.06,22.8931,19.19,0.337,8.01,-3.91,0.0824,5174.9,5.175,1951.73,25.697,54.77,accel,0.0518,-0.0234,-0.3409,0
15:38:40.221,1990.0,65,1248.76,1771947518,0.057,-0.02,-0.393,71.21,73.32,2026-02-24 21:08:38+05:30,1.0,2996.0,3,0.5,0.139,22911.11,22.9111,19.21,0.398,8.24,-2.88,0.03,5221.1,5.221,1953.18,25.717,54.74,cruise,0.0523,-0.017,-0.3869,0
15:38:41.220,1991.0,65,1253.82,1771947519,0.043,-0.013,-0.363,69.44,73.36,2026-02-24 21:08:39+05:30,1.0,2997.0,3,-1.0,-0.278,22929.17,22.9292,19.29,0.366,6.75,-2.04,0.0315,5094.1,5.094,1954.6,25.736,54.72,decel,0.0462,-0.014,-0.3723,0
15:38:42.221,1992.0,63,1225.5,1771947520,0.02,-0.01,-0.33,65.6,73.43,2026-02-24 21:08:40+05:30,1.0,2998.0,3,-2.5,-0.694,22946.67,22.9467,19.45,0.331,3.47,-1.73,0.0268,4817.0,4.817,1955.93,25.755,54.7,decel,0.0175,-0.0138,-0.3209,0
15:38:43.221,1993.0,60,1157.86,1771947521,-0.015,-0.008,-0.31,61.0,73.52,2026-02-24 21:08:41+05:30,1.0,2999.0,3,-4.0,-1.111,22963.33,22.9633,19.3,0.31,-2.77,-1.48,0.0361,4484.7,4.485,1957.18,25.772,54.68,decel,-0.0145,-0.0012,-0.305,0
15:38:44.220,1994.0,55,1064.62,1771947522,-0.015,0.025,-0.38,56.0,73.62,2026-02-24 21:08:42+05:30,1.0,3000.0,3,-5.0,-1.389,22978.61,22.9786,19.36,0.381,-2.26,3.76,0.1162,4122.7,4.123,1958.32,25.787,54.66,decel,-0.0128,0.0214,-0.4056,0
15:38:45.221,1995.0,50,970.48,1771947523,0.018,0.028,-0.537,52.44,73.69,2026-02-24 21:08:43+05:30,1.0,3001.0,3,-5.0,-1.389,22992.5,22.9925,19.41,0.538,1.92,2.98,0.1133,3864.3,3.864,1959.4,25.802,54.64,decel,0.0167,0.0251,-0.506,0
15:38:46.221,1996.0,45,870.12,1771947524,0.033,0.003,-0.317,48.64,73.76,2026-02-24 21:08:44+05:30,1.0,3002.0,3,-4.0,-1.111,23005.0,23.005,19.34,0.319,5.94,0.54,0.2966,3587.7,3.588,1960.39,25.815,54.63,decel,0.0306,0.0087,-0.3438,0
15:38:47.220,1997.0,42,809.84,1771947525,0.01,0.007,0.05,43.8,73.86,2026-02-24 21:08:45+05:30,1.0,3003.0,3,-1.5,-0.417,23016.67,23.0167,19.28,0.051,11.2,7.82,0.3902,3235.1,3.235,1961.29,25.827,54.61,decel,0.0138,0.0031,0.0857,0
15:38:48.220,1998.0,42,804.64,1771947526,-0.007,0.007,0.463,43.13,73.87,2026-02-24 21:08:46+05:30,1.0,3004.0,3,0.0,0.0,23028.33,23.0283,19.16,0.463,-0.87,0.87,0.215,3186.0,3.186,1962.18,25.839,54.6,cruise,-0.0091,0.0095,0.4198,0
15:38:49.221,1999.0,42,815.08,1771947527,-0.023,0.007,0.36,44.6,73.84,2026-02-24 21:08:47+05:30,1.0,3005.0,3,1.5,0.417,23040.0,23.04,19.41,0.361,-3.65,1.11,0.1579,3293.3,3.293,1963.09,25.852,54.59,accel,-0.0225,0.0037,0.3879,0
15:38:50.220,2000.0,45,868.46,1771947528,-0.03,-0.013,0.153,49.18,73.74,2026-02-24 21:08:48+05:30,1.0,3006.0,3,3.5,0.972,23052.5,23.0525,19.3,0.156,-11.05,-4.77,0.1937,3626.5,3.627,1964.1,25.865,54.57,accel,-0.0301,-0.0101,0.1436,0
15:38:51.221,2001.0,49,942.2,1771947529,-0.03,-0.01,-0.027,53.43,73.66,2026-02-24 21:08:49+05:30,1.0,3007.0,3,3.5,0.972,23066.11,23.0661,19.23,0.042,-46.18,-13.92,0.1069,3935.7,3.936,1965.19,25.88,54.55,accel,-0.0307,-0.0093,-0.0207,0
15:38:52.221,2002.0,52,1005.62,1771947530,-0.023,0.013,-0.037,56.08,73.6,2026-02-24 21:08:50+05:30,1.0,3008.0,3,3.0,0.833,23080.56,23.0806,19.34,0.045,-30.39,16.61,0.005,4127.5,4.127,1966.34,25.896,54.53,accel,-0.0204,0.0081,-0.0437,0
15:38:53.220,2003.0,55,1065.24,1771947531,0.0,0.025,-0.033,59.97,73.52,2026-02-24 21:08:51+05:30,1.0,3009.0,3,4.0,1.111,23095.83,23.0958,19.37,0.041,0.0,37.15,0.0026,4409.0,4.409,1967.56,25.913,54.51,accel,-0.0043,0.0311,-0.0312,0
15:38:54.221,2004.0,60,1164.6,1771947532,0.01,0.045,-0.038,66.34,73.39,2026-02-24 21:08:52+05:30,1.0,3010.0,3,5.0,1.389,23112.5,23.1125,19.41,0.06,9.64,48.87,0.0066,4868.7,4.869,1968.92,25.931,54.49,accel,0.0137,0.0415,-0.0355,0
15:38:55.220,2005.0,65,1247.02,1771947533,0.033,0.008,-0.025,72.44,73.27,2026-02-24 21:08:53+05:30,1.0,3011.0,3,4.0,1.111,23130.56,23.1306,19.18,0.042,51.5,10.94,0.0259,5307.7,5.308,1970.39,25.951,54.47,accel,0.0319,0.0098,-0.0285,0
15:38:56.220,2006.0,68,1316.56,1771947534,0.033,-0.05,0.012,74.82,73.22,2026-02-24 21:08:54+05:30,1.0,3012.0,3,3.0,0.833,23149.44,23.1494,19.36,0.061,32.69,-54.92,0.0587,5478.3,5.478,1971.91,25.972,54.44,accel,0.033,-0.0552,0.0154,0
15:38:57.221,2007.0,71,1374.24,1771947535,0.007,-0.09,0.09,75.23,73.21,2026-02-24 21:08:55+05:30,1.0,3013.0,3,3.0,0.833,23169.17,23.1692,19.36,0.127,3.15,-44.91,0.0645,5507.6,5.508,1973.44,25.993,54.42,accel,0.0048,-0.0815,0.0864,0
15:38:58.220,2008.0,74,1423.3,1771947536,-0.03,-0.027,0.14,77.18,73.16,2026-02-24 21:08:56+05:30,1.0,3014.0,3,2.5,0.694,23189.72,23.1897,19.23,0.146,-11.88,-10.68,0.0348,5646.5,5.646,1975.01,26.014,54.4,accel,-0.0253,-0.0325,0.1456,0
15:38:59.221,2009.0,76,1461.56,1771947537,-0.01,0.023,0.157,78.85,73.13,2026-02-24 21:08:57+05:30,1.0,3015.0,3,2.0,0.556,23210.83,23.2108,19.23,0.159,-3.61,8.32,0.0444,5766.3,5.766,1976.61,26.036,54.37,accel,-0.0169,0.0253,0.1483,0
15:39:00.221,2010.0,78,1497.26,1771947538,0.01,0.03,0.073,81.54,73.07,2026-02-24 21:08:58+05:30,1.0,3016.0,3,1.5,0.417,23232.5,23.2325,19.2,0.08,7.22,22.15,0.082,5958.1,5.958,1978.27,26.059,54.34,accel,0.0213,0.0247,0.0832,0
15:39:01.220,2011.0,79,1531.0,1771947539,0.05,-0.013,-0.007,85.6,72.99,2026-02-24 21:08:59+05:30,1.0,3017.0,3,0.5,0.139,23254.44,23.2544,19.38,0.052,73.55,-14.44,0.0881,6247.9,6.248,1980.0,26.083,54.31,cruise,0.0342,-0.0044,-0.0164,0
15:39:02.221,2012.0,79,1561.1,1771947540,-0.023,-0.0,-0.103,81.43,73.07,2026-02-24 21:09:00+05:30,1.0,3018.0,3,0.0,0.0,23276.39,23.2764,19.76,0.106,-12.59,-0.0,0.0566,5950.1,5.95,1981.66,26.105,54.29,cruise,-0.0069,-0.0062,-0.0962,0
15:39:03.221,2013.0,79,1588.24,1771947541,-0.05,0.007,-0.107,81.34,73.06,2026-02-24 21:09:01+05:30,1.0,3019.0,3,0.0,0.0,23298.33,23.2983,20.1,0.118,-25.0,3.39,0.0203,5942.7,5.943,1983.31,26.128,54.26,cruise,-0.0632,0.0083,-0.1115,0
15:39:04.220,2014.0,79,1614.62,1771947542,-0.08,-0.01,-0.07,81.28,73.06,2026-02-24 21:09:02+05:30,1.0,3020.0,3,0.0,0.0,23320.28,23.3203,20.44,0.107,-48.53,-5.37,0.0527,5938.3,5.938,1984.96,26.15,54.23,cruise,-0.0722,-0.0062,-0.0647,0
15:39:05.221,2015.0,79,1639.52,1771947543,-0.02,-0.043,-0.003,81.16,73.06,2026-02-24 21:09:03+05:30,1.0,3021.0,3,0.0,0.0,23342.22,23.3422,20.75,0.048,-24.89,-64.81,0.0396,5929.5,5.93,1986.6,26.173,54.21,cruise,-0.0195,-0.0529,-0.01,0
15:39:06.221,2016.0,79,1660.82,1771947544,0.05,-0.1,-0.0,85.02,72.98,2026-02-24 21:09:04+05:30,1.0,3022.0,3,0.0,0.0,23364.17,23.3642,21.02,0.112,26.57,-63.43,0.0017,6204.8,6.205,1988.33,26.197,54.18,cruise,0.0421,-0.0856,0.0067,0
15:39:07.220,2017.0,79,1680.5,1771947545,0.043,-0.057,-0.0,84.35,72.99,2026-02-24 21:09:05+05:30,1.0,3023.0,3,0.0,0.0,23386.11,23.3861,21.27,0.071,37.03,-52.97,0.0173,6156.7,6.157,1990.04,26.22,54.15,cruise,0.0541,-0.0713,-0.0066,0
15:39:08.221,2018.0,79,1697.1,1771947546,0.033,-0.05,-0.03,83.45,73.01,2026-02-24 21:09:06+05:30,1.0,3024.0,3,0.0,0.0,23408.06,23.4081,21.48,0.067,29.51,-48.27,0.0173,6092.7,6.093,1991.73,26.243,54.13,cruise,0.0203,-0.0375,-0.0218,0
15:39:09.221,2019.0,79,1713.06,1771947547,-0.023,-0.023,-0.03,80.39,73.06,2026-02-24 21:09:07+05:30,1.0,3025.0,3,0.0,0.0,23430.0,23.43,21.68,0.044,-31.32,-31.32,0.0231,5873.3,5.873,1993.36,26.265,54.1,cruise,-0.0094,-0.0334,-0.0385,0
15:39:10.221,2020.0,79,1712.88,1771947548,0.007,-0.067,-0.07,80.56,73.06,2026-02-24 21:09:08+05:30,1.0,3026.0,3,0.0,0.0,23451.94,23.4519,21.68,0.097,4.13,-43.6,0.0293,5885.7,5.886,1995.0,26.288,54.07,cruise,-0.0052,-0.0613,-0.065,0
15:39:11.220,2021.0,79,1695.26,1771947549,0.007,-0.08,-0.087,80.56,73.05,2026-02-24 21:09:09+05:30,1.0,3027.0,3,0.0,0.0,23473.89,23.4739,21.46,0.118,3.39,-42.51,0.0085,5884.9,5.885,1996.63,26.31,54.05,cruise,0.0171,-0.0797,-0.0869,0
15:39:12.221,2022.0,79,1659.42,1771947550,0.037,-0.063,-0.08,82.96,73.0,2026-02-24 21:09:10+05:30,1.0,3028.0,3,0.0,0.0,23495.83,23.4958,21.01,0.108,19.97,-35.56,0.0271,6056.1,6.056,1998.31,26.333,54.02,cruise,0.0285,-0.0661,-0.0832,0
15:39:13.221,2023.0,79,1606.86,1771947551,0.017,-0.038,-0.037,81.36,73.03,2026-02-24 21:09:11+05:30,1.0,3029.0,3,0.5,0.139,23517.78,23.5178,20.34,0.056,17.77,-43.02,0.1053,5941.7,5.942,1999.96,26.356,53.99,cruise,0.0225,-0.0358,-0.0316,0
15:39:14.221,2024.0,80,1534.76,1771947552,0.007,-0.005,0.12,81.56,73.02,2026-02-24 21:09:12+05:30,1.0,3030.0,3,-1.5,-0.417,23540.0,23.54,19.18,0.12,3.34,-2.38,0.1535,5955.5,5.956,2001.62,26.379,53.97,decel,0.007,-0.006,0.1062,0
15:39:15.220,2025.0,76,1458.28,1771947553,-0.01,0.012,0.27,77.0,73.11,2026-02-24 21:09:13+05:30,1.0,3031.0,3,-4.5,-1.25,23561.11,23.5611,19.19,0.27,-2.12,2.54,0.1401,5629.5,5.629,2003.18,26.4,53.94,decel,-0.0159,0.0137,0.2996,0
15:39:16.221,2026.0,71,1371.8,1771947554,-0.047,0.017,0.4,72.0,73.21,2026-02-24 21:09:14+05:30,1.0,3032.0,3,-5.0,-1.389,23580.83,23.5808,19.32,0.403,-6.7,2.42,0.1401,5271.1,5.271,2004.65,26.42,53.92,decel,-0.038,0.0135,0.3637,0
15:39:17.221,2027.0,66,1272.62,1771947555,-0.033,-0.007,0.12,67.0,73.31,2026-02-24 21:09:15+05:30,1.0,3033.0,3,-5.5,-1.528,23599.17,23.5992,19.28,0.125,-15.35,-3.22,0.2987,4911.8,4.912,2006.01,26.439,53.9,decel,-0.0416,-0.0028,0.1465,0
15:39:18.221,2028.0,60,1167.82,1771947556,-0.033,-0.013,-0.197,61.0,73.42,2026-02-24 21:09:16+05:30,1.0,3034.0,3,-5.0,-1.389,23615.83,23.6158,19.46,0.2,-9.49,-3.72,0.3002,4478.6,4.479,2007.25,26.455,53.88,decel,-0.0272,-0.0168,-0.2177,0
15:39:19.220,2029.0,56,1072.96,1771947557,-0.023,-0.023,-0.48,57.0,73.5,2026-02-24 21:09:17+05:30,1.0,3035.0,3,-4.0,-1.111,23631.39,23.6314,19.16,0.481,-2.74,-2.74,0.1587,4189.5,4.19,2008.42,26.471,53.86,decel,-0.0231,-0.0193,-0.454,0
15:39:20.221,2030.0,52,1004.9,1771947558,-0.043,-0.01,-0.463,53.0,73.58,2026-02-24 21:09:18+05:30,1.0,3036.0,3,-3.0,-0.833,23645.83,23.6458,19.32,0.465,-5.3,-1.23,0.0271,3899.7,3.9,2009.5,26.486,53.84,decel,-0.05,-0.0145,-0.4864,0
15:39:21.220,2031.0,50,969.86,1771947559,-0.087,-0.013,-0.427,51.0,73.62,2026-02-24 21:09:19+05:30,1.0,3037.0,3,-1.0,-0.278,23659.72,23.6597,19.4,0.436,-11.51,-1.71,0.0817,3754.6,3.755,2010.54,26.5,53.82,decel,-0.0776,-0.0077,-0.419,0
15:39:22.221,2032.0,50,973.2,1771947560,-0.053,-0.0,-0.307,52.0,73.6,2026-02-24 21:09:20+05:30,1.0,3038.0,3,1.0,0.278,23673.61,23.6736,19.46,0.312,-9.79,-0.0,0.1374,3827.2,3.827,2011.61,26.515,53.81,accel,-0.058,-0.0052,-0.3035,0
15:39:23.221,2033.0,52,1009.88,1771947561,0.003,-0.023,-0.153,55.7,73.52,2026-02-24 21:09:21+05:30,1.0,3039.0,3,2.5,0.694,23688.06,23.6881,19.42,0.155,1.11,-8.55,0.1326,4095.1,4.095,2012.75,26.53,53.79,accel,0.0017,-0.0181,-0.1534,0
15:39:24.221,2034.0,55,1071.48,1771947562,0.04,-0.043,-0.043,62.4,73.38,2026-02-24 21:09:22+05:30,1.0,3040.0,3,3.5,0.972,23703.33,23.7033,19.48,0.073,33.34,-36.21,0.0676,4578.9,4.579,2014.02,26.547,53.77,accel,0.047,-0.048,-0.0493,0
15:39:25.220,2035.0,59,1137.96,1771947563,0.057,-0.08,-0.03,67.97,73.27,2026-02-24 21:09:23+05:30,1.0,3041.0,3,4.0,1.111,23719.72,23.7197,19.29,0.103,33.71,-51.16,0.0068,4980.2,4.98,2015.4,26.566,53.75,accel,0.0444,-0.0754,-0.0292,0
15:39:26.221,2036.0,63,1207.88,1771947564,-0.007,-0.073,-0.04,67.55,73.28,2026-02-24 21:09:24+05:30,1.0,3042.0,3,3.5,0.972,23737.22,23.7372,19.17,0.084,-4.81,-60.91,0.0248,4950.1,4.95,2016.78,26.585,53.72,accel,0.0092,-0.0764,-0.0263,0
15:39:27.221,2037.0,66,1279.98,1771947565,-0.007,-0.053,0.007,70.58,73.21,2026-02-24 21:09:25+05:30,1.0,3043.0,3,3.5,0.972,23755.56,23.7556,19.39,0.054,-7.46,-79.42,0.0332,5167.2,5.167,2018.21,26.605,53.7,accel,-0.024,-0.0505,-0.0145,0
15:39:28.221,2038.0,70,1351.26,1771947566,-0.057,-0.02,-0.057,74.33,73.13,2026-02-24 21:09:26+05:30,1.0,3044.0,3,3.5,0.972,23775.0,23.775,19.3,0.083,-43.34,-13.93,0.048,5435.8,5.436,2019.72,26.625,53.68,accel,-0.0403,-0.0209,-0.0388,0
15:39:29.221,2039.0,73,1413.36,1771947567,-0.027,-0.0,-0.087,76.77,73.08,2026-02-24 21:09:27+05:30,1.0,3045.0,3,3.0,0.833,23795.28,23.7953,19.36,0.091,-17.24,-0.0,0.0658,5610.4,5.61,2021.28,26.647,53.65,accel,-0.043,-0.0037,-0.0999,0
15:39:30.220,2040.0,76,1461.94,1771947568,-0.043,-0.007,-0.183,78.75,73.04,2026-02-24 21:09:28+05:30,1.0,3046.0,3,2.0,0.556,23816.39,23.8164,19.24,0.188,-13.21,-2.13,0.0901,5751.9,5.752,2022.88,26.669,53.63,accel,-0.0291,0.0035,-0.1717,0
15:39:31.221,2041.0,77,1483.3,1771947569,0.02,0.02,-0.267,79.84,73.01,2026-02-24 21:09:29+05:30,1.0,3047.0,3,0.0,0.0,23837.78,23.8378,19.26,0.268,4.27,4.27,0.1025,5829.1,5.829,2024.5,26.691,53.6,cruise,0.0093,0.0038,-0.2734,0
15:39:32.221,2042.0,76,1471.36,1771947570,0.053,-0.017,-0.387,81.24,72.98,2026-02-24 21:09:30+05:30,1.0,3048.0,3,-3.0,-0.833,23858.89,23.8589,19.36,0.391,7.79,-2.49,0.0974,5928.9,5.929,2026.14,26.713,53.57,decel,0.0617,0.0011,-0.3948,0
15:39:33.221,2043.0,71,1367.52,1771947571,0.107,0.02,-0.46,80.56,72.99,2026-02-24 21:09:31+05:30,1.0,3049.0,3,-5.0,-1.389,23878.61,23.8786,19.26,0.473,13.08,2.42,0.0666,5880.1,5.88,2027.78,26.736,53.55,decel,0.0985,0.0039,-0.4379,0
15:39:34.221,2044.0,66,1270.38,1771947572,0.087,-0.0,-0.327,73.96,73.12,2026-02-24 21:09:32+05:30,1.0,3050.0,3,-4.5,-1.25,23896.94,23.8969,19.25,0.338,14.9,-0.0,0.1076,5408.0,5.408,2029.28,26.756,53.52,decel,0.0964,0.0123,-0.3517,0
15:39:35.220,2045.0,62,1196.46,1771947573,0.067,0.027,-0.247,68.36,73.23,2026-02-24 21:09:33+05:30,1.0,3051.0,3,-3.0,-0.833,23914.17,23.9142,19.3,0.257,15.09,6.02,0.0871,5006.0,5.006,2030.67,26.775,53.5,decel,0.056,0.0185,-0.2268,0
15:39:36.221,2046.0,60,1158.2,1771947574,-0.007,0.013,-0.153,61.0,73.38,2026-02-24 21:09:34+05:30,1.0,3052.0,3,-1.0,-0.278,23930.83,23.9308,19.3,0.154,-2.61,4.85,0.0472,4476.2,4.476,2031.91,26.792,53.48,decel,0.0054,0.0185,-0.1699,0
15:39:37.221,2047.0,60,1156.54,1771947575,0.003,0.017,-0.193,63.6,73.32,2026-02-24 21:09:35+05:30,1.0,3053.0,3,2.5,0.694,23947.5,23.9475,19.28,0.194,0.89,5.03,0.0208,4663.2,4.663,2033.21,26.81,53.46,accel,-0.0114,0.0132,-0.1798,0
15:39:38.220,2048.0,65,1252.42,1771947576,0.01,-0.0,-0.183,71.63,73.16,2026-02-24 21:09:36+05:30,1.0,3054.0,3,5.0,1.389,23965.56,23.9656,19.27,0.183,3.13,-0.0,0.005,5240.5,5.24,2034.66,26.83,53.44,accel,0.0261,0.0042,-0.1916,0
15:39:39.221,2049.0,70,1349.62,1771947577,0.09,0.003,-0.188,82.33,72.94,2026-02-24 21:09:37+05:30,1.0,3055.0,3,4.5,1.25,23985.0,23.985,19.28,0.208,25.58,0.82,0.0025,6005.2,6.005,2036.33,26.853,53.41,accel,0.0772,-0.0037,-0.1811,0
15:39:40.221,2050.0,74,1417.6,1771947578,0.077,-0.013,-0.185,83.83,72.91,2026-02-24 21:09:38+05:30,1.0,3056.0,3,3.0,0.833,24005.56,24.0056,19.16,0.201,22.55,-3.71,0.0436,6112.0,6.112,2038.03,26.876,53.38,accel,0.0816,-0.0037,-0.1915,0
15:39:41.221,2051.0,76,1456.46,1771947579,0.04,0.007,-0.262,81.27,72.96,2026-02-24 21:09:39+05:30,1.0,3057.0,3,1.0,0.278,24026.67,24.0267,19.16,0.265,8.68,1.51,0.0524,5929.5,5.929,2039.68,26.898,53.35,accel,0.0416,-0.0011,-0.2545,0
15:39:42.220,2052.0,76,1460.28,1771947580,0.013,-0.005,-0.285,78.04,73.02,2026-02-24 21:09:40+05:30,1.0,3058.0,3,-4.0,-1.111,24047.78,24.0478,19.21,0.285,2.61,-1.0,0.0157,5698.5,5.698,2041.26,26.92,53.33,decel,0.01,-0.0031,-0.301,0
15:39:43.221,2053.0,68,1318.1,1771947581,0.007,-0.005,-0.255,69.56,73.19,2026-02-24 21:09:41+05:30,1.0,3059.0,3,-7.0,-1.944,24066.67,24.0667,19.38,0.255,1.57,-1.12,0.1176,5091.1,5.091,2042.67,26.939,53.31,decel,0.0099,0.0008,-0.2283,0
15:39:44.221,2054.0,62,1200.98,1771947582,0.023,0.025,-0.068,64.84,73.28,2026-02-24 21:09:42+05:30,1.0,3060.0,3,-6.0,-1.667,24083.89,24.0839,19.37,0.076,17.61,19.2,0.1055,4751.5,4.751,2043.99,26.957,53.29,decel,0.0202,0.0149,-0.0905,0
15:39:45.221,2055.0,56,1076.54,1771947583,0.013,0.01,-0.077,58.04,73.41,2026-02-24 21:09:43+05:30,1.0,3061.0,3,-5.5,-1.528,24099.44,24.0994,19.22,0.079,9.5,7.3,0.0622,4260.7,4.261,2045.18,26.974,53.27,decel,0.0154,0.0203,-0.0688,0
15:39:46.220,2056.0,51,981.94,1771947584,-0.01,0.013,-0.18,52.0,73.53,2026-02-24 21:09:44+05:30,1.0,3062.0,3,-4.0,-1.111,24113.61,24.1136,19.25,0.181,-3.17,4.12,0.0932,3823.6,3.824,2046.24,26.988,53.25,decel,-0.0117,0.0048,-0.1845,0
15:39:47.221,2057.0,48,920.78,1771947585,-0.047,-0.023,-0.263,49.34,73.58,2026-02-24 21:09:45+05:30,1.0,3063.0,3,0.0,0.0,24126.94,24.1269,19.18,0.268,-10.09,-4.92,0.046,3630.4,3.63,2047.25,27.002,53.23,cruise,-0.0461,-0.0187,-0.2551,0
15:39:48.221,2058.0,51,995.54,1771947586,-0.057,-0.027,-0.187,55.11,73.46,2026-02-24 21:09:46+05:30,1.0,3064.0,3,3.0,0.833,24141.11,24.1411,19.52,0.197,-16.79,-7.86,0.1079,4048.4,4.048,2048.37,27.017,53.22,accel,-0.0586,-0.0269,-0.1862,0
15:39:49.221,2059.0,54,1045.32,1771947587,-0.043,-0.01,-0.05,58.03,73.4,2026-02-24 21:09:47+05:30,1.0,3065.0,3,3.5,0.972,24156.11,24.1561,19.36,0.067,-40.14,-8.62,0.0956,4259.4,4.259,2049.56,27.033,53.2,accel,-0.0378,-0.0138,-0.0689,0
15:39:50.220,2060.0,58,1116.64,1771947588,-0.003,-0.013,-0.003,62.31,73.31,2026-02-24 21:09:48+05:30,1.0,3066.0,3,3.5,0.972,24172.22,24.1722,19.25,0.014,-12.67,-71.93,0.1006,4567.9,4.568,2050.82,27.05,53.18,accel,-0.0119,-0.0049,0.0262,0
15:39:51.221,2061.0,61,1177.78,1771947589,-0.027,-0.01,0.143,64.62,73.27,2026-02-24 21:09:49+05:30,1.0,3067.0,3,2.5,0.694,24189.17,24.1892,19.31,0.146,-10.67,-3.93,0.0956,4734.7,4.735,2052.14,27.068,53.15,accel,-0.0159,-0.0229,0.116,0
15:39:52.221,2062.0,63,1221.28,1771947590,-0.03,-0.057,0.177,65.5,73.25,2026-02-24 21:09:50+05:30,1.0,3068.0,3,1.5,0.417,24206.67,24.2067,19.39,0.188,-9.16,-17.61,0.0843,4797.9,4.798,2053.47,27.087,53.13,accel,-0.0432,-0.0435,0.1998,0
15:39:53.221,2063.0,64,1237.64,1771947591,-0.07,-0.02,0.303,65.0,73.25,2026-02-24 21:09:51+05:30,1.0,3069.0,3,0.0,0.0,24224.44,24.2244,19.34,0.312,-12.98,-3.68,0.0866,4761.2,4.761,2054.79,27.105,53.11,cruise,-0.056,-0.0287,0.2767,0
15:39:54.221,2064.0,63,1211.36,1771947592,-0.03,0.003,0.343,64.0,73.27,2026-02-24 21:09:52+05:30,1.0,3070.0,3,-2.0,-0.556,24241.94,24.2419,19.23,0.344,-5.0,0.5,0.0985,4689.3,4.689,2056.1,27.122,53.09,decel,-0.0402,0.0071,0.3762,0
15:39:55.221,2065.0,60,1149.78,1771947593,-0.02,0.02,0.49,61.0,73.33,2026-02-24 21:09:53+05:30,1.0,3071.0,3,-3.5,-0.972,24258.61,24.2586,19.16,0.491,-2.34,2.34,0.0736,4473.1,4.473,2057.34,27.139,53.07,decel,-0.0171,0.0178,0.4599,0
15:39:56.221,2066.0,56,1087.7,1771947594,-0.003,-0.003,0.423,57.0,73.41,2026-02-24 21:09:54+05:30,1.0,3072.0,3,-3.0,-0.833,24274.17,24.2742,19.42,0.423,-0.41,-0.41,0.0736,4184.4,4.184,2058.5,27.155,53.05,decel,0.0002,-0.003,0.4398,0
15:39:57.220,2067.0,54,1046.12,1771947595,0.023,-0.023,0.343,56.84,73.41,2026-02-24 21:09:55+05:30,1.0,3073.0,3,-1.0,-0.278,24289.17,24.2892,19.37,0.345,3.83,-3.83,0.0933,4172.6,4.173,2059.66,27.171,53.03,decel,0.0166,-0.0201,0.335,0
15:39:58.221,2068.0,54,1046.92,1771947596,0.017,-0.003,0.237,57.42,73.39,2026-02-24 21:09:56+05:30,1.0,3074.0,3,1.0,0.278,24304.17,24.3042,19.39,0.238,4.1,-0.72,0.0771,4214.1,4.214,2060.83,27.187,53.02,accel,0.0255,-0.0072,0.2451,0
15:39:59.221,2069.0,56,1088.32,1771947597,0.023,0.03,0.193,61.98,73.3,2026-02-24 21:09:57+05:30,1.0,3075.0,3,3.5,0.972,24319.72,24.3197,19.43,0.197,6.72,8.77,0.0629,4543.1,4.543,2062.09,27.204,53.0,accel,0.0127,0.0333,0.1869,0
15:40:00.220,2070.0,61,1172.48,1771947598,-0.027,0.08,0.113,66.36,73.21,2026-02-24 21:09:58+05:30,1.0,3076.0,3,4.5,1.25,24336.67,24.3367,19.22,0.141,-11.03,34.55,0.0866,4858.2,4.858,2063.44,27.223,52.97,accel,-0.0171,0.0798,0.1111,0
15:40:01.221,2071.0,65,1262.82,1771947599,-0.037,0.107,0.02,70.45,73.12,2026-02-24 21:09:59+05:30,1.0,3077.0,3,4.5,1.25,24354.72,24.3547,19.43,0.115,-18.77,68.54,0.063,5151.3,5.151,2064.87,27.242,52.95,accel,-0.043,0.1035,0.0279,0
15:40:02.221,2072.0,70,1350.56,1771947600,-0.043,0.08,-0.007,75.17,73.03,2026-02-24 21:10:00+05:30,1.0,3078.0,3,4.5,1.25,24374.17,24.3742,19.29,0.091,-28.17,61.43,0.0204,5489.7,5.49,2066.4,27.263,52.93,accel,-0.0437,0.0858,-0.0141,0
15:40:03.220,2073.0,74,1429.48,1771947601,-0.017,0.033,-0.02,78.91,72.95,2026-02-24 21:10:01+05:30,1.0,3079.0,3,4.0,1.111,24394.72,24.3947,19.32,0.042,-23.78,51.5,0.0068,5756.5,5.756,2068.0,27.285,52.9,accel,-0.0098,0.0278,-0.016,0
15:40:04.221,2074.0,78,1506.88,1771947602,0.04,-0.043,-0.01,85.86,72.81,2026-02-24 21:10:02+05:30,1.0,3080.0,3,2.0,0.556,24416.39,24.4164,19.32,0.06,42.18,-46.2,0.0058,6251.5,6.251,2069.73,27.309,52.87,accel,0.0313,-0.0408,-0.0126,0
15:40:05.221,2075.0,78,1575.78,1771947603,0.027,-0.063,-0.02,84.35,72.83,2026-02-24 21:10:03+05:30,1.0,3081.0,3,0.0,0.0,24438.06,24.4381,20.2,0.071,22.22,-61.93,0.0058,6143.2,6.143,2071.44,27.332,52.84,cruise,0.0329,-0.0649,-0.0175,0
15:40:06.221,2076.0,78,1634.6,1771947604,0.003,-0.033,-0.02,82.05,72.88,2026-02-24 21:10:04+05:30,1.0,3082.0,3,0.0,0.0,24459.72,24.4597,20.96,0.039,4.45,-58.5,0.004,5979.8,5.98,2073.1,27.355,52.82,cruise,-0.0017,-0.0252,-0.0232,0
15:40:07.221,2077.0,78,1688.22,1771947605,-0.027,0.033,-0.027,81.5,72.88,2026-02-24 21:10:05+05:30,1.0,3083.0,3,0.0,0.0,24481.39,24.4814,21.64,0.05,-32.34,40.83,0.007,5939.7,5.94,2074.75,27.378,52.79,cruise,-0.0219,0.0202,-0.0226,0
15:40:08.221,2078.0,78,1734.5,1771947606,-0.01,0.017,-0.013,81.09,72.89,2026-02-24 21:10:06+05:30,1.0,3084.0,3,0.0,0.0,24503.06,24.5031,22.24,0.024,-25.05,46.03,0.0072,5910.7,5.911,2076.39,27.4,52.76,cruise,-0.012,0.027,-0.0182,0
15:40:09.221,2079.0,78,1771.72,1771947607,0.0,0.043,-0.023,80.7,72.89,2026-02-24 21:10:07+05:30,1.0,3085.0,3,0.0,0.0,24524.72,24.5247,22.71,0.049,0.0,61.86,0.0051,5882.2,5.882,2078.03,27.423,52.74,cruise,-0.0042,0.0373,-0.0179,0
15:40:10.221,2080.0,78,1802.36,1771947608,-0.02,0.073,-0.02,80.37,72.9,2026-02-24 21:10:08+05:30,1.0,3086.0,3,0.0,0.0,24546.39,24.5464,23.11,0.078,-14.8,68.82,0.0051,5859.0,5.859,2079.66,27.445,52.71,cruise,-0.0126,0.0798,-0.0239,0
15:40:11.221,2081.0,78,1826.58,1771947609,-0.02,0.093,-0.03,79.99,72.9,2026-02-24 21:10:09+05:30,1.0,3087.0,3,0.0,0.0,24568.06,24.5681,23.42,0.1,-11.57,68.81,0.0051,5831.3,5.831,2081.28,27.467,52.69,cruise,-0.0254,0.0863,-0.0285,0
15:40:12.221,2082.0,78,1841.88,1771947610,-0.043,0.007,-0.023,79.61,72.91,2026-02-24 21:10:10+05:30,1.0,3088.0,3,0.0,0.0,24589.72,24.5897,23.61,0.049,-60.79,8.17,0.0118,5804.4,5.804,2082.89,27.489,52.66,cruise,-0.0406,0.0064,-0.0217,0
15:40:13.221,2083.0,78,1851.14,1771947611,-0.043,-0.087,-0.007,79.28,72.91,2026-02-24 21:10:11+05:30,1.0,3089.0,3,0.0,0.0,24611.39,24.6114,23.73,0.097,-26.23,-63.4,0.0085,5780.3,5.78,2084.49,27.511,52.63,cruise,-0.0464,-0.0812,-0.0095,0
15:40:14.221,2084.0,78,1852.96,1771947612,-0.023,-0.077,-0.01,79.0,72.91,2026-02-24 21:10:12+05:30,1.0,3090.0,3,0.0,0.0,24633.06,24.6331,23.76,0.081,-16.5,-71.96,0.0017,5759.9,5.76,2086.09,27.533,52.61,cruise,-0.0161,-0.0794,-0.0075,0
15:40:15.221,2085.0,78,1842.62,1771947613,0.04,-0.02,-0.01,82.2,72.85,2026-02-24 21:10:13+05:30,1.0,3091.0,3,0.0,0.0,24654.72,24.6547,23.62,0.046,60.79,-25.88,0.0098,5988.3,5.988,2087.76,27.556,52.58,cruise,0.0338,-0.0206,-0.0143,0
15:40:16.220,2086.0,78,1817.92,1771947614,0.05,0.003,-0.027,83.0,72.83,2026-02-24 21:10:14+05:30,1.0,3092.0,3,0.0,0.0,24676.39,24.6764,23.31,0.057,61.48,3.02,0.0085,6044.9,6.045,2089.44,27.579,52.55,cruise,0.0507,0.0017,-0.0189,0
15:40:17.221,2087.0,78,1781.78,1771947615,0.023,-0.023,-0.017,80.84,72.87,2026-02-24 21:10:15+05:30,1.0,3093.0,3,0.0,0.0,24698.06,24.6981,22.84,0.037,38.81,-38.81,0.0081,5890.8,5.891,2091.07,27.602,52.53,cruise,0.0271,-0.0225,-0.027,0
15:40:18.221,2088.0,78,1726.92,1771947616,0.01,-0.047,-0.033,79.8,72.88,2026-02-24 21:10:16+05:30,1.0,3094.0,3,0.0,0.0,24719.72,24.7197,22.14,0.058,9.88,-53.73,0.0537,5815.8,5.816,2092.69,27.624,52.5,cruise,0.0026,-0.0404,-0.0246,0
15:40:19.221,2089.0,78,1660.44,1771947617,-0.023,-0.02,0.067,79.0,72.9,2026-02-24 21:10:17+05:30,1.0,3095.0,3,0.0,0.0,24741.39,24.7414,21.29,0.074,-18.21,-15.77,0.1117,5759.1,5.759,2094.29,27.646,52.48,cruise,-0.0098,-0.0352,0.0551,0
15:40:20.221,2090.0,78,1589.94,1771947618,-0.013,-0.047,0.19,79.0,72.89,2026-02-24 21:10:18+05:30,1.0,3096.0,3,0.5,0.139,24763.06,24.7631,20.38,0.196,-3.8,-13.86,0.1265,5758.3,5.758,2095.89,27.668,52.45,cruise,-0.0337,-0.0258,0.2151,0
15:40:21.221,2091.0,79,1514.08,1771947619,-0.093,0.003,0.32,80.0,72.87,2026-02-24 21:10:19+05:30,1.0,3097.0,3,-2.0,-0.556,24785.0,24.785,19.17,0.333,-16.2,0.52,0.1106,5829.6,5.83,2097.51,27.69,52.42,decel,-0.0684,-0.0214,0.288,0
15:40:22.221,2092.0,74,1425.48,1771947620,-0.06,-0.043,0.1,75.0,72.97,2026-02-24 21:10:20+05:30,1.0,3098.0,3,-5.5,-1.528,24805.56,24.8056,19.26,0.124,-28.86,-20.24,0.2336,5472.8,5.473,2099.03,27.711,52.4,decel,-0.0838,-0.018,0.1237,0
15:40:23.221,2093.0,68,1308.26,1771947621,-0.09,0.01,-0.147,69.0,73.08,2026-02-24 21:10:21+05:30,1.0,3099.0,3,-7.0,-1.944,24824.44,24.8244,19.24,0.173,-31.42,3.32,0.2234,5042.5,5.043,2100.43,27.73,52.38,decel,-0.0689,-0.013,-0.1641,0
15:40:24.220,2094.0,60,1166.86,1771947622,-0.023,-0.027,-0.346,61.0,73.24,2026-02-24 21:10:22+05:30,1.0,3100.0,3,-6.5,-1.806,24841.11,24.8411,19.45,0.348,-3.79,-4.45,0.101,4467.6,4.468,2101.67,27.747,52.36,decel,-0.0413,-0.0082,-0.3273,0
15:40:25.221,2095.0,55,1064.48,1771947623,-0.037,0.007,-0.277,56.0,73.34,2026-02-24 21:10:23+05:30,1.0,3101.0,3,-4.0,-1.111,24856.39,24.8564,19.35,0.28,-7.61,1.43,0.0818,4107.0,4.107,2102.81,27.762,52.34,decel,-0.0213,-0.0059,-0.2916,0
15:40:26.221,2096.0,52,1006.7,1771947624,-0.003,-0.01,-0.183,53.0,73.4,2026-02-24 21:10:24+05:30,1.0,3102.0,3,-1.5,-0.417,24870.83,24.8708,19.36,0.183,-0.94,-3.13,0.0799,3890.2,3.89,2103.89,27.777,52.32,decel,-0.0162,-0.0043,-0.1796,0
15:40:27.221,2097.0,52,999.54,1771947625,-0.023,-0.007,-0.118,54.38,73.37,2026-02-24 21:10:25+05:30,1.0,3103.0,3,1.5,0.417,24885.28,24.8853,19.22,0.12,-11.01,-3.33,0.0346,3989.9,3.99,2105.0,27.792,52.3,accel,-0.0138,-0.0053,-0.1133,0
15:40:28.220,2098.0,55,1061.96,1771947626,0.007,-0.017,-0.13,60.82,73.24,2026-02-24 21:10:26+05:30,1.0,3104.0,3,4.5,1.25,24900.56,24.9006,19.31,0.131,3.06,-7.44,0.0655,4454.5,4.454,2106.24,27.809,52.28,accel,0.0029,-0.0227,-0.135,0
15:40:29.221,2099.0,61,1169.8,1771947627,0.03,-0.057,-0.237,68.79,73.07,2026-02-24 21:10:27+05:30,1.0,3105.0,3,4.5,1.25,24917.5,24.9175,19.18,0.246,7.02,-13.42,0.1136,5026.5,5.026,2107.63,27.828,52.26,accel,0.0308,-0.0525,-0.2368,0
15:40:30.221,2100.0,64,1237.68,1771947628,0.057,-0.05,-0.357,71.89,73.01,2026-02-24 21:10:28+05:30,1.0,3106.0,3,2.0,0.556,24935.28,24.9353,19.34,0.365,8.99,-7.87,0.0845,5248.7,5.249,2109.09,27.848,52.24,accel,0.056,-0.0527,-0.3539,0
15:40:31.221,2101.0,65,1262.94,1771947629,0.073,-0.01,-0.4,72.52,72.99,2026-02-24 21:10:29+05:30,1.0,3107.0,3,1.0,0.278,24953.33,24.9533,19.43,0.407,10.34,-1.41,0.024,5293.2,5.293,2110.56,27.868,52.21,accel,0.0767,-0.0054,-0.4042,0
15:40:32.220,2102.0,66,1264.92,1771947630,0.103,0.037,-0.397,75.24,72.94,2026-02-24 21:10:30+05:30,1.0,3108.0,3,-0.5,-0.139,24971.67,24.9717,19.17,0.412,14.48,5.15,0.0206,5488.0,5.488,2112.08,27.889,52.19,cruise,0.0955,0.0324,-0.3878,0
15:40:33.221,2103.0,64,1234.08,1771947631,0.09,0.017,-0.363,72.2,73.0,2026-02-24 21:10:31+05:30,1.0,3109.0,3,-2.5,-0.694,24989.44,24.9894,19.28,0.374,13.91,2.6,0.0216,5270.6,5.271,2113.55,27.909,52.17,decel,0.1026,0.015,-0.3783,0
15:40:34.221,2104.0,61,1172.46,1771947632,0.107,-0.02,-0.403,70.56,73.03,2026-02-24 21:10:32+05:30,1.0,3110.0,3,-4.0,-1.111,25006.39,25.0064,19.22,0.417,14.85,-2.75,0.039,5153.0,5.153,2114.98,27.929,52.14,decel,0.0893,-0.0126,-0.3888,0
15:40:35.221,2105.0,56,1080.0,1771947633,0.053,0.007,-0.325,61.24,73.21,2026-02-24 21:10:33+05:30,1.0,3111.0,3,-5.0,-1.389,25021.94,25.0219,19.29,0.329,9.26,1.22,0.1213,4483.4,4.483,2116.23,27.946,52.12,decel,0.0722,0.0023,-0.3335,0
15:40:36.221,2106.0,51,976.9,1771947634,0.09,0.033,-0.165,59.2,73.25,2026-02-24 21:10:34+05:30,1.0,3112.0,3,-5.0,-1.389,25036.11,25.0361,19.15,0.191,28.14,9.96,0.1871,4336.4,4.336,2117.43,27.962,52.1,decel,0.074,0.0319,-0.1606,0
15:40:37.221,2107.0,46,881.6,1771947635,0.07,0.03,0.048,52.6,73.38,2026-02-24 21:10:35+05:30,1.0,3113.0,3,-4.0,-1.111,25048.89,25.0489,19.17,0.09,51.04,19.47,0.1741,3859.8,3.86,2118.5,27.977,52.09,decel,0.0816,0.0332,0.0499,0
15:40:38.220,2108.0,43,830.64,1771947636,0.067,0.023,0.18,49.36,73.44,2026-02-24 21:10:36+05:30,1.0,3114.0,3,-1.5,-0.417,25060.83,25.0608,19.32,0.193,20.27,6.83,0.0697,3625.0,3.625,2119.51,27.991,52.07,decel,0.0594,0.0202,0.1693,0
15:40:39.221,2109.0,43,827.68,1771947637,0.003,0.02,0.153,45.71,73.51,2026-02-24 21:10:37+05:30,1.0,3115.0,3,1.5,0.417,25072.78,25.0728,19.25,0.154,1.11,7.45,0.0204,3360.1,3.36,2120.44,28.003,52.05,accel,0.0061,0.0228,0.1675,0
15:40:40.221,2110.0,46,889.38,1771947638,-0.033,0.04,0.14,51.22,73.4,2026-02-24 21:10:38+05:30,1.0,3116.0,3,4.5,1.25,25085.56,25.0856,19.33,0.149,-12.77,15.54,0.0276,3759.5,3.76,2121.49,28.018,52.04,accel,-0.0344,0.0377,0.126,0
15:40:41.221,2111.0,52,996.44,1771947639,-0.043,0.043,0.1,58.46,73.25,2026-02-24 21:10:39+05:30,1.0,3117.0,3,5.5,1.528,25100.0,25.1,19.16,0.117,-21.56,21.56,0.02,4282.2,4.282,2122.68,28.034,52.02,accel,-0.0375,0.0441,0.1141,0
15:40:42.221,2112.0,57,1107.58,1771947640,-0.027,0.043,0.12,63.0,73.16,2026-02-24 21:10:40+05:30,1.0,3118.0,3,5.0,1.389,25115.83,25.1158,19.43,0.13,-11.96,19.27,0.0473,4609.1,4.609,2123.96,28.051,52.0,accel,-0.0368,0.0411,0.1071,0
15:40:43.221,2113.0,62,1196.4,1771947641,-0.06,0.037,0.03,67.11,73.07,2026-02-24 21:10:41+05:30,1.0,3119.0,3,4.5,1.25,25133.06,25.1331,19.3,0.077,-51.55,28.88,0.0841,4903.7,4.904,2125.32,28.07,51.98,accel,-0.0519,0.042,0.0419,0
15:40:44.221,2114.0,66,1271.9,1771947642,-0.037,0.05,-0.048,70.48,73.0,2026-02-24 21:10:42+05:30,1.0,3120.0,3,3.5,0.972,25151.39,25.1514,19.27,0.079,-28.09,39.52,0.0775,5145.0,5.145,2126.75,28.09,51.95,accel,-0.042,0.0423,-0.0648,0
15:40:45.221,2115.0,69,1335.64,1771947643,0.0,0.013,-0.125,72.78,72.96,2026-02-24 21:10:43+05:30,1.0,3121.0,3,3.0,0.833,25170.56,25.1706,19.36,0.126,0.0,5.94,0.0654,5310.0,5.31,2128.22,28.11,51.93,accel,0.0077,0.0218,-0.1031,0
15:40:46.221,2116.0,72,1382.96,1771947644,0.05,-0.013,0.005,79.17,72.82,2026-02-24 21:10:44+05:30,1.0,3122.0,3,2.5,0.694,25190.56,25.1906,19.21,0.052,74.43,-14.5,0.1177,5765.2,5.765,2129.82,28.132,51.9,accel,0.0373,-0.0218,-0.0137,0
15:40:47.221,2117.0,74,1422.48,1771947645,-0.007,-0.063,0.11,76.85,72.87,2026-02-24 21:10:45+05:30,1.0,3123.0,3,2.0,0.556,25211.11,25.2111,19.22,0.127,-3.16,-29.75,0.0942,5600.1,5.6,2131.38,28.153,51.88,accel,0.006,-0.0563,0.1221,0
15:40:48.221,2118.0,76,1456.9,1771947646,-0.033,-0.037,0.193,78.55,72.83,2026-02-24 21:10:46+05:30,1.0,3124.0,3,1.5,0.417,25232.22,25.2322,19.17,0.199,-9.53,-10.7,0.0416,5720.8,5.721,2132.97,28.175,51.85,accel,-0.0436,-0.041,0.1856,0
15:40:49.221,2119.0,77,1484.6,1771947647,-0.06,0.013,0.147,79.39,72.81,2026-02-24 21:10:47+05:30,1.0,3125.0,3,1.0,0.278,25253.61,25.2536,19.28,0.159,-22.13,4.68,0.0659,5780.4,5.78,2134.57,28.197,51.83,accel,-0.0508,0.0172,0.149,0
15:40:50.221,2120.0,78,1512.6,1771947648,0.003,0.063,0.063,80.73,72.78,2026-02-24 21:10:48+05:30,1.0,3126.0,3,1.5,0.417,25275.28,25.2753,19.39,0.089,1.93,44.97,0.0723,5875.5,5.876,2136.21,28.219,51.8,accel,-0.0054,0.0577,0.0668,0
15:40:51.221,2121.0,80,1544.12,1771947649,0.047,0.037,0.003,86.31,72.67,2026-02-24 21:10:49+05:30,1.0,3127.0,3,0.0,0.0,25297.5,25.2975,19.3,0.06,51.7,38.15,0.0532,6272.1,6.272,2137.95,28.243,51.77,cruise,0.0549,0.0403,-0.0035,0
15:40:52.221,2122.0,78,1574.62,1771947650,0.087,-0.007,-0.043,87.37,72.64,2026-02-24 21:10:50+05:30,1.0,3128.0,3,-2.0,-0.556,25319.17,25.3192,20.19,0.097,63.4,-4.13,0.0242,6346.6,6.347,2139.71,28.268,51.74,decel,0.0805,-0.0076,-0.0377,0
15:40:53.221,2123.0,76,1600.66,1771947651,0.05,-0.04,-0.033,82.3,72.74,2026-02-24 21:10:51+05:30,1.0,3129.0,3,-2.0,-0.556,25340.28,25.3403,21.06,0.072,43.96,-33.73,0.0153,5986.5,5.987,2141.37,28.29,51.72,decel,0.0529,-0.0407,-0.0349,0
15:40:54.221,2124.0,74,1626.82,1771947652,-0.003,-0.057,-0.013,76.19,72.86,2026-02-24 21:10:52+05:30,1.0,3130.0,3,-2.5,-0.694,25360.83,25.3608,21.98,0.059,-2.94,-76.83,0.0153,5551.2,5.551,2142.92,28.312,51.69,decel,-0.0029,-0.0541,-0.014,0
15:40:55.221,2125.0,71,1648.28,1771947653,-0.06,-0.057,-0.003,73.04,72.92,2026-02-24 21:10:53+05:30,1.0,3131.0,3,-2.5,-0.694,25380.56,25.3806,23.22,0.083,-46.43,-43.5,0.005,5326.1,5.326,2144.4,28.332,51.67,decel,-0.0588,-0.064,-0.0012,0
15:40:56.221,2126.0,69,1668.22,1771947654,-0.097,-0.073,-0.007,70.95,72.96,2026-02-24 21:10:54+05:30,1.0,3132.0,3,-1.0,-0.278,25399.72,25.3997,24.18,0.122,-52.91,-36.89,0.0146,5176.5,5.177,2145.83,28.352,51.65,decel,-0.1021,-0.0641,-0.0082,0
15:40:57.220,2127.0,69,1686.4,1771947655,-0.11,-0.04,-0.03,70.7,72.96,2026-02-24 21:10:55+05:30,1.0,3133.0,3,0.0,0.0,25418.89,25.4189,24.44,0.121,-65.56,-19.33,0.025,5158.3,5.158,2147.27,28.371,51.62,cruise,-0.1049,-0.0466,-0.0303,0
15:40:58.221,2128.0,69,1696.26,1771947656,-0.053,-0.043,-0.057,70.0,72.97,2026-02-24 21:10:56+05:30,1.0,3134.0,3,0.0,0.0,25438.06,25.4381,24.58,0.089,-36.59,-28.92,0.0191,5107.9,5.108,2148.69,28.391,51.6,cruise,-0.052,-0.0382,-0.0551,0
15:40:59.221,2129.0,69,1682.4,1771947657,0.007,-0.047,-0.067,70.56,72.96,2026-02-24 21:10:57+05:30,1.0,3135.0,3,0.0,0.0,25457.22,25.4572,24.38,0.082,4.89,-34.9,0.0068,5148.1,5.148,2150.12,28.41,51.58,cruise,0.002,-0.0546,-0.0701,0
15:41:00.221,2130.0,69,1656.08,1771947658,-0.003,-0.07,-0.07,70.0,72.97,2026-02-24 21:10:58+05:30,1.0,3136.0,3,0.0,0.0,25476.39,25.4764,24.0,0.099,-1.74,-44.97,0.0148,5107.9,5.108,2151.53,28.43,51.55,cruise,-0.0011,-0.0591,-0.0666,0
15:41:01.221,2131.0,69,1619.56,1771947659,-0.033,-0.013,-0.043,70.0,72.96,2026-02-24 21:10:59+05:30,1.0,3137.0,3,0.0,0.0,25495.56,25.4956,23.47,0.056,-36.3,-13.49,0.025,5107.2,5.107,2152.95,28.449,51.53,cruise,-0.0319,-0.0231,-0.0456,0
15:41:03.004,0.0,69,1570.24,1771947660,-0.037,0.01,-0.02,70.0,72.96,2026-02-24 21:11:00+05:30,1.0,3138.0,3,0.0,0.0,25514.72,25.5147,22.76,0.043,-58.85,13.37,0.0215,5107.2,5.107,2154.37,28.469,51.51,cruise,-0.0347,0.0186,-0.0186,0
15:41:04.004,0.0,69,0.0,1771947662,-0.003,0.033,0.0,70.0,72.96,2026-02-24 21:11:02+05:30,2.0,3140.0,3,0.0,0.0,25553.06,25.5531,0.0,0.033,-5.19,84.81,0.0115,5107.2,5.107,2157.21,28.508,51.46,cruise,-0.0113,0.0237,-0.0004,0
15:41:05.005,0.0,69,0.0,1771947664,-0.0,0.0,0.0,70.0,72.95,2026-02-24 21:11:04+05:30,2.0,3142.0,3,0.0,0.0,25591.39,25.5914,0.0,0.0,-0.0,0.0,0.0139,5106.5,5.106,2160.05,28.546,51.42,cruise,0.011,0.0084,-0.0005,0
15:41:06.005,0.0,69,0.0,1771947666,0.027,0.017,-0.024,95.15,72.45,2026-02-24 21:11:06+05:30,2.0,3144.0,3,-10.5,-2.917,25629.72,25.6297,0.0,0.04,42.55,25.2,0.0372,6893.6,6.894,2163.88,28.599,51.35,decel,0.0176,0.0128,-0.0231,0
15:41:10.221,2140.0,48,919.46,1771947668,-0.013,0.033,-0.073,70.87,72.93,2026-02-24 21:11:08+05:30,2.0,3146.0,3,-12.0,-3.333,25656.39,25.6564,19.16,0.081,-9.22,23.99,0.0619,5168.5,5.169,2166.75,28.639,51.31,decel,-0.0046,0.0335,-0.0733,0
15:41:11.221,2141.0,45,874.76,1771947669,-0.027,0.037,-0.147,46.0,73.43,2026-02-24 21:11:09+05:30,1.0,3147.0,3,-1.5,-0.417,25668.89,25.6689,19.44,0.154,-10.1,13.9,0.0681,3377.8,3.378,2167.69,28.651,51.29,decel,-0.0399,0.0378,-0.1473,0
15:41:12.221,2142.0,45,868.06,1771947670,-0.057,0.02,-0.209,46.83,73.41,2026-02-24 21:11:10+05:30,1.0,3148.0,3,1.0,0.278,25681.39,25.6814,19.29,0.218,-15.19,5.27,0.0404,3437.8,3.438,2168.64,28.664,51.28,accel,-0.0377,0.018,-0.2108,0
15:41:13.221,2143.0,47,907.9,1771947671,0.027,-0.01,-0.223,52.8,73.29,2026-02-24 21:11:11+05:30,1.0,3149.0,3,2.5,0.694,25694.44,25.6944,19.32,0.225,6.9,-2.55,0.0275,3869.7,3.87,2169.72,28.679,51.26,accel,0.0075,-0.006,-0.2179,0
15:41:14.221,2144.0,50,973.72,1771947672,0.027,-0.01,-0.17,56.62,73.21,2026-02-24 21:11:12+05:30,1.0,3150.0,3,3.5,0.972,25708.33,25.7083,19.47,0.172,9.01,-3.32,0.0481,4145.2,4.145,2170.87,28.695,51.24,accel,0.0413,-0.0156,-0.1742,0
15:41:15.221,2145.0,54,1046.36,1771947673,0.05,-0.01,-0.127,62.93,73.08,2026-02-24 21:11:13+05:30,1.0,3151.0,3,4.5,1.25,25723.33,25.7233,19.38,0.137,21.43,-4.19,0.0465,4598.9,4.599,2172.14,28.712,51.22,accel,0.0395,-0.0046,-0.1262,0
15:41:16.221,2146.0,59,1130.9,1771947674,0.023,0.02,-0.077,66.06,73.01,2026-02-24 21:11:14+05:30,1.0,3152.0,3,4.5,1.25,25739.72,25.7397,19.17,0.083,16.13,13.98,0.0423,4823.0,4.823,2173.48,28.731,51.2,accel,0.0326,0.017,-0.0809,0
15:41:17.221,2147.0,63,1214.98,1771947675,0.05,0.02,-0.043,71.93,72.89,2026-02-24 21:11:15+05:30,1.0,3153.0,3,4.0,1.111,25757.22,25.7572,19.29,0.069,46.51,16.87,0.0454,5243.0,5.243,2174.94,28.751,51.18,accel,0.0416,0.0206,-0.0269,0
15:41:18.220,2148.0,67,1288.16,1771947676,0.05,-0.01,0.013,75.5,72.82,2026-02-24 21:11:16+05:30,1.0,3154.0,3,3.5,0.972,25775.83,25.7758,19.23,0.053,71.84,-10.95,0.0652,5497.9,5.498,2176.47,28.772,51.15,accel,0.0564,-0.0097,-0.0141,0
15:41:19.220,2149.0,70,1355.08,1771947677,0.067,-0.043,-0.117,79.58,72.73,2026-02-24 21:11:17+05:30,1.0,3155.0,3,3.0,0.833,25795.28,25.7953,19.36,0.142,28.26,-17.69,0.0889,5787.9,5.788,2178.08,28.794,51.13,accel,0.061,-0.0452,-0.0871,0
15:41:20.219,2150.0,73,1417.0,1771947678,0.03,-0.05,-0.157,79.14,72.74,2026-02-24 21:11:18+05:30,1.0,3156.0,3,3.0,0.833,25815.56,25.8156,19.41,0.167,10.32,-17.37,0.0849,5756.6,5.757,2179.67,28.816,51.1,accel,0.0391,-0.0446,-0.1882,0
15:41:21.218,2151.0,76,1464.7,1771947679,0.0,-0.007,-0.28,78.61,72.75,2026-02-24 21:11:19+05:30,1.0,3157.0,3,2.0,0.556,25836.67,25.8367,19.27,0.28,0.0,-1.43,0.0637,5718.9,5.719,2181.26,28.838,51.07,accel,-0.0142,-0.0124,-0.2442,0
15:41:22.219,2152.0,77,1481.28,1771947680,-0.073,0.017,-0.247,78.0,72.76,2026-02-24 21:11:20+05:30,1.0,3158.0,3,0.0,0.0,25858.06,25.8581,19.24,0.258,-16.43,3.78,0.062,5675.3,5.675,2182.84,28.859,51.05,cruise,-0.0579,0.0179,-0.2814,0
15:41:23.218,2153.0,76,1458.48,1771947681,-0.027,0.033,-0.367,77.0,72.77,2026-02-24 21:11:21+05:30,1.0,3159.0,3,-2.5,-0.694,25879.17,25.8792,19.19,0.369,-4.19,5.12,0.0768,5603.3,5.603,2184.4,28.881,51.02,decel,-0.0378,0.0361,-0.346,0
15:41:24.218,2154.0,72,1394.2,1771947682,0.023,0.047,-0.39,74.84,72.81,2026-02-24 21:11:22+05:30,1.0,3160.0,3,-3.5,-0.972,25899.17,25.8992,19.36,0.393,3.35,6.86,0.0115,5449.1,5.449,2185.91,28.901,51.0,decel,0.0308,0.0443,-0.3953,0
15:41:25.217,2155.0,69,1338.4,1771947683,0.09,0.03,-0.377,77.2,72.76,2026-02-24 21:11:23+05:30,1.0,3161.0,3,-2.5,-0.694,25918.33,25.9183,19.4,0.389,13.39,4.43,0.0299,5617.1,5.617,2187.47,28.923,50.97,decel,0.0823,0.0294,-0.3791,0
15:41:26.217,2156.0,67,1298.04,1771947684,0.09,-0.01,-0.333,75.2,72.8,2026-02-24 21:11:24+05:30,1.0,3162.0,3,-1.0,-0.278,25936.94,25.9369,19.37,0.345,15.12,-1.66,0.0522,5474.6,5.475,2188.99,28.944,50.95,decel,0.0955,-0.0067,-0.3287,0
15:41:27.217,2157.0,67,1288.3,1771947685,0.1,-0.027,-0.273,76.48,72.77,2026-02-24 21:11:25+05:30,1.0,3163.0,3,0.5,0.139,25955.56,25.9556,19.23,0.292,20.03,-5.31,0.0532,5565.4,5.565,2190.54,28.965,50.92,cruise,0.099,-0.0323,-0.2809,0
15:41:28.216,2158.0,68,1317.1,1771947686,0.103,-0.033,-0.227,79.4,72.71,2026-02-24 21:11:26+05:30,1.0,3164.0,3,2.0,0.556,25974.44,25.9744,19.37,0.251,24.18,-7.54,0.0857,5773.2,5.773,2192.14,28.987,50.9,accel,0.102,-0.025,-0.2158,0
15:41:29.217,2159.0,71,1374.78,1771947687,0.09,0.01,-0.107,81.46,72.67,2026-02-24 21:11:27+05:30,1.0,3165.0,3,2.5,0.694,25994.17,25.9942,19.36,0.14,39.95,4.09,0.0917,5919.7,5.92,2193.78,29.01,50.87,accel,0.0891,0.0005,-0.1183,0
15:41:30.216,2160.0,73,1407.54,1771947688,0.063,0.007,-0.047,79.73,72.7,2026-02-24 21:11:28+05:30,1.0,3166.0,3,1.0,0.278,26014.44,26.0144,19.28,0.079,52.97,5.09,0.0393,5796.4,5.796,2195.39,29.032,50.84,accel,0.0657,0.0159,-0.0364,0
15:41:31.216,2161.0,73,1402.5,1771947689,0.05,0.02,-0.033,78.0,72.73,2026-02-24 21:11:29+05:30,1.0,3167.0,3,-1.0,-0.278,26034.72,26.0347,19.21,0.063,52.34,18.46,0.0737,5672.9,5.673,2196.97,29.053,50.82,decel,0.0485,0.0119,-0.043,0
15:41:32.215,2162.0,71,1374.88,1771947690,0.04,-0.013,-0.167,75.2,72.78,2026-02-24 21:11:30+05:30,1.0,3168.0,3,-2.5,-0.694,26054.44,26.0544,19.36,0.172,13.43,-4.33,0.1436,5473.1,5.473,2198.49,29.074,50.79,decel,0.0391,-0.0047,-0.1593,0
15:41:33.216,2163.0,68,1320.68,1771947691,0.037,-0.017,-0.32,71.96,72.84,2026-02-24 21:11:31+05:30,1.0,3169.0,3,-3.0,-0.833,26073.33,26.0733,19.42,0.323,6.59,-3.02,0.1321,5241.6,5.242,2199.95,29.094,50.77,decel,0.0379,-0.0261,-0.3241,0
15:41:34.216,2164.0,65,1251.88,1771947692,0.043,-0.053,-0.43,69.44,72.89,2026-02-24 21:11:32+05:30,1.0,3170.0,3,-3.5,-0.972,26091.39,26.0914,19.26,0.435,5.67,-6.99,0.0749,5061.5,5.061,2201.35,29.114,50.75,decel,0.0457,-0.0438,-0.4334,0
15:41:35.215,2165.0,61,1169.84,1771947693,0.053,-0.043,-0.463,66.24,72.95,2026-02-24 21:11:33+05:30,1.0,3171.0,3,-4.0,-1.111,26108.33,26.1083,19.18,0.468,6.5,-5.27,0.0169,4832.2,4.832,2202.7,29.132,50.73,decel,0.0467,-0.0504,-0.4481,0
15:41:36.215,2166.0,57,1094.76,1771947694,0.027,-0.047,-0.44,60.16,73.07,2026-02-24 21:11:34+05:30,1.0,3172.0,3,-4.5,-1.25,26124.17,26.1242,19.21,0.443,3.49,-6.09,0.0468,4395.9,4.396,2203.92,29.149,50.71,decel,0.0332,-0.0437,-0.4572,0
15:41:37.215,2167.0,52,1011.56,1771947695,0.027,-0.03,-0.53,55.16,73.17,2026-02-24 21:11:35+05:30,1.0,3173.0,3,-5.0,-1.389,26138.61,26.1386,19.45,0.532,2.91,-3.24,0.0551,4036.1,4.036,2205.04,29.164,50.69,decel,0.023,-0.0277,-0.5262,0
15:41:38.214,2168.0,47,915.68,1771947696,0.02,-0.003,-0.54,49.6,73.28,2026-02-24 21:11:36+05:30,1.0,3174.0,3,-4.0,-1.111,26151.67,26.1517,19.48,0.54,2.12,-0.32,0.111,3634.7,3.635,2206.05,29.178,50.67,decel,0.0229,-0.0102,-0.5332,0
15:41:39.215,2169.0,44,855.78,1771947697,0.017,-0.003,-0.343,46.36,73.34,2026-02-24 21:11:37+05:30,1.0,3175.0,3,-1.5,-0.417,26163.89,26.1639,19.45,0.343,2.84,-0.5,0.2376,3400.0,3.4,2206.99,29.191,50.66,decel,0.0141,0.0055,-0.3456,0
15:41:40.215,2170.0,44,843.38,1771947698,-0.013,0.027,-0.067,45.33,73.36,2026-02-24 21:11:38+05:30,1.0,3176.0,3,0.5,0.139,26176.11,26.1761,19.17,0.073,-10.2,21.58,0.2269,3325.4,3.325,2207.92,29.203,50.64,cruise,-0.0118,0.0224,-0.0676,0
15:41:41.214,2171.0,45,868.88,1771947699,-0.043,0.047,0.107,48.24,73.3,2026-02-24 21:11:39+05:30,1.0,3177.0,3,2.0,0.556,26188.61,26.1886,19.31,0.125,-20.2,22.17,0.1112,3536.0,3.536,2208.9,29.217,50.63,accel,-0.0409,0.0434,0.1015,0
15:41:42.214,2172.0,48,933.18,1771947700,-0.057,0.057,0.14,53.36,73.2,2026-02-24 21:11:40+05:30,1.0,3178.0,3,4.5,1.25,26201.94,26.2019,19.44,0.162,-20.66,20.66,0.0315,3906.0,3.906,2209.98,29.232,50.61,accel,-0.0613,0.0693,0.1451,0
15:41:43.215,2173.0,54,1043.36,1771947701,-0.07,0.097,0.17,60.29,73.06,2026-02-24 21:11:41+05:30,1.0,3179.0,3,5.5,1.528,26216.94,26.2169,19.32,0.208,-19.68,27.82,0.0664,4404.8,4.405,2211.21,29.248,50.59,accel,-0.0672,0.0811,0.1781,0
15:41:44.214,2174.0,59,1144.82,1771947702,-0.06,0.043,0.267,64.32,72.97,2026-02-24 21:11:42+05:30,1.0,3180.0,3,4.5,1.25,26233.33,26.2333,19.4,0.277,-12.51,8.93,0.0704,4693.4,4.693,2212.51,29.266,50.57,accel,-0.0574,0.0565,0.2453,0
15:41:45.214,2175.0,63,1216.08,1771947703,-0.033,0.03,0.307,66.71,72.92,2026-02-24 21:11:43+05:30,1.0,3181.0,3,3.0,0.833,26250.83,26.2508,19.3,0.31,-6.11,5.55,0.0962,4864.5,4.864,2213.86,29.285,50.55,accel,-0.0422,0.0197,0.3314,0
15:41:46.214,2176.0,65,1253.36,1771947704,-0.043,0.01,0.45,67.22,72.91,2026-02-24 21:11:44+05:30,1.0,3182.0,3,1.5,0.417,26268.89,26.2689,19.28,0.452,-5.46,1.27,0.0962,4901.0,4.901,2215.22,29.303,50.53,accel,-0.0293,0.0176,0.4316,0
15:41:47.214,2177.0,66,1264.82,1771947705,0.003,0.043,0.49,67.36,72.9,2026-02-24 21:11:45+05:30,1.0,3183.0,3,0.0,0.0,26287.22,26.2872,19.16,0.492,0.35,5.02,0.024,4910.5,4.911,2216.59,29.322,50.5,cruise,-0.0127,0.0416,0.5035,0
15:41:48.214,2178.0,65,1258.06,1771947706,-0.007,0.04,0.493,66.0,72.93,2026-02-24 21:11:46+05:30,1.0,3184.0,3,-0.5,-0.139,26305.28,26.3053,19.35,0.495,-0.81,4.64,0.08,4813.4,4.813,2217.92,29.34,50.48,cruise,0.0092,0.0336,0.4799,0
15:41:49.214,2179.0,65,1247.68,1771947707,0.04,-0.03,0.353,69.2,72.86,2026-02-24 21:11:47+05:30,1.0,3185.0,3,0.0,0.0,26323.33,26.3233,19.2,0.357,6.44,-4.83,0.1316,5041.9,5.042,2219.32,29.36,50.46,cruise,0.0245,-0.0199,0.3643,0
15:41:50.213,2180.0,65,1249.46,1771947708,0.01,-0.047,0.23,67.56,72.89,2026-02-24 21:11:48+05:30,1.0,3186.0,3,0.5,0.139,26341.39,26.3414,19.22,0.235,2.44,-11.54,0.1166,4924.4,4.924,2220.69,29.378,50.44,cruise,0.0235,-0.0588,0.2247,0
15:41:51.213,2181.0,66,1277.96,1771947709,0.023,-0.053,0.12,70.77,72.83,2026-02-24 21:11:49+05:30,1.0,3187.0,3,2.0,0.556,26359.72,26.3597,19.36,0.133,9.94,-23.45,0.0894,5154.2,5.154,2222.12,29.398,50.41,accel,0.0113,-0.0378,0.1179,0
15:41:52.214,2182.0,69,1326.74,1771947710,-0.01,0.023,0.053,72.79,72.78,2026-02-24 21:11:50+05:30,1.0,3188.0,3,3.0,0.833,26378.89,26.3789,19.23,0.059,-9.82,23.1,0.0429,5297.7,5.298,2223.6,29.418,50.39,accel,0.0012,0.0064,0.0607,0
15:41:53.214,2183.0,72,1389.66,1771947711,0.013,-0.003,0.04,77.3,72.69,2026-02-24 21:11:51+05:30,1.0,3189.0,3,3.5,0.972,26398.89,26.3989,19.3,0.042,17.96,-4.08,0.0316,5618.9,5.619,2225.16,29.44,50.37,accel,0.0008,0.0112,0.0317,0
15:41:54.213,2184.0,76,1457.2,1771947712,-0.01,-0.007,-0.007,80.36,72.62,2026-02-24 21:11:52+05:30,1.0,3190.0,3,3.5,0.972,26420.0,26.42,19.17,0.014,-45.29,-29.83,0.0388,5835.7,5.836,2226.78,29.462,50.34,accel,0.0038,-0.0185,-0.0026,0
15:41:55.213,2185.0,79,1524.04,1771947713,0.003,-0.02,-0.037,83.38,72.56,2026-02-24 21:11:53+05:30,1.0,3191.0,3,1.5,0.417,26441.94,26.4419,19.29,0.042,4.08,-28.31,0.0193,6050.1,6.05,2228.46,29.485,50.31,accel,-0.0101,-0.0133,-0.0383,0
15:41:56.213,2186.0,79,1582.9,1771947714,-0.053,0.05,-0.043,82.77,72.57,2026-02-24 21:11:54+05:30,1.0,3192.0,3,0.0,0.0,26463.89,26.4639,20.04,0.085,-38.79,36.23,0.0119,6006.6,6.007,2230.13,29.508,50.28,cruise,-0.0442,0.0532,-0.043,0
15:41:57.213,2187.0,79,1634.96,1771947715,-0.053,0.117,-0.02,82.44,72.57,2026-02-24 21:11:55+05:30,1.0,3193.0,3,-0.5,-0.139,26485.83,26.4858,20.7,0.13,-24.06,64.17,0.0266,5982.7,5.983,2231.79,29.531,50.26,cruise,-0.0585,0.1066,-0.0173,0
15:41:58.214,2188.0,78,1680.46,1771947716,-0.027,0.067,0.01,81.15,72.6,2026-02-24 21:11:56+05:30,1.0,3194.0,3,-0.5,-0.139,26507.5,26.5075,21.54,0.073,-21.73,66.75,0.015,5891.5,5.891,2233.42,29.554,50.23,cruise,-0.0207,0.0767,0.0036,0
15:41:59.213,2189.0,78,1720.84,1771947717,0.04,0.023,-0.003,84.16,72.53,2026-02-24 21:11:57+05:30,1.0,3195.0,3,0.0,0.0,26529.17,26.5292,22.06,0.046,59.89,29.83,0.0075,6104.1,6.104,2235.12,29.577,50.2,cruise,0.0332,0.014,0.0038,0
15:42:00.213,2190.0,78,1758.78,1771947718,0.037,-0.0,-0.003,83.65,72.54,2026-02-24 21:11:58+05:30,1.0,3196.0,3,0.0,0.0,26550.83,26.5508,22.55,0.037,85.36,-0.0,0.0081,6068.0,6.068,2236.81,29.6,50.18,cruise,0.0422,0.0125,-0.0061,0
15:42:01.213,2191.0,78,1788.36,1771947719,0.01,0.08,-0.017,81.11,72.59,2026-02-24 21:11:59+05:30,1.0,3197.0,3,0.0,0.0,26572.5,26.5725,22.93,0.082,6.97,76.15,0.0103,5887.8,5.888,2238.44,29.623,50.15,cruise,0.005,0.0673,-0.0182,0
15:42:02.213,2192.0,78,1811.26,1771947720,-0.033,0.09,-0.023,79.97,72.61,2026-02-24 21:12:00+05:30,1.0,3198.0,3,0.0,0.0,26594.17,26.5942,23.22,0.099,-19.56,65.92,0.0065,5806.6,5.807,2240.05,29.645,50.12,cruise,-0.027,0.098,-0.0217,0
15:42:03.214,2193.0,78,1827.1,1771947721,-0.02,0.077,-0.01,79.6,72.61,2026-02-24 21:12:01+05:30,1.0,3199.0,3,0.0,0.0,26615.83,26.6158,23.42,0.08,-14.44,73.81,0.0204,5779.8,5.78,2241.66,29.667,50.1,cruise,-0.0237,0.0722,-0.0066,0
15:42:04.214,2194.0,78,1835.18,1771947722,0.007,0.023,0.017,79.72,72.61,2026-02-24 21:12:02+05:30,1.0,3200.0,3,0.0,0.0,26637.5,26.6375,23.53,0.029,13.75,51.36,0.014,5788.5,5.788,2243.27,29.689,50.07,cruise,0.0039,0.0272,0.0092,0
15:42:05.213,2195.0,78,1833.66,1771947723,0.023,-0.0,-0.003,80.84,72.58,2026-02-24 21:12:03+05:30,1.0,3201.0,3,0.0,0.0,26659.17,26.6592,23.51,0.023,82.57,-0.0,0.0115,5867.4,5.867,2244.9,29.712,50.05,cruise,0.0337,-0.0038,0.0049,0
15:42:06.213,2196.0,78,1816.34,1771947724,0.053,-0.03,-0.003,83.24,72.53,2026-02-24 21:12:04+05:30,1.0,3202.0,3,0.0,0.0,26680.83,26.6808,23.29,0.061,60.37,-29.47,0.0098,6037.4,6.037,2246.57,29.735,50.02,cruise,0.0388,-0.0261,-0.0082,0
15:42:07.213,2197.0,78,1798.88,1771947725,-0.003,-0.047,-0.02,79.0,72.61,2026-02-24 21:12:05+05:30,1.0,3203.0,3,0.0,0.0,26702.5,26.7025,23.06,0.051,-3.36,-66.72,0.0137,5736.2,5.736,2248.17,29.757,49.99,cruise,0.0088,-0.0519,-0.0174,0
15:42:08.213,2198.0,78,1782.74,1771947726,-0.013,-0.07,-0.03,79.0,72.61,2026-02-24 21:12:06+05:30,1.0,3204.0,3,0.0,0.0,26724.17,26.7242,22.86,0.077,-9.69,-64.96,0.01,5736.2,5.736,2249.76,29.779,49.97,cruise,-0.0211,-0.0654,-0.0282,0
15:42:09.213,2199.0,78,1747.76,1771947727,-0.02,-0.037,-0.01,79.0,72.6,2026-02-24 21:12:07+05:30,1.0,3205.0,3,0.0,0.0,26745.83,26.7458,22.41,0.043,-27.56,-58.85,0.0344,5735.4,5.735,2251.35,29.801,49.94,cruise,-0.0131,-0.0403,-0.0209,0
15:42:10.213,2200.0,78,1695.1,1771947728,0.02,0.01,0.037,80.6,72.57,2026-02-24 21:12:08+05:30,1.0,3206.0,3,0.0,0.0,26767.5,26.7675,21.73,0.043,27.56,13.37,0.1215,5849.1,5.849,2252.98,29.823,49.91,cruise,0.0146,0.0141,0.0564,0
15:42:11.213,2201.0,78,1634.12,1771947729,0.02,0.063,0.22,80.6,72.57,2026-02-24 21:12:09+05:30,1.0,3207.0,3,0.0,0.0,26789.17,26.7892,20.95,0.23,4.99,15.92,0.1404,5849.1,5.849,2254.6,29.845,49.89,cruise,0.0223,0.0558,0.2005,0
15:42:12.213,2202.0,78,1560.82,1771947730,0.013,0.047,0.313,80.04,72.57,2026-02-24 21:12:10+05:30,1.0,3208.0,3,-1.0,-0.278,26810.83,26.8108,20.01,0.317,2.35,8.53,0.0851,5808.5,5.809,2256.22,29.868,49.86,decel,0.0111,0.0566,0.327,0
15:42:13.213,2203.0,76,1456.96,1771947731,0.0,0.03,0.39,77.0,72.63,2026-02-24 21:12:11+05:30,1.0,3209.0,3,-4.5,-1.25,26831.94,26.8319,19.17,0.391,0.0,4.4,0.0408,5592.5,5.593,2257.77,29.889,49.84,decel,0.006,0.0205,0.3791,0
15:42:14.213,2204.0,69,1329.64,1771947732,0.017,-0.03,0.375,71.36,72.74,2026-02-24 21:12:12+05:30,1.0,3210.0,3,-10.0,-2.778,26851.11,26.8511,19.27,0.377,2.59,-4.57,0.0087,5190.7,5.191,2259.21,29.909,49.81,decel,0.0061,-0.0228,0.3837,0
15:42:15.213,2205.0,56,1084.52,1771947733,-0.017,-0.02,0.375,57.0,73.03,2026-02-24 21:12:13+05:30,1.0,3211.0,3,-13.5,-3.75,26866.67,26.8667,19.37,0.376,-2.59,-3.05,0.0202,4162.7,4.163,2260.37,29.925,49.79,decel,-0.0037,-0.0261,0.3722,0
15:42:16.213,2206.0,42,815.4,1771947734,-0.007,0.02,0.34,43.0,73.31,2026-02-24 21:12:14+05:30,1.0,3212.0,3,-14.0,-3.889,26878.33,26.8783,19.41,0.341,-1.18,3.37,0.0507,3152.3,3.152,2261.24,29.937,49.78,decel,-0.0198,0.0284,0.3359,0
15:42:17.213,2207.0,28,548.86,1771947735,-0.033,0.097,0.275,29.0,73.58,2026-02-24 21:12:15+05:30,1.0,3213.0,3,-11.0,-3.056,26886.11,26.8861,19.6,0.293,-6.46,19.3,0.0544,2133.8,2.134,2261.84,29.945,49.77,decel,-0.0238,0.0877,0.2804,0
15:42:18.213,2208.0,20,396.2,1771947736,-0.007,0.08,0.232,21.0,73.74,2026-02-24 21:12:16+05:30,1.0,3214.0,3,-5.5,-1.528,26891.67,26.8917,19.81,0.246,-1.63,19.02,0.0544,1548.5,1.549,2262.27,29.951,49.76,decel,-0.0098,0.0862,0.2306,0
15:42:19.212,2209.0,17,334.14,1771947737,0.007,0.033,0.167,19.84,73.77,2026-02-24 21:12:17+05:30,1.0,3215.0,3,1.5,0.417,26896.39,26.8964,19.66,0.17,2.35,11.17,0.0831,1463.6,1.464,2262.67,29.956,49.76,accel,0.0032,0.0295,0.1676,0
15:42:20.213,2210.0,23,447.44,1771947738,-0.013,-0.023,0.067,31.64,73.53,2026-02-24 21:12:18+05:30,1.0,3216.0,3,8.0,2.222,26902.78,26.9028,19.45,0.072,-10.4,-18.62,0.1153,2326.5,2.326,2263.32,29.965,49.75,accel,-0.005,-0.0201,0.0609,0
15:42:21.213,2211.0,33,639.8,1771947739,-0.017,-0.02,-0.063,44.48,73.27,2026-02-24 21:12:19+05:30,1.0,3217.0,3,11.0,3.056,26911.94,26.9119,19.39,0.068,-14.42,-17.04,0.1015,3259.0,3.259,2264.23,29.977,49.73,accel,-0.0271,-0.0223,-0.054,0
15:42:22.213,2212.0,45,866.82,1771947740,-0.05,0.007,-0.133,55.76,73.04,2026-02-24 21:12:20+05:30,1.0,3218.0,3,10.0,2.778,26924.44,26.9244,19.26,0.142,-20.58,2.82,0.067,4072.7,4.073,2265.36,29.993,49.71,accel,-0.0402,0.0096,-0.1352,0
15:42:23.213,2213.0,53,1030.08,1771947741,-0.03,0.043,-0.197,61.02,72.93,2026-02-24 21:12:21+05:30,1.0,3219.0,3,7.0,1.944,26939.17,26.9392,19.44,0.204,-8.46,12.18,0.0721,4450.2,4.45,2266.59,30.01,49.69,accel,-0.0362,0.0391,-0.2045,0
15:42:24.212,2214.0,59,1147.58,1771947742,-0.027,0.043,-0.277,64.6,72.86,2026-02-24 21:12:22+05:30,1.0,3220.0,3,5.0,1.389,26955.56,26.9556,19.45,0.282,-5.5,8.78,0.0427,4706.8,4.707,2267.9,30.028,49.67,accel,-0.0264,0.0479,-0.2672,0
15:42:25.213,2215.0,63,1213.98,1771947743,-0.02,0.05,-0.263,66.12,72.83,2026-02-24 21:12:23+05:30,1.0,3221.0,3,2.5,0.694,26973.06,26.9731,19.27,0.268,-4.27,10.73,0.0258,4815.5,4.816,2269.24,30.046,49.65,accel,-0.0162,0.0441,-0.2698,0
15:42:26.213,2216.0,64,1232.18,1771947744,0.007,0.03,-0.227,65.56,72.84,2026-02-24 21:12:24+05:30,1.0,3222.0,3,0.0,0.0,26990.83,26.9908,19.25,0.229,1.75,7.52,0.018,4775.4,4.775,2270.56,30.064,49.63,cruise,0.0011,0.0374,-0.222,0
15:42:27.213,2217.0,63,1213.08,1771947745,0.02,0.03,-0.247,65.6,72.83,2026-02-24 21:12:25+05:30,1.0,3223.0,3,-2.0,-0.556,27008.33,27.0083,19.26,0.25,4.6,6.9,0.0757,4777.6,4.778,2271.89,30.082,49.61,decel,0.0259,0.0225,-0.244,0
15:42:28.212,2218.0,60,1157.92,1771947746,0.05,-0.007,-0.367,65.0,72.84,2026-02-24 21:12:26+05:30,1.0,3224.0,3,-3.5,-0.972,27025.0,27.025,19.3,0.37,7.76,-1.08,0.1724,4734.6,4.735,2273.21,30.1,49.59,decel,0.0457,-0.0026,-0.3925,0
15:42:29.213,2219.0,56,1083.14,1771947747,0.043,-0.027,-0.587,60.44,72.93,2026-02-24 21:12:27+05:30,1.0,3225.0,3,-4.5,-1.25,27040.56,27.0406,19.34,0.589,4.19,-2.63,0.1114,4407.9,4.408,2274.43,30.117,49.57,decel,0.0452,-0.0262,-0.5369,0
15:42:30.213,2220.0,51,988.84,1771947748,0.025,-0.037,-0.447,54.0,73.06,2026-02-24 21:12:28+05:30,1.0,3226.0,3,-5.0,-1.389,27054.72,27.0547,19.39,0.449,3.19,-4.72,0.1087,3945.2,3.945,2275.53,30.132,49.55,decel,0.0237,-0.0415,-0.5112,0
15:42:31.213,2221.0,46,882.16,1771947749,-0.005,-0.053,-0.373,47.0,73.2,2026-02-24 21:12:29+05:30,1.0,3227.0,3,-4.0,-1.111,27067.5,27.0675,19.18,0.377,-0.76,-8.09,0.251,3440.4,3.44,2276.48,30.145,49.53,decel,-0.0035,-0.0483,-0.3042,0
15:42:32.213,2222.0,43,823.62,1771947750,-0.02,-0.042,0.02,44.0,73.25,2026-02-24 21:12:30+05:30,1.0,3228.0,3,-2.0,-0.556,27079.44,27.0794,19.15,0.051,-23.26,-56.04,0.2521,3223.0,3.223,2277.38,30.158,49.52,decel,-0.0215,-0.0442,-0.043,0
15:42:33.213,2223.0,42,808.3,1771947751,-0.025,-0.035,0.097,43.18,73.27,2026-02-24 21:12:31+05:30,1.0,3229.0,3,0.0,0.0,27091.11,27.0911,19.25,0.106,-13.63,-19.26,0.11,3163.8,3.164,2278.26,30.17,49.51,cruise,-0.024,-0.0349,0.1426,0
15:42:34.213,2224.0,43,830.62,1771947752,-0.012,-0.028,0.237,46.42,73.2,2026-02-24 21:12:32+05:30,1.0,3230.0,3,2.5,0.694,27103.06,27.1031,19.32,0.239,-2.88,-6.73,0.0716,3397.9,3.398,2279.2,30.182,49.49,accel,-0.0126,-0.0284,0.2131,0
15:42:35.213,2225.0,47,904.9,1771947753,-0.003,-0.023,0.193,52.84,73.07,2026-02-24 21:12:33+05:30,1.0,3231.0,3,5.0,1.389,27116.11,27.1161,19.25,0.194,-0.88,-6.8,0.0486,3861.0,3.861,2280.27,30.197,49.47,accel,-0.0011,-0.0214,0.1983,0
15:42:36.213,2226.0,53,1024.14,1771947754,0.0,-0.02,0.14,59.41,72.94,2026-02-24 21:12:34+05:30,1.0,3232.0,3,5.5,1.528,27130.83,27.1308,19.32,0.141,0.0,-8.13,0.0515,4333.4,4.333,2281.48,30.214,49.45,accel,-0.0049,-0.021,0.1456,0
15:42:37.213,2227.0,58,1121.28,1771947755,-0.02,-0.047,0.09,63.46,72.85,2026-02-24 21:12:35+05:30,1.0,3233.0,3,4.5,1.25,27146.94,27.1469,19.33,0.103,-11.14,-27.01,0.0819,4623.1,4.623,2282.76,30.231,49.43,accel,-0.0121,-0.0469,0.0816,0
15:42:38.213,2228.0,62,1202.54,1771947756,0.027,-0.083,-0.02,68.99,72.74,2026-02-24 21:12:36+05:30,1.0,3234.0,3,4.0,1.111,27164.17,27.1642,19.4,0.09,17.55,-67.96,0.1002,5018.3,5.018,2284.16,30.25,49.41,accel,0.0144,-0.086,-0.0102,0
15:42:39.212,2229.0,66,1274.4,1771947757,0.057,-0.1,-0.11,74.9,72.62,2026-02-24 21:12:37+05:30,1.0,3235.0,3,3.5,0.972,27182.5,27.1825,19.31,0.159,20.98,-38.91,0.0816,5439.2,5.439,2285.67,30.271,49.39,accel,0.0773,-0.0923,-0.1243,0
15:42:40.212,2230.0,69,1336.2,1771947758,0.137,-0.047,-0.183,83.77,72.44,2026-02-24 21:12:38+05:30,1.0,3236.0,3,3.0,0.833,27201.67,27.2017,19.37,0.233,35.95,-11.62,0.0633,6068.3,6.068,2287.35,30.294,49.36,accel,0.112,-0.0558,-0.168,0
15:42:41.213,2231.0,72,1386.62,1771947759,0.043,-0.023,-0.057,78.75,72.54,2026-02-24 21:12:39+05:30,1.0,3237.0,3,2.5,0.694,27221.67,27.2217,19.26,0.075,34.98,-17.86,0.1366,5712.5,5.713,2288.94,30.316,49.33,accel,0.0651,-0.0157,-0.0659,0
15:42:42.213,2232.0,74,1428.44,1771947760,-0.003,0.02,0.09,76.92,72.57,2026-02-24 21:12:40+05:30,1.0,3238.0,3,2.0,0.556,27242.22,27.2422,19.3,0.092,-1.86,12.52,0.1229,5582.1,5.582,2290.49,30.338,49.31,accel,-0.0196,0.0115,0.0984,0
15:42:43.213,2233.0,76,1463.6,1771947761,-0.063,0.037,0.187,78.58,72.53,2026-02-24 21:12:41+05:30,1.0,3239.0,3,1.5,0.417,27263.33,27.2633,19.26,0.201,-18.29,10.62,0.0569,5699.4,5.699,2292.07,30.36,49.28,accel,-0.0523,0.0482,0.1697,0
15:42:44.213,2234.0,77,1491.46,1771947762,-0.013,0.1,0.087,79.34,72.52,2026-02-24 21:12:42+05:30,1.0,3240.0,3,1.5,0.417,27284.72,27.2847,19.37,0.133,-5.6,48.66,0.0887,5753.7,5.754,2293.67,30.382,49.26,accel,-0.0139,0.0902,0.1103,0
15:42:45.213,2235.0,79,1517.16,1771947763,0.043,0.097,0.01,84.76,72.4,2026-02-24 21:12:43+05:30,1.0,3241.0,3,1.5,0.417,27306.67,27.3067,19.2,0.107,23.8,65.53,0.1138,6136.6,6.137,2295.38,30.405,49.23,accel,0.0338,0.1013,-0.0097,0
15:42:46.213,2236.0,80,1544.42,1771947764,0.033,0.08,-0.137,85.04,72.39,2026-02-24 21:12:44+05:30,1.0,3242.0,3,0.5,0.139,27328.89,27.3289,19.31,0.162,11.75,29.58,0.0969,6156.0,6.156,2297.09,30.429,49.2,cruise,0.0452,0.0795,-0.1253,0
15:42:47.212,2237.0,80,1573.06,1771947765,0.043,0.053,-0.173,85.76,72.38,2026-02-24 21:12:45+05:30,1.0,3243.0,3,0.0,0.0,27351.11,27.3511,19.66,0.186,13.37,16.56,0.0182,6207.3,6.207,2298.81,30.453,49.17,cruise,0.0348,0.053,-0.1807,0
15:42:48.213,2238.0,80,1597.12,1771947766,0.023,0.017,-0.15,84.08,72.41,2026-02-24 21:12:46+05:30,1.0,3244.0,3,0.0,0.0,27373.33,27.3733,19.96,0.153,8.66,6.39,0.0637,6088.2,6.088,2300.5,30.476,49.15,cruise,0.0252,0.0193,-0.1414,0
15:42:49.213,2239.0,80,1622.76,1771947767,0.02,-0.027,-0.053,83.84,72.41,2026-02-24 21:12:47+05:30,1.0,3245.0,3,0.0,0.0,27395.56,27.3956,20.28,0.063,18.58,-25.48,0.073,6070.9,6.071,2302.19,30.499,49.12,cruise,0.0225,-0.0349,-0.0585,0
15:42:50.213,2240.0,80,1646.9,1771947768,0.037,-0.083,-0.007,85.1,72.38,2026-02-24 21:12:48+05:30,1.0,3246.0,3,0.0,0.0,27417.78,27.4178,20.59,0.091,23.95,-65.6,0.025,6159.5,6.16,2303.9,30.523,49.09,cruise,0.0322,-0.0724,-0.0118,0
15:42:51.213,2241.0,80,1668.28,1771947769,0.05,-0.04,-0.013,85.79,72.36,2026-02-24 21:12:49+05:30,1.0,3247.0,3,0.0,0.0,27440.0,27.44,20.85,0.065,49.93,-37.75,0.0119,6207.8,6.208,2305.62,30.547,49.06,cruise,0.0543,-0.0475,-0.0011,0
15:42:52.213,2242.0,80,1678.52,1771947770,0.07,0.01,0.01,86.64,72.34,2026-02-24 21:12:50+05:30,1.0,3248.0,3,0.0,0.0,27462.22,27.4622,20.98,0.071,78.58,8.05,0.0146,6267.5,6.268,2307.36,30.571,49.03,cruise,0.0701,0.0148,0.0025,0
15:42:53.213,2243.0,80,1669.92,1771947771,0.063,0.063,-0.017,86.04,72.35,2026-02-24 21:12:51+05:30,1.0,3249.0,3,0.0,0.0,27484.44,27.4844,20.87,0.091,43.99,43.99,0.0445,6225.0,6.225,2309.09,30.595,49.01,cruise,0.0565,0.0574,-0.0198,0
15:42:54.213,2244.0,80,1653.9,1771947772,0.013,0.07,-0.077,82.04,72.43,2026-02-24 21:12:52+05:30,1.0,3250.0,3,0.0,0.0,27506.67,27.5067,20.67,0.105,7.12,41.87,0.0365,5942.2,5.942,2310.74,30.617,48.98,cruise,0.0229,0.074,-0.0683,0
15:42:55.213,2245.0,80,1638.06,1771947773,0.013,0.073,-0.083,82.04,72.43,2026-02-24 21:12:53+05:30,1.0,3251.0,3,0.0,0.0,27528.89,27.5289,20.48,0.111,6.71,40.99,0.0035,5942.2,5.942,2312.39,30.64,48.95,cruise,0.0044,0.0766,-0.0919,0
15:42:56.213,2246.0,80,1611.52,1771947774,0.01,0.057,-0.077,81.8,72.43,2026-02-24 21:12:54+05:30,1.0,3252.0,3,0.0,0.0,27551.11,27.5511,20.14,0.096,5.96,36.28,0.0405,5924.8,5.925,2314.04,30.663,48.93,cruise,0.0149,0.0456,-0.0676,0
15:42:57.213,2247.0,80,1569.66,1771947775,0.037,-0.023,-0.01,83.96,72.38,2026-02-24 21:12:55+05:30,1.0,3253.0,3,-0.5,-0.139,27573.33,27.5733,19.62,0.045,55.87,-30.97,0.0456,6077.0,6.077,2315.73,30.686,48.9,cruise,0.0364,-0.0121,-0.0217,0
15:42:58.212,2248.0,79,1527.24,1771947776,0.047,-0.033,0.01,83.76,72.38,2026-02-24 21:12:56+05:30,1.0,3254.0,3,-2.0,-0.556,27595.28,27.5953,19.33,0.058,53.73,-34.48,0.0529,6062.5,6.063,2317.41,30.71,48.87,decel,0.045,-0.038,0.0233,0
15:42:59.213,2249.0,76,1469.6,1771947777,0.037,-0.017,0.09,79.96,72.45,2026-02-24 21:12:57+05:30,1.0,3255.0,3,-3.5,-0.972,27616.39,27.6164,19.34,0.099,22.0,-9.91,0.097,5793.1,5.793,2319.02,30.732,48.84,decel,0.0371,-0.0143,0.0799,0
15:43:00.213,2250.0,72,1385.84,1771947778,0.02,0.02,0.203,74.6,72.56,2026-02-24 21:12:58+05:30,1.0,3256.0,3,-4.5,-1.25,27636.39,27.6364,19.25,0.205,5.6,5.6,0.1288,5413.0,5.413,2320.52,30.752,48.82,decel,0.0266,0.0153,0.1983,0
15:43:01.213,2251.0,67,1290.86,1771947779,0.04,0.027,0.347,71.2,72.62,2026-02-24 21:12:59+05:30,1.0,3257.0,3,-5.0,-1.389,27655.0,27.655,19.27,0.35,6.56,4.42,0.1336,5170.5,5.171,2321.96,30.772,48.8,decel,0.0256,0.0317,0.3751,0
15:43:02.213,2252.0,62,1196.38,1771947780,0.033,0.05,0.47,65.64,72.73,2026-02-24 21:13:00+05:30,1.0,3258.0,3,-5.0,-1.389,27672.22,27.6722,19.3,0.474,3.99,6.06,0.1668,4774.0,4.774,2323.29,30.79,48.78,decel,0.0512,0.0487,0.4305,0
15:43:03.213,2253.0,57,1100.9,1771947781,0.127,0.05,0.14,68.16,72.68,2026-02-24 21:13:01+05:30,1.0,3259.0,3,-4.5,-1.25,27688.06,27.6881,19.31,0.196,40.51,14.82,0.3502,4953.9,4.954,2324.66,30.809,48.75,decel,0.1101,0.0502,0.1744,0
15:43:04.213,2254.0,53,1016.72,1771947782,0.14,0.02,-0.23,65.2,72.74,2026-02-24 21:13:02+05:30,1.0,3260.0,3,-3.5,-0.972,27702.78,27.7028,19.18,0.27,31.23,4.25,0.3586,4742.6,4.743,2325.98,30.828,48.73,decel,0.155,0.0165,-0.2658,0
15:43:05.213,2255.0,50,961.64,1771947783,0.137,-0.02,-0.577,61.96,72.8,2026-02-24 21:13:03+05:30,1.0,3261.0,3,-2.5,-0.694,27716.67,27.7167,19.23,0.593,13.35,-1.93,0.1765,4510.7,4.511,2327.23,30.845,48.71,decel,0.125,-0.0159,-0.5342,0
15:43:06.212,2256.0,48,933.42,1771947784,0.047,-0.013,-0.46,52.76,72.98,2026-02-24 21:13:04+05:30,1.0,3262.0,3,-0.5,-0.139,27730.0,27.73,19.45,0.463,5.83,-1.61,0.12,3850.4,3.85,2328.3,30.859,48.69,cruise,0.0481,-0.0102,-0.4925,0
15:43:07.213,2257.0,49,939.06,1771947785,0.003,0.007,-0.337,51.46,73.0,2026-02-24 21:13:05+05:30,1.0,3263.0,3,1.5,0.417,27743.61,27.7436,19.16,0.337,0.51,1.19,0.1316,3756.6,3.757,2329.35,30.874,48.68,accel,0.0165,-0.0036,-0.3252,0
15:43:08.213,2258.0,51,982.04,1771947786,0.057,-0.05,-0.197,59.27,72.85,2026-02-24 21:13:06+05:30,1.0,3264.0,3,2.5,0.694,27757.78,27.7578,19.26,0.211,15.67,-13.7,0.1014,4317.8,4.318,2330.55,30.89,48.66,accel,0.0397,-0.0372,-0.2022,0
15:43:09.213,2259.0,54,1047.38,1771947787,0.037,-0.06,-0.14,61.37,72.8,2026-02-24 21:13:07+05:30,1.0,3265.0,3,3.5,0.972,27772.78,27.7728,19.4,0.157,13.65,-22.51,0.0652,4467.7,4.468,2331.79,30.907,48.64,accel,0.0457,-0.0731,-0.1263,0
15:43:10.213,2260.0,58,1118.54,1771947788,0.027,-0.067,-0.067,64.83,72.73,2026-02-24 21:13:08+05:30,1.0,3266.0,3,4.0,1.111,27788.89,27.7889,19.29,0.099,15.91,-42.85,0.0365,4715.1,4.715,2333.1,30.925,48.62,accel,0.0268,-0.0534,-0.0876,0
15:43:11.213,2261.0,62,1194.3,1771947789,0.033,0.013,-0.103,69.39,72.64,2026-02-24 21:13:09+05:30,1.0,3267.0,3,4.0,1.111,27806.11,27.8061,19.26,0.109,17.63,6.85,0.0208,5040.5,5.04,2334.5,30.944,48.59,accel,0.0302,0.0036,-0.0875,0
15:43:12.212,2262.0,66,1268.68,1771947790,0.033,0.03,-0.067,73.17,72.56,2026-02-24 21:13:10+05:30,1.0,3268.0,3,3.5,0.972,27824.44,27.8244,19.22,0.08,24.21,21.88,0.0416,5309.2,5.309,2335.97,30.965,48.57,accel,0.0405,0.03,-0.0717,0
15:43:13.213,2263.0,69,1335.38,1771947791,0.03,-0.007,-0.02,75.59,72.51,2026-02-24 21:13:11+05:30,1.0,3269.0,3,3.0,0.833,27843.61,27.8436,19.35,0.037,54.77,-10.99,0.0271,5481.0,5.481,2337.49,30.986,48.55,accel,0.0133,0.0014,-0.0215,0
15:43:14.213,2264.0,72,1396.12,1771947792,-0.047,-0.037,-0.02,75.87,72.5,2026-02-24 21:13:12+05:30,1.0,3270.0,3,3.0,0.833,27863.61,27.8636,19.39,0.063,-48.18,-35.92,0.0346,5500.6,5.501,2339.02,31.007,48.52,accel,-0.0247,-0.0493,-0.0136,0
15:43:15.213,2265.0,75,1450.04,1771947793,0.0,-0.09,-0.08,77.94,72.45,2026-02-24 21:13:13+05:30,1.0,3271.0,3,2.0,0.556,27884.44,27.8844,19.33,0.12,0.0,-48.37,0.1154,5646.8,5.647,2340.59,31.029,48.5,accel,-0.0198,-0.0784,-0.0967,0
15:43:16.213,2266.0,76,1473.66,1771947794,-0.003,-0.057,-0.243,77.23,72.46,2026-02-24 21:13:14+05:30,1.0,3272.0,3,0.5,0.139,27905.56,27.9056,19.39,0.25,-0.69,-13.2,0.1053,5596.1,5.596,2342.14,31.05,48.47,cruise,0.0124,-0.0646,-0.2159,0
15:43:17.213,2267.0,76,1459.42,1771947795,0.037,-0.03,-0.277,79.96,72.41,2026-02-24 21:13:15+05:30,1.0,3273.0,3,-1.5,-0.417,27926.67,27.9267,19.2,0.281,7.56,-6.13,0.0585,5789.9,5.79,2343.75,31.072,48.44,decel,0.023,-0.026,-0.3043,0
15:43:18.213,2268.0,73,1415.1,1771947796,-0.003,-0.0,-0.357,74.0,72.52,2026-02-24 21:13:16+05:30,1.0,3274.0,3,-2.5,-0.694,27946.94,27.9469,19.38,0.357,-0.48,-0.0,0.0401,5366.5,5.366,2345.24,31.093,48.42,decel,0.0099,-0.0014,-0.3412,0
15:43:19.212,2269.0,71,1374.0,1771947797,0.013,0.003,-0.323,73.04,72.54,2026-02-24 21:13:17+05:30,1.0,3275.0,3,-2.0,-0.556,27966.67,27.9667,19.35,0.323,2.3,0.53,0.0476,5298.3,5.298,2346.72,31.113,48.4,decel,0.0024,0.0005,-0.3228,0
15:43:20.213,2270.0,69,1339.96,1771947798,-0.002,-0.0,-0.263,70.0,72.6,2026-02-24 21:13:18+05:30,1.0,3276.0,3,-1.0,-0.278,27985.83,27.9858,19.42,0.263,-0.44,-0.0,0.0401,5082.0,5.082,2348.13,31.132,48.37,decel,0.0076,0.0066,-0.2738,0
15:43:21.213,2271.0,69,1335.56,1771947799,0.025,0.04,-0.247,72.42,72.55,2026-02-24 21:13:19+05:30,1.0,3277.0,3,0.5,0.139,28005.0,28.005,19.36,0.251,5.71,9.15,0.0384,5254.1,5.254,2349.59,31.153,48.35,cruise,0.0135,0.0321,-0.2346,0
15:43:22.213,2272.0,70,1356.76,1771947800,-0.002,0.05,-0.19,72.28,72.55,2026-02-24 21:13:20+05:30,1.0,3278.0,3,1.5,0.417,28024.44,28.0244,19.38,0.196,-0.58,14.74,0.0487,5243.9,5.244,2351.04,31.173,48.33,accel,0.0132,0.0567,-0.2003,0
15:43:23.213,2273.0,72,1386.68,1771947801,0.027,0.057,-0.15,76.17,72.47,2026-02-24 21:13:21+05:30,1.0,3279.0,3,1.0,0.278,28044.44,28.0444,19.26,0.163,9.55,20.51,0.0627,5520.0,5.52,2352.58,31.194,48.3,accel,0.0078,0.0531,-0.1419,0
15:43:24.213,2274.0,72,1397.14,1771947802,-0.02,0.02,-0.067,73.01,72.53,2026-02-24 21:13:22+05:30,1.0,3280.0,3,0.0,0.0,28064.44,28.0644,19.4,0.073,-15.96,15.96,0.0602,5295.4,5.295,2354.05,31.214,48.28,cruise,0.0022,0.0202,-0.0713,0
15:43:25.213,2275.0,72,1387.22,1771947803,0.03,-0.013,-0.033,75.4,72.48,2026-02-24 21:13:23+05:30,1.0,3281.0,3,-1.0,-0.278,28084.44,28.0844,19.27,0.046,40.23,-16.25,0.0216,5465.0,5.465,2355.57,31.235,48.25,decel,0.0061,-0.0109,-0.0341,0
15:43:26.212,2276.0,70,1359.04,1771947804,-0.003,-0.01,-0.073,71.0,72.57,2026-02-24 21:13:24+05:30,1.0,3282.0,3,-2.0,-0.556,28103.89,28.1039,19.41,0.074,-2.33,-7.79,0.0743,5152.5,5.152,2357.0,31.255,48.23,decel,0.0208,-0.0122,-0.0676,0
15:43:27.213,2277.0,68,1317.82,1771947805,0.047,-0.003,-0.177,72.76,72.53,2026-02-24 21:13:25+05:30,1.0,3283.0,3,-2.0,-0.556,28122.78,28.1228,19.38,0.183,14.87,-0.94,0.133,5277.3,5.277,2358.46,31.275,48.21,decel,0.0277,0.0012,-0.1819,0
15:43:28.213,2278.0,66,1275.38,1771947806,0.003,0.01,-0.337,67.24,72.64,2026-02-24 21:13:26+05:30,1.0,3284.0,3,-3.0,-0.833,28141.11,28.1411,19.32,0.337,0.51,1.7,0.1467,4884.3,4.884,2359.82,31.294,48.18,decel,0.0138,0.0005,-0.3392,0
15:43:29.213,2279.0,62,1200.46,1771947807,0.01,-0.017,-0.47,63.8,72.7,2026-02-24 21:13:27+05:30,1.0,3285.0,3,-4.0,-1.111,28158.33,28.1583,19.36,0.47,1.22,-2.07,0.0918,4638.3,4.638,2361.11,31.311,48.16,decel,0.0062,-0.0046,-0.4611,0
15:43:30.213,2280.0,58,1110.88,1771947808,0.033,0.01,-0.513,61.64,72.75,2026-02-24 21:13:28+05:30,1.0,3286.0,3,-4.0,-1.111,28174.44,28.1744,19.15,0.514,3.68,1.11,0.0297,4484.3,4.484,2362.35,31.329,48.14,decel,0.0345,0.001,-0.5175,0
15:43:31.213,2281.0,54,1044.74,1771947809,0.073,-0.01,-0.527,60.84,72.76,2026-02-24 21:13:29+05:30,1.0,3287.0,3,-3.5,-0.972,28189.44,28.1894,19.35,0.532,7.89,-1.08,0.0072,4426.7,4.427,2363.58,31.345,48.12,decel,0.0729,-0.0067,-0.5363,0
15:43:32.213,2282.0,51,990.14,1771947810,0.077,-0.04,-0.517,58.16,72.81,2026-02-24 21:13:30+05:30,1.0,3288.0,3,-2.0,-0.556,28203.61,28.2036,19.41,0.524,8.45,-4.38,0.1052,4234.6,4.235,2364.76,31.362,48.1,decel,0.0743,-0.0408,-0.4985,0
15:43:33.213,2283.0,50,960.72,1771947811,0.037,-0.06,-0.34,53.96,72.9,2026-02-24 21:13:31+05:30,1.0,3289.0,3,0.0,0.0,28217.5,28.2175,19.21,0.347,6.12,-9.95,0.1835,3933.7,3.934,2365.85,31.377,48.09,cruise,0.0408,-0.0604,-0.3564,0
15:43:34.212,2284.0,51,981.3,1771947812,0.02,-0.03,-0.15,55.61,72.86,2026-02-24 21:13:32+05:30,1.0,3290.0,3,2.0,0.556,28231.67,28.2317,19.24,0.154,7.45,-11.21,0.2016,4051.7,4.052,2366.98,31.392,48.07,accel,0.0173,-0.0275,-0.1413,0
15:43:35.213,2285.0,54,1041.16,1771947813,0.03,0.033,0.063,60.19,72.77,2026-02-24 21:13:33+05:30,1.0,3291.0,3,3.0,0.833,28246.67,28.2467,19.28,0.077,22.87,25.31,0.1796,4380.0,4.38,2368.19,31.409,48.05,accel,0.0308,0.0307,0.062,0
15:43:36.213,2286.0,57,1092.88,1771947814,0.057,0.053,0.207,65.12,72.67,2026-02-24 21:13:34+05:30,1.0,3292.0,3,2.5,0.694,28262.5,28.2625,19.17,0.221,14.94,13.87,0.1019,4732.3,4.732,2369.51,31.427,48.03,accel,0.0597,0.0528,0.2006,0
15:43:37.213,2287.0,59,1143.68,1771947815,0.07,0.02,0.26,67.9,72.61,2026-02-24 21:13:35+05:30,1.0,3293.0,3,2.0,0.556,28278.89,28.2789,19.38,0.27,15.03,4.25,0.0601,4930.2,4.93,2370.88,31.446,48.01,accel,0.0631,0.0213,0.2729,0
15:43:38.213,2288.0,61,1184.92,1771947816,0.023,-0.023,0.327,65.52,72.66,2026-02-24 21:13:36+05:30,1.0,3294.0,3,2.0,0.556,28295.83,28.2958,19.42,0.329,4.01,-4.01,0.0396,4760.7,4.761,2372.2,31.464,47.98,accel,0.0309,-0.0244,0.3096,0
15:43:39.213,2289.0,63,1210.9,1771947817,-0.01,-0.05,0.33,64.52,72.67,2026-02-24 21:13:37+05:30,1.0,3295.0,3,0.5,0.139,28313.33,28.3133,19.22,0.334,-1.72,-8.61,0.0413,4688.7,4.689,2373.5,31.482,47.96,cruise,-0.0152,-0.0467,0.3474,0
15:43:40.213,2290.0,62,1205.58,1771947818,-0.06,-0.033,0.4,63.0,72.7,2026-02-24 21:13:38+05:30,1.0,3296.0,3,-1.0,-0.278,28330.56,28.3306,19.44,0.406,-8.5,-4.66,0.0426,4580.1,4.58,2374.78,31.499,47.94,decel,-0.058,-0.0392,0.3897,0
15:43:41.213,2291.0,61,1168.72,1771947819,-0.087,-0.017,0.407,62.0,72.72,2026-02-24 21:13:39+05:30,1.0,3297.0,3,-1.0,-0.278,28347.5,28.3475,19.16,0.417,-12.06,-2.34,0.0101,4508.6,4.509,2376.03,31.517,47.92,decel,-0.0875,-0.0104,0.4067,0
15:43:42.212,2292.0,60,1151.12,1771947820,-0.083,0.017,0.387,61.0,72.74,2026-02-24 21:13:40+05:30,1.0,3298.0,3,-0.5,-0.139,28364.17,28.3642,19.19,0.396,-12.09,2.46,0.02,4437.1,4.437,2377.26,31.533,47.9,cruise,-0.0829,0.0149,0.3931,0
15:43:43.213,2293.0,60,1149.64,1771947821,-0.033,0.007,0.367,61.38,72.73,2026-02-24 21:13:41+05:30,1.0,3299.0,3,0.0,0.0,28380.83,28.3808,19.16,0.369,-5.14,1.09,0.0512,4464.2,4.464,2378.5,31.551,47.88,cruise,-0.0342,0.0034,0.3625,0
15:43:44.213,2294.0,60,1166.32,1771947822,0.017,-0.027,0.29,63.94,72.68,2026-02-24 21:13:42+05:30,1.0,3300.0,3,1.5,0.417,28397.5,28.3975,19.44,0.292,3.34,-5.31,0.0977,4647.2,4.647,2379.79,31.568,47.86,accel,0.0232,-0.0237,0.2923,0
15:43:45.213,2295.0,63,1212.66,1771947823,0.047,-0.0,0.173,71.0,72.53,2026-02-24 21:13:43+05:30,1.0,3301.0,3,3.5,0.972,28415.0,28.415,19.25,0.179,15.2,-0.0,0.1251,5149.6,5.15,2381.22,31.588,47.84,accel,0.034,0.0007,0.1684,0
15:43:46.213,2296.0,67,1296.08,1771947824,-0.013,0.073,0.04,72.05,72.51,2026-02-24 21:13:44+05:30,1.0,3302.0,3,4.0,1.111,28433.61,28.4336,19.34,0.084,-8.88,60.05,0.0946,5224.3,5.224,2382.67,31.608,47.81,accel,0.0015,0.0742,0.0464,0
15:43:47.213,2297.0,71,1374.52,1771947825,-0.003,0.12,-0.01,75.73,72.44,2026-02-24 21:13:45+05:30,1.0,3303.0,3,4.0,1.111,28453.33,28.4533,19.36,0.12,-1.43,85.03,0.0311,5485.9,5.486,2384.2,31.629,47.79,accel,-0.0147,0.1122,-0.0126,0
15:43:48.213,2298.0,75,1445.38,1771947826,-0.007,0.067,-0.017,79.46,72.36,2026-02-24 21:13:46+05:30,1.0,3304.0,3,3.5,0.972,28474.17,28.4742,19.27,0.069,-5.78,74.66,0.0085,5749.7,5.75,2385.79,31.651,47.76,accel,0.0044,0.0778,-0.0199,0
15:43:49.213,2299.0,78,1512.86,1771947827,0.033,0.037,-0.027,84.84,72.25,2026-02-24 21:13:47+05:30,1.0,3305.0,3,1.5,0.417,28495.83,28.4958,19.4,0.056,35.77,40.95,0.005,6129.7,6.13,2387.5,31.675,47.74,accel,0.0198,0.0262,-0.0207,0
15:43:50.213,2300.0,78,1573.34,1771947828,0.007,-0.007,-0.023,82.44,72.3,2026-02-24 21:13:48+05:30,1.0,3306.0,3,0.0,0.0,28517.5,28.5175,20.17,0.025,16.23,-16.23,0.0129,5960.4,5.96,2389.15,31.698,47.71,cruise,0.018,0.0064,-0.0311,0
15:43:51.213,2301.0,78,1627.96,1771947829,0.03,0.027,-0.047,83.97,72.26,2026-02-24 21:13:49+05:30,1.0,3307.0,3,0.0,0.0,28539.17,28.5392,20.87,0.062,28.96,25.84,0.0129,6067.7,6.068,2390.84,31.721,47.68,cruise,0.0243,0.0101,-0.0386,0
15:43:52.213,2302.0,78,1676.32,1771947830,0.027,0.003,-0.027,83.47,72.27,2026-02-24 21:13:50+05:30,1.0,3308.0,3,0.0,0.0,28560.83,28.5608,21.49,0.038,44.82,4.49,0.0115,6032.4,6.032,2392.51,31.744,47.65,cruise,0.031,0.0196,-0.0337,0
15:43:53.213,2303.0,78,1720.52,1771947831,0.013,0.04,-0.027,82.11,72.3,2026-02-24 21:13:51+05:30,1.0,3309.0,3,0.0,0.0,28582.5,28.5825,22.06,0.05,15.08,53.16,0.0058,5936.6,5.937,2394.16,31.767,47.63,cruise,0.0065,0.0288,-0.0231,0
15:43:54.213,2304.0,78,1759.2,1771947832,-0.03,0.017,-0.017,80.76,72.32,2026-02-24 21:13:52+05:30,1.0,3310.0,3,0.0,0.0,28604.17,28.6042,22.55,0.038,-51.29,26.24,0.005,5840.6,5.841,2395.78,31.789,47.6,cruise,-0.0244,0.0213,-0.0183,0
15:43:55.213,2305.0,78,1791.12,1771947833,-0.01,-0.013,-0.023,80.39,72.33,2026-02-24 21:13:53+05:30,1.0,3311.0,3,0.0,0.0,28625.83,28.6258,22.96,0.028,-20.73,-27.4,0.0075,5814.6,5.815,2397.4,31.812,47.57,cruise,-0.0091,-0.0129,-0.0234,0
15:43:56.213,2306.0,78,1814.86,1771947834,0.043,-0.057,-0.032,83.48,72.26,2026-02-24 21:13:54+05:30,1.0,3312.0,3,0.0,0.0,28647.5,28.6475,23.27,0.078,33.34,-46.76,0.0062,6032.3,6.032,2399.08,31.835,47.55,cruise,0.0382,-0.0585,-0.0316,0
15:43:57.213,2307.0,78,1832.76,1771947835,0.063,-0.093,-0.035,84.77,72.23,2026-02-24 21:13:55+05:30,1.0,3313.0,3,0.0,0.0,28669.17,28.6692,23.5,0.118,32.37,-52.23,0.0035,6122.9,6.123,2400.78,31.858,47.52,cruise,0.0645,-0.0919,-0.0338,0
15:43:58.213,2308.0,78,1844.12,1771947836,0.057,-0.1,-0.028,83.65,72.25,2026-02-24 21:13:56+05:30,1.0,3314.0,3,0.0,0.0,28690.83,28.6908,23.64,0.118,28.76,-57.58,0.0036,6043.7,6.044,2402.46,31.882,47.49,cruise,0.0612,-0.1001,-0.0309,0
15:43:59.213,2309.0,78,1836.38,1771947837,0.057,-0.087,-0.033,83.56,72.25,2026-02-24 21:13:57+05:30,1.0,3315.0,3,0.0,0.0,28712.5,28.7125,23.54,0.109,31.49,-52.87,0.0066,6037.2,6.037,2404.13,31.905,47.46,cruise,0.0497,-0.0867,-0.029,0
15:44:00.213,2310.0,78,1817.72,1771947838,0.033,-0.06,-0.02,81.64,72.29,2026-02-24 21:13:58+05:30,1.0,3316.0,3,0.0,0.0,28734.17,28.7342,23.3,0.071,27.55,-57.25,0.0085,5901.8,5.902,2405.77,31.928,47.44,cruise,0.0398,-0.0626,-0.025,0
15:44:01.213,2311.0,78,1796.38,1771947839,0.033,-0.04,-0.017,81.64,72.29,2026-02-24 21:13:59+05:30,1.0,3317.0,3,0.0,0.0,28755.83,28.7558,23.03,0.055,37.21,-47.14,0.0108,5901.8,5.902,2407.41,31.95,47.41,cruise,0.0285,-0.0346,-0.0121,0
15:44:02.213,2312.0,78,1761.6,1771947840,0.0,-0.007,0.0,79.0,72.34,2026-02-24 21:14:00+05:30,1.0,3318.0,3,0.0,0.0,28777.5,28.7775,22.58,0.007,0.0,-90.0,0.0091,5714.9,5.715,2409.0,31.972,47.39,cruise,0.0038,-0.0133,-0.0019,0
15:44:03.213,2313.0,78,1710.76,1771947841,-0.023,-0.02,-0.003,79.0,72.34,2026-02-24 21:14:01+05:30,1.0,3319.0,3,0.0,0.0,28799.17,28.7992,21.93,0.031,-48.68,-40.77,0.0257,5714.9,5.715,2410.59,31.994,47.36,cruise,-0.0293,-0.0143,-0.0037,0
15:44:04.213,2314.0,78,1654.84,1771947842,-0.037,-0.027,0.043,79.0,72.33,2026-02-24 21:14:02+05:30,1.0,3320.0,3,0.0,0.0,28820.83,28.8208,21.22,0.063,-36.08,-25.45,0.0741,5714.1,5.714,2412.17,32.016,47.33,cruise,-0.0304,-0.0318,0.036,0
15:44:05.213,2315.0,78,1592.44,1771947843,0.01,-0.033,0.142,79.8,72.32,2026-02-24 21:14:03+05:30,1.0,3321.0,3,0.5,0.139,28842.5,28.8425,20.42,0.146,3.92,-13.05,0.127,5771.1,5.771,2413.78,32.038,47.31,cruise,0.0112,-0.0305,0.1652,0
15:44:06.213,2316.0,79,1518.68,1771947844,0.05,0.01,0.295,84.0,72.23,2026-02-24 21:14:04+05:30,1.0,3322.0,3,-1.5,-0.417,28864.44,28.8644,19.22,0.299,9.61,1.91,0.0946,6067.3,6.067,2415.46,32.062,47.28,decel,0.0386,0.0111,0.2656,0
15:44:07.213,2317.0,75,1443.76,1771947845,0.007,0.06,0.122,76.56,72.38,2026-02-24 21:14:05+05:30,1.0,3323.0,3,-4.5,-1.25,28885.28,28.8853,19.25,0.136,2.95,26.15,0.2206,5541.4,5.541,2417.0,32.083,47.26,decel,0.0229,0.0587,0.1456,0
15:44:08.213,2318.0,70,1354.16,1771947846,0.04,0.063,-0.143,74.2,72.42,2026-02-24 21:14:06+05:30,1.0,3324.0,3,-5.0,-1.389,28904.72,28.9047,19.35,0.161,14.36,22.99,0.2863,5373.6,5.374,2418.49,32.103,47.23,decel,0.0216,0.0596,-0.1666,0
15:44:09.213,2319.0,65,1263.04,1771947847,0.05,0.007,-0.45,70.0,72.5,2026-02-24 21:14:07+05:30,1.0,3325.0,3,-4.0,-1.111,28922.78,28.9228,19.43,0.453,6.34,0.89,0.1824,5075.0,5.075,2419.9,32.123,47.21,decel,0.0741,0.0155,-0.4237,0
15:44:10.213,2320.0,62,1188.92,1771947848,0.15,-0.01,-0.467,75.0,72.4,2026-02-24 21:14:08+05:30,1.0,3326.0,3,-3.5,-0.972,28940.0,28.94,19.18,0.491,17.8,-1.17,0.0141,5430.0,5.43,2421.41,32.144,47.18,decel,0.1232,-0.0218,-0.4831,0
15:44:11.213,2321.0,58,1126.1,1771947849,0.087,-0.027,-0.439,65.96,72.58,2026-02-24 21:14:09+05:30,1.0,3327.0,3,-2.5,-0.694,28956.11,28.9561,19.42,0.448,11.19,-3.45,0.0251,4787.4,4.787,2422.74,32.162,47.16,decel,0.1075,-0.0138,-0.4389,0
15:44:12.213,2322.0,57,1100.28,1771947850,0.067,0.033,-0.417,63.4,72.63,2026-02-24 21:14:10+05:30,1.0,3328.0,3,0.0,0.0,28971.94,28.9719,19.3,0.424,9.1,4.47,0.0181,4604.7,4.605,2424.02,32.18,47.14,cruise,0.0561,0.0229,-0.4111,0
15:44:13.213,2323.0,58,1127.7,1771947851,0.023,0.037,-0.403,63.15,72.63,2026-02-24 21:14:11+05:30,1.0,3329.0,3,2.5,0.694,28988.06,28.9881,19.44,0.405,3.25,5.24,0.0078,4586.6,4.587,2425.29,32.197,47.12,accel,0.0274,0.0411,-0.4059,0
15:44:14.213,2324.0,62,1192.78,1771947852,0.03,0.027,-0.404,68.16,72.53,2026-02-24 21:14:12+05:30,1.0,3330.0,3,3.0,0.833,29005.28,29.0053,19.24,0.406,4.24,3.81,0.0113,4943.6,4.944,2426.67,32.216,47.1,accel,0.0301,0.0269,-0.4048,0
15:44:15.213,2325.0,64,1237.98,1771947853,0.05,0.013,-0.423,70.81,72.48,2026-02-24 21:14:13+05:30,1.0,3331.0,3,2.0,0.556,29023.06,29.0231,19.34,0.426,6.74,1.75,0.0215,5132.3,5.132,2428.09,32.236,47.08,accel,0.0457,0.012,-0.4207,0
15:44:16.213,2326.0,66,1265.32,1771947854,0.06,0.017,-0.447,72.45,72.44,2026-02-24 21:14:14+05:30,1.0,3332.0,3,0.5,0.139,29041.39,29.0414,19.17,0.451,7.64,2.16,0.0188,5248.3,5.248,2429.55,32.256,47.05,cruise,0.0661,0.0176,-0.4497,0
15:44:17.213,2327.0,65,1264.0,1771947855,0.083,0.02,-0.46,72.64,72.44,2026-02-24 21:14:15+05:30,1.0,3333.0,3,-1.0,-0.278,29059.44,29.0594,19.45,0.468,10.22,2.45,0.0075,5262.0,5.262,2431.01,32.276,47.03,decel,0.0803,0.0229,-0.46,0
15:44:18.213,2328.0,64,1226.3,1771947856,0.077,0.01,-0.46,71.16,72.46,2026-02-24 21:14:16+05:30,1.0,3334.0,3,-3.0,-0.833,29077.22,29.0772,19.16,0.467,9.5,1.23,0.0,5156.3,5.156,2432.45,32.296,47.0,decel,0.0725,0.0003,-0.4518,0
15:44:19.213,2329.0,59,1132.88,1771947857,0.043,-0.057,-0.46,63.44,72.62,2026-02-24 21:14:17+05:30,1.0,3335.0,3,-5.0,-1.389,29093.61,29.0936,19.2,0.466,5.3,-7.03,0.0387,4607.0,4.607,2433.72,32.313,46.98,decel,0.0534,-0.0419,-0.4743,0
15:44:20.213,2330.0,54,1040.4,1771947858,0.06,-0.063,-0.527,59.8,72.69,2026-02-24 21:14:18+05:30,1.0,3336.0,3,-4.5,-1.25,29108.61,29.1086,19.27,0.534,6.45,-6.77,0.0409,4346.9,4.347,2434.93,32.33,46.96,decel,0.0472,-0.0782,-0.517,0
15:44:21.212,2331.0,50,957.82,1771947859,0.03,-0.107,-0.453,53.4,72.82,2026-02-24 21:14:19+05:30,1.0,3337.0,3,-4.0,-1.111,29122.5,29.1225,19.16,0.466,3.69,-13.26,0.1619,3888.6,3.889,2436.01,32.345,46.95,decel,0.0448,-0.096,-0.456,0
15:44:22.213,2332.0,46,898.14,1771947860,0.037,-0.077,-0.217,49.96,72.88,2026-02-24 21:14:20+05:30,1.0,3338.0,3,-2.5,-0.694,29135.28,29.1353,19.52,0.233,9.13,-19.28,0.2671,3641.1,3.641,2437.02,32.359,46.93,decel,0.02,-0.0842,-0.2157,0
15:44:23.213,2333.0,45,876.18,1771947861,-0.033,-0.05,0.08,46.36,72.95,2026-02-24 21:14:21+05:30,1.0,3339.0,3,0.5,0.139,29147.78,29.1478,19.47,0.1,-19.28,-30.02,0.2409,3382.0,3.382,2437.96,32.372,46.92,cruise,-0.0173,-0.0432,0.0834,0
15:44:24.213,2334.0,47,912.54,1771947862,-0.02,0.003,0.26,50.66,72.87,2026-02-24 21:14:22+05:30,1.0,3340.0,3,3.0,0.833,29160.83,29.1608,19.42,0.261,-4.4,0.66,0.094,3691.6,3.692,2438.99,32.386,46.9,accel,-0.0307,-0.0054,0.247,0
15:44:25.213,2335.0,51,982.76,1771947863,-0.022,-0.013,0.217,56.09,72.76,2026-02-24 21:14:23+05:30,1.0,3341.0,3,4.5,1.25,29175.0,29.175,19.27,0.218,-5.78,-3.41,0.0517,4081.1,4.081,2440.12,32.401,46.88,accel,-0.0162,-0.0031,0.2323,0
15:44:26.213,2336.0,56,1076.28,1771947864,-0.005,-0.017,0.157,61.56,72.65,2026-02-24 21:14:24+05:30,1.0,3342.0,3,4.5,1.25,29190.56,29.1906,19.22,0.158,-1.81,-6.18,0.0739,4472.3,4.472,2441.36,32.418,46.86,accel,-0.0066,-0.0288,0.1477,0
15:44:27.213,2337.0,60,1165.04,1771947865,-0.015,-0.057,0.07,65.13,72.57,2026-02-24 21:14:25+05:30,1.0,3343.0,3,4.0,1.111,29207.22,29.2072,19.42,0.092,-9.43,-38.53,0.0821,4726.5,4.726,2442.68,32.437,46.84,accel,-0.0178,-0.0444,0.0736,0
15:44:28.212,2338.0,64,1241.3,1771947866,-0.023,-0.02,-0.007,68.57,72.5,2026-02-24 21:14:26+05:30,1.0,3344.0,3,4.0,1.111,29225.0,29.225,19.4,0.031,-47.35,-39.76,0.0887,4971.3,4.971,2444.06,32.456,46.82,accel,-0.0189,-0.03,-0.0061,0
15:44:29.212,2339.0,68,1307.94,1771947867,0.017,-0.013,-0.107,72.98,72.41,2026-02-24 21:14:27+05:30,1.0,3345.0,3,3.0,0.833,29243.89,29.2439,19.23,0.109,8.96,-6.84,0.0931,5284.5,5.284,2445.53,32.476,46.79,accel,0.0159,-0.0071,-0.112,0
15:44:30.213,2340.0,70,1345.94,1771947868,0.05,-0.0,-0.193,76.13,72.35,2026-02-24 21:14:28+05:30,1.0,3346.0,3,1.0,0.278,29263.33,29.2633,19.23,0.199,14.52,-0.0,0.0432,5508.0,5.508,2447.06,32.497,46.77,accel,0.0496,-0.0026,-0.189,0
15:44:31.213,2341.0,70,1353.3,1771947869,0.03,-0.01,-0.157,73.57,72.4,2026-02-24 21:14:29+05:30,1.0,3347.0,3,0.0,0.0,29282.78,29.2828,19.33,0.16,10.8,-3.58,0.0913,5326.5,5.326,2448.54,32.517,46.74,cruise,0.0282,-0.0102,-0.1557,0
15:44:32.213,2342.0,70,1352.9,1771947870,-0.03,-0.003,-0.02,71.0,72.45,2026-02-24 21:14:30+05:30,1.0,3348.0,3,0.0,0.0,29302.22,29.3022,19.33,0.036,-56.02,-4.76,0.1271,5144.0,5.144,2449.97,32.537,46.72,cruise,-0.0281,-0.0017,-0.0231,0
15:44:33.213,2343.0,70,1351.1,1771947871,-0.05,0.027,0.097,71.0,72.44,2026-02-24 21:14:31+05:30,1.0,3349.0,3,0.0,0.0,29321.67,29.3217,19.3,0.112,-26.41,13.9,0.0788,5143.2,5.143,2451.39,32.557,46.7,cruise,-0.049,0.0279,0.0991,0
15:44:34.213,2344.0,70,1348.78,1771947872,-0.01,0.047,0.13,71.34,72.43,2026-02-24 21:14:32+05:30,1.0,3350.0,3,0.5,0.139,29341.11,29.3411,19.27,0.139,-4.14,19.82,0.0335,5167.2,5.167,2452.83,32.577,46.67,cruise,-0.0118,0.0436,0.1263,0
15:44:35.213,2345.0,71,1364.82,1771947873,0.043,0.017,0.063,76.89,72.32,2026-02-24 21:14:33+05:30,1.0,3351.0,3,1.5,0.417,29360.83,29.3608,19.22,0.078,33.38,12.56,0.0685,5560.7,5.561,2454.37,32.598,46.65,accel,0.0428,0.0197,0.0692,0
15:44:36.213,2346.0,73,1406.72,1771947874,0.073,-0.02,-0.007,81.99,72.22,2026-02-24 21:14:34+05:30,1.0,3352.0,3,2.0,0.556,29381.11,29.3811,19.27,0.076,73.81,-15.25,0.073,5921.3,5.921,2456.02,32.621,46.62,accel,0.0744,-0.0208,-0.0141,0
15:44:37.213,2347.0,75,1450.66,1771947875,0.07,-0.04,-0.083,83.63,72.18,2026-02-24 21:14:35+05:30,1.0,3353.0,3,2.0,0.556,29401.94,29.4019,19.34,0.116,37.23,-20.22,0.047,6036.4,6.036,2457.7,32.644,46.6,accel,0.0695,-0.0393,-0.0768,0
15:44:38.213,2348.0,77,1488.0,1771947876,0.037,-0.023,-0.093,82.7,72.2,2026-02-24 21:14:36+05:30,1.0,3354.0,3,2.0,0.556,29423.33,29.4233,19.32,0.103,21.12,-12.94,0.0058,5970.9,5.971,2459.35,32.667,46.57,accel,0.0357,-0.0255,-0.0975,0
15:44:39.213,2349.0,79,1520.34,1771947877,0.003,-0.007,-0.083,81.83,72.21,2026-02-24 21:14:37+05:30,1.0,3355.0,3,1.0,0.278,29445.28,29.4453,19.24,0.083,2.06,-4.82,0.0225,5908.9,5.909,2461.0,32.69,46.54,accel,0.0028,-0.0005,-0.0805,0
15:44:40.213,2350.0,79,1551.58,1771947878,-0.017,0.017,-0.05,81.48,72.22,2026-02-24 21:14:38+05:30,1.0,3356.0,3,0.0,0.0,29467.22,29.4672,19.64,0.055,-17.84,17.84,0.0315,5884.5,5.884,2462.63,32.712,46.51,cruise,-0.0101,0.0058,-0.0497,0
15:44:41.213,2351.0,79,1579.48,1771947879,-0.01,-0.027,-0.02,81.3,72.22,2026-02-24 21:14:39+05:30,1.0,3357.0,3,0.0,0.0,29489.17,29.4892,19.99,0.035,-16.57,-50.37,0.0197,5871.5,5.871,2464.26,32.735,46.49,cruise,-0.0229,-0.013,-0.0244,0
15:44:42.213,2352.0,79,1603.58,1771947880,-0.047,-0.02,-0.013,81.18,72.22,2026-02-24 21:14:40+05:30,1.0,3358.0,3,0.0,0.0,29511.11,29.5111,20.3,0.053,-63.09,-22.3,0.0197,5862.8,5.863,2465.89,32.758,46.46,cruise,-0.0365,-0.0342,-0.0051,0
15:44:43.213,2353.0,79,1626.58,1771947881,-0.007,-0.05,0.017,81.11,72.22,2026-02-24 21:14:41+05:30,1.0,3359.0,3,0.0,0.0,29533.06,29.5331,20.59,0.053,-7.55,-69.81,0.0153,5857.8,5.858,2467.52,32.78,46.44,cruise,-0.01,-0.0374,0.0083,0
15:44:44.213,2354.0,79,1648.02,1771947882,0.05,-0.02,-0.003,84.99,72.14,2026-02-24 21:14:42+05:30,1.0,3360.0,3,0.0,0.0,29555.0,29.555,20.86,0.054,67.98,-21.77,0.0132,6131.2,6.131,2469.22,32.804,46.41,cruise,0.0494,-0.0283,0.0049,0
15:44:45.214,2355.0,79,1666.24,1771947883,0.07,-0.027,-0.008,85.97,72.12,2026-02-24 21:14:43+05:30,1.0,3361.0,3,0.0,0.0,29576.94,29.5769,21.09,0.075,68.09,-20.97,0.0229,6200.2,6.2,2470.94,32.828,46.38,cruise,0.0703,-0.0245,-0.0156,0
15:44:46.213,2356.0,79,1662.82,1771947884,0.03,-0.023,-0.045,82.4,72.19,2026-02-24 21:14:44+05:30,1.0,3362.0,3,0.0,0.0,29598.89,29.5989,21.05,0.059,30.69,-23.04,0.0214,5948.5,5.948,2472.59,32.85,46.35,cruise,0.0284,-0.0222,-0.0373,0
15:44:47.213,2357.0,79,1637.18,1771947885,-0.013,-0.007,-0.045,80.0,72.23,2026-02-24 21:14:45+05:30,1.0,3363.0,3,0.0,0.0,29620.83,29.6208,20.72,0.047,-15.93,-8.5,0.0012,5778.4,5.778,2474.2,32.873,46.33,cruise,-0.0118,-0.0073,-0.0502,0
15:44:48.213,2358.0,79,1593.36,1771947886,-0.007,0.01,-0.043,80.0,72.23,2026-02-24 21:14:46+05:30,1.0,3364.0,3,0.0,0.0,29642.78,29.6428,20.17,0.045,-9.01,12.93,0.0214,5778.4,5.778,2475.8,32.895,46.3,cruise,-0.0013,0.0091,-0.0448,0
15:44:49.213,2359.0,79,1524.78,1771947887,0.04,0.007,-0.007,83.2,72.17,2026-02-24 21:14:47+05:30,1.0,3365.0,3,-2.5,-0.694,29664.72,29.6647,19.3,0.041,76.1,9.78,0.1043,6004.5,6.005,2477.47,32.918,46.27,decel,0.027,0.0075,0.0051,0
15:44:50.214,2360.0,74,1431.06,1771947888,0.023,-0.003,0.153,76.84,72.29,2026-02-24 21:14:48+05:30,1.0,3366.0,3,-5.0,-1.389,29685.28,29.6853,19.34,0.155,8.55,-1.11,0.1358,5554.8,5.555,2479.02,32.939,46.25,decel,0.0345,-0.0036,0.1278,0
15:44:51.213,2361.0,69,1335.68,1771947889,0.027,-0.007,0.263,72.16,72.38,2026-02-24 21:14:49+05:30,1.0,3367.0,3,-5.0,-1.389,29704.44,29.7044,19.36,0.264,5.86,-1.52,0.1485,5222.9,5.223,2480.47,32.959,46.22,decel,0.0258,-0.0046,0.301,0
15:44:52.213,2362.0,64,1242.06,1771947890,0.017,0.01,0.447,66.36,72.5,2026-02-24 21:14:50+05:30,1.0,3368.0,3,-5.0,-1.389,29722.22,29.7222,19.41,0.447,2.18,1.28,0.1071,4811.1,4.811,2481.8,32.978,46.2,decel,0.0062,0.0066,0.4049,0
15:44:53.213,2363.0,59,1141.1,1771947891,-0.037,0.03,0.26,60.0,72.62,2026-02-24 21:14:51+05:30,1.0,3369.0,3,-5.0,-1.389,29738.61,29.7386,19.34,0.264,-8.05,6.52,0.2156,4357.2,4.357,2483.01,32.994,46.18,decel,-0.0192,0.0309,0.2973,0
15:44:54.213,2364.0,54,1044.84,1771947892,-0.007,0.07,0.017,55.0,72.72,2026-02-24 21:14:52+05:30,1.0,3370.0,3,-4.0,-1.111,29753.61,29.7536,19.35,0.072,-5.55,75.28,0.3215,3999.6,4.0,2484.12,33.01,46.17,decel,-0.0255,0.0733,-0.0158,0
15:44:55.214,2365.0,51,977.62,1771947893,-0.01,0.11,-0.377,52.0,72.78,2026-02-24 21:14:53+05:30,1.0,3371.0,3,-3.0,-0.833,29767.78,29.7678,19.17,0.393,-1.46,16.26,0.2729,3784.6,3.785,2485.18,33.024,46.15,decel,0.0039,0.1059,-0.3504,0
15:44:56.213,2366.0,48,936.6,1771947894,0.057,0.08,-0.507,53.56,72.75,2026-02-24 21:14:54+05:30,1.0,3372.0,3,-1.5,-0.417,29781.11,29.7811,19.51,0.516,6.34,8.91,0.0768,3896.5,3.896,2486.26,33.039,46.13,decel,0.0515,0.0815,-0.5222,0
15:44:57.213,2367.0,48,924.6,1771947895,0.08,0.01,-0.513,55.77,72.7,2026-02-24 21:14:55+05:30,1.0,3373.0,3,0.5,0.139,29794.44,29.7944,19.26,0.519,8.86,1.1,0.0734,4054.5,4.054,2487.38,33.055,46.11,cruise,0.0769,0.009,-0.5056,0
15:44:58.213,2368.0,49,951.54,1771947896,0.053,-0.05,-0.383,56.4,72.69,2026-02-24 21:14:56+05:30,1.0,3374.0,3,2.0,0.556,29808.06,29.8081,19.42,0.39,7.81,-7.37,0.125,4099.7,4.1,2488.52,33.07,46.09,accel,0.0607,-0.048,-0.3901,0
15:44:59.213,2369.0,52,1011.02,1771947897,0.037,-0.057,-0.263,59.14,72.63,2026-02-24 21:14:57+05:30,1.0,3375.0,3,3.5,0.972,29822.5,29.8225,19.44,0.272,7.83,-12.11,0.125,4295.3,4.295,2489.72,33.087,46.07,accel,0.0281,-0.0563,-0.2545,0
15:45:00.214,2370.0,56,1078.84,1771947898,0.003,-0.033,-0.133,60.77,72.6,2026-02-24 21:14:58+05:30,1.0,3376.0,3,4.0,1.111,29838.06,29.8381,19.26,0.137,1.25,-13.93,0.0997,4411.9,4.412,2490.94,33.104,46.05,accel,0.0122,-0.0399,-0.1397,0
15:45:01.213,2371.0,60,1152.38,1771947899,0.027,-0.037,-0.067,66.84,72.47,2026-02-24 21:14:59+05:30,1.0,3377.0,3,4.0,1.111,29854.72,29.8547,19.21,0.081,19.43,-27.12,0.0491,4843.9,4.844,2492.29,33.122,46.03,accel,0.0183,-0.0245,-0.0663,0
15:45:02.213,2372.0,64,1226.04,1771947900,0.02,0.003,-0.037,70.12,72.41,2026-02-24 21:15:00+05:30,1.0,3378.0,3,3.5,0.972,29872.5,29.8725,19.16,0.042,28.31,4.08,0.0238,5077.4,5.077,2493.7,33.142,46.01,accel,0.0275,-0.0123,-0.0311,0
15:45:03.213,2373.0,67,1293.24,1771947901,0.02,-0.013,-0.02,72.81,72.35,2026-02-24 21:15:01+05:30,1.0,3379.0,3,3.0,0.833,29891.11,29.8911,19.3,0.031,39.98,-24.68,0.0137,5267.8,5.268,2495.16,33.162,45.99,accel,0.0147,0.0014,-0.0273,0
15:45:04.213,2374.0,70,1354.32,1771947902,-0.027,0.017,-0.047,73.91,72.33,2026-02-24 21:15:02+05:30,1.0,3380.0,3,3.0,0.833,29910.56,29.9106,19.35,0.057,-28.38,17.41,0.0265,5345.9,5.346,2496.65,33.182,45.96,accel,-0.025,0.0071,-0.0458,0
15:45:05.214,2375.0,73,1409.48,1771947903,-0.06,-0.023,-0.073,76.48,72.27,2026-02-24 21:15:03+05:30,1.0,3381.0,3,2.5,0.694,29930.83,29.9308,19.31,0.097,-38.09,-13.68,0.0142,5527.2,5.527,2498.18,33.204,45.94,accel,-0.06,-0.0171,-0.0644,0
15:45:06.214,2376.0,75,1453.58,1771947904,-0.053,-0.053,-0.07,77.3,72.25,2026-02-24 21:15:04+05:30,1.0,3382.0,3,1.5,0.417,29951.67,29.9517,19.38,0.103,-31.12,-31.12,0.0552,5584.9,5.585,2499.73,33.225,45.91,accel,-0.0537,-0.06,-0.0855,0
15:45:07.213,2377.0,76,1461.5,1771947905,-0.023,-0.077,-0.167,77.0,72.26,2026-02-24 21:15:05+05:30,1.0,3383.0,3,0.0,0.0,29972.78,29.9728,19.23,0.185,-7.13,-24.55,0.0901,5564.0,5.564,2501.28,33.246,45.89,cruise,-0.019,-0.0671,-0.1486,0
15:45:08.213,2378.0,75,1437.74,1771947906,0.01,-0.017,-0.25,76.8,72.26,2026-02-24 21:15:06+05:30,1.0,3384.0,3,-2.0,-0.556,29993.61,29.9936,19.17,0.251,2.29,-3.89,0.1181,5549.6,5.55,2502.82,33.268,45.86,decel,0.0015,-0.0254,-0.2683,0
15:45:09.213,2379.0,72,1381.46,1771947907,0.007,-0.003,-0.4,73.56,72.32,2026-02-24 21:15:07+05:30,1.0,3385.0,3,-3.5,-0.972,30013.61,30.0136,19.19,0.4,1.0,-0.43,0.0919,5319.9,5.32,2504.3,33.288,45.84,decel,0.013,0.003,-0.3872,0
15:45:10.213,2380.0,68,1308.16,1771947908,0.043,-0.01,-0.417,72.44,72.34,2026-02-24 21:15:08+05:30,1.0,3386.0,3,-4.0,-1.111,30032.5,30.0325,19.24,0.419,5.89,-1.37,0.0309,5240.3,5.24,2505.75,33.308,45.81,decel,0.0475,-0.019,-0.4214,0
15:45:11.214,2381.0,64,1242.18,1771947909,0.09,-0.057,-0.357,72.2,72.35,2026-02-24 21:15:09+05:30,1.0,3387.0,3,-2.5,-0.694,30050.28,30.0503,19.41,0.373,13.98,-8.8,0.0776,5223.7,5.224,2507.2,33.328,45.79,decel,0.0771,-0.0444,-0.3571,0
15:45:12.213,2382.0,63,1207.0,1771947910,0.047,-0.02,-0.263,67.76,72.43,2026-02-24 21:15:10+05:30,1.0,3388.0,3,-0.5,-0.139,30067.78,30.0678,19.16,0.268,10.1,-4.28,0.0852,4907.9,4.908,2508.57,33.347,45.77,cruise,0.06,-0.0298,-0.2619,0
15:45:13.213,2383.0,63,1207.32,1771947911,0.043,-0.0,-0.187,68.5,72.42,2026-02-24 21:15:11+05:30,1.0,3389.0,3,1.0,0.278,30085.28,30.0853,19.16,0.192,12.95,-0.0,0.0576,4960.8,4.961,2509.94,33.366,45.75,accel,0.032,0.0036,-0.1908,0
15:45:14.213,2384.0,65,1249.48,1771947912,0.035,0.03,-0.15,71.48,72.36,2026-02-24 21:15:12+05:30,1.0,3390.0,3,2.5,0.694,30103.33,30.1033,19.22,0.157,12.89,11.02,0.0474,5172.3,5.172,2511.38,33.386,45.72,accel,0.0471,0.0289,-0.142,0
15:45:15.213,2385.0,68,1314.54,1771947913,0.095,0.037,-0.093,79.7,72.19,2026-02-24 21:15:13+05:30,1.0,3391.0,3,3.0,0.833,30122.22,30.1222,19.33,0.138,43.51,15.55,0.0289,5753.5,5.754,2512.98,33.408,45.7,accel,0.0837,0.0408,-0.1046,0
15:45:16.213,2386.0,71,1373.46,1771947914,0.088,0.03,-0.113,81.54,72.15,2026-02-24 21:15:14+05:30,1.0,3392.0,3,2.5,0.694,30141.94,30.1419,19.34,0.146,36.97,11.83,0.0185,5883.1,5.883,2514.61,33.431,45.67,accel,0.0935,0.0235,-0.0975,0
15:45:17.214,2387.0,73,1414.34,1771947915,0.083,-0.027,-0.13,82.01,72.14,2026-02-24 21:15:15+05:30,1.0,3393.0,3,1.5,0.417,30162.22,30.1622,19.37,0.157,32.01,-9.93,0.0902,5916.2,5.916,2516.26,33.454,45.64,accel,0.0829,-0.0231,-0.1493,0
15:45:18.213,2388.0,74,1428.44,1771947916,0.082,-0.057,-0.277,81.56,72.15,2026-02-24 21:15:16+05:30,1.0,3394.0,3,0.0,0.0,30182.78,30.1828,19.3,0.294,16.17,-11.16,0.1134,5884.6,5.885,2517.89,33.476,45.62,cruise,0.0816,-0.0555,-0.2562,0
15:45:19.213,2389.0,73,1402.0,1771947917,0.085,-0.037,-0.353,80.8,72.16,2026-02-24 21:15:17+05:30,1.0,3395.0,3,-2.5,-0.694,30203.06,30.2031,19.21,0.365,13.47,-5.82,0.0935,5830.5,5.831,2519.51,33.499,45.59,decel,0.0835,-0.0425,-0.3727,0
15:45:20.213,2390.0,69,1324.1,1771947918,0.065,-0.017,-0.463,75.2,72.27,2026-02-24 21:15:18+05:30,1.0,3396.0,3,-5.0,-1.389,30222.22,30.2222,19.19,0.468,7.99,-2.08,0.0689,5434.7,5.435,2521.02,33.52,45.57,decel,0.0677,-0.008,-0.4483,0
15:45:21.213,2391.0,63,1209.42,1771947919,0.04,0.023,-0.48,67.2,72.43,2026-02-24 21:15:19+05:30,1.0,3397.0,3,-6.5,-1.806,30239.72,30.2397,19.2,0.482,4.76,2.73,0.017,4867.3,4.867,2522.37,33.538,45.54,decel,0.037,0.0093,-0.4827,0
15:45:22.214,2392.0,56,1089.44,1771947920,0.007,-0.017,-0.497,57.56,72.62,2026-02-24 21:15:20+05:30,1.0,3398.0,3,-6.0,-1.667,30255.28,30.2553,19.45,0.497,0.81,-1.96,0.0119,4180.0,4.18,2523.53,33.554,45.52,decel,0.0098,0.0004,-0.508,0
15:45:23.213,2393.0,51,988.98,1771947921,0.0,-0.003,-0.503,52.0,72.73,2026-02-24 21:15:21+05:30,1.0,3399.0,3,-4.5,-1.25,30269.44,30.2694,19.39,0.503,0.0,-0.34,0.0999,3782.0,3.782,2524.59,33.569,45.51,decel,-0.0019,-0.0207,-0.4879,0
15:45:24.213,2394.0,47,911.56,1771947922,0.0,-0.05,-0.327,48.0,72.81,2026-02-24 21:15:22+05:30,1.0,3400.0,3,-2.5,-0.694,30282.5,30.2825,19.39,0.331,0.0,-8.69,0.1902,3494.9,3.495,2525.56,33.582,45.49,decel,0.0008,-0.0357,-0.3395,0
15:45:25.213,2395.0,46,881.56,1771947923,0.013,-0.02,-0.123,48.04,72.8,2026-02-24 21:15:23+05:30,1.0,3401.0,3,0.0,0.0,30295.28,30.2953,19.16,0.125,5.96,-9.19,0.21,3497.3,3.497,2526.53,33.595,45.48,cruise,0.0124,-0.0288,-0.1051,0
15:45:26.213,2396.0,47,908.36,1771947924,0.027,-0.007,0.093,52.38,72.72,2026-02-24 21:15:24+05:30,1.0,3402.0,3,2.0,0.556,30308.33,30.3083,19.33,0.097,16.15,-4.13,0.1289,3809.1,3.809,2527.59,33.61,45.46,accel,0.0281,-0.0027,0.064,0
15:45:27.214,2397.0,50,970.52,1771947925,0.037,0.027,0.107,57.3,72.62,2026-02-24 21:15:25+05:30,1.0,3403.0,3,3.5,0.972,30322.22,30.3222,19.41,0.116,18.54,13.41,0.0656,4161.1,4.161,2528.74,33.626,45.44,accel,0.0358,0.025,0.1342,0
15:45:28.214,2398.0,54,1042.14,1771947926,0.023,0.043,0.213,60.77,72.55,2026-02-24 21:15:26+05:30,1.0,3404.0,3,4.0,1.111,30337.22,30.3372,19.3,0.219,6.04,11.35,0.0905,4408.9,4.409,2529.97,33.643,45.42,accel,0.0242,0.0435,0.2017,0
15:45:29.213,2399.0,58,1127.82,1771947927,0.003,0.05,0.287,63.33,72.49,2026-02-24 21:15:27+05:30,1.0,3405.0,3,4.0,1.111,30353.33,30.3533,19.45,0.291,0.59,9.88,0.0507,4590.8,4.591,2531.24,33.66,45.4,accel,-0.0002,0.0509,0.2849,0
15:45:30.213,2400.0,62,1205.84,1771947928,-0.03,0.047,0.31,66.39,72.43,2026-02-24 21:15:28+05:30,1.0,3406.0,3,3.5,0.972,30370.56,30.3706,19.45,0.315,-5.47,8.58,0.0201,4808.6,4.809,2532.58,33.679,45.38,accel,-0.0219,0.0452,0.3175,0
15:45:31.213,2401.0,65,1263.5,1771947929,-0.023,0.03,0.327,67.73,72.4,2026-02-24 21:15:29+05:30,1.0,3407.0,3,2.0,0.556,30388.61,30.3886,19.44,0.329,-4.01,5.23,0.0098,4903.7,4.904,2533.94,33.698,45.36,accel,-0.0359,0.031,0.3128,0
15:45:32.213,2402.0,66,1275.14,1771947930,-0.047,0.017,0.327,67.0,72.41,2026-02-24 21:15:30+05:30,1.0,3408.0,3,-0.5,-0.139,30406.94,30.4069,19.32,0.331,-8.17,2.95,0.0826,4851.5,4.851,2535.29,33.716,45.33,cruise,-0.0326,0.0175,0.3514,0
15:45:33.214,2403.0,64,1233.04,1771947931,0.017,-0.0,0.47,66.36,72.43,2026-02-24 21:15:31+05:30,1.0,3409.0,3,-2.5,-0.694,30424.72,30.4247,19.27,0.47,2.07,-0.0,0.0806,4806.5,4.806,2536.62,33.735,45.31,decel,0.0038,0.0002,0.4397,0
15:45:34.214,2404.0,61,1174.78,1771947932,0.043,-0.023,0.463,65.44,72.44,2026-02-24 21:15:32+05:30,1.0,3410.0,3,-3.0,-0.833,30441.67,30.4417,19.26,0.466,5.3,-2.83,0.0035,4740.5,4.74,2537.94,33.753,45.29,decel,0.0562,-0.0259,0.4934,0
15:45:35.213,2405.0,58,1119.2,1771947933,0.09,-0.04,0.467,66.2,72.43,2026-02-24 21:15:33+05:30,1.0,3411.0,3,-2.5,-0.694,30457.78,30.4578,19.3,0.477,10.87,-4.81,0.1143,4794.9,4.795,2539.27,33.771,45.27,decel,0.0763,-0.0376,0.4399,0
15:45:36.213,2406.0,56,1076.72,1771947934,0.037,-0.027,0.267,59.96,72.55,2026-02-24 21:15:34+05:30,1.0,3412.0,3,-1.0,-0.278,30473.33,30.4733,19.23,0.271,7.85,-5.72,0.1649,4350.1,4.35,2540.48,33.788,45.25,decel,0.0484,-0.022,0.2883,0
15:45:37.213,2407.0,56,1082.92,1771947935,0.02,-0.0,0.14,60.32,72.54,2026-02-24 21:15:35+05:30,1.0,3413.0,3,1.5,0.417,30488.89,30.4889,19.34,0.141,8.13,-0.0,0.127,4375.6,4.376,2541.69,33.805,45.23,accel,0.0114,-0.0139,0.1232,0
15:45:38.214,2408.0,59,1145.54,1771947936,-0.01,-0.053,0.013,63.58,72.47,2026-02-24 21:15:36+05:30,1.0,3414.0,3,4.0,1.111,30505.28,30.5053,19.42,0.055,-10.38,-72.8,0.0742,4607.6,4.608,2542.97,33.822,45.21,accel,-0.0016,-0.0364,0.0279,0
15:45:39.214,2409.0,64,1226.12,1771947937,0.003,-0.047,0.01,69.51,72.35,2026-02-24 21:15:37+05:30,1.0,3415.0,3,4.5,1.25,30523.06,30.5231,19.16,0.048,3.57,-77.48,0.0182,5029.0,5.029,2544.37,33.842,45.19,accel,-0.0053,-0.0603,0.0001,0
15:45:40.213,2410.0,68,1316.46,1771947938,-0.023,-0.067,-0.02,73.45,72.27,2026-02-24 21:15:38+05:30,1.0,3416.0,3,4.5,1.25,30541.94,30.5419,19.36,0.074,-18.21,-65.54,0.0285,5308.2,5.308,2545.85,33.862,45.16,accel,-0.0178,-0.0591,-0.0187,0
15:45:41.213,2411.0,73,1404.02,1771947939,-0.02,-0.043,-0.047,78.13,72.18,2026-02-24 21:15:39+05:30,1.0,3417.0,3,4.5,1.25,30562.22,30.5622,19.23,0.067,-17.43,-40.09,0.0137,5639.4,5.639,2547.41,33.884,45.14,accel,-0.0216,-0.0443,-0.0431,0
15:45:42.213,2412.0,77,1481.78,1771947940,0.0,-0.027,-0.037,81.66,72.1,2026-02-24 21:15:40+05:30,1.0,3418.0,3,3.5,0.972,30583.61,30.5836,19.24,0.046,0.0,-36.12,0.0175,5887.7,5.888,2549.05,33.906,45.11,accel,0.0007,-0.033,-0.0409,0
15:45:43.213,2413.0,80,1550.52,1771947941,0.03,-0.03,-0.013,86.66,72.0,2026-02-24 21:15:41+05:30,1.0,3419.0,3,1.5,0.417,30605.83,30.6058,19.38,0.044,42.54,-42.54,0.0235,6239.5,6.24,2550.78,33.93,45.08,accel,0.029,-0.0192,-0.0102,0
15:45:44.214,2414.0,80,1612.16,1771947942,0.03,0.017,0.01,86.27,72.01,2026-02-24 21:15:42+05:30,1.0,3420.0,3,0.0,0.0,30628.06,30.6281,20.15,0.036,56.68,28.26,0.0115,6212.3,6.212,2552.51,33.954,45.05,cruise,0.0313,0.0057,0.0088,0
15:45:45.214,2415.0,80,1665.44,1771947943,0.01,0.013,-0.003,84.3,72.04,2026-02-24 21:15:43+05:30,1.0,3421.0,3,0.0,0.0,30650.28,30.6503,20.82,0.017,36.85,51.23,0.0204,6073.0,6.073,2554.19,33.978,45.03,cruise,0.0076,0.0234,-0.005,0
15:45:46.213,2416.0,80,1712.36,1771947944,-0.01,0.023,-0.03,83.16,72.06,2026-02-24 21:15:44+05:30,1.0,3422.0,3,0.0,0.0,30672.5,30.6725,21.4,0.039,-14.82,36.03,0.0135,5992.5,5.993,2555.86,34.001,45.0,cruise,-0.0071,0.0123,-0.0255,0
15:45:47.213,2417.0,80,1752.02,1771947945,0.017,-0.03,-0.017,84.1,72.04,2026-02-24 21:15:45+05:30,1.0,3423.0,3,-0.5,-0.139,30694.72,30.6947,21.9,0.038,26.24,-51.29,0.0135,6058.6,6.059,2557.54,34.024,44.97,cruise,0.0155,-0.0183,-0.0211,0
15:45:48.213,2418.0,79,1781.9,1771947946,0.057,-0.027,-0.003,85.85,72.01,2026-02-24 21:15:46+05:30,1.0,3424.0,3,-0.5,-0.139,30716.67,30.7167,22.56,0.063,64.52,-25.32,0.015,6182.1,6.182,2559.26,34.048,44.94,cruise,0.0578,-0.0397,0.0002,0
15:45:49.213,2419.0,79,1803.68,1771947947,0.077,-0.05,0.013,87.07,71.98,2026-02-24 21:15:47+05:30,1.0,3425.0,3,0.0,0.0,30738.61,30.7386,22.83,0.093,56.14,-32.63,0.0118,6267.3,6.267,2561.0,34.072,44.91,cruise,0.0758,-0.0365,0.0093,0
15:45:50.213,2420.0,79,1818.28,1771947948,0.05,-0.01,-0.01,84.54,72.03,2026-02-24 21:15:48+05:30,1.0,3426.0,3,0.0,0.0,30760.56,30.7606,23.02,0.052,74.21,-11.1,0.0215,6089.4,6.089,2562.69,34.096,44.89,cruise,0.0508,-0.0222,-0.0057,0
15:45:51.213,2421.0,79,1825.48,1771947949,0.007,-0.03,-0.03,80.67,72.1,2026-02-24 21:15:49+05:30,1.0,3427.0,3,0.0,0.0,30782.5,30.7825,23.11,0.043,9.37,-44.24,0.0215,5816.3,5.816,2564.31,34.118,44.86,cruise,0.0069,-0.022,-0.034,0
15:45:52.213,2422.0,79,1822.56,1771947950,-0.02,-0.043,-0.053,80.0,72.11,2026-02-24 21:15:50+05:30,1.0,3428.0,3,0.0,0.0,30804.44,30.8044,23.07,0.071,-16.33,-37.2,0.0115,5768.8,5.769,2565.91,34.14,44.83,cruise,-0.0207,-0.0453,-0.0513,0
15:45:53.213,2423.0,79,1808.3,1771947951,-0.027,-0.073,-0.04,80.0,72.11,2026-02-24 21:15:51+05:30,1.0,3429.0,3,0.0,0.0,30826.39,30.8264,22.89,0.088,-17.97,-56.53,0.0221,5768.8,5.769,2567.51,34.163,44.81,cruise,-0.0232,-0.076,-0.0386,0
15:45:54.214,2424.0,79,1787.3,1771947952,-0.003,-0.083,-0.01,80.0,72.11,2026-02-24 21:15:52+05:30,1.0,3430.0,3,0.0,0.0,30848.33,30.8483,22.62,0.084,-2.06,-82.83,0.0208,5768.8,5.769,2569.11,34.185,44.78,cruise,-0.0116,-0.0782,-0.0113,0
15:45:55.214,2425.0,79,1753.5,1771947953,0.003,-0.033,0.0,80.24,72.1,2026-02-24 21:15:53+05:30,1.0,3431.0,3,0.0,0.0,30870.28,30.8703,22.2,0.033,5.19,-84.81,0.0051,5785.3,5.785,2570.72,34.207,44.76,cruise,0.0135,-0.0357,-0.0023,0
15:45:56.213,2426.0,79,1701.66,1771947954,0.05,0.005,-0.003,84.0,72.03,2026-02-24 21:15:54+05:30,1.0,3432.0,3,0.0,0.0,30892.22,30.8922,21.54,0.05,83.35,5.7,0.0604,6050.5,6.051,2572.4,34.231,44.73,cruise,0.0438,0.0078,0.0042,0
15:45:57.213,2427.0,79,1640.92,1771947955,0.043,0.005,0.103,83.44,72.03,2026-02-24 21:15:55+05:30,1.0,3433.0,3,0.0,0.0,30914.17,30.9142,20.77,0.112,22.64,2.56,0.1065,6010.2,6.01,2574.07,34.254,44.7,cruise,0.0422,-0.0027,0.0845,0
15:45:58.213,2428.0,79,1579.52,1771947956,-0.013,-0.062,0.21,80.0,72.1,2026-02-24 21:15:56+05:30,1.0,3434.0,3,-0.5,-0.139,30936.11,30.9361,19.99,0.219,-3.4,-16.42,0.1344,5768.0,5.768,2575.67,34.276,44.68,cruise,-0.0071,-0.0498,0.2468,0
15:45:59.214,2429.0,78,1504.42,1771947957,-0.047,-0.053,0.37,79.0,72.12,2026-02-24 21:15:57+05:30,1.0,3435.0,3,-2.5,-0.694,30957.78,30.9578,19.29,0.377,-7.17,-8.09,0.1222,5697.5,5.697,2577.26,34.298,44.65,decel,-0.0573,-0.0669,0.3255,0
15:46:00.214,2430.0,74,1417.94,1771947958,-0.067,-0.042,0.13,75.0,72.2,2026-02-24 21:15:58+05:30,1.0,3436.0,3,-4.5,-1.25,30978.33,30.9783,19.16,0.152,-26.12,-16.02,0.2385,5415.0,5.415,2578.76,34.319,44.63,decel,-0.0532,-0.0278,0.1633,0
15:46:01.213,2431.0,69,1330.0,1771947959,0.003,0.035,-0.107,70.24,72.29,2026-02-24 21:15:59+05:30,1.0,3437.0,3,-5.0,-1.389,30997.5,30.9975,19.28,0.113,1.53,18.11,0.2154,5077.6,5.078,2580.17,34.338,44.6,decel,-0.0085,0.0237,-0.1285,0
15:46:02.213,2432.0,64,1231.84,1771947960,0.01,0.028,-0.3,65.8,72.38,2026-02-24 21:16:00+05:30,1.0,3438.0,3,-4.5,-1.25,31015.28,31.0153,19.25,0.301,1.9,5.33,0.0977,4762.6,4.763,2581.49,34.356,44.58,decel,0.0139,0.0337,-0.2855,0
15:46:03.213,2433.0,60,1163.34,1771947961,-0.01,0.015,-0.23,61.0,72.47,2026-02-24 21:16:01+05:30,1.0,3439.0,3,-2.5,-0.694,31031.94,31.0319,19.39,0.231,-2.48,3.73,0.0945,4420.7,4.421,2582.72,34.373,44.56,decel,-0.0074,0.0113,-0.2302,0
15:46:04.214,2434.0,59,1135.96,1771947962,-0.03,-0.005,-0.113,60.0,72.49,2026-02-24 21:16:02+05:30,1.0,3440.0,3,0.0,0.0,31048.33,31.0483,19.25,0.117,-14.85,-2.45,0.0598,4349.4,4.349,2583.93,34.39,44.54,cruise,-0.0365,0.0022,-0.1286,0
15:46:05.214,2435.0,60,1153.86,1771947963,-0.05,0.018,-0.15,62.83,72.43,2026-02-24 21:16:03+05:30,1.0,3441.0,3,2.0,0.556,31065.0,31.065,19.23,0.159,-18.31,6.49,0.0506,4550.8,4.551,2585.19,34.408,44.52,accel,-0.04,0.0073,-0.1315,0
15:46:06.214,2436.0,63,1209.36,1771947964,0.003,-0.02,-0.213,67.55,72.34,2026-02-24 21:16:04+05:30,1.0,3442.0,3,3.5,0.972,31082.5,31.0825,19.2,0.214,0.8,-5.36,0.0968,4886.6,4.887,2586.55,34.426,44.5,accel,-0.0105,-0.0083,-0.2249,0
15:46:07.213,2437.0,67,1286.26,1771947965,0.033,-0.033,-0.34,73.48,72.22,2026-02-24 21:16:05+05:30,1.0,3443.0,3,3.0,0.833,31101.11,31.1011,19.2,0.343,5.52,-5.52,0.1044,5306.7,5.307,2588.02,34.447,44.47,accel,0.048,-0.0454,-0.335,0
15:46:08.213,2438.0,69,1322.76,1771947966,0.127,-0.077,-0.42,80.98,72.06,2026-02-24 21:16:06+05:30,1.0,3444.0,3,0.5,0.139,31120.28,31.1203,19.17,0.445,16.56,-9.95,0.0541,5835.4,5.835,2589.65,34.469,44.45,cruise,0.1142,-0.0656,-0.4198,0
15:46:09.213,2439.0,68,1319.06,1771947967,0.133,-0.05,-0.443,79.64,72.09,2026-02-24 21:16:07+05:30,1.0,3445.0,3,-1.0,-0.278,31139.17,31.1392,19.4,0.465,16.61,-6.17,0.0115,5741.2,5.741,2591.24,34.491,44.42,decel,0.1422,-0.0557,-0.4488,0
15:46:10.214,2440.0,67,1284.7,1771947968,0.11,-0.043,-0.43,76.8,72.14,2026-02-24 21:16:08+05:30,1.0,3446.0,3,-3.0,-0.833,31157.78,31.1578,19.17,0.446,14.28,-5.53,0.0065,5540.4,5.54,2592.78,34.513,44.4,decel,0.1047,-0.0444,-0.4218,0
15:46:11.214,2441.0,62,1203.36,1771947969,0.043,-0.043,-0.437,66.44,72.35,2026-02-24 21:16:09+05:30,1.0,3447.0,3,-5.0,-1.389,31175.0,31.175,19.41,0.441,5.59,-5.59,0.0541,4806.9,4.807,2594.11,34.531,44.38,decel,0.0406,-0.0403,-0.4325,0
15:46:12.213,2442.0,57,1095.38,1771947970,0.003,-0.02,-0.527,58.24,72.51,2026-02-24 21:16:10+05:30,1.0,3448.0,3,-6.0,-1.667,31190.83,31.1908,19.22,0.527,0.33,-2.17,0.132,4223.0,4.223,2595.29,34.547,44.36,decel,0.0162,-0.0177,-0.5575,0
15:46:13.213,2443.0,50,975.28,1771947971,0.06,0.03,-0.697,55.8,72.56,2026-02-24 21:16:11+05:30,1.0,3449.0,3,-6.0,-1.667,31204.72,31.2047,19.51,0.7,4.92,2.46,0.1294,4048.8,4.049,2596.41,34.563,44.34,decel,0.04,0.0222,-0.6518,0
15:46:14.213,2444.0,45,877.76,1771947972,0.047,0.037,-0.443,49.76,72.68,2026-02-24 21:16:12+05:30,1.0,3450.0,3,-4.0,-1.111,31217.22,31.2172,19.51,0.447,6.04,4.75,0.2722,3616.6,3.617,2597.42,34.577,44.32,decel,0.0675,0.0483,-0.4856,0
15:46:15.214,2445.0,42,810.82,1771947973,0.093,0.063,-0.153,50.44,72.66,2026-02-24 21:16:13+05:30,1.0,3451.0,3,-2.0,-0.556,31228.89,31.2289,19.31,0.19,29.34,19.39,0.3376,3665.0,3.665,2598.44,34.591,44.31,decel,0.0745,0.0489,-0.1089,0
15:46:16.214,2446.0,41,798.54,1771947974,0.053,0.02,0.23,46.89,72.73,2026-02-24 21:16:14+05:30,1.0,3452.0,3,0.5,0.139,31240.28,31.2403,19.48,0.237,12.93,4.84,0.2183,3410.3,3.41,2599.38,34.604,44.29,cruise,0.069,0.0369,0.1827,0
15:46:17.213,2447.0,43,836.68,1771947975,0.067,0.043,0.22,52.6,72.62,2026-02-24 21:16:15+05:30,1.0,3453.0,3,3.5,0.972,31252.22,31.2522,19.46,0.234,16.64,10.59,0.0068,3819.8,3.82,2600.44,34.618,44.27,accel,0.0547,0.0254,0.2505,0
15:46:18.213,2448.0,48,928.02,1771947976,0.02,0.007,0.217,55.44,72.56,2026-02-24 21:16:16+05:30,1.0,3454.0,3,5.0,1.389,31265.56,31.2656,19.33,0.218,5.26,1.84,0.0182,4022.7,4.023,2601.56,34.634,44.25,accel,0.0278,0.0209,0.2164,0
15:46:19.213,2449.0,53,1030.38,1771947977,0.0,0.02,0.187,58.91,72.49,2026-02-24 21:16:17+05:30,1.0,3455.0,3,5.0,1.389,31280.28,31.2803,19.44,0.188,0.0,6.1,0.0873,4270.4,4.27,2602.75,34.65,44.24,accel,-0.004,0.0165,0.1699,0
15:46:20.213,2450.0,58,1124.48,1771947978,-0.02,0.013,0.053,63.32,72.4,2026-02-24 21:16:18+05:30,1.0,3456.0,3,4.5,1.25,31296.39,31.2964,19.39,0.058,-20.13,12.92,0.1285,4584.4,4.584,2604.02,34.668,44.21,accel,-0.0188,0.0019,0.0699,0
15:46:21.214,2451.0,62,1203.16,1771947979,-0.003,-0.027,-0.07,66.67,72.33,2026-02-24 21:16:19+05:30,1.0,3457.0,3,4.0,1.111,31313.61,31.3136,19.41,0.075,-2.29,-21.07,0.1331,4822.2,4.822,2605.36,34.686,44.19,accel,-0.0028,-0.004,-0.0814,0
15:46:22.214,2452.0,66,1271.44,1771947980,0.023,0.053,-0.213,71.99,72.22,2026-02-24 21:16:20+05:30,1.0,3458.0,3,3.5,0.972,31331.94,31.3319,19.26,0.221,5.98,13.9,0.0817,5199.1,5.199,2606.8,34.706,44.17,accel,0.0245,0.0248,-0.2034,0
15:46:23.214,2453.0,69,1329.3,1771947981,0.03,0.037,-0.21,75.0,72.16,2026-02-24 21:16:21+05:30,1.0,3459.0,3,2.5,0.694,31351.11,31.3511,19.27,0.215,8.01,9.89,0.0471,5412.0,5.412,2608.31,34.727,44.14,accel,0.026,0.0667,-0.2227,0
15:46:24.214,2454.0,71,1375.54,1771947982,0.0,0.107,-0.13,74.1,72.18,2026-02-24 21:16:22+05:30,1.0,3460.0,3,2.0,0.556,31370.83,31.3708,19.37,0.168,0.0,39.46,0.1459,5348.5,5.349,2609.79,34.748,44.12,accel,0.0025,0.0787,-0.1135,0
15:46:25.214,2455.0,73,1413.32,1771947983,-0.007,0.043,0.073,75.72,72.14,2026-02-24 21:16:23+05:30,1.0,3461.0,3,2.0,0.556,31391.11,31.3911,19.36,0.085,-4.72,30.39,0.1434,5462.4,5.462,2611.31,34.769,44.1,accel,-0.0053,0.0632,0.0586,0
15:46:26.214,2456.0,75,1444.28,1771947984,0.013,0.06,0.147,78.4,72.09,2026-02-24 21:16:24+05:30,1.0,3462.0,3,1.5,0.417,31411.94,31.4119,19.26,0.159,4.68,22.13,0.0372,5651.9,5.652,2612.88,34.79,44.07,accel,0.0106,0.0539,0.1562,0
15:46:27.213,2457.0,76,1467.86,1771947985,0.017,0.06,0.117,79.49,72.06,2026-02-24 21:16:25+05:30,1.0,3463.0,3,1.0,0.278,31433.06,31.4331,19.31,0.133,7.37,26.91,0.085,5728.0,5.728,2614.47,34.812,44.04,accel,0.0169,0.0536,0.1092,0
15:46:28.213,2458.0,77,1489.4,1771947986,0.01,0.033,-0.013,79.92,72.05,2026-02-24 21:16:26+05:30,1.0,3464.0,3,1.0,0.278,31454.44,31.4544,19.34,0.037,15.75,63.57,0.1002,5758.2,5.758,2616.07,34.835,44.02,accel,0.0103,0.0446,-0.0074,0
15:46:29.213,2459.0,78,1512.78,1771947987,0.02,0.037,-0.08,81.78,72.01,2026-02-24 21:16:27+05:30,1.0,3465.0,3,1.5,0.417,31476.11,31.4761,19.39,0.09,12.78,24.17,0.0368,5889.0,5.889,2617.71,34.857,43.99,accel,0.0221,0.0268,-0.079,0
15:46:30.213,2460.0,80,1536.6,1771947988,0.05,-0.003,-0.073,86.15,71.92,2026-02-24 21:16:28+05:30,1.0,3466.0,3,1.0,0.278,31498.33,31.4983,19.21,0.089,34.39,-1.94,0.014,6195.9,6.196,2619.43,34.881,43.96,accel,0.0481,0.0039,-0.0786,0
15:46:31.213,2461.0,80,1558.92,1771947989,0.05,-0.01,-0.053,86.13,71.92,2026-02-24 21:16:29+05:30,1.0,3467.0,3,0.0,0.0,31520.56,31.5206,19.49,0.074,42.83,-7.81,0.0252,6194.5,6.194,2621.15,34.905,43.94,cruise,0.049,-0.0152,-0.0485,0
15:46:32.213,2462.0,80,1581.7,1771947990,0.023,-0.013,-0.023,83.95,71.96,2026-02-24 21:16:30+05:30,1.0,3468.0,3,0.0,0.0,31542.78,31.5428,19.77,0.035,41.04,-21.79,0.0208,6041.0,6.041,2622.83,34.929,43.91,cruise,0.0242,-0.0094,-0.0234,0
15:46:33.214,2463.0,80,1603.26,1771947991,0.013,0.013,-0.013,83.04,71.98,2026-02-24 21:16:31+05:30,1.0,3469.0,3,0.0,0.0,31565.0,31.565,20.04,0.023,35.26,35.26,0.0085,5977.2,5.977,2624.49,34.952,43.88,cruise,0.0138,0.0148,-0.0163,0
15:46:34.214,2464.0,80,1621.68,1771947992,0.023,0.027,-0.03,83.71,71.96,2026-02-24 21:16:32+05:30,1.0,3470.0,3,0.0,0.0,31587.22,31.5872,20.27,0.046,29.68,35.54,0.0123,6023.8,6.024,2626.16,34.975,43.85,cruise,0.0227,0.0177,-0.0259,0
15:46:35.213,2465.0,80,1638.1,1771947993,0.013,-0.023,-0.037,82.81,71.98,2026-02-24 21:16:33+05:30,1.0,3471.0,3,0.0,0.0,31609.44,31.6094,20.48,0.045,16.61,-30.39,0.0101,5960.7,5.961,2627.82,34.998,43.83,cruise,0.0111,-0.0094,-0.0394,0
15:46:36.213,2466.0,80,1652.6,1771947994,-0.03,-0.01,-0.05,81.74,72.0,2026-02-24 21:16:34+05:30,1.0,3472.0,3,0.0,0.0,31631.67,31.6317,20.66,0.059,-30.47,-9.73,0.0085,5885.3,5.885,2629.45,35.021,43.8,cruise,-0.029,-0.0255,-0.0492,0
15:46:37.214,2467.0,80,1667.78,1771947995,-0.053,-0.023,-0.053,81.67,72.0,2026-02-24 21:16:35+05:30,1.0,3473.0,3,0.0,0.0,31653.89,31.6539,20.85,0.078,-42.53,-17.06,0.003,5880.2,5.88,2631.08,35.043,43.77,cruise,-0.0517,-0.005,-0.0535,0
15:46:38.214,2468.0,80,1679.52,1771947996,-0.027,0.047,-0.047,81.17,72.0,2026-02-24 21:16:36+05:30,1.0,3474.0,3,0.0,0.0,31676.11,31.6761,20.99,0.072,-22.11,40.93,0.0119,5844.2,5.844,2632.71,35.066,43.75,cruise,-0.0281,0.0285,-0.0464,0
15:46:39.213,2469.0,80,1674.76,1771947997,0.013,0.04,-0.03,82.04,71.98,2026-02-24 21:16:37+05:30,1.0,3475.0,3,0.0,0.0,31698.33,31.6983,20.93,0.052,14.57,50.74,0.015,5905.2,5.905,2634.35,35.089,43.72,cruise,0.0127,0.0531,-0.0296,0
15:46:40.213,2470.0,80,1650.06,1771947998,0.027,0.082,-0.017,83.16,71.96,2026-02-24 21:16:38+05:30,1.0,3476.0,3,0.0,0.0,31720.56,31.7206,20.63,0.088,17.87,68.74,0.0135,5984.2,5.984,2636.01,35.112,43.69,cruise,0.0273,0.0774,-0.0185,0
15:46:41.213,2471.0,80,1605.38,1771947999,0.007,0.095,-0.003,81.56,71.99,2026-02-24 21:16:39+05:30,1.0,3477.0,3,0.0,0.0,31742.78,31.7428,20.07,0.095,4.21,85.42,0.0679,5871.5,5.872,2637.64,35.134,43.67,cruise,0.0075,0.0944,-0.0002,0
15:46:42.214,2472.0,80,1540.98,1771948000,-0.017,0.072,0.107,81.0,72.0,2026-02-24 21:16:40+05:30,1.0,3478.0,3,-2.0,-0.556,31765.0,31.765,19.26,0.13,-7.51,33.61,0.1305,5832.0,5.832,2639.26,35.157,43.64,decel,-0.019,0.0736,0.0952,0
15:46:43.214,2473.0,76,1458.34,1771948001,-0.023,0.02,0.257,77.0,72.08,2026-02-24 21:16:41+05:30,1.0,3479.0,3,-4.5,-1.25,31786.11,31.7861,19.19,0.259,-5.1,4.43,0.1652,5550.2,5.55,2640.8,35.178,43.61,decel,-0.0199,0.0184,0.2854,0
15:46:44.213,2474.0,71,1367.86,1771948002,0.003,-0.023,0.437,72.24,72.17,2026-02-24 21:16:42+05:30,1.0,3480.0,3,-5.0,-1.389,31805.83,31.8058,19.27,0.438,0.39,-3.01,0.1187,5213.6,5.214,2642.25,35.198,43.59,decel,0.0016,-0.0229,0.402,0
15:46:45.213,2475.0,66,1270.18,1771948003,0.013,-0.027,0.213,68.04,72.25,2026-02-24 21:16:43+05:30,1.0,3481.0,3,-5.0,-1.389,31824.17,31.8242,19.25,0.215,3.46,-7.21,0.2787,4915.9,4.916,2643.62,35.217,43.57,decel,0.0121,-0.0222,0.2404,0
15:46:46.213,2476.0,61,1172.94,1771948004,0.007,0.003,-0.117,62.56,72.36,2026-02-24 21:16:44+05:30,1.0,3482.0,3,-5.0,-1.389,31841.11,31.8411,19.23,0.117,3.42,1.47,0.3502,4526.8,4.527,2644.87,35.235,43.55,decel,0.0048,-0.0057,-0.1409,0
15:46:47.213,2477.0,56,1082.76,1771948005,-0.007,-0.007,-0.487,57.0,72.47,2026-02-24 21:16:45+05:30,1.0,3483.0,3,-4.5,-1.25,31856.67,31.8567,19.34,0.487,-0.82,-0.82,0.2304,4130.8,4.131,2646.02,35.25,43.53,decel,0.0038,-0.0001,-0.4618,0
15:46:48.213,2478.0,52,997.78,1771948006,0.033,0.01,-0.54,55.64,72.5,2026-02-24 21:16:46+05:30,1.0,3484.0,3,-4.0,-1.111,31871.11,31.8711,19.19,0.541,3.5,1.06,0.0298,4033.9,4.034,2647.14,35.266,43.51,decel,0.014,0.0082,-0.5564,0
15:46:49.214,2479.0,48,937.6,1771948007,0.007,0.03,-0.49,49.56,72.62,2026-02-24 21:16:47+05:30,1.0,3485.0,3,-2.5,-0.694,31884.44,31.8844,19.53,0.491,0.82,3.5,0.0912,3599.0,3.599,2648.14,35.28,43.49,decel,0.0285,0.028,-0.4879,0
15:46:50.214,2480.0,47,914.32,1771948008,0.07,0.03,-0.363,53.6,72.53,2026-02-24 21:16:48+05:30,1.0,3486.0,3,0.0,0.0,31897.5,31.8975,19.45,0.371,10.88,4.64,0.1402,3887.6,3.888,2649.22,35.295,43.48,cruise,0.0503,0.0344,-0.3594,0
15:46:51.213,2481.0,48,932.68,1771948009,0.043,0.017,-0.21,54.0,72.52,2026-02-24 21:16:49+05:30,1.0,3487.0,3,1.5,0.417,31910.83,31.9108,19.43,0.215,11.54,4.53,0.1417,3916.1,3.916,2650.31,35.31,43.46,accel,0.0618,0.0104,-0.2097,0
15:46:52.213,2482.0,50,976.58,1771948010,0.06,-0.027,-0.08,58.67,72.43,2026-02-24 21:16:50+05:30,1.0,3488.0,3,3.0,0.833,31924.72,31.9247,19.53,0.104,35.4,-15.11,0.0921,4249.5,4.249,2651.49,35.326,43.44,accel,0.0405,-0.0204,-0.0843,0
15:46:53.214,2483.0,54,1047.52,1771948011,0.003,-0.02,-0.032,59.06,72.42,2026-02-24 21:16:51+05:30,1.0,3489.0,3,4.0,1.111,31939.72,31.9397,19.4,0.038,4.55,-31.89,0.0269,4277.1,4.277,2652.68,35.342,43.42,accel,0.0183,-0.0241,-0.0297,0
15:46:54.214,2484.0,58,1129.22,1771948012,0.043,-0.007,-0.035,66.5,72.27,2026-02-24 21:16:52+05:30,1.0,3490.0,3,4.5,1.25,31955.83,31.9558,19.47,0.056,50.3,-7.2,0.0051,4806.0,4.806,2654.01,35.361,43.4,accel,0.0381,-0.0047,-0.0323,0
15:46:55.213,2485.0,63,1209.98,1771948013,0.067,0.007,-0.042,73.08,72.14,2026-02-24 21:16:53+05:30,1.0,3491.0,3,4.0,1.111,31973.33,31.9733,19.21,0.079,57.56,5.06,0.0146,5272.0,5.272,2655.48,35.381,43.38,accel,0.0649,0.0046,-0.0482,0
15:46:56.213,2486.0,66,1278.16,1771948014,0.04,-0.017,-0.063,73.42,72.13,2026-02-24 21:16:54+05:30,1.0,3492.0,3,3.0,0.833,31991.67,31.9917,19.37,0.077,31.51,-12.83,0.0108,5295.8,5.296,2656.95,35.401,43.35,accel,0.0403,-0.0145,-0.0557,0
15:46:57.214,2487.0,69,1338.94,1771948015,-0.017,-0.047,-0.057,72.86,72.14,2026-02-24 21:16:55+05:30,1.0,3493.0,3,3.0,0.833,32010.83,32.0108,19.4,0.076,-12.96,-38.31,0.0273,5256.1,5.256,2658.41,35.422,43.33,accel,-0.014,-0.0484,-0.0632,0
15:46:58.214,2488.0,72,1392.62,1771948016,-0.04,-0.06,-0.107,75.12,72.09,2026-02-24 21:16:56+05:30,1.0,3494.0,3,2.5,0.694,32030.83,32.0308,19.34,0.129,-18.06,-27.71,0.0742,5415.4,5.415,2659.91,35.443,43.3,accel,-0.0418,-0.0625,-0.1028,0
15:46:59.213,2489.0,74,1423.94,1771948017,-0.04,-0.043,-0.203,75.89,72.07,2026-02-24 21:16:57+05:30,1.0,3495.0,3,1.0,0.278,32051.39,32.0514,19.24,0.211,-10.91,-11.74,0.1051,5469.4,5.469,2661.43,35.464,43.28,accel,-0.041,-0.0341,-0.2028,0
15:47:00.213,2490.0,74,1428.06,1771948018,-0.043,0.027,-0.317,75.0,72.09,2026-02-24 21:16:58+05:30,1.0,3496.0,3,-1.0,-0.278,32071.94,32.0719,19.3,0.321,-7.7,4.82,0.0929,5406.8,5.407,2662.93,35.484,43.25,decel,-0.0411,0.0132,-0.3265,0
15:47:01.213,2491.0,72,1391.92,1771948019,-0.05,0.017,-0.387,73.0,72.13,2026-02-24 21:16:59+05:30,1.0,3497.0,3,-2.0,-0.556,32091.94,32.0919,19.33,0.391,-7.35,2.49,0.0651,5265.5,5.265,2664.4,35.505,43.23,decel,-0.0513,0.0326,-0.3693,0
15:47:02.214,2492.0,70,1352.18,1771948020,-0.064,0.03,-0.257,71.0,72.16,2026-02-24 21:17:00+05:30,1.0,3498.0,3,-36.0,-10.0,32111.39,32.1114,19.32,0.267,-13.89,6.46,0.127,5123.4,5.123,2665.82,35.524,43.21,decel,-0.0636,0.0138,-0.275,0
15:47:04.051,1050131921.0,0,0.0,1771948021,-0.071,-0.023,-0.133,1.0,73.56,2026-02-24 21:17:01+05:30,1.0,3499.0,3,-35.0,-9.722,32111.39,32.1114,,0.153,-27.75,-8.67,0.1285,73.6,0.074,2665.84,35.525,43.21,idle,-0.0705,-0.0087,-0.1177,1
15:47:05.051,3823581707.0,0,0.0,1771948023,-0.071,-0.0,0.0,1.0,73.56,2026-02-24 21:17:03+05:30,2.0,3501.0,3,0.0,0.0,32111.39,32.1114,,0.071,-90.0,-0.0,0.0768,73.6,0.074,2665.88,35.525,43.21,idle,-0.0718,-0.0082,-0.0133,1
15:47:06.051,2421472565.0,0,0.0,1771948024,-0.072,0.0,0.0,1.0,73.56,2026-02-24 21:17:04+05:30,1.0,3502.0,3,0.0,0.0,32111.39,32.1114,,0.072,-90.0,0.0,0.0,73.6,0.074,2665.9,35.526,43.21,idle,-0.0716,0.0013,0.0082,1
15:47:07.051,2836380890.0,0,0.0,1771948026,-0.072,0.0,0.0,1.0,73.56,2026-02-24 21:17:06+05:30,2.0,3504.0,3,0.0,0.0,32111.39,32.1114,,0.072,-90.0,0.0,0.0,73.6,0.074,2665.94,35.526,43.2,idle,-0.0719,0.0017,-0.0013,1
15:47:08.051,3634052299.0,0,0.0,1771948027,-0.072,0.0,0.0,1.0,73.56,2026-02-24 21:17:07+05:30,1.0,3505.0,3,0.0,0.0,32111.39,32.1114,,0.072,-90.0,0.0,0.0,73.6,0.074,2665.96,35.526,43.2,idle,-0.0723,-0.0011,-0.002,1
15:47:09.051,903724122.0,0,0.0,1771948027,-0.073,0.0,0.0,1.0,73.56,2026-02-24 21:17:07+05:30,0.0,3505.0,3,0.0,0.0,32111.39,32.1114,,0.073,-90.0,0.0,0.0,73.6,0.074,2665.96,35.526,43.2,idle,-0.0727,-0.0002,0.0012,1
15:47:10.051,618085892.0,0,0.0,1771948027,-0.073,-0.0,0.0,1.0,73.56,2026-02-24 21:17:07+05:30,0.0,3505.0,3,0.0,0.0,32111.39,32.1114,,0.073,-90.0,-0.0,0.0,73.6,0.074,2665.96,35.526,43.2,idle,-0.0731,0.0006,0.0002,1
15:47:11.051,883932167.0,0,0.0,1771948027,-0.073,0.0,-0.0,1.0,73.56,2026-02-24 21:17:07+05:30,0.0,3505.0,3,0.0,0.0,32111.39,32.1114,,0.073,-90.0,0.0,0.0,73.6,0.074,2665.96,35.526,43.2,idle,-0.0731,-0.0002,-0.0005,1
15:47:12.052,1261878761.0,0,0.0,1771948027,-0.073,0.0,-0.0,1.0,73.56,2026-02-24 21:17:07+05:30,0.0,3505.0,3,0.0,0.0,32111.39,32.1114,,0.073,-90.0,0.0,0.0,73.6,0.074,2665.96,35.526,43.2,idle,-0.0729,-0.0005,0.0002,1
15:47:13.051,4210048313.0,0,0.0,1771948027,-0.073,-0.0,0.0,1.0,73.56,2026-02-24 21:17:07+05:30,0.0,3505.0,3,0.0,0.0,32111.39,32.1114,,0.073,-90.0,-0.0,0.0,73.6,0.074,2665.96,35.526,43.2,idle,-0.073,0.0008,0.0001,1
15:47:14.051,320191763.0,0,0.0,1771948027,-0.073,0.0,0.0,1.0,73.56,2026-02-24 21:17:07+05:30,0.0,3505.0,3,0.0,0.0,32111.39,32.1114,,0.073,-90.0,0.0,0.0,73.6,0.074,2665.96,35.526,43.2,idle,-0.0731,0.0,-0.0002,1
15:47:15.051,511032771.0,0,0.0,1771948027,-0.073,-0.0,0.0,1.0,73.56,2026-02-24 21:17:07+05:30,0.0,3505.0,3,0.0,0.0,32111.39,32.1114,,0.073,-90.0,-0.0,0.0,73.6,0.074,2665.96,35.526,43.2,idle,-0.0728,-0.0004,0.0001,1
15:47:16.052,1253293326.0,0,0.0,1771948027,-0.073,0.033,0.0,1.0,73.56,2026-02-24 21:17:07+05:30,0.0,3505.0,3,0.0,0.0,32111.39,32.1114,,0.08,-65.67,24.33,0.0012,73.6,0.074,2665.96,35.526,43.2,idle,-0.0728,0.0294,0.0,1
15:47:17.051,1695235556.0,0,0.0,1771948027,-0.073,0.1,-0.002,1.0,73.56,2026-02-24 21:17:07+05:30,0.0,3505.0,3,0.0,0.0,32111.39,32.1114,,0.124,-36.12,53.86,0.0031,73.6,0.074,2665.96,35.526,43.2,idle,-0.0737,0.111,-0.002,1
15:47:18.051,1498266923.0,0,0.0,1771948027,-0.073,0.2,-0.006,1.0,73.56,2026-02-24 21:17:07+05:30,0.0,3505.0,3,0.0,0.0,32111.39,32.1114,,0.213,-20.04,69.89,0.005,73.6,0.074,2665.96,35.526,43.2,idle,-0.0726,0.1873,-0.0063,1
15:47:23.051,3909762189.0,0,0.0,1771948027,-0.073,0.167,-0.012,1.0,73.56,2026-02-24 21:17:07+05:30,0.0,3505.0,3,0.0,0.0,32111.39,32.1114,,0.183,-23.56,66.11,0.006,73.6,0.074,2665.96,35.526,43.2,idle,-0.0714,0.1744,-0.0116,1
15:47:24.051,1927855428.0,0,0.0,1771948027,-0.073,0.1,-0.018,1.0,73.56,2026-02-24 21:17:07+05:30,0.0,3505.0,3,0.0,0.0,32111.39,32.1114,,0.125,-35.7,53.06,0.006,73.6,0.074,2665.96,35.526,43.2,idle,-0.0764,0.0948,-0.0179,1
15:47:25.051,2308193690.0,0,0.0,1771948027,-0.075,0.037,-0.024,35.46,72.87,2026-02-24 21:17:07+05:30,0.0,3505.0,3,35.5,9.861,32111.39,32.1114,,0.087,-59.54,25.17,0.005,2584.0,2.584,2665.96,35.526,43.2,idle,-0.0728,0.0447,-0.0249,1
15:47:29.213,2519.0,71,1378.44,1771948047,-0.031,0.047,-0.028,108.32,71.41,2026-02-24 21:17:27+05:30,5.0,3510.0,3,37.5,10.417,32210.0,32.21,19.41,0.063,-29.54,48.37,0.004,7735.1,7.735,2676.71,35.677,43.03,accel,-0.0317,0.0414,-0.027,0
15:47:30.213,2520.0,75,1452.68,1771948048,0.017,0.023,-0.02,81.06,71.96,2026-02-24 21:17:28+05:30,1.0,3511.0,3,4.0,1.111,32230.83,32.2308,19.37,0.035,29.15,41.23,0.0075,5833.1,5.833,2678.33,35.699,43.0,accel,0.0223,0.0211,-0.0201,0
15:47:31.214,2521.0,79,1526.62,1771948049,0.033,-0.037,-0.013,86.14,71.85,2026-02-24 21:17:29+05:30,1.0,3512.0,3,2.0,0.556,32252.78,32.2528,19.32,0.051,40.08,-46.21,0.004,6189.2,6.189,2680.05,35.723,42.97,accel,0.0202,-0.0312,-0.0135,0
15:47:32.213,2522.0,79,1592.7,1771948050,-0.047,-0.063,-0.02,83.13,71.91,2026-02-24 21:17:30+05:30,1.0,3513.0,3,0.0,0.0,32274.72,32.2747,20.16,0.081,-35.42,-50.97,0.0101,5977.9,5.978,2681.71,35.746,42.95,cruise,-0.0336,-0.0673,-0.0198,0
15:47:33.214,2523.0,79,1651.88,1771948051,-0.043,-0.07,-0.033,82.8,71.92,2026-02-24 21:17:31+05:30,1.0,3514.0,3,0.0,0.0,32296.67,32.2967,20.91,0.089,-29.06,-52.25,0.0075,5955.0,5.955,2683.36,35.769,42.92,cruise,-0.0522,-0.067,-0.033,0
15:47:34.214,2524.0,79,1704.56,1771948052,-0.02,-0.047,-0.033,82.47,71.92,2026-02-24 21:17:32+05:30,1.0,3515.0,3,0.0,0.0,32318.61,32.3186,21.58,0.061,-19.2,-50.61,0.0115,5931.2,5.931,2685.01,35.792,42.89,cruise,-0.0101,-0.0512,-0.0331,0
15:47:35.213,2525.0,79,1750.72,1771948053,0.03,-0.04,-0.013,84.46,71.88,2026-02-24 21:17:33+05:30,1.0,3516.0,3,0.0,0.0,32340.56,32.3406,22.16,0.052,35.5,-50.74,0.0252,6071.0,6.071,2686.69,35.816,42.86,cruise,0.017,-0.0342,-0.0121,0
15:47:36.214,2526.0,79,1786.9,1771948054,-0.02,-0.017,0.017,81.58,71.93,2026-02-24 21:17:34+05:30,1.0,3517.0,3,0.0,0.0,32362.5,32.3625,22.62,0.031,-39.76,-32.93,0.0221,5868.0,5.868,2688.32,35.838,42.84,cruise,-0.0104,-0.0226,0.0156,0
15:47:37.213,2527.0,79,1814.1,1771948055,-0.04,-0.033,0.03,81.17,71.94,2026-02-24 21:17:35+05:30,1.0,3518.0,3,0.0,0.0,32384.44,32.3844,22.96,0.06,-41.89,-33.42,0.0075,5839.4,5.839,2689.95,35.861,42.81,cruise,-0.0421,-0.0279,0.0307,0
15:47:38.213,2528.0,79,1833.84,1771948056,-0.04,-0.033,0.03,80.79,71.94,2026-02-24 21:17:36+05:30,1.0,3519.0,3,0.0,0.0,32406.39,32.4064,23.21,0.06,-41.89,-33.42,0.004,5812.0,5.812,2691.56,35.883,42.78,cruise,-0.0409,-0.0399,0.0303,0
15:47:39.214,2529.0,79,1845.58,1771948057,-0.027,-0.03,0.023,80.33,71.95,2026-02-24 21:17:37+05:30,1.0,3520.0,3,0.0,0.0,32428.33,32.4283,23.36,0.046,-35.54,-40.23,0.0118,5779.7,5.78,2693.17,35.906,42.76,cruise,-0.0278,-0.0215,0.0218,0
15:47:40.214,2530.0,79,1847.06,1771948058,-0.017,0.04,0.007,80.0,71.96,2026-02-24 21:17:38+05:30,1.0,3521.0,3,0.0,0.0,32450.28,32.4503,23.38,0.044,-22.72,65.32,0.0106,5756.8,5.757,2694.77,35.928,42.73,cruise,-0.0151,0.0337,0.0095,0
15:47:41.213,2531.0,79,1833.68,1771948059,0.01,0.07,0.003,80.8,71.94,2026-02-24 21:17:39+05:30,1.0,3522.0,3,0.0,0.0,32472.22,32.4722,23.21,0.071,8.12,81.52,0.0072,5812.8,5.813,2696.38,35.95,42.71,cruise,0.0088,0.0729,-0.0013,0
15:47:42.214,2532.0,79,1811.72,1771948060,0.03,0.053,-0.007,82.4,71.9,2026-02-24 21:17:40+05:30,1.0,3523.0,3,0.0,0.0,32494.17,32.4942,22.93,0.061,29.3,59.83,0.0058,5924.6,5.925,2698.03,35.973,42.68,cruise,0.0321,0.0523,-0.0027,0
15:47:43.214,2533.0,79,1796.4,1771948061,0.033,0.01,-0.007,82.64,71.9,2026-02-24 21:17:41+05:30,1.0,3524.0,3,0.0,0.0,32516.11,32.5161,22.74,0.035,69.7,16.51,0.0035,5941.8,5.942,2699.68,35.996,42.65,cruise,0.0284,0.0059,-0.0058,0
15:47:44.213,2534.0,79,1767.8,1771948062,0.003,-0.013,-0.013,80.24,71.94,2026-02-24 21:17:42+05:30,1.0,3525.0,3,0.0,0.0,32538.06,32.5381,22.38,0.019,9.27,-44.26,0.005,5772.5,5.772,2701.28,36.018,42.63,cruise,0.0075,-0.0027,-0.0229,0
15:47:45.213,2535.0,79,1720.72,1771948063,0.0,0.023,-0.017,80.0,71.95,2026-02-24 21:17:43+05:30,1.0,3526.0,3,0.0,0.0,32560.0,32.56,21.78,0.029,0.0,53.53,0.0797,5756.0,5.756,2702.88,36.041,42.6,cruise,-0.0013,0.0142,-0.0043,0
15:47:46.214,2536.0,79,1665.22,1771948064,-0.013,-0.003,0.123,80.0,71.94,2026-02-24 21:17:44+05:30,1.0,3527.0,3,0.0,0.0,32581.94,32.5819,21.08,0.124,-6.03,-1.39,0.1321,5755.2,5.755,2704.48,36.063,42.57,cruise,-0.0121,-0.0039,0.1133,0
15:47:47.214,2537.0,79,1603.14,1771948065,-0.053,-0.053,0.247,80.0,71.94,2026-02-24 21:17:45+05:30,1.0,3528.0,3,0.0,0.0,32603.89,32.6039,20.29,0.258,-11.85,-11.85,0.071,5755.2,5.755,2706.08,36.085,42.55,cruise,-0.0567,-0.0449,0.2573,0
15:47:48.213,2538.0,79,1515.42,1771948066,-0.103,-0.033,0.245,80.0,71.94,2026-02-24 21:17:46+05:30,1.0,3529.0,3,-4.5,-1.25,32625.83,32.6258,19.18,0.268,-22.62,-7.08,0.1507,5755.2,5.755,2707.67,36.107,42.52,decel,-0.1004,-0.0417,0.2355,0
15:47:49.214,2539.0,70,1358.2,1771948067,-0.077,0.003,-0.015,71.0,72.12,2026-02-24 21:17:47+05:30,1.0,3530.0,3,-8.0,-2.222,32645.28,32.6453,19.4,0.079,-78.76,2.19,0.2818,5120.5,5.121,2709.1,36.127,42.5,decel,-0.0744,0.0108,-0.0168,0
15:47:50.214,2540.0,63,1215.36,1771948068,0.01,0.057,-0.318,64.8,72.24,2026-02-24 21:17:48+05:30,1.0,3531.0,3,-7.5,-2.083,32662.78,32.6628,19.29,0.323,1.77,10.16,0.2135,4681.2,4.681,2710.4,36.145,42.48,decel,0.0066,0.0503,-0.3089,0
15:47:51.213,2541.0,55,1064.36,1771948069,0.057,0.033,-0.427,60.56,72.32,2026-02-24 21:17:49+05:30,1.0,3532.0,3,-6.5,-1.806,32678.06,32.6781,19.35,0.432,7.58,4.38,0.056,4379.7,4.38,2711.61,36.162,42.46,decel,0.0563,0.0363,-0.4264,0
15:47:52.213,2542.0,50,958.88,1771948070,0.043,-0.01,-0.35,54.44,72.44,2026-02-24 21:17:50+05:30,1.0,3533.0,3,-4.5,-1.25,32691.94,32.6919,19.18,0.353,7.0,-1.62,0.0903,3943.6,3.944,2712.71,36.177,42.44,decel,0.0441,-0.0093,-0.3644,0
15:47:53.214,2543.0,46,899.7,1771948071,0.008,-0.037,-0.247,47.64,72.58,2026-02-24 21:17:51+05:30,1.0,3534.0,3,-0.5,-0.139,32704.72,32.7047,19.56,0.25,1.83,-8.52,0.1347,3457.7,3.458,2713.67,36.19,42.42,cruise,0.0117,-0.0405,-0.2294,0
15:47:54.213,2544.0,49,948.36,1771948072,-0.005,-0.043,-0.083,53.17,72.47,2026-02-24 21:17:52+05:30,1.0,3535.0,3,3.5,0.972,32718.33,32.7183,19.35,0.094,-3.06,-27.35,0.1184,3853.2,3.853,2714.74,36.205,42.41,accel,-0.0121,-0.0382,-0.0936,0
15:47:55.213,2545.0,53,1026.32,1771948073,-0.028,-0.023,-0.017,59.08,72.35,2026-02-24 21:17:53+05:30,1.0,3536.0,3,5.5,1.528,32733.06,32.7331,19.36,0.04,-44.39,-35.07,0.0335,4274.4,4.274,2715.93,36.221,42.39,accel,-0.0229,-0.0258,-0.0153,0
15:47:56.214,2546.0,60,1151.58,1771948074,-0.007,-0.03,-0.04,66.19,72.2,2026-02-24 21:17:54+05:30,1.0,3537.0,3,5.5,1.528,32749.72,32.7497,19.19,0.05,-7.97,-36.46,0.0558,4778.9,4.779,2717.26,36.24,42.36,accel,-0.0065,-0.0318,-0.0358,0
15:47:57.214,2547.0,64,1233.84,1771948075,0.047,-0.043,-0.123,71.66,72.09,2026-02-24 21:17:55+05:30,1.0,3538.0,3,3.0,0.833,32767.5,32.7675,19.28,0.139,19.83,-18.09,0.1219,5166.0,5.166,2718.69,36.26,42.34,accel,0.0414,-0.0399,-0.1332,0
15:47:58.213,2548.0,66,1267.4,1771948076,0.09,-0.02,-0.28,75.13,72.02,2026-02-24 21:17:56+05:30,1.0,3539.0,3,1.0,0.278,32785.83,32.7858,19.2,0.295,17.78,-3.89,0.1133,5410.9,5.411,2720.19,36.281,42.32,accel,0.0988,-0.0194,-0.26,0
15:47:59.214,2549.0,66,1271.08,1771948077,0.143,0.013,-0.343,78.44,71.95,2026-02-24 21:17:57+05:30,1.0,3540.0,3,-0.5,-0.139,32804.17,32.8042,19.26,0.372,22.62,2.0,0.0769,5643.8,5.644,2721.76,36.302,42.29,cruise,0.1329,0.0093,-0.372,0
15:48:00.214,2550.0,65,1256.62,1771948078,0.103,0.003,-0.433,74.24,72.03,2026-02-24 21:17:58+05:30,1.0,3541.0,3,-2.0,-0.556,32822.22,32.8222,19.33,0.445,13.38,0.39,0.045,5347.5,5.348,2723.25,36.323,42.27,decel,0.1143,0.0062,-0.4095,0
15:48:01.214,2551.0,62,1190.46,1771948079,0.057,-0.013,-0.39,67.56,72.17,2026-02-24 21:17:59+05:30,1.0,3542.0,3,-2.5,-0.694,32839.44,32.8394,19.2,0.394,8.31,-1.89,0.0367,4875.8,4.876,2724.6,36.342,42.24,decel,0.0446,-0.0167,-0.3841,0
15:48:02.213,2552.0,60,1146.95,1771948080,-0.03,-0.03,-0.36,61.0,72.3,2026-02-24 21:18:00+05:30,1.0,3543.0,3,-2.5,-0.694,32856.11,32.8561,19.12,0.362,-4.75,-4.75,0.0497,4410.3,4.41,2725.83,36.359,42.23,decel,-0.0208,-0.022,-0.4002,0
15:48:03.213,2553.0,57,1103.45,1771948081,-0.027,0.003,-0.457,58.0,72.35,2026-02-24 21:18:01+05:30,1.0,3544.0,3,-2.5,-0.694,32871.94,32.8719,19.36,0.458,-3.38,0.38,0.1389,4196.3,4.196,2726.99,36.375,42.21,decel,-0.0281,-0.0094,-0.4102,0
15:48:04.214,2554.0,55,1059.94,1771948082,0.0,-0.013,-0.183,56.0,72.39,2026-02-24 21:18:02+05:30,1.0,3545.0,3,-2.0,-0.556,32887.22,32.8872,19.27,0.183,0.0,-4.06,0.2836,4053.8,4.054,2728.12,36.39,42.19,decel,-0.003,0.0005,-0.2142,0
15:48:05.214,2555.0,53,1016.43,1771948083,0.0,0.017,0.11,54.0,72.43,2026-02-24 21:18:03+05:30,1.0,3546.0,3,-2.5,-0.694,32901.94,32.9019,19.18,0.111,0.0,8.79,0.2781,3911.2,3.911,2729.2,36.405,42.17,decel,-0.001,0.0052,0.1384,0
15:48:06.214,2556.0,50,972.93,1771948084,-0.017,0.007,0.373,51.0,72.49,2026-02-24 21:18:04+05:30,1.0,3547.0,3,-2.5,-0.694,32915.83,32.9158,19.46,0.373,-2.61,1.07,0.1315,3697.0,3.697,2730.23,36.42,42.15,decel,-0.0113,0.0152,0.3349,0
15:48:07.213,2557.0,48,929.42,1771948085,0.007,0.037,0.24,49.98,72.51,2026-02-24 21:18:05+05:30,1.0,3548.0,3,0.5,0.139,32929.17,32.9292,19.36,0.243,1.65,8.76,0.1108,3624.0,3.624,2731.24,36.433,42.14,cruise,0.0013,0.0329,0.2707,0
15:48:08.213,2558.0,51,989.62,1771948086,0.013,0.04,0.153,56.44,72.38,2026-02-24 21:18:06+05:30,1.0,3549.0,3,3.5,0.972,32943.33,32.9433,19.4,0.159,4.7,14.6,0.0787,4085.1,4.085,2732.37,36.449,42.12,accel,0.0183,0.0416,0.1445,0
15:48:09.214,2559.0,55,1065.6,1771948087,0.02,0.023,0.083,61.34,72.28,2026-02-24 21:18:07+05:30,1.0,3550.0,3,4.0,1.111,32958.61,32.9586,19.37,0.088,13.07,15.08,0.0651,4433.7,4.434,2733.6,36.466,42.1,accel,0.0118,0.0226,0.0813,0
15:48:10.214,2560.0,59,1139.36,1771948088,-0.003,-0.007,0.023,63.66,72.23,2026-02-24 21:18:08+05:30,1.0,3551.0,3,4.0,1.111,32975.0,32.975,19.31,0.024,-7.11,-16.79,0.0851,4598.2,4.598,2734.88,36.484,42.08,accel,0.0066,-0.0096,0.0186,0
15:48:11.213,2561.0,63,1211.8,1771948089,0.033,-0.027,-0.085,70.07,72.1,2026-02-24 21:18:09+05:30,1.0,3552.0,3,3.5,0.972,32992.5,32.9925,19.23,0.095,20.31,-16.49,0.0766,5052.0,5.052,2736.28,36.503,42.05,accel,0.0273,-0.0201,-0.0738,0
15:48:12.213,2562.0,66,1276.58,1771948090,0.037,-0.0,-0.125,72.83,72.04,2026-02-24 21:18:10+05:30,1.0,3553.0,3,3.0,0.833,33010.83,33.0108,19.34,0.13,16.49,-0.0,0.0214,5246.7,5.247,2737.74,36.524,42.03,accel,0.0389,-0.0073,-0.1353,0
15:48:13.213,2563.0,69,1326.72,1771948091,0.01,0.003,-0.118,73.09,72.04,2026-02-24 21:18:11+05:30,1.0,3554.0,3,2.5,0.694,33030.0,33.03,19.23,0.118,4.84,1.45,0.0604,5265.4,5.265,2739.2,36.544,42.01,accel,0.0065,0.0051,-0.1149,0
15:48:14.214,2564.0,71,1368.22,1771948092,-0.05,0.01,-0.017,73.95,72.02,2026-02-24 21:18:12+05:30,1.0,3555.0,3,2.0,0.556,33049.72,33.0497,19.27,0.054,-68.47,10.72,0.1142,5325.9,5.326,2740.68,36.564,41.98,accel,-0.0428,0.0143,-0.0122,0
15:48:15.214,2565.0,73,1404.56,1771948093,-0.057,0.033,0.11,75.62,71.98,2026-02-24 21:18:13+05:30,1.0,3556.0,3,1.5,0.417,33070.0,33.07,19.24,0.128,-26.4,14.92,0.0845,5443.1,5.443,2742.2,36.585,41.96,accel,-0.0652,0.0251,0.1048,0
15:48:16.214,2566.0,74,1433.22,1771948094,-0.06,0.017,0.143,76.36,71.97,2026-02-24 21:18:14+05:30,1.0,3557.0,3,1.5,0.417,33090.56,33.0906,19.37,0.156,-22.62,6.26,0.03,5495.6,5.496,2743.72,36.607,41.93,accel,-0.0532,0.0267,0.1417,0
15:48:17.213,2567.0,76,1459.02,1771948095,-0.017,0.033,0.083,78.33,71.92,2026-02-24 21:18:15+05:30,1.0,3558.0,3,1.5,0.417,33111.67,33.1117,19.2,0.091,-10.78,21.28,0.0702,5633.5,5.633,2745.29,36.628,41.91,accel,-0.0221,0.0202,0.0871,0
15:48:18.213,2568.0,77,1486.5,1771948096,0.003,0.007,0.003,79.56,71.9,2026-02-24 21:18:16+05:30,1.0,3559.0,3,1.0,0.278,33133.06,33.1331,19.31,0.008,21.5,58.78,0.067,5720.4,5.72,2746.88,36.65,41.88,accel,0.008,0.0228,0.0039,0
15:48:19.213,2569.0,78,1511.68,1771948097,0.033,0.037,-0.05,82.82,71.83,2026-02-24 21:18:17+05:30,1.0,3560.0,3,1.5,0.417,33154.72,33.1547,19.38,0.07,27.95,31.7,0.042,5949.0,5.949,2748.53,36.673,41.85,accel,0.0261,0.0244,-0.0578,0
15:48:20.214,2570.0,80,1533.58,1771948098,0.033,-0.0,-0.08,84.73,71.79,2026-02-24 21:18:18+05:30,1.0,3561.0,3,1.0,0.278,33176.94,33.1769,19.17,0.087,22.42,-0.0,0.0157,6082.8,6.083,2750.22,36.697,41.83,accel,0.0408,0.002,-0.0738,0
15:48:21.214,2571.0,80,1555.18,1771948099,0.06,-0.04,-0.073,86.84,71.74,2026-02-24 21:18:19+05:30,1.0,3562.0,3,0.0,0.0,33199.17,33.1992,19.44,0.103,35.78,-22.94,0.0197,6229.9,6.23,2751.95,36.721,41.8,cruise,0.0545,-0.0303,-0.0624,0
15:48:22.214,2572.0,80,1575.22,1771948100,0.04,-0.03,-0.043,85.13,71.78,2026-02-24 21:18:20+05:30,1.0,3563.0,3,0.0,0.0,33221.39,33.2214,19.69,0.066,37.34,-27.06,0.0624,6110.6,6.111,2753.65,36.745,41.77,cruise,0.0433,-0.0459,-0.079,0
15:48:23.213,2573.0,80,1592.44,1771948101,0.01,-0.057,-0.163,82.65,71.82,2026-02-24 21:18:21+05:30,1.0,3564.0,3,0.0,0.0,33243.61,33.2436,19.91,0.173,3.31,-19.24,0.0768,5935.9,5.936,2755.3,36.768,41.74,cruise,0.0048,-0.0414,-0.1093,0
15:48:24.213,2574.0,80,1609.18,1771948102,-0.023,-0.007,-0.02,81.67,71.84,2026-02-24 21:18:22+05:30,1.0,3565.0,3,0.0,0.0,33265.83,33.2658,20.11,0.031,-47.35,-12.93,0.0726,5867.2,5.867,2756.93,36.79,41.72,cruise,-0.0157,-0.019,-0.0798,0
15:48:25.213,2575.0,80,1619.22,1771948103,0.01,0.003,-0.07,82.11,71.83,2026-02-24 21:18:23+05:30,1.0,3566.0,3,0.0,0.0,33288.06,33.2881,20.24,0.071,8.12,2.43,0.0726,5898.0,5.898,2758.56,36.813,41.69,cruise,0.0055,0.0106,-0.0072,0
15:48:26.214,2576.0,80,1621.5,1771948104,0.03,0.017,0.073,83.46,71.8,2026-02-24 21:18:24+05:30,1.0,3567.0,3,0.0,0.0,33310.28,33.3103,20.27,0.081,21.81,12.16,0.0866,5992.4,5.992,2760.23,36.836,41.66,cruise,0.0298,0.0158,0.011,0
15:48:27.214,2577.0,80,1621.76,1771948105,0.023,-0.007,-0.083,82.86,71.81,2026-02-24 21:18:25+05:30,1.0,3568.0,3,0.0,0.0,33332.5,33.3325,20.27,0.086,15.44,-4.65,0.0793,5950.2,5.95,2761.88,36.859,41.64,cruise,0.0235,-0.0154,-0.0354,0
15:48:28.213,2578.0,80,1622.16,1771948106,0.0,-0.063,-0.03,81.0,71.85,2026-02-24 21:18:26+05:30,1.0,3569.0,3,0.0,0.0,33354.72,33.3547,20.28,0.07,0.0,-64.54,0.0298,5819.8,5.82,2763.5,36.882,41.61,cruise,0.003,-0.0469,-0.0549,0
15:48:29.213,2579.0,80,1620.24,1771948107,0.003,-0.03,-0.033,81.24,71.84,2026-02-24 21:18:27+05:30,1.0,3570.0,3,0.0,0.0,33376.94,33.3769,20.25,0.045,3.85,-42.16,0.0257,5836.3,5.836,2765.12,36.904,41.58,cruise,-0.0039,-0.0466,-0.022,0
15:48:30.214,2580.0,80,1613.28,1771948108,0.003,-0.043,0.013,81.24,71.84,2026-02-24 21:18:28+05:30,1.0,3571.0,3,0.0,0.0,33399.17,33.3992,20.17,0.045,3.82,-72.76,0.0257,5836.3,5.836,2766.74,36.927,41.56,cruise,0.012,-0.0311,0.0026,0
15:48:31.214,2581.0,80,1579.94,1771948109,0.047,-0.022,0.01,84.76,71.76,2026-02-24 21:18:29+05:30,1.0,3572.0,3,-0.5,-0.139,33421.39,33.4214,19.75,0.053,62.79,-24.6,0.0875,6082.4,6.082,2768.43,36.951,41.53,cruise,0.0384,-0.0279,0.0251,0
15:48:32.213,2582.0,79,1516.96,1771948110,0.04,-0.035,0.163,83.2,71.79,2026-02-24 21:18:30+05:30,1.0,3573.0,3,-3.0,-0.833,33443.33,33.4433,19.2,0.171,13.49,-11.78,0.1436,5972.9,5.973,2770.09,36.974,41.5,decel,0.0477,-0.0353,0.137,0
15:48:33.214,2583.0,74,1434.56,1771948111,0.037,-0.042,0.297,77.96,71.9,2026-02-24 21:18:31+05:30,1.0,3574.0,3,-5.5,-1.528,33463.89,33.4639,19.39,0.302,7.03,-7.99,0.1697,5605.3,5.605,2771.65,36.995,41.48,decel,0.0283,-0.0367,0.3411,0
15:48:34.214,2584.0,68,1320.42,1771948112,-0.007,-0.023,0.5,69.0,72.07,2026-02-24 21:18:32+05:30,1.0,3575.0,3,-6.5,-1.806,33482.78,33.4828,19.42,0.501,-0.8,-2.63,0.1446,4972.8,4.973,2773.03,37.015,41.45,decel,0.0022,-0.0291,0.4469,0
15:48:35.214,2585.0,61,1182.6,1771948113,-0.007,-0.02,0.22,62.0,72.21,2026-02-24 21:18:33+05:30,1.0,3576.0,3,-6.5,-1.806,33499.72,33.4997,19.39,0.221,-1.81,-5.19,0.2951,4477.0,4.477,2774.27,37.032,41.43,decel,-0.0125,-0.0182,0.265,0
15:48:36.213,2586.0,55,1060.12,1771948114,-0.013,-0.007,-0.09,56.0,72.33,2026-02-24 21:18:34+05:30,1.0,3577.0,3,-5.5,-1.528,33515.0,33.515,19.27,0.091,-8.19,-4.4,0.3544,4050.5,4.05,2775.4,37.047,41.41,decel,-0.0141,-0.0023,-0.1259,0
15:48:37.214,2587.0,50,969.4,1771948115,0.008,0.023,-0.487,51.64,72.42,2026-02-24 21:18:35+05:30,1.0,3578.0,3,-4.5,-1.25,33528.89,33.5289,19.39,0.488,0.94,2.7,0.2504,3739.8,3.74,2776.43,37.062,41.4,decel,0.0118,0.0135,-0.4569,0
15:48:38.214,2588.0,46,899.42,1771948116,0.055,-0.0,-0.553,51.4,72.42,2026-02-24 21:18:36+05:30,1.0,3579.0,3,-3.0,-0.833,33541.67,33.5417,19.55,0.556,5.68,-0.0,0.033,3722.4,3.722,2777.47,37.076,41.38,decel,0.0562,0.0121,-0.5707,0
15:48:39.214,2589.0,44,861.3,1771948117,0.052,0.007,-0.517,49.16,72.46,2026-02-24 21:18:37+05:30,1.0,3580.0,3,-0.5,-0.139,33553.89,33.5539,19.58,0.52,5.74,0.77,0.08,3562.1,3.562,2778.46,37.09,41.37,cruise,0.0465,-0.0065,-0.5147,0
15:48:40.213,2590.0,45,871.9,1771948118,-0.053,-0.032,-0.4,47.39,72.5,2026-02-24 21:18:38+05:30,1.0,3581.0,3,1.5,0.417,33566.39,33.5664,19.38,0.405,-7.52,-4.53,0.1287,3435.8,3.436,2779.41,37.103,41.35,accel,-0.0511,-0.0191,-0.3937,0
15:48:41.213,2591.0,47,916.72,1771948119,-0.143,-0.005,-0.26,50.53,72.43,2026-02-24 21:18:39+05:30,1.0,3582.0,3,2.5,0.694,33579.44,33.5794,19.5,0.297,-28.81,-0.97,0.1191,3659.9,3.66,2780.43,37.117,41.33,accel,-0.1417,-0.0134,-0.2665,0
15:48:42.214,2592.0,50,972.98,1771948120,-0.13,-0.005,-0.163,54.11,72.36,2026-02-24 21:18:40+05:30,1.0,3583.0,3,3.5,0.972,33593.33,33.5933,19.46,0.209,-38.56,-1.37,0.0853,3915.4,3.915,2781.52,37.132,41.32,accel,-0.1273,-0.003,-0.1612,0
15:48:43.214,2593.0,54,1041.02,1771948121,-0.043,-0.0,-0.09,58.7,72.27,2026-02-24 21:18:41+05:30,1.0,3584.0,3,4.0,1.111,33608.33,33.6083,19.28,0.1,-25.54,-0.0,0.0619,4242.2,4.242,2782.69,37.148,41.3,accel,-0.0483,0.0025,-0.0874,0
15:48:44.214,2594.0,58,1120.94,1771948122,-0.003,0.013,-0.04,62.89,72.18,2026-02-24 21:18:42+05:30,1.0,3585.0,3,4.0,1.111,33624.44,33.6244,19.33,0.042,-4.08,17.96,0.0348,4539.4,4.539,2783.96,37.166,41.28,accel,-0.0026,0.0088,-0.0432,0
15:48:45.214,2595.0,62,1196.5,1771948123,-0.013,0.01,-0.023,66.55,72.11,2026-02-24 21:18:43+05:30,1.0,3586.0,3,3.5,0.972,33641.67,33.6417,19.3,0.028,-27.4,20.73,0.015,4798.9,4.799,2785.29,37.184,41.25,accel,-0.007,0.0146,-0.0227,0
15:48:46.214,2596.0,65,1262.76,1771948124,-0.007,0.013,-0.01,69.16,72.05,2026-02-24 21:18:44+05:30,1.0,3587.0,3,3.5,0.972,33659.72,33.6597,19.43,0.018,-23.11,46.8,0.0075,4983.0,4.983,2786.67,37.203,41.23,accel,-0.0166,0.0084,-0.0098,0
15:48:47.213,2597.0,69,1322.78,1771948125,-0.023,-0.017,-0.023,72.81,71.98,2026-02-24 21:18:45+05:30,1.0,3588.0,3,3.0,0.833,33678.89,33.6789,19.17,0.037,-38.81,-27.59,0.0316,5240.9,5.241,2788.13,37.224,41.21,accel,-0.0112,-0.0124,-0.0159,0
15:48:48.213,2598.0,71,1375.22,1771948126,0.003,-0.023,-0.07,74.7,71.94,2026-02-24 21:18:46+05:30,1.0,3589.0,3,2.5,0.694,33698.61,33.6986,19.37,0.074,2.33,-18.17,0.1181,5373.9,5.374,2789.62,37.244,41.18,accel,-0.0098,-0.0292,-0.0878,0
15:48:49.214,2599.0,74,1421.34,1771948127,-0.043,-0.03,-0.247,76.54,71.9,2026-02-24 21:18:47+05:30,1.0,3590.0,3,2.0,0.556,33719.17,33.7192,19.21,0.253,-9.8,-6.82,0.143,5503.2,5.503,2791.15,37.266,41.16,accel,-0.0305,-0.0215,-0.2259,0
15:48:50.214,2600.0,75,1436.9,1771948128,-0.043,0.007,-0.353,76.0,71.91,2026-02-24 21:18:48+05:30,1.0,3591.0,3,0.0,0.0,33740.0,33.74,19.16,0.356,-6.94,1.13,0.1015,5465.2,5.465,2792.67,37.287,41.13,cruise,-0.0556,-0.0006,-0.3668,0
15:48:51.213,2601.0,74,1417.68,1771948129,-0.057,0.003,-0.45,75.0,71.93,2026-02-24 21:18:49+05:30,1.0,3592.0,3,-2.0,-0.556,33760.56,33.7606,19.16,0.454,-7.22,0.38,0.0527,5394.8,5.395,2794.17,37.307,41.11,decel,-0.0453,0.0048,-0.4488,0
15:48:52.213,2602.0,71,1378.8,1771948130,0.007,-0.017,-0.437,72.56,71.97,2026-02-24 21:18:50+05:30,1.0,3593.0,3,-2.5,-0.694,33780.28,33.7803,19.42,0.437,0.92,-2.23,0.0871,5222.1,5.222,2795.62,37.328,41.09,decel,0.0002,-0.0119,-0.428,0
15:48:53.214,2603.0,69,1326.48,1771948131,0.023,-0.033,-0.293,71.84,71.99,2026-02-24 21:18:51+05:30,1.0,3594.0,3,-2.5,-0.694,33799.44,33.7994,19.22,0.296,4.46,-6.41,0.1194,5171.8,5.172,2797.05,37.348,41.06,decel,0.0254,-0.0424,-0.3067,0
15:48:54.214,2604.0,66,1276.52,1771948132,0.01,-0.087,-0.2,67.8,72.06,2026-02-24 21:18:52+05:30,1.0,3595.0,3,-2.0,-0.556,33817.78,33.8178,19.34,0.218,2.63,-23.48,0.09,4885.7,4.886,2798.41,37.366,41.04,decel,0.0048,-0.0768,-0.1802,0
15:48:55.214,2605.0,65,1262.8,1771948133,-0.03,-0.08,-0.113,66.26,72.09,2026-02-24 21:18:53+05:30,1.0,3596.0,3,0.5,0.139,33835.83,33.8358,19.43,0.142,-12.23,-34.38,0.0439,4776.7,4.777,2799.74,37.385,41.02,cruise,-0.019,-0.0901,-0.1412,0
15:48:56.214,2606.0,67,1286.92,1771948134,-0.01,-0.073,-0.167,69.81,72.02,2026-02-24 21:18:54+05:30,1.0,3597.0,3,2.0,0.556,33854.44,33.8544,19.21,0.183,-3.14,-23.57,0.0355,5027.7,5.028,2801.13,37.404,41.0,accel,-0.0211,-0.064,-0.1428,0
15:48:57.213,2607.0,69,1335.22,1771948135,-0.033,-0.027,-0.1,72.81,71.96,2026-02-24 21:18:55+05:30,1.0,3598.0,3,3.0,0.833,33873.61,33.8736,19.35,0.109,-17.67,-14.38,0.051,5239.4,5.239,2802.59,37.424,40.97,accel,-0.027,-0.0293,-0.1031,0
15:48:58.213,2608.0,73,1399.18,1771948136,-0.033,-0.017,-0.067,76.92,71.88,2026-02-24 21:18:56+05:30,1.0,3599.0,3,3.0,0.833,33893.89,33.8939,19.17,0.077,-25.52,-12.82,0.0526,5529.0,5.529,2804.13,37.446,40.95,accel,-0.0362,-0.0266,-0.0818,0
15:48:59.214,2609.0,75,1452.18,1771948137,-0.023,-0.053,-0.17,77.94,71.85,2026-02-24 21:18:57+05:30,1.0,3600.0,3,2.0,0.556,33914.72,33.9147,19.36,0.18,-7.36,-17.17,0.1015,5600.0,5.6,2805.68,37.467,40.92,accel,-0.0185,-0.0357,-0.1566,0
15:49:00.214,2610.0,77,1476.88,1771948138,0.02,-0.01,-0.27,80.02,71.81,2026-02-24 21:18:58+05:30,1.0,3601.0,3,0.5,0.139,33936.11,33.9361,19.18,0.271,4.23,-2.12,0.1138,5746.2,5.746,2807.28,37.49,40.89,cruise,0.0157,-0.0244,-0.2754,0
15:49:01.214,2611.0,76,1468.92,1771948139,0.027,-0.027,-0.397,79.16,71.82,2026-02-24 21:18:59+05:30,1.0,3602.0,3,-2.0,-0.556,33957.22,33.9572,19.33,0.399,3.88,-3.88,0.0635,5685.3,5.685,2808.86,37.512,40.87,decel,0.0278,-0.019,-0.3786,0
15:49:02.214,2612.0,73,1415.98,1771948140,0.017,-0.027,-0.33,75.36,71.9,2026-02-24 21:19:00+05:30,1.0,3603.0,3,-5.5,-1.528,33977.5,33.9775,19.4,0.332,2.94,-4.67,0.0788,5418.4,5.418,2810.36,37.533,40.84,decel,0.0187,-0.0342,-0.3914,0
15:49:03.214,2613.0,65,1262.86,1771948141,0.02,-0.03,-0.24,67.6,72.05,2026-02-24 21:19:01+05:30,1.0,3604.0,3,-10.5,-2.917,33995.56,33.9956,19.43,0.243,4.73,-7.1,0.425,4870.6,4.871,2811.71,37.551,40.82,decel,0.0186,-0.0209,-0.1378,0
15:49:04.214,2614.0,52,1004.04,1771948142,0.03,0.043,0.447,55.4,72.29,2026-02-24 21:19:02+05:30,1.0,3605.0,3,-13.5,-3.75,34010.0,34.01,19.31,0.45,3.82,5.48,0.4216,4004.9,4.005,2812.83,37.567,40.8,decel,0.0314,0.0366,0.3413,0
15:49:05.214,2615.0,38,745.34,1771948143,0.043,0.07,0.527,42.44,72.55,2026-02-24 21:19:03+05:30,1.0,3606.0,3,-11.5,-3.194,34020.56,34.0206,19.61,0.533,4.62,7.54,0.0462,3079.0,3.079,2813.68,37.579,40.79,decel,0.0395,0.0726,0.6197,0
15:49:06.998,0.0,29,567.8,1771948144,0.03,0.05,0.527,32.4,72.75,2026-02-24 21:19:04+05:30,1.0,3607.0,3,-1.0,-0.278,34028.61,34.0286,19.58,0.53,3.24,5.41,0.3043,2357.1,2.357,2814.34,37.588,40.78,decel,0.0362,0.0458,0.4328,0
15:49:07.998,0.0,36,0.0,1771948147,0.035,-0.003,0.0,39.8,72.6,2026-02-24 21:19:07+05:30,3.0,3610.0,3,6.5,1.806,34058.61,34.0586,0.0,0.035,85.1,-4.9,0.3006,2889.5,2.889,2816.75,37.621,40.74,accel,0.0275,0.0041,0.0838,0
15:49:08.998,0.0,42,0.0,1771948149,0.015,0.007,0.013,68.13,72.03,2026-02-24 21:19:09+05:30,2.0,3612.0,3,6.5,1.806,34081.94,34.0819,0.0,0.021,45.45,19.43,0.0355,4907.4,4.907,2819.47,37.659,40.7,accel,0.0211,0.0017,-0.0271,0
15:49:14.214,2624.0,49,957.02,1771948152,0.022,0.027,0.067,78.1,71.83,2026-02-24 21:19:12+05:30,3.0,3615.0,3,6.5,1.806,34122.78,34.1228,19.53,0.076,16.94,20.95,0.0575,5609.9,5.61,2824.15,37.724,40.62,accel,0.02,0.0282,0.0654,0
15:49:15.213,2625.0,55,1053.66,1771948153,0.02,0.05,0.128,62.0,72.15,2026-02-24 21:19:13+05:30,1.0,3616.0,3,5.0,1.389,34138.06,34.1381,19.16,0.139,8.28,21.1,0.059,4473.3,4.473,2825.39,37.741,40.6,accel,0.0178,0.0511,0.1389,0
15:49:16.214,2626.0,59,1133.22,1771948154,0.013,0.06,0.185,64.56,72.1,2026-02-24 21:19:14+05:30,1.0,3617.0,3,3.5,0.972,34154.44,34.1544,19.21,0.195,3.82,17.93,0.0795,4654.8,4.655,2826.68,37.759,40.58,accel,0.0158,0.0584,0.1835,0
15:49:17.213,2627.0,62,1194.46,1771948155,0.023,0.043,0.285,67.14,72.05,2026-02-24 21:19:15+05:30,1.0,3618.0,3,2.0,0.556,34171.67,34.1717,19.27,0.289,4.56,8.55,0.101,4837.4,4.837,2828.03,37.777,40.56,accel,0.0228,0.0465,0.2794,0
15:49:18.213,2628.0,63,1225.04,1771948156,0.027,0.033,0.387,66.92,72.05,2026-02-24 21:19:16+05:30,1.0,3619.0,3,0.5,0.139,34189.17,34.1892,19.45,0.389,3.98,4.86,0.0893,4821.6,4.822,2829.37,37.796,40.53,cruise,0.0253,0.0242,0.3952,0
15:49:19.214,2629.0,63,1224.92,1771948157,0.0,-0.0,0.463,64.0,72.11,2026-02-24 21:19:17+05:30,1.0,3620.0,3,0.0,0.0,34206.67,34.2067,19.44,0.463,0.0,-0.0,0.038,4615.0,4.615,2830.65,37.814,40.51,cruise,0.0018,0.0153,0.4537,0
15:49:20.214,2630.0,63,1207.88,1771948158,-0.027,0.04,0.423,64.0,72.11,2026-02-24 21:19:18+05:30,1.0,3621.0,3,-1.0,-0.278,34224.17,34.2242,19.17,0.426,-3.64,5.39,0.0482,4615.0,4.615,2831.93,37.832,40.49,decel,-0.0298,0.0223,0.4315,0
15:49:21.213,2631.0,61,1175.52,1771948159,-0.03,0.01,0.367,62.0,72.14,2026-02-24 21:19:19+05:30,1.0,3622.0,3,-1.5,-0.417,34241.11,34.2411,19.27,0.368,-4.67,1.56,0.0812,4472.7,4.473,2833.17,37.849,40.47,decel,-0.0259,0.0248,0.3594,0
15:49:22.214,2632.0,60,1158.16,1771948160,0.017,0.033,0.263,62.36,72.13,2026-02-24 21:19:20+05:30,1.0,3623.0,3,0.0,0.0,34257.78,34.2578,19.3,0.266,3.67,7.14,0.0904,4498.0,4.498,2834.42,37.866,40.45,cruise,0.0146,0.0224,0.272,0
15:49:23.214,2633.0,61,1172.38,1771948161,0.037,0.023,0.187,66.41,72.05,2026-02-24 21:19:21+05:30,1.0,3624.0,3,1.5,0.417,34274.72,34.2747,19.22,0.192,11.11,6.88,0.0988,4784.8,4.785,2835.75,37.885,40.43,accel,0.0373,0.0305,0.1762,0
15:49:24.214,2634.0,63,1216.04,1771948162,0.01,0.05,0.067,67.36,72.03,2026-02-24 21:19:22+05:30,1.0,3625.0,3,2.5,0.694,34292.22,34.2922,19.3,0.084,6.82,36.43,0.0917,4851.9,4.852,2837.1,37.903,40.41,accel,0.0083,0.045,0.0772,0
15:49:25.214,2635.0,66,1274.92,1771948163,-0.04,0.04,0.007,70.14,71.97,2026-02-24 21:19:23+05:30,1.0,3626.0,3,3.5,0.972,34310.56,34.3106,19.32,0.057,-44.57,44.57,0.0536,5048.0,5.048,2838.5,37.923,40.38,accel,-0.0367,0.0438,-0.0008,0
15:49:26.213,2636.0,70,1341.46,1771948164,-0.05,0.027,-0.04,74.38,71.89,2026-02-24 21:19:24+05:30,1.0,3627.0,3,3.5,0.972,34330.0,34.33,19.16,0.069,-46.01,22.86,0.0243,5347.2,5.347,2839.99,37.943,40.36,accel,-0.0515,0.0215,-0.0352,0
15:49:27.213,2637.0,73,1410.24,1771948165,-0.04,-0.01,-0.027,77.29,71.83,2026-02-24 21:19:25+05:30,1.0,3628.0,3,3.0,0.833,34350.28,34.3503,19.32,0.049,-54.25,-11.71,0.015,5551.7,5.552,2841.53,37.965,40.34,accel,-0.041,-0.0011,-0.0287,0
15:49:28.214,2638.0,76,1473.12,1771948166,-0.033,0.01,-0.01,80.01,71.77,2026-02-24 21:19:26+05:30,1.0,3629.0,3,3.0,0.833,34371.39,34.3714,19.38,0.036,-66.8,16.17,0.0098,5742.3,5.742,2843.12,37.987,40.31,accel,-0.0314,-0.0014,-0.0101,0
15:49:29.214,2639.0,79,1530.58,1771948167,-0.02,0.013,-0.01,82.73,71.71,2026-02-24 21:19:27+05:30,1.0,3630.0,3,1.5,0.417,34393.33,34.3933,19.37,0.026,-50.65,30.17,0.0098,5932.6,5.933,2844.77,38.01,40.28,accel,-0.0219,0.0246,-0.0098,0
15:49:30.214,2640.0,79,1582.22,1771948168,0.0,0.07,-0.027,82.65,71.71,2026-02-24 21:19:28+05:30,1.0,3631.0,3,0.0,0.0,34415.28,34.4153,20.03,0.075,0.0,68.91,0.015,5926.8,5.927,2846.42,38.033,40.26,cruise,0.0024,0.0613,-0.0278,0
15:49:31.213,2641.0,79,1636.6,1771948169,0.033,0.08,-0.04,85.24,71.66,2026-02-24 21:19:29+05:30,1.0,3632.0,3,0.0,0.0,34437.22,34.4372,20.72,0.095,20.25,57.05,0.0075,6108.3,6.108,2848.11,38.057,40.23,cruise,0.0323,0.0838,-0.0384,0
15:49:32.214,2642.0,79,1686.24,1771948170,0.043,0.08,-0.027,85.8,71.65,2026-02-24 21:19:30+05:30,1.0,3633.0,3,0.0,0.0,34459.17,34.4592,21.34,0.095,26.99,57.6,0.015,6147.6,6.148,2849.82,38.081,40.2,cruise,0.039,0.0801,-0.0279,0
15:49:33.214,2643.0,79,1731.06,1771948171,0.0,0.058,-0.01,82.08,71.72,2026-02-24 21:19:31+05:30,1.0,3634.0,3,0.0,0.0,34481.11,34.4811,21.91,0.059,0.0,80.22,0.0091,5886.8,5.887,2851.46,38.103,40.17,cruise,0.0102,0.0564,-0.011,0
15:49:34.214,2644.0,79,1769.42,1771948172,-0.013,0.025,-0.013,81.73,71.72,2026-02-24 21:19:32+05:30,1.0,3635.0,3,0.0,0.0,34503.06,34.5031,22.4,0.031,-24.77,53.67,0.0051,5861.7,5.862,2853.08,38.126,40.15,cruise,-0.0302,0.026,-0.0097,0
15:49:35.214,2645.0,79,1800.08,1771948173,-0.06,0.005,-0.02,81.32,71.73,2026-02-24 21:19:33+05:30,1.0,3636.0,3,0.0,0.0,34525.0,34.525,22.79,0.063,-71.04,4.52,0.0157,5833.1,5.833,2854.71,38.149,40.12,cruise,-0.0386,0.0058,-0.026,0
15:49:36.214,2646.0,79,1822.42,1771948174,0.013,0.013,-0.043,81.69,71.72,2026-02-24 21:19:34+05:30,1.0,3637.0,3,0.0,0.0,34546.94,34.5469,23.07,0.047,16.14,16.14,0.0182,5858.8,5.859,2856.33,38.171,40.09,cruise,-0.0061,0.0098,-0.0355,0
15:49:37.213,2647.0,79,1825.88,1771948175,0.007,0.027,-0.007,80.56,71.74,2026-02-24 21:19:35+05:30,1.0,3638.0,3,0.0,0.0,34568.89,34.5689,23.11,0.029,14.09,69.86,0.0316,5779.4,5.779,2857.94,38.194,40.07,cruise,0.0205,0.0338,-0.0141,0
15:49:38.214,2648.0,79,1812.34,1771948176,0.017,0.067,0.02,81.36,71.72,2026-02-24 21:19:36+05:30,1.0,3639.0,3,0.0,0.0,34590.83,34.5908,22.94,0.072,13.67,68.61,0.03,5835.1,5.835,2859.56,38.216,40.04,cruise,0.0073,0.0562,0.0267,0
15:49:39.214,2649.0,79,1793.92,1771948177,-0.023,0.043,0.053,80.0,71.75,2026-02-24 21:19:37+05:30,1.0,3640.0,3,0.0,0.0,34612.78,34.6128,22.71,0.072,-18.62,36.66,0.0169,5740.0,5.74,2861.15,38.239,40.01,cruise,-0.0172,0.0567,0.0474,0
15:49:40.214,2650.0,79,1760.62,1771948178,-0.013,0.043,0.03,80.0,71.74,2026-02-24 21:19:38+05:30,1.0,3641.0,3,0.0,0.0,34634.72,34.6347,22.29,0.054,-13.93,52.75,0.0201,5739.2,5.739,2862.75,38.261,39.99,cruise,-0.0132,0.0285,0.0324,0
15:49:41.213,2651.0,79,1713.52,1771948179,0.01,-0.027,0.013,80.8,71.73,2026-02-24 21:19:39+05:30,1.0,3642.0,3,0.0,0.0,34656.67,34.6567,21.69,0.032,18.45,-58.72,0.0165,5795.8,5.796,2864.36,38.283,39.96,cruise,0.0065,-0.0139,0.0117,0
15:49:42.214,2652.0,79,1666.56,1771948180,0.0,-0.023,-0.003,80.0,71.74,2026-02-24 21:19:40+05:30,1.0,3643.0,3,0.0,0.0,34678.61,34.6786,21.1,0.023,0.0,-82.57,0.015,5739.2,5.739,2865.95,38.305,39.93,cruise,0.0045,-0.0355,0.0048,0
15:49:43.214,2653.0,79,1617.28,1771948181,-0.007,-0.033,0.027,80.0,71.74,2026-02-24 21:19:41+05:30,1.0,3644.0,3,0.0,0.0,34700.56,34.7006,20.47,0.043,-9.32,-49.79,0.0315,5739.2,5.739,2867.55,38.328,39.91,cruise,-0.0136,-0.0182,0.0099,0
15:49:44.214,2654.0,79,1557.84,1771948182,-0.013,0.027,0.06,80.0,71.74,2026-02-24 21:19:42+05:30,1.0,3645.0,3,-0.5,-0.139,34722.5,34.7225,19.72,0.067,-11.18,23.74,0.1129,5739.2,5.739,2869.14,38.35,39.88,cruise,-0.0035,0.0099,0.0755,0
15:49:45.213,2655.0,78,1500.6,1771948183,0.057,-0.003,0.237,83.56,71.66,2026-02-24 21:19:43+05:30,1.0,3646.0,3,-2.0,-0.556,34744.17,34.7442,19.24,0.244,13.52,-0.71,0.143,5987.9,5.988,2870.8,38.373,39.86,decel,0.0478,0.0136,0.235,0
15:49:46.214,2656.0,75,1440.18,1771948184,0.093,0.01,0.343,83.44,71.66,2026-02-24 21:19:44+05:30,1.0,3647.0,3,-3.5,-0.972,34765.0,34.765,19.2,0.356,15.16,1.61,0.0886,5979.3,5.979,2872.46,38.396,39.83,decel,0.0995,-0.005,0.3377,0
15:49:47.214,2657.0,71,1363.2,1771948185,0.113,-0.04,0.167,81.04,71.71,2026-02-24 21:19:45+05:30,1.0,3648.0,3,-4.5,-1.25,34784.72,34.7847,19.2,0.206,33.35,-11.22,0.2645,5811.4,5.811,2874.08,38.419,39.8,decel,0.1099,-0.0263,0.1721,0
15:49:48.214,2658.0,66,1274.1,1771948186,0.083,-0.037,-0.177,73.64,71.86,2026-02-24 21:19:46+05:30,1.0,3649.0,3,-5.0,-1.389,34803.06,34.8031,19.3,0.199,24.66,-10.72,0.3154,5291.8,5.292,2875.55,38.439,39.78,decel,0.081,-0.0476,-0.194,0
15:49:49.214,2659.0,61,1175.58,1771948187,0.033,-0.073,-0.463,64.64,72.03,2026-02-24 21:19:47+05:30,1.0,3650.0,3,-4.5,-1.25,34820.0,34.82,19.27,0.47,4.03,-8.94,0.1433,4656.0,4.656,2876.84,38.457,39.76,decel,0.041,-0.0684,-0.4297,0
15:49:50.214,2660.0,57,1093.84,1771948188,0.013,-0.07,-0.337,59.04,72.14,2026-02-24 21:19:48+05:30,1.0,3651.0,3,-3.5,-0.972,34835.83,34.8358,19.19,0.344,2.16,-11.73,0.1315,4259.1,4.259,2878.03,38.474,39.74,decel,0.0017,-0.0683,-0.3674,0
15:49:51.214,2661.0,54,1047.88,1771948189,-0.047,-0.027,-0.2,55.0,72.22,2026-02-24 21:19:49+05:30,1.0,3652.0,3,-1.0,-0.278,34850.83,34.8508,19.41,0.207,-13.11,-7.49,0.1286,3972.1,3.972,2879.13,38.489,39.72,decel,-0.0362,-0.033,-0.1824,0
15:49:52.214,2662.0,55,1054.08,1771948190,-0.04,0.007,-0.08,57.14,72.18,2026-02-24 21:19:50+05:30,1.0,3653.0,3,1.5,0.417,34866.11,34.8661,19.17,0.09,-26.48,4.47,0.0611,4124.4,4.124,2880.27,38.505,39.7,accel,-0.05,0.0163,-0.0945,0
15:49:53.214,2663.0,57,1093.28,1771948191,-0.03,0.057,-0.16,60.41,72.11,2026-02-24 21:19:51+05:30,1.0,3654.0,3,2.5,0.694,34881.94,34.8819,19.18,0.172,-10.02,19.3,0.0712,4356.2,4.356,2881.48,38.522,39.68,accel,-0.0196,0.0453,-0.1404,0
15:49:54.213,2664.0,60,1150.38,1771948192,0.037,0.037,-0.222,66.33,71.99,2026-02-24 21:19:52+05:30,1.0,3655.0,3,2.5,0.694,34898.61,34.8986,19.17,0.228,9.34,9.34,0.0676,4775.1,4.775,2882.81,38.54,39.66,accel,0.029,0.0475,-0.2428,0
15:49:55.214,2665.0,62,1188.2,1771948193,0.053,0.047,-0.295,68.58,71.95,2026-02-24 21:19:53+05:30,1.0,3656.0,3,1.0,0.278,34915.83,34.9158,19.16,0.303,10.06,8.91,0.0382,4934.3,4.934,2884.18,38.559,39.64,accel,0.054,0.0416,-0.289,0
15:49:56.214,2666.0,62,1203.86,1771948194,0.047,0.04,-0.278,67.31,71.97,2026-02-24 21:19:54+05:30,1.0,3657.0,3,0.5,0.139,34933.06,34.9331,19.42,0.285,9.5,8.07,0.0337,4844.3,4.844,2885.53,38.578,39.61,cruise,0.0531,0.0383,-0.257,0
15:49:57.214,2667.0,63,1210.02,1771948195,0.053,0.017,-0.343,68.24,71.95,2026-02-24 21:19:55+05:30,1.0,3658.0,3,0.0,0.0,34950.56,34.9506,19.21,0.347,8.77,2.8,0.2885,4909.9,4.91,2886.89,38.597,39.59,cruise,0.0439,0.0259,-0.3709,0
15:49:58.214,2668.0,62,1188.58,1771948196,0.02,-0.0,-0.807,64.6,72.02,2026-02-24 21:19:56+05:30,1.0,3659.0,3,-2.5,-0.694,34967.78,34.9678,19.17,0.807,1.42,-0.0,0.416,4652.5,4.652,2888.18,38.615,39.57,decel,0.0288,-0.0121,-0.7975,0
15:49:59.214,2669.0,58,1118.88,1771948197,0.02,-0.063,-1.173,60.6,72.1,2026-02-24 21:19:57+05:30,1.0,3660.0,3,-4.5,-1.25,34983.89,34.9839,19.29,1.175,0.98,-3.07,0.2285,4369.3,4.369,2889.4,38.631,39.55,decel,0.0126,-0.058,-1.1947,0
15:50:00.213,2670.0,53,1031.7,1771948198,0.013,-0.09,-1.227,55.04,72.21,2026-02-24 21:19:58+05:30,1.0,3661.0,3,-5.5,-1.528,34998.61,34.9986,19.47,1.23,0.61,-4.19,0.2652,3974.4,3.974,2890.5,38.647,39.53,decel,0.0177,-0.0791,-1.1418,0
15:50:01.213,2671.0,47,917.72,1771948199,0.057,-0.07,-0.743,52.56,72.26,2026-02-24 21:19:59+05:30,1.0,3662.0,3,-9.0,-2.5,35011.67,35.0117,19.53,0.748,4.37,-5.37,0.2439,3798.0,3.798,2891.56,38.661,39.52,decel,0.0574,-0.0949,-0.8778,0
15:50:02.214,2672.0,35,670.92,1771948200,0.123,-0.167,-1.037,45.84,72.39,2026-02-24 21:20:00+05:30,1.0,3663.0,3,-9.5,-2.639,35021.39,35.0214,19.17,1.058,6.68,-9.09,0.1559,3318.4,3.318,2892.48,38.674,39.5,decel,0.1168,-0.1373,-0.9006,0
15:50:03.214,2673.0,28,542.24,1771948201,0.153,-0.14,-0.98,41.24,72.48,2026-02-24 21:20:01+05:30,1.0,3664.0,3,-7.5,-2.083,35029.17,35.0292,19.37,1.002,8.79,-8.03,0.1367,2989.1,2.989,2893.31,38.686,39.49,decel,0.1626,-0.1698,-1.1171,0
15:50:04.214,2674.0,20,392.0,1771948202,0.163,-0.17,-1.24,34.04,72.62,2026-02-24 21:20:02+05:30,1.0,3665.0,3,-5.5,-1.528,35034.72,35.0347,19.6,1.262,7.42,-7.74,0.3182,2472.0,2.472,2893.99,38.695,39.48,decel,0.1561,-0.1417,-1.0838,0
15:50:05.213,2675.0,17,341.96,1771948203,0.09,-0.06,-0.607,25.2,72.8,2026-02-24 21:20:03+05:30,1.0,3666.0,3,-1.0,-0.278,35039.44,35.0394,20.12,0.617,8.39,-5.58,0.3954,1834.6,1.835,2894.5,38.702,39.47,decel,0.0876,-0.0805,-0.7572,0
15:50:06.214,2676.0,18,357.5,1771948204,0.0,-0.053,-0.513,23.49,72.83,2026-02-24 21:20:04+05:30,1.0,3667.0,3,5.0,1.389,35044.44,35.0444,19.86,0.516,0.0,-5.9,0.2714,1710.8,1.711,2894.98,38.709,39.46,accel,0.0109,-0.0465,-0.4116,0
15:50:07.214,2677.0,27,521.72,1771948205,-0.003,-0.04,-0.097,34.44,72.61,2026-02-24 21:20:05+05:30,1.0,3668.0,3,7.0,1.944,35051.94,35.0519,19.32,0.105,-1.64,-22.4,0.3002,2500.7,2.501,2895.67,38.718,39.45,accel,-0.0162,-0.0369,-0.1413,0
15:50:08.214,2678.0,32,614.98,1771948206,-0.023,-0.02,0.07,39.87,72.5,2026-02-24 21:20:06+05:30,1.0,3669.0,3,7.0,1.944,35060.83,35.0608,19.22,0.076,-17.53,-15.19,0.1489,2890.6,2.891,2896.48,38.729,39.44,accel,-0.0096,-0.0216,0.0818,0
15:50:09.214,2679.0,41,796.42,1771948207,0.0,-0.01,0.2,49.81,72.3,2026-02-24 21:20:07+05:30,1.0,3670.0,3,8.0,2.222,35072.22,35.0722,19.42,0.2,0.0,-2.86,0.0723,3601.3,3.601,2897.48,38.743,39.42,accel,-0.0143,-0.0151,0.1977,0
15:50:10.213,2680.0,48,927.36,1771948208,-0.04,-0.033,0.19,54.98,72.2,2026-02-24 21:20:08+05:30,1.0,3671.0,3,6.5,1.806,35085.56,35.0856,19.32,0.197,-11.72,-9.65,0.0339,3969.6,3.97,2898.58,38.758,39.4,accel,-0.0279,-0.0255,0.1882,0
15:50:11.214,2681.0,54,1035.46,1771948209,-0.017,-0.017,0.137,59.92,72.1,2026-02-24 21:20:09+05:30,1.0,3672.0,3,5.0,1.389,35100.56,35.1006,19.18,0.139,-7.02,-7.02,0.0318,4320.2,4.32,2899.78,38.775,39.38,accel,-0.0223,-0.0221,0.1437,0
15:50:12.214,2682.0,58,1124.26,1771948210,0.0,-0.003,0.133,63.01,72.03,2026-02-24 21:20:10+05:30,1.0,3673.0,3,4.0,1.111,35116.67,35.1167,19.38,0.133,0.0,-1.29,0.0433,4538.6,4.539,2901.04,38.792,39.36,accel,-0.0021,0.001,0.1221,0
15:50:13.214,2683.0,62,1196.0,1771948211,-0.003,0.027,0.06,66.01,71.97,2026-02-24 21:20:11+05:30,1.0,3674.0,3,3.0,0.833,35133.89,35.1339,19.29,0.066,-2.61,24.2,0.075,4750.7,4.751,2902.36,38.811,39.34,accel,0.0041,0.0197,0.078,0
15:50:14.214,2684.0,64,1244.74,1771948212,-0.003,0.017,-0.017,66.55,71.96,2026-02-24 21:20:12+05:30,1.0,3675.0,3,1.5,0.417,35151.67,35.1517,19.45,0.024,-7.11,44.56,0.1319,4788.9,4.789,2903.69,38.829,39.32,accel,-0.0129,0.0287,-0.0436,0
15:50:15.214,2685.0,65,1258.0,1771948213,-0.047,0.05,-0.197,66.51,71.96,2026-02-24 21:20:13+05:30,1.0,3676.0,3,1.0,0.278,35169.72,35.1697,19.35,0.209,-13.02,13.87,0.0912,4786.1,4.786,2905.02,38.848,39.3,accel,-0.0368,0.0362,-0.1708,0
15:50:16.213,2686.0,66,1265.24,1771948214,-0.037,0.033,-0.133,67.22,71.94,2026-02-24 21:20:14+05:30,1.0,3677.0,3,0.5,0.139,35188.06,35.1881,19.17,0.142,-15.11,13.44,0.1021,4835.8,4.836,2906.36,38.866,39.27,cruise,-0.0449,0.0458,-0.1522,0
15:50:17.214,2687.0,66,1266.74,1771948215,-0.03,0.073,0.003,67.0,71.95,2026-02-24 21:20:15+05:30,1.0,3678.0,3,0.0,0.0,35206.39,35.2064,19.19,0.079,-22.32,67.56,0.1637,4820.7,4.821,2907.7,38.885,39.25,cruise,-0.0263,0.0616,0.0219,0
15:50:18.214,2688.0,66,1264.5,1771948216,0.007,0.06,0.193,67.82,71.93,2026-02-24 21:20:16+05:30,1.0,3679.0,3,0.0,0.0,35224.72,35.2247,19.16,0.202,1.98,17.26,0.0996,4878.3,4.878,2909.06,38.904,39.23,cruise,0.0087,0.0722,0.1727,0
15:50:19.214,2689.0,66,1277.04,1771948217,0.04,0.063,0.15,71.44,71.85,2026-02-24 21:20:17+05:30,1.0,3680.0,3,1.0,0.278,35243.06,35.2431,19.35,0.168,13.81,22.09,0.0734,5133.0,5.133,2910.48,38.924,39.21,accel,0.034,0.05,0.1627,0
15:50:20.214,2690.0,68,1314.14,1771948218,0.027,-0.007,0.05,72.84,71.82,2026-02-24 21:20:18+05:30,1.0,3681.0,3,2.0,0.556,35261.94,35.2619,19.33,0.057,28.14,-7.02,0.095,5231.4,5.231,2911.94,38.944,39.18,accel,0.0342,0.0017,0.0473,0
15:50:21.214,2691.0,70,1344.18,1771948219,0.027,-0.027,-0.04,74.61,71.79,2026-02-24 21:20:19+05:30,1.0,3682.0,3,1.5,0.417,35281.39,35.2814,19.2,0.055,29.23,-29.23,0.0575,5356.3,5.356,2913.42,38.965,39.16,accel,0.0205,-0.0278,-0.0421,0
15:50:22.213,2692.0,71,1372.24,1771948220,0.003,-0.02,-0.057,73.58,71.8,2026-02-24 21:20:20+05:30,1.0,3683.0,3,1.0,0.278,35301.11,35.3011,19.33,0.06,2.84,-19.31,0.0185,5283.0,5.283,2914.89,38.985,39.14,accel,0.0089,-0.0246,-0.0535,0
15:50:23.214,2693.0,72,1397.88,1771948221,0.007,-0.027,-0.02,74.78,71.78,2026-02-24 21:20:21+05:30,1.0,3684.0,3,1.5,0.417,35321.11,35.3211,19.42,0.034,11.77,-51.88,0.0276,5367.7,5.368,2916.38,39.006,39.11,accel,0.0021,-0.0208,-0.0225,0
15:50:24.214,2694.0,74,1420.86,1771948222,0.0,-0.03,-0.003,76.11,71.75,2026-02-24 21:20:22+05:30,1.0,3685.0,3,1.5,0.417,35341.67,35.3417,19.2,0.03,0.0,-84.29,0.0091,5460.9,5.461,2917.9,39.027,39.09,accel,0.0023,-0.0374,-0.0033,0
15:50:25.214,2695.0,75,1442.46,1771948223,0.013,-0.073,-0.017,78.24,71.71,2026-02-24 21:20:23+05:30,1.0,3686.0,3,1.0,0.278,35362.5,35.3625,19.23,0.076,9.84,-73.66,0.0135,5610.6,5.611,2919.46,39.049,39.06,accel,0.0149,-0.0639,-0.0145,0
15:50:26.214,2696.0,76,1468.72,1771948224,0.037,-0.073,-0.03,81.25,71.64,2026-02-24 21:20:24+05:30,1.0,3687.0,3,1.5,0.417,35383.61,35.3836,19.33,0.087,25.12,-56.87,0.0101,5820.8,5.821,2921.08,39.071,39.03,accel,0.0311,-0.0837,-0.0335,0
15:50:27.213,2697.0,78,1494.2,1771948225,0.02,-0.1,-0.037,81.82,71.63,2026-02-24 21:20:25+05:30,1.0,3688.0,3,1.5,0.417,35405.28,35.4053,19.16,0.108,10.62,-67.19,0.0101,5860.8,5.861,2922.7,39.094,39.01,accel,0.0299,-0.0883,-0.0336,0
15:50:28.214,2698.0,79,1517.58,1771948226,0.023,-0.067,-0.017,82.74,71.61,2026-02-24 21:20:26+05:30,1.0,3689.0,3,0.5,0.139,35427.22,35.4272,19.21,0.073,18.4,-66.88,0.0153,5925.0,5.925,2924.35,39.117,38.98,cruise,0.0087,-0.0784,-0.0176,0
15:50:29.214,2699.0,79,1530.04,1771948227,-0.02,-0.063,-0.007,80.33,71.66,2026-02-24 21:20:27+05:30,1.0,3690.0,3,0.0,0.0,35449.17,35.4492,19.37,0.066,-17.51,-71.41,0.0169,5756.4,5.756,2925.95,39.139,38.95,cruise,-0.0039,-0.0531,-0.0114,0
15:50:30.214,2700.0,79,1530.74,1771948228,0.023,0.003,-0.04,81.84,71.62,2026-02-24 21:20:28+05:30,1.0,3691.0,3,0.0,0.0,35471.11,35.4711,19.38,0.046,29.83,3.72,0.0254,5861.4,5.861,2927.58,39.162,38.93,cruise,0.0101,-0.007,-0.0309,0
15:50:31.214,2701.0,79,1524.62,1771948229,0.013,0.027,-0.057,81.04,71.64,2026-02-24 21:20:29+05:30,1.0,3692.0,3,-0.5,-0.139,35493.06,35.4931,19.3,0.064,11.65,24.79,0.0421,5805.7,5.806,2929.19,39.185,38.9,cruise,0.0216,0.0419,-0.0692,0
15:50:32.214,2702.0,78,1502.28,1771948230,0.007,0.073,-0.12,79.56,71.66,2026-02-24 21:20:30+05:30,1.0,3693.0,3,-1.5,-0.417,35514.72,35.5147,19.26,0.141,2.85,31.27,0.0355,5701.3,5.701,2930.77,39.207,38.87,decel,0.0006,0.0521,-0.1073,0
15:50:33.214,2703.0,76,1468.9,1771948231,-0.033,0.007,-0.117,77.0,71.71,2026-02-24 21:20:31+05:30,1.0,3694.0,3,-2.0,-0.556,35535.83,35.5358,19.33,0.122,-15.72,3.3,0.0017,5521.7,5.522,2932.31,39.228,38.85,decel,-0.0294,0.0279,-0.1271,0
15:50:34.214,2704.0,74,1425.62,1771948232,-0.027,0.043,-0.12,75.0,71.75,2026-02-24 21:20:32+05:30,1.0,3695.0,3,-2.0,-0.556,35556.39,35.5564,19.27,0.13,-11.96,19.27,0.0355,5381.2,5.381,2933.8,39.249,38.82,decel,-0.027,0.0265,-0.1149,0
15:50:35.213,2705.0,72,1384.54,1771948233,-0.007,0.047,-0.057,73.0,71.79,2026-02-24 21:20:33+05:30,1.0,3696.0,3,-2.5,-0.694,35576.39,35.5764,19.23,0.074,-5.41,39.3,0.0903,5240.7,5.241,2935.26,39.269,38.8,decel,-0.0062,0.0613,-0.0572,0
15:50:36.214,2706.0,69,1323.58,1771948234,-0.007,0.09,0.058,70.0,71.85,2026-02-24 21:20:34+05:30,1.0,3697.0,3,-3.5,-0.972,35595.56,35.5956,19.18,0.107,-3.74,57.01,0.1418,5029.5,5.03,2936.65,39.289,38.78,decel,-0.0126,0.0775,0.0561,0
15:50:37.214,2707.0,65,1258.5,1771948235,-0.047,0.047,0.225,66.0,71.93,2026-02-24 21:20:35+05:30,1.0,3698.0,3,-3.5,-0.972,35613.61,35.6136,19.36,0.235,-11.56,11.56,0.167,4747.4,4.747,2937.97,39.307,38.76,decel,-0.0406,0.0516,0.2235,0
15:50:38.214,2708.0,62,1188.0,1771948236,-0.053,0.02,0.392,63.0,71.98,2026-02-24 21:20:36+05:30,1.0,3699.0,3,-4.0,-1.111,35630.83,35.6308,19.16,0.396,-7.69,2.89,0.1282,4534.7,4.535,2939.23,39.324,38.74,decel,-0.0526,0.0268,0.4008,0
15:50:39.213,2709.0,57,1109.26,1771948237,-0.04,0.047,0.477,58.0,72.08,2026-02-24 21:20:37+05:30,1.0,3700.0,3,-5.0,-1.389,35646.67,35.6467,19.46,0.481,-4.77,5.61,0.0921,4180.6,4.181,2940.39,39.341,38.72,decel,-0.0477,0.0325,0.4654,0
15:50:40.214,2710.0,52,1010.54,1771948238,-0.037,0.03,0.293,53.0,72.18,2026-02-24 21:20:38+05:30,1.0,3701.0,3,-4.0,-1.111,35661.11,35.6611,19.43,0.297,-7.16,5.8,0.2529,3825.5,3.826,2941.46,39.355,38.7,decel,-0.0295,0.0462,0.302,0
15:50:41.214,2711.0,49,941.86,1771948239,0.017,0.05,-0.023,51.36,72.21,2026-02-24 21:20:39+05:30,1.0,3702.0,3,-2.5,-0.694,35674.72,35.6747,19.22,0.058,17.17,60.23,0.3165,3708.7,3.709,2942.49,39.37,38.68,decel,0.0161,0.0362,-0.0334,0
15:50:42.214,2712.0,47,902.88,1771948240,0.063,-0.017,-0.34,53.04,72.18,2026-02-24 21:20:40+05:30,1.0,3703.0,3,-1.5,-0.417,35687.78,35.6878,19.21,0.346,10.48,-2.81,0.2177,3828.4,3.828,2943.55,39.384,38.67,decel,0.0596,-0.0071,-0.328,0
15:50:43.213,2713.0,46,893.88,1771948241,0.043,-0.05,-0.44,50.44,72.23,2026-02-24 21:20:41+05:30,1.0,3704.0,3,0.0,0.0,35700.56,35.7006,19.43,0.445,5.55,-6.45,0.0599,3643.3,3.643,2944.56,39.398,38.65,cruise,0.0462,-0.0575,-0.4449,0
15:50:44.214,2714.0,47,903.04,1771948242,-0.003,-0.073,-0.447,49.02,72.26,2026-02-24 21:20:42+05:30,1.0,3705.0,3,1.0,0.278,35713.61,35.7136,19.21,0.453,-0.38,-9.27,0.007,3542.2,3.542,2945.55,39.412,38.63,accel,-0.0074,-0.0672,-0.4479,0
15:50:45.214,2715.0,48,934.62,1771948243,-0.037,-0.023,-0.433,50.49,72.23,2026-02-24 21:20:43+05:30,1.0,3706.0,3,1.5,0.417,35726.94,35.7269,19.47,0.435,-4.88,-3.03,0.0225,3646.9,3.647,2946.56,39.426,38.62,accel,-0.03,-0.0253,-0.4375,0
15:50:46.214,2716.0,50,962.7,1771948244,0.0,0.017,-0.403,52.51,72.18,2026-02-24 21:20:44+05:30,1.0,3707.0,3,1.5,0.417,35740.83,35.7408,19.25,0.403,0.0,2.42,0.0964,3790.2,3.79,2947.61,39.441,38.6,accel,-0.0042,0.0176,-0.3912,0
15:50:47.214,2717.0,51,995.08,1771948245,0.027,0.023,-0.253,55.72,72.12,2026-02-24 21:20:45+05:30,1.0,3708.0,3,1.5,0.417,35755.0,35.755,19.51,0.255,6.07,5.17,0.1382,4018.5,4.019,2948.73,39.456,38.58,accel,0.0233,0.0191,-0.2646,0
15:50:48.213,2718.0,53,1025.28,1771948246,0.02,-0.0,-0.127,57.6,72.08,2026-02-24 21:20:46+05:30,1.0,3709.0,3,2.5,0.694,35769.72,35.7697,19.34,0.129,8.95,-0.0,0.1166,4151.8,4.152,2949.88,39.472,38.56,accel,0.0294,0.0073,-0.1173,0
15:50:49.214,2719.0,56,1075.26,1771948247,0.037,0.037,-0.02,62.66,71.98,2026-02-24 21:20:47+05:30,1.0,3710.0,3,3.0,0.833,35785.28,35.7853,19.2,0.056,41.34,41.34,0.0618,4510.3,4.51,2951.13,39.489,38.54,accel,0.0273,0.0298,-0.0321,0
15:50:50.214,2720.0,59,1133.26,1771948248,0.013,0.07,-0.02,63.87,71.95,2026-02-24 21:20:48+05:30,1.0,3711.0,3,3.0,0.833,35801.67,35.8017,19.21,0.074,10.12,71.18,0.0173,4595.4,4.595,2952.41,39.507,38.52,accel,0.0208,0.0764,-0.0066,0
15:50:51.214,2721.0,62,1188.52,1771948249,0.017,0.103,0.01,66.75,71.89,2026-02-24 21:20:49+05:30,1.0,3712.0,3,2.5,0.694,35818.89,35.8189,19.17,0.105,9.33,79.16,0.0157,4798.7,4.799,2953.74,39.526,38.5,accel,0.0094,0.0976,0.0004,0
15:50:52.214,2722.0,64,1228.88,1771948250,-0.007,0.073,-0.013,66.75,71.89,2026-02-24 21:20:50+05:30,1.0,3713.0,3,1.5,0.417,35836.67,35.8367,19.2,0.074,-5.39,78.57,0.0266,4798.7,4.799,2955.08,39.544,38.48,accel,0.0029,0.075,-0.0085,0
15:50:53.214,2723.0,65,1258.6,1771948251,0.017,0.037,-0.043,68.39,71.85,2026-02-24 21:20:51+05:30,1.0,3714.0,3,1.0,0.278,35854.72,35.8547,19.36,0.059,16.68,38.67,0.048,4913.8,4.914,2956.44,39.563,38.46,accel,0.0041,0.0389,-0.0457,0
15:50:54.214,2724.0,66,1270.2,1771948252,-0.01,0.023,-0.107,67.08,71.88,2026-02-24 21:20:52+05:30,1.0,3715.0,3,0.0,0.0,35873.06,35.8731,19.25,0.11,-5.22,12.08,0.0635,4821.7,4.822,2957.78,39.582,38.43,cruise,0.0046,0.0194,-0.1033,0
15:50:55.214,2725.0,65,1261.98,1771948253,0.01,0.007,-0.17,66.8,71.88,2026-02-24 21:20:53+05:30,1.0,3716.0,3,-1.0,-0.278,35891.11,35.8911,19.42,0.17,3.36,2.35,0.0753,4801.6,4.802,2959.11,39.6,38.41,decel,-0.0034,0.011,-0.1743,0
15:50:56.214,2726.0,64,1243.38,1771948254,-0.023,0.003,-0.257,65.0,71.92,2026-02-24 21:20:54+05:30,1.0,3717.0,3,-1.0,-0.278,35908.89,35.9089,19.43,0.258,-5.11,0.67,0.0693,4674.8,4.675,2960.41,39.618,38.39,decel,-0.0156,-0.0011,-0.2532,0
15:50:57.214,2727.0,63,1216.66,1771948255,-0.02,-0.01,-0.307,64.0,71.94,2026-02-24 21:20:55+05:30,1.0,3718.0,3,-1.0,-0.278,35926.39,35.9264,19.31,0.308,-3.73,-1.86,0.0373,4604.2,4.604,2961.69,39.636,38.37,decel,-0.0173,-0.0084,-0.312,0
15:50:58.214,2728.0,62,1188.24,1771948256,0.017,-0.003,-0.33,64.36,71.93,2026-02-24 21:20:56+05:30,1.0,3719.0,3,-1.0,-0.278,35943.61,35.9436,19.17,0.33,2.95,-0.52,0.0266,4629.4,4.629,2962.98,39.654,38.35,decel,0.0029,0.0012,-0.3209,0
15:50:59.214,2729.0,61,1176.82,1771948257,0.027,0.023,-0.277,64.32,71.93,2026-02-24 21:20:57+05:30,1.0,3720.0,3,0.0,0.0,35960.56,35.9606,19.29,0.279,5.55,4.72,0.0328,4626.5,4.627,2964.26,39.672,38.33,cruise,0.049,0.013,-0.2901,0
15:51:00.213,2730.0,62,1194.78,1771948258,0.127,-0.007,-0.27,74.6,71.72,2026-02-24 21:20:58+05:30,1.0,3721.0,3,1.5,0.417,35977.78,35.9778,19.27,0.298,25.18,-1.34,0.0311,5350.3,5.35,2965.75,39.693,38.3,accel,0.1041,0.0059,-0.2552,0
15:51:01.214,2731.0,64,1234.44,1771948259,0.11,-0.003,-0.22,76.06,71.69,2026-02-24 21:20:59+05:30,1.0,3722.0,3,2.5,0.694,35995.56,35.9956,19.29,0.246,26.56,-0.7,0.028,5452.7,5.453,2967.26,39.714,38.28,accel,0.1278,-0.0163,-0.2345,0
15:51:02.214,2732.0,67,1285.14,1771948260,0.11,-0.047,-0.223,79.16,71.62,2026-02-24 21:21:00+05:30,1.0,3723.0,3,2.5,0.694,36014.17,36.0142,19.18,0.253,25.77,-10.7,0.0471,5669.4,5.669,2968.84,39.736,38.25,accel,0.1004,-0.035,-0.2106,0
15:51:03.214,2733.0,69,1328.8,1771948261,0.057,-0.03,-0.14,76.19,71.68,2026-02-24 21:21:01+05:30,1.0,3724.0,3,1.5,0.417,36033.33,36.0333,19.26,0.154,21.71,-11.23,0.0685,5461.3,5.461,2970.36,39.757,38.23,accel,0.0554,-0.0392,-0.1515,0
15:51:04.214,2734.0,70,1350.22,1771948262,0.027,-0.037,-0.087,73.61,71.73,2026-02-24 21:21:02+05:30,1.0,3725.0,3,0.5,0.139,36052.78,36.0528,19.29,0.098,15.94,-22.11,0.0535,5280.0,5.28,2971.82,39.777,38.2,cruise,0.0394,-0.0315,-0.0717,0
15:51:05.214,2735.0,70,1346.76,1771948263,0.06,-0.02,-0.033,75.8,71.68,2026-02-24 21:21:03+05:30,1.0,3726.0,3,-0.5,-0.139,36072.22,36.0722,19.24,0.071,57.25,-16.28,0.0622,5433.3,5.433,2973.33,39.799,38.18,cruise,0.0451,-0.0211,-0.0514,0
15:51:06.214,2736.0,69,1323.62,1771948264,0.027,-0.007,-0.157,72.16,71.75,2026-02-24 21:21:04+05:30,1.0,3727.0,3,-1.5,-0.417,36091.39,36.0914,19.18,0.159,9.75,-2.52,0.122,5177.5,5.177,2974.77,39.819,38.15,decel,0.034,-0.0114,-0.1416,0
15:51:07.214,2737.0,67,1287.54,1771948265,0.01,-0.013,-0.277,68.8,71.82,2026-02-24 21:21:05+05:30,1.0,3728.0,3,-2.5,-0.694,36110.0,36.11,19.22,0.277,2.07,-2.69,0.1281,4941.2,4.941,2976.14,39.838,38.13,decel,0.0133,-0.0027,-0.2882,0
15:51:08.214,2738.0,64,1242.68,1771948266,0.023,0.01,-0.413,66.84,71.86,2026-02-24 21:21:06+05:30,1.0,3729.0,3,-3.0,-0.833,36127.78,36.1278,19.42,0.414,3.19,1.38,0.0885,4803.1,4.803,2977.48,39.856,38.11,decel,0.0133,-0.0037,-0.4025,0
15:51:09.214,2739.0,61,1178.92,1771948267,0.013,-0.033,-0.443,63.04,71.93,2026-02-24 21:21:07+05:30,1.0,3730.0,3,-3.5,-0.972,36144.72,36.1447,19.33,0.444,1.68,-4.26,0.0271,4534.5,4.534,2978.74,39.874,38.09,decel,0.026,-0.0199,-0.453,0
15:51:10.213,2740.0,57,1092.14,1771948268,0.043,-0.027,-0.467,61.44,71.96,2026-02-24 21:21:08+05:30,1.0,3731.0,3,-4.0,-1.111,36160.56,36.1606,19.16,0.47,5.25,-3.3,0.0148,4421.2,4.421,2979.96,39.891,38.07,decel,0.0284,-0.0372,-0.4611,0
15:51:11.214,2741.0,53,1018.9,1771948269,0.013,-0.05,-0.47,55.04,72.09,2026-02-24 21:21:09+05:30,1.0,3732.0,3,-4.0,-1.111,36175.28,36.1753,19.22,0.473,1.58,-6.07,0.0068,3967.8,3.968,2981.07,39.906,38.05,decel,0.0254,-0.0425,-0.4653,0
15:51:12.214,2742.0,49,957.28,1771948270,0.037,-0.037,-0.457,52.96,72.13,2026-02-24 21:21:10+05:30,1.0,3733.0,3,-3.0,-0.833,36188.89,36.1889,19.54,0.46,4.61,-4.61,0.0065,3820.0,3.82,2982.13,39.921,38.03,decel,0.031,-0.0416,-0.4768,0
15:51:13.214,2743.0,47,911.1,1771948271,0.037,-0.04,-0.463,50.96,72.17,2026-02-24 21:21:11+05:30,1.0,3734.0,3,-1.5,-0.417,36201.94,36.2019,19.39,0.466,4.55,-4.92,0.1213,3677.8,3.678,2983.15,39.935,38.02,decel,0.0371,-0.0393,-0.4339,0
15:51:14.214,2744.0,46,895.66,1771948272,0.037,-0.027,-0.25,50.39,72.18,2026-02-24 21:21:12+05:30,1.0,3735.0,3,0.5,0.139,36214.72,36.2147,19.47,0.254,8.37,-6.1,0.1764,3637.2,3.637,2984.16,39.949,38.0,cruise,0.0376,-0.0249,-0.2789,0
15:51:15.214,2745.0,48,928.14,1771948273,0.038,0.003,-0.113,53.98,72.1,2026-02-24 21:21:13+05:30,1.0,3736.0,3,2.0,0.556,36228.06,36.2281,19.34,0.119,18.58,1.44,0.1621,3892.0,3.892,2985.24,39.964,37.98,accel,0.0411,0.0017,-0.0831,0
15:51:16.214,2746.0,50,973.46,1771948274,0.045,0.017,0.073,57.17,72.04,2026-02-24 21:21:14+05:30,1.0,3737.0,3,2.5,0.694,36241.94,36.2419,19.47,0.087,30.98,11.21,0.1104,4118.5,4.119,2986.38,39.98,37.96,accel,0.0406,0.0161,0.0383,0
15:51:17.214,2747.0,53,1031.1,1771948275,0.032,0.007,0.083,59.53,71.99,2026-02-24 21:21:15+05:30,1.0,3738.0,3,3.5,0.972,36256.67,36.2567,19.45,0.089,21.02,4.5,0.0994,4285.6,4.286,2987.58,39.996,37.95,accel,0.0303,0.0081,0.1118,0
15:51:18.214,2748.0,57,1092.3,1771948276,0.013,0.003,0.25,62.02,71.94,2026-02-24 21:21:16+05:30,1.0,3739.0,3,3.5,0.972,36272.5,36.2725,19.16,0.25,2.98,0.69,0.1552,4461.7,4.462,2988.81,40.014,37.93,accel,0.0248,0.0023,0.2396,0
15:51:19.214,2749.0,60,1150.34,1771948277,0.03,0.01,0.393,65.74,71.86,2026-02-24 21:21:17+05:30,1.0,3740.0,3,2.0,0.556,36289.17,36.2892,19.17,0.394,4.36,1.45,0.103,4724.1,4.724,2990.13,40.032,37.9,accel,0.0129,0.0116,0.3906,0
15:51:20.214,2750.0,61,1185.94,1771948278,-0.047,0.007,0.45,63.22,71.91,2026-02-24 21:21:18+05:30,1.0,3741.0,3,1.0,0.278,36306.11,36.3061,19.44,0.453,-5.96,0.89,0.0289,4546.2,4.546,2991.39,40.049,37.88,accel,-0.0319,0.0066,0.4521,0
15:51:21.214,2751.0,62,1199.12,1771948279,-0.067,-0.023,0.43,63.0,71.91,2026-02-24 21:21:19+05:30,1.0,3742.0,3,0.0,0.0,36323.33,36.3233,19.34,0.436,-8.84,-3.03,0.0236,4530.3,4.53,2992.65,40.067,37.86,cruise,-0.0792,-0.0284,0.4292,0
15:51:22.214,2752.0,61,1184.62,1771948280,-0.083,-0.057,0.403,62.0,71.93,2026-02-24 21:21:20+05:30,1.0,3743.0,3,-1.0,-0.278,36340.28,36.3403,19.42,0.415,-11.53,-7.89,0.0146,4459.7,4.46,2993.89,40.084,37.84,decel,-0.0721,-0.0471,0.4082,0
15:51:23.214,2753.0,60,1166.1,1771948281,-0.013,-0.003,0.407,61.0,71.95,2026-02-24 21:21:21+05:30,1.0,3744.0,3,-0.5,-0.139,36356.94,36.3569,19.43,0.407,-1.83,-0.42,0.0416,4389.0,4.389,2995.11,40.101,37.82,cruise,-0.0193,-0.0113,0.3983,0
15:51:24.214,2754.0,60,1153.74,1771948282,0.023,0.03,0.333,62.84,71.91,2026-02-24 21:21:22+05:30,1.0,3745.0,3,-0.5,-0.139,36373.61,36.3736,19.23,0.335,3.94,5.14,0.0852,4518.8,4.519,2996.36,40.119,37.8,cruise,0.0204,0.0358,0.342,0
15:51:25.213,2755.0,59,1145.86,1771948283,0.01,0.043,0.237,60.8,71.95,2026-02-24 21:21:23+05:30,1.0,3746.0,3,-0.5,-0.139,36390.0,36.39,19.42,0.241,2.38,10.27,0.1187,4374.6,4.375,2997.58,40.135,37.78,cruise,0.0201,0.0364,0.227,0
15:51:26.214,2756.0,59,1133.12,1771948284,0.01,0.003,0.097,60.8,71.95,2026-02-24 21:21:24+05:30,1.0,3747.0,3,0.0,0.0,36406.39,36.4064,19.21,0.098,5.88,1.76,0.0985,4374.6,4.375,2998.79,40.152,37.76,cruise,-0.0029,0.009,0.1082,0
15:51:27.214,2757.0,59,1133.86,1771948285,-0.033,0.007,0.047,60.0,71.97,2026-02-24 21:21:25+05:30,1.0,3748.0,3,-0.5,-0.139,36422.78,36.4228,19.22,0.058,-34.78,6.95,0.0423,4318.2,4.318,2999.99,40.169,37.74,cruise,-0.0216,0.005,0.0376,0
15:51:28.214,2758.0,58,1125.52,1771948286,-0.007,0.02,0.013,59.0,71.98,2026-02-24 21:21:26+05:30,1.0,3749.0,3,-1.0,-0.278,36438.89,36.4389,19.41,0.025,-16.35,53.56,0.0175,4246.8,4.247,3001.17,40.185,37.72,decel,-0.0152,0.0204,0.0185,0
15:51:29.214,2759.0,57,1103.06,1771948287,0.003,0.023,0.023,58.24,72.0,2026-02-24 21:21:27+05:30,1.0,3750.0,3,-1.5,-0.417,36454.72,36.4547,19.35,0.033,5.27,44.76,0.0058,4193.3,4.193,3002.34,40.202,37.7,decel,0.01,0.0191,0.022,0
15:51:30.214,2760.0,55,1055.26,1771948288,0.027,-0.003,0.023,58.16,72.0,2026-02-24 21:21:28+05:30,1.0,3751.0,3,-3.0,-0.833,36470.0,36.47,19.19,0.036,49.34,-4.83,0.0092,4187.5,4.188,3003.5,40.218,37.69,decel,0.0197,0.0045,0.0203,0
15:51:31.214,2761.0,51,977.62,1771948289,-0.007,0.013,0.007,52.0,72.12,2026-02-24 21:21:29+05:30,1.0,3752.0,3,-5.0,-1.389,36484.17,36.4842,19.17,0.016,-25.37,52.71,0.0081,3750.2,3.75,3004.54,40.232,37.67,decel,0.0003,0.0053,0.0108,0
15:51:32.214,2762.0,45,875.8,1771948290,0.0,0.017,0.017,46.0,72.24,2026-02-24 21:21:30+05:30,1.0,3753.0,3,-5.5,-1.528,36496.67,36.4967,19.46,0.024,0.0,45.0,0.01,3323.0,3.323,3005.46,40.245,37.65,decel,-0.0087,0.0226,0.0135,0
15:51:33.214,2763.0,40,774.64,1771948291,0.03,0.033,0.027,43.4,72.29,2026-02-24 21:21:31+05:30,1.0,3754.0,3,-5.0,-1.389,36507.78,36.5078,19.37,0.052,35.13,39.27,0.0058,3137.4,3.137,3006.34,40.257,37.64,decel,0.0413,0.0312,0.0306,0
15:51:34.214,2764.0,35,681.12,1771948292,0.143,0.017,0.027,47.44,72.21,2026-02-24 21:21:32+05:30,1.0,3755.0,3,-4.0,-1.111,36517.5,36.5175,19.46,0.147,77.42,6.66,0.0346,3425.6,3.426,3007.29,40.27,37.62,decel,0.132,0.0145,0.0248,0
15:51:35.214,2765.0,32,627.84,1771948293,0.167,-0.017,-0.033,46.36,72.23,2026-02-24 21:21:33+05:30,1.0,3756.0,3,-1.5,-0.417,36526.39,36.5264,19.62,0.171,77.47,-5.7,0.0723,3348.6,3.349,3008.22,40.283,37.61,decel,0.1773,-0.0125,-0.0344,0
15:51:36.214,2766.0,32,616.2,1771948294,0.137,-0.017,-0.117,44.1,72.27,2026-02-24 21:21:34+05:30,1.0,3757.0,3,0.5,0.139,36535.28,36.5353,19.26,0.181,49.21,-5.39,0.0603,3187.1,3.187,3009.1,40.295,37.59,cruise,0.1249,-0.0201,-0.1144,0
15:51:37.214,2767.0,33,633.44,1771948295,0.018,-0.003,-0.15,36.89,72.41,2026-02-24 21:21:35+05:30,1.0,3758.0,3,1.5,0.417,36544.44,36.5444,19.2,0.151,6.84,-1.14,0.0182,2671.2,2.671,3009.84,40.306,37.58,accel,0.0284,-0.0031,-0.1504,0
15:51:38.214,2768.0,35,674.26,1771948296,-0.025,0.01,-0.12,37.96,72.39,2026-02-24 21:21:36+05:30,1.0,3759.0,3,2.0,0.556,36554.17,36.5542,19.26,0.123,-11.73,4.66,0.0458,2747.9,2.748,3010.61,40.316,37.57,accel,-0.0273,0.0143,-0.1214,0
15:51:39.214,2769.0,37,712.04,1771948297,-0.025,0.017,-0.06,39.4,72.36,2026-02-24 21:21:37+05:30,1.0,3760.0,3,1.5,0.417,36564.44,36.5644,19.24,0.067,-21.85,14.66,0.0651,2851.0,2.851,3011.4,40.327,37.56,accel,-0.0301,0.0082,-0.058,0
15:51:40.213,2770.0,38,730.36,1771948298,-0.02,-0.027,0.01,39.66,72.36,2026-02-24 21:21:38+05:30,1.0,3761.0,3,0.5,0.139,36575.0,36.575,19.22,0.035,-34.78,-50.37,0.0543,2869.8,2.87,3012.2,40.338,37.54,cruise,-0.0139,-0.0162,0.0066,0
15:51:41.214,2771.0,38,738.46,1771948299,0.007,-0.023,0.047,39.65,72.36,2026-02-24 21:21:39+05:30,1.0,3762.0,3,0.0,0.0,36585.56,36.5856,19.43,0.053,7.62,-25.83,0.0317,2869.1,2.869,3012.99,40.349,37.53,cruise,0.0042,-0.0329,0.0532,0
15:51:42.214,2772.0,38,733.88,1771948300,0.01,-0.037,0.073,39.8,72.35,2026-02-24 21:21:40+05:30,1.0,3763.0,3,-1.0,-0.278,36596.11,36.5961,19.31,0.082,6.97,-26.66,0.0203,2879.5,2.88,3013.79,40.36,37.52,decel,0.0111,-0.0289,0.0649,0
15:51:43.214,2773.0,36,707.44,1771948301,0.0,-0.007,0.033,37.0,72.41,2026-02-24 21:21:41+05:30,1.0,3764.0,3,-1.5,-0.417,36606.11,36.6061,19.65,0.034,0.0,-11.98,0.0319,2679.2,2.679,3014.54,40.37,37.51,decel,-0.0031,-0.0135,0.0402,0
15:51:44.214,2774.0,35,679.02,1771948302,-0.023,-0.01,0.01,36.0,72.43,2026-02-24 21:21:42+05:30,1.0,3765.0,3,-1.5,-0.417,36615.83,36.6158,19.4,0.027,-58.41,-21.74,0.023,2607.5,2.607,3015.26,40.38,37.49,decel,-0.0174,-0.0042,0.0053,0
15:51:45.214,2775.0,33,650.32,1771948303,-0.003,-0.003,-0.013,34.0,72.46,2026-02-24 21:21:43+05:30,1.0,3766.0,3,-1.5,-0.417,36625.0,36.625,19.71,0.014,-12.67,-12.67,0.0115,2463.6,2.464,3015.95,40.39,37.48,decel,-0.0087,-0.0092,-0.0105,0
15:51:46.214,2776.0,32,615.18,1771948304,0.007,-0.027,0.0,33.56,72.47,2026-02-24 21:21:44+05:30,1.0,3767.0,3,-1.5,-0.417,36633.89,36.6339,19.22,0.028,14.53,-75.47,0.0166,2432.1,2.432,3016.62,40.399,37.47,decel,0.012,-0.0202,-0.0008,0
15:51:47.214,2777.0,30,574.94,1771948305,0.03,-0.017,0.02,33.4,72.47,2026-02-24 21:21:45+05:30,1.0,3768.0,3,-2.5,-0.694,36642.22,36.6422,19.16,0.04,48.82,-25.24,0.0166,2420.5,2.42,3017.29,40.408,37.46,decel,0.0243,-0.0233,0.0199,0
15:51:48.214,2778.0,27,532.26,1771948306,0.023,-0.02,0.033,29.84,72.55,2026-02-24 21:21:46+05:30,1.0,3769.0,3,-2.5,-0.694,36649.72,36.6497,19.71,0.045,30.8,-26.44,0.0065,2164.9,2.165,3017.9,40.417,37.45,decel,0.0291,-0.0147,0.033,0
15:51:49.214,2779.0,25,489.28,1771948307,0.036,0.003,0.027,28.88,72.56,2026-02-24 21:21:47+05:30,1.0,3770.0,3,-2.0,-0.556,36656.67,36.6567,19.57,0.045,52.96,3.81,0.0103,2095.5,2.096,3018.48,40.425,37.44,decel,0.0317,-0.0008,0.028,0
15:51:50.214,2780.0,23,446.8,1771948308,0.027,0.007,0.013,26.16,72.62,2026-02-24 21:21:48+05:30,1.0,3771.0,3,-2.0,-0.556,36663.06,36.6631,19.43,0.031,61.33,13.15,0.0135,1899.7,1.9,3019.01,40.432,37.43,decel,0.0283,0.0094,0.0107,0
15:51:51.214,2781.0,21,408.24,1771948309,0.023,0.013,-0.0,23.84,72.66,2026-02-24 21:21:49+05:30,1.0,3772.0,3,-2.0,-0.556,36668.89,36.6689,19.44,0.026,60.52,29.48,0.0065,1732.2,1.732,3019.49,40.439,37.43,decel,0.0231,0.0115,0.0015,0
15:51:52.214,2782.0,19,366.78,1771948310,0.024,0.007,0.007,21.92,72.7,2026-02-24 21:21:50+05:30,1.0,3773.0,3,-2.0,-0.556,36674.17,36.6742,19.3,0.026,67.58,15.64,0.0101,1593.6,1.594,3019.93,40.445,37.42,decel,0.0251,0.0082,0.0095,0
15:51:53.214,2783.0,17,326.64,1771948311,0.03,0.007,0.02,20.4,72.73,2026-02-24 21:21:51+05:30,1.0,3774.0,3,-2.5,-0.694,36678.89,36.6789,19.21,0.037,54.77,10.99,0.015,1483.7,1.484,3020.34,40.45,37.41,decel,0.0276,0.0054,0.0135,0
15:51:54.214,2784.0,14,285.88,1771948312,0.017,0.003,-0.01,16.36,72.81,2026-02-24 21:21:52+05:30,1.0,3775.0,3,-2.5,-0.694,36682.78,36.6828,20.42,0.02,58.44,8.65,0.0182,1191.2,1.191,3020.67,40.455,37.41,decel,0.0193,0.0054,-0.0028,0
15:51:55.214,2785.0,12,244.32,1771948313,0.007,0.007,-0.013,13.56,72.87,2026-02-24 21:21:53+05:30,1.0,3776.0,3,-2.0,-0.556,36686.11,36.6861,20.36,0.016,25.37,25.37,0.0051,988.1,0.988,3020.95,40.459,37.4,decel,0.0056,0.0041,-0.0191,0
15:51:56.214,2786.0,10,203.44,1771948314,-0.003,-0.003,-0.02,11.0,72.92,2026-02-24 21:21:54+05:30,1.0,3777.0,3,-2.0,-0.556,36688.89,36.6889,20.34,0.02,-8.44,-8.44,0.0118,802.1,0.802,3021.17,40.462,37.4,decel,-0.002,-0.0007,-0.0142,0
15:51:57.214,2787.0,8,171.1,1771948315,-0.003,-0.003,0.003,9.0,72.96,2026-02-24 21:21:55+05:30,1.0,3778.0,3,-1.5,-0.417,36691.11,36.6911,21.39,0.005,-35.26,-35.26,0.0119,656.6,0.657,3021.35,40.464,37.39,decel,-0.0034,-0.0042,-0.0014,0
15:51:58.214,2788.0,7,141.32,1771948316,-0.003,-0.003,-0.003,8.0,72.98,2026-02-24 21:21:56+05:30,1.0,3779.0,3,-1.5,-0.417,36693.06,36.6931,20.19,0.005,-35.26,-35.26,0.0081,583.8,0.584,3021.51,40.466,37.39,decel,-0.0037,-0.0025,-0.0022,0
15:51:59.214,2789.0,5,100.26,1771948317,-0.003,-0.0,-0.013,6.0,73.02,2026-02-24 21:21:57+05:30,1.0,3780.0,3,-2.0,-0.556,36694.44,36.6944,20.05,0.013,-12.99,-0.0,0.0051,438.1,0.438,3021.64,40.468,37.39,decel,-0.002,0.0,-0.0109,0
15:52:00.214,2790.0,3,65.38,1771948318,0.003,-0.0,-0.01,4.24,73.05,2026-02-24 21:21:58+05:30,1.0,3781.0,3,-1.5,-0.417,36695.28,36.6953,21.79,0.01,16.7,-0.0,0.0017,309.7,0.31,3021.72,40.469,37.39,decel,0.003,-0.0008,-0.0122,0
15:52:01.214,2791.0,2,38.6,1771948319,0.007,-0.003,-0.01,3.56,73.07,2026-02-24 21:21:59+05:30,1.0,3782.0,3,-1.5,-0.417,36695.83,36.6958,19.3,0.013,33.84,-13.81,0.0,260.1,0.26,3021.79,40.47,37.39,decel,0.0055,-0.0016,-0.0092,0
15:52:02.214,2792.0,0,17.24,1771948320,0.0,0.003,-0.01,1.0,73.12,2026-02-24 21:22:00+05:30,1.0,3783.0,3,-1.0,-0.278,36695.83,36.6958,,0.01,0.0,16.7,0.0017,73.1,0.073,3021.81,40.471,37.39,idle,0.0021,0.0015,-0.01,1
15:52:03.214,2793.0,0,0.0,1771948321,0.0,0.003,-0.013,1.0,73.12,2026-02-24 21:22:01+05:30,1.0,3784.0,3,0.0,0.0,36695.83,36.6958,,0.013,0.0,12.99,0.0017,73.1,0.073,3021.83,40.471,37.39,idle,-0.0019,0.0046,-0.0128,1
15:52:04.214,2794.0,0,0.0,1771948322,-0.003,0.003,-0.013,1.0,73.12,2026-02-24 21:22:02+05:30,1.0,3785.0,3,0.0,0.0,36695.83,36.6958,,0.014,-12.67,12.67,0.0,73.1,0.073,3021.85,40.471,37.39,idle,-0.0014,0.0012,-0.0136,1
15:52:05.214,2795.0,0,0.0,1771948323,0.003,-0.007,-0.013,1.0,73.12,2026-02-24 21:22:03+05:30,1.0,3786.0,3,0.0,0.0,36695.83,36.6958,,0.015,11.49,-27.68,0.0017,73.1,0.073,3021.88,40.471,37.39,idle,0.0019,-0.0056,-0.0123,1
15:52:06.214,2796.0,0,0.0,1771948324,0.003,-0.007,-0.01,1.0,73.12,2026-02-24 21:22:04+05:30,1.0,3787.0,3,0.0,0.0,36695.83,36.6958,,0.013,13.81,-33.84,0.0017,73.1,0.073,3021.9,40.472,37.39,idle,0.0037,-0.0073,-0.0106,1
15:52:07.214,2797.0,0,0.0,1771948325,0.003,-0.003,-0.01,1.0,73.12,2026-02-24 21:22:05+05:30,1.0,3788.0,3,0.0,0.0,36695.83,36.6958,,0.011,16.03,-16.03,0.0,73.1,0.073,3021.92,40.472,37.39,idle,0.0025,-0.0032,-0.0098,1
15:52:08.214,2798.0,0,0.0,1771948326,0.0,-0.0,-0.01,1.0,73.12,2026-02-24 21:22:06+05:30,1.0,3789.0,3,0.0,0.0,36695.83,36.6958,,0.01,0.0,-0.0,0.0,73.1,0.073,3021.94,40.472,37.39,idle,0.0004,0.0,-0.01,1
15:52:09.214,2799.0,0,0.0,1771948327,0.0,-0.0,-0.01,1.0,73.12,2026-02-24 21:22:07+05:30,1.0,3790.0,3,0.0,0.0,36695.83,36.6958,,0.01,0.0,-0.0,0.0,73.1,0.073,3021.96,40.473,37.39,idle,-0.0002,0.0002,-0.0101,1
15:52:10.214,2800.0,0,0.0,1771948328,0.0,-0.0,-0.01,1.0,73.12,2026-02-24 21:22:08+05:30,1.0,3791.0,3,0.0,0.0,36695.83,36.6958,,0.01,0.0,-0.0,0.0,73.1,0.073,3021.98,40.473,37.38,idle,0.0,-0.0002,-0.01,1
15:52:11.214,2801.0,0,0.0,1771948329,0.0,-0.0,-0.01,1.0,73.12,2026-02-24 21:22:09+05:30,1.0,3792.0,3,0.0,0.0,36695.83,36.6958,,0.01,0.0,-0.0,0.0,73.1,0.073,3022.0,40.473,37.38,idle,0.0001,-0.0,-0.01,1
15:52:12.214,2802.0,0,0.0,1771948330,0.0,-0.0,-0.01,1.0,73.12,2026-02-24 21:22:10+05:30,1.0,3793.0,3,0.0,0.0,36695.83,36.6958,,0.01,0.0,-0.0,0.0,73.1,0.073,3022.02,40.473,37.38,idle,-0.0,0.0001,-0.01,1
15:52:13.214,2803.0,0,0.0,1771948331,0.0,-0.0,-0.01,1.0,73.12,2026-02-24 21:22:11+05:30,1.0,3794.0,3,0.0,0.0,36695.83,36.6958,,0.01,0.0,-0.0,0.0,73.1,0.073,3022.04,40.474,37.38,idle,-0.0,-0.0,-0.01,1
15:52:14.214,2804.0,0,0.0,1771948332,0.0,-0.0,-0.01,1.0,73.12,2026-02-24 21:22:12+05:30,1.0,3795.0,3,0.0,0.0,36695.83,36.6958,,0.01,0.0,-0.0,0.0,73.1,0.073,3022.06,40.474,37.38,idle,0.0,-0.0,-0.01,1
15:52:15.214,2805.0,0,0.0,1771948333,0.0,-0.0,-0.01,1.0,73.12,2026-02-24 21:22:13+05:30,1.0,3796.0,3,0.0,0.0,36695.83,36.6958,,0.01,0.0,-0.0,0.0,73.1,0.073,3022.08,40.474,37.38,idle,-0.0,0.0,-0.01,1
15:52:16.214,2806.0,0,0.0,1771948334,0.0,-0.0,-0.01,1.0,73.12,2026-02-24 21:22:14+05:30,1.0,3797.0,3,0.0,0.0,36695.83,36.6958,,0.01,0.0,-0.0,0.0,73.1,0.073,3022.1,40.474,37.38,idle,-0.0,-0.0,-0.01,1
15:52:17.214,2807.0,0,0.0,1771948335,0.0,-0.0,-0.01,1.0,73.12,2026-02-24 21:22:15+05:30,1.0,3798.0,3,0.0,0.0,36695.83,36.6958,,0.01,0.0,-0.0,0.0,73.1,0.073,3022.12,40.475,37.38,idle,0.0,-0.0,-0.01,1
15:52:18.214,2808.0,0,0.0,1771948336,0.0,-0.0,-0.01,1.0,73.12,2026-02-24 21:22:16+05:30,1.0,3799.0,3,0.0,0.0,36695.83,36.6958,,0.01,0.0,-0.0,0.0,73.1,0.073,3022.14,40.475,37.38,idle,0.0,0.0,-0.01,1
15:52:19.214,2809.0,0,0.0,1771948337,0.0,-0.0,-0.01,1.0,73.12,2026-02-24 21:22:17+05:30,1.0,3800.0,3,0.0,0.0,36695.83,36.6958,,0.01,0.0,-0.0,0.0,73.1,0.073,3022.16,40.475,37.38,idle,-0.0,0.0,-0.01,1
15:52:20.214,2810.0,0,0.0,1771948338,0.0,-0.0,-0.01,1.0,73.12,2026-02-24 21:22:18+05:30,1.0,3801.0,3,0.0,0.0,36695.83,36.6958,,0.01,0.0,-0.0,0.0,73.1,0.073,3022.18,40.476,37.38,idle,0.0,-0.0,-0.01,1
15:52:21.214,2811.0,0,0.0,1771948339,0.0,-0.0,-0.01,1.0,73.12,2026-02-24 21:22:19+05:30,1.0,3802.0,3,0.0,0.0,36695.83,36.6958,,0.01,0.0,-0.0,0.0,73.1,0.073,3022.2,40.476,37.38,idle,0.0,0.0,-0.01,1
15:52:22.214,2812.0,0,0.0,1771948340,0.0,-0.0,-0.01,1.0,73.12,2026-02-24 21:22:20+05:30,1.0,3803.0,3,0.0,0.0,36695.83,36.6958,,0.01,0.0,-0.0,0.0,73.1,0.073,3022.22,40.476,37.38,idle,-0.0,0.0,-0.01,1
15:52:23.214,2813.0,0,0.0,1771948341,0.0,-0.0,-0.01,1.0,73.12,2026-02-24 21:22:21+05:30,1.0,3804.0,3,0.0,0.0,36695.83,36.6958,,0.01,0.0,-0.0,0.0,73.1,0.073,3022.24,40.476,37.38,idle,-0.0,-0.0,-0.01,1
15:52:24.214,2814.0,0,0.0,1771948342,0.0,-0.0,-0.01,1.0,73.12,2026-02-24 21:22:22+05:30,1.0,3805.0,3,0.0,0.0,36695.83,36.6958,,0.01,0.0,-0.0,0.0,73.1,0.073,3022.26,40.477,37.38,idle,0.0,-0.0,-0.01,1
15:52:25.215,2815.0,0,0.0,1771948343,0.0,-0.0,-0.01,1.0,73.12,2026-02-24 21:22:23+05:30,1.0,3806.0,3,0.0,0.0,36695.83,36.6958,,0.01,0.0,-0.0,0.0,73.1,0.073,3022.28,40.477,37.38,idle,-0.0,0.0,-0.01,1
15:52:26.214,2816.0,0,0.0,1771948344,0.0,0.0,-0.01,1.0,73.12,2026-02-24 21:22:24+05:30,1.0,3807.0,3,0.0,0.0,36695.83,36.6958,,0.01,0.0,0.0,0.0,73.1,0.073,3022.3,40.477,37.38,idle,-0.0,-0.0,-0.01,1
15:52:27.214,2817.0,0,0.0,1771948345,0.0,-0.0,-0.01,1.0,73.12,2026-02-24 21:22:25+05:30,1.0,3808.0,3,0.0,0.0,36695.83,36.6958,,0.01,0.0,-0.0,0.0,73.1,0.073,3022.32,40.478,37.38,idle,0.0,-0.0,-0.01,1
15:52:28.214,2818.0,0,0.0,1771948346,0.0,-0.0,-0.01,1.0,73.12,2026-02-24 21:22:26+05:30,1.0,3809.0,3,0.0,0.0,36695.83,36.6958,,0.01,0.0,-0.0,0.0,73.1,0.073,3022.34,40.478,37.38,idle,-0.0,0.0,-0.01,1
15:52:29.214,2819.0,0,0.0,1771948347,0.0,-0.0,-0.01,1.0,73.12,2026-02-24 21:22:27+05:30,1.0,3810.0,3,0.0,0.0,36695.83,36.6958,,0.01,0.0,-0.0,0.0,73.1,0.073,3022.36,40.478,37.38,idle,-0.0,-0.0,-0.01,1
15:52:30.215,2820.0,0,0.0,1771948348,0.0,-0.0,-0.01,1.0,73.12,2026-02-24 21:22:28+05:30,1.0,3811.0,3,0.0,0.0,36695.83,36.6958,,0.01,0.0,-0.0,0.0,73.1,0.073,3022.38,40.478,37.38,idle,0.0,-0.0,-0.01,1
15:52:31.214,2821.0,0,0.0,1771948349,0.0,-0.0,-0.01,1.0,73.12,2026-02-24 21:22:29+05:30,1.0,3812.0,3,0.0,0.0,36695.83,36.6958,,0.01,0.0,-0.0,0.0,73.1,0.073,3022.4,40.479,37.38,idle,0.0,0.0,-0.01,1
15:52:32.214,2822.0,0,0.0,1771948350,0.0,-0.0,-0.01,1.0,73.12,2026-02-24 21:22:30+05:30,1.0,3813.0,3,0.0,0.0,36695.83,36.6958,,0.01,0.0,-0.0,0.0,73.1,0.073,3022.42,40.479,37.38,idle,-0.0,0.0,-0.01,1
15:52:33.214,2823.0,0,0.0,1771948351,0.0,-0.0,-0.01,1.0,73.12,2026-02-24 21:22:31+05:30,1.0,3814.0,3,0.0,0.0,36695.83,36.6958,,0.01,0.0,-0.0,0.0,73.1,0.073,3022.44,40.479,37.38,idle,0.0,-0.0,-0.01,1
15:52:34.214,2824.0,0,0.0,1771948352,0.0,-0.0,-0.01,1.0,73.12,2026-02-24 21:22:32+05:30,1.0,3815.0,3,0.0,0.0,36695.83,36.6958,,0.01,0.0,-0.0,0.0,73.1,0.073,3022.46,40.479,37.38,idle,0.0,0.0,-0.01,1
15:52:35.214,2825.0,0,0.0,1771948353,0.0,-0.0,-0.01,1.0,73.12,2026-02-24 21:22:33+05:30,1.0,3816.0,3,0.0,0.0,36695.83,36.6958,,0.01,0.0,-0.0,0.0,73.1,0.073,3022.48,40.48,37.38,idle,-0.0,0.0,-0.01,1
15:52:36.214,2826.0,0,0.0,1771948354,0.0,-0.0,-0.01,1.0,73.12,2026-02-24 21:22:34+05:30,1.0,3817.0,3,0.0,0.0,36695.83,36.6958,,0.01,0.0,-0.0,0.0,73.1,0.073,3022.5,40.48,37.38,idle,-0.0,-0.0,-0.01,1
